ISO-10303-21;
HEADER;
/* Generated by software containing ST-Developer
 * from STEP Tools, Inc. (www.steptools.com) 
 */
/* OPTION: using custom renumber hook */

FILE_DESCRIPTION(
/* description */ ('STEP AP242 Edition 2',
'CAx-IF Rec.Pracs.---Representation and Presentation of Product Manufa
cturing Information (PMI)---4.0---2014-10-13',
'CAx-IF Rec.Pracs.---3D Tessellated Geometry---0.4---2014-09-14','2;1',
'CAx-IF Rec.Pracs.---User Defined Attributes---1.5---2016-08-15'),
/* implementation_level */ '2;1');

FILE_NAME(
/* name */ 'Part Studio 1 - Body_Back Paw_ Right_Black',
/* time_stamp */ '2026-06-21T21:08:36Z',
/* author */ (''),
/* organization */ (''),
/* preprocessor_version */ 'ST-DEVELOPER v20',
/* originating_system */ 'ONSHAPE BY PTC INC, 1.216',
/* authorisation */ '  ');

FILE_SCHEMA (('AP242_MANAGED_MODEL_BASED_3D_ENGINEERING_MIM_LF { 1 0 10303 442 3 1 4 }'));
ENDSEC;

DATA;
#10=SHAPE_REPRESENTATION_RELATIONSHIP('','',#897,#11);
#11=ADVANCED_BREP_SHAPE_REPRESENTATION('',(#895),#2512);
#12=ORIENTED_CLOSED_SHELL('',*,#886,.F.);
#13=SPHERICAL_SURFACE('',#961,0.0019);
#14=(
BOUNDED_SURFACE()
B_SPLINE_SURFACE(3,2,((#1663,#1664,#1665),(#1666,#1667,#1668),(#1669,#1670,
#1671),(#1672,#1673,#1674),(#1675,#1676,#1677),(#1678,#1679,#1680),(#1681,
#1682,#1683),(#1684,#1685,#1686),(#1687,#1688,#1689),(#1690,#1691,#1692),
(#1693,#1694,#1695),(#1696,#1697,#1698),(#1699,#1700,#1701),(#1702,#1703,
#1704),(#1705,#1706,#1707),(#1708,#1709,#1710),(#1711,#1712,#1713),(#1714,
#1715,#1716),(#1717,#1718,#1719),(#1720,#1721,#1722),(#1723,#1724,#1725),
(#1726,#1727,#1728),(#1729,#1730,#1731),(#1732,#1733,#1734),(#1735,#1736,
#1737),(#1738,#1739,#1740),(#1741,#1742,#1743),(#1744,#1745,#1746),(#1747,
#1748,#1749),(#1750,#1751,#1752),(#1753,#1754,#1755),(#1756,#1757,#1758),
(#1759,#1760,#1761),(#1762,#1763,#1764),(#1765,#1766,#1767),(#1768,#1769,
#1770),(#1771,#1772,#1773),(#1774,#1775,#1776),(#1777,#1778,#1779),(#1780,
#1781,#1782),(#1783,#1784,#1785),(#1786,#1787,#1788),(#1789,#1790,#1791),
(#1792,#1793,#1794),(#1795,#1796,#1797),(#1798,#1799,#1800)),
 .UNSPECIFIED.,.F.,.F.,.F.)
B_SPLINE_SURFACE_WITH_KNOTS((4,1,1,1,1,1,1,1,1,1,1,1,1,1,1,1,1,1,1,1,1,
1,1,1,1,1,1,1,1,1,1,1,1,1,1,1,1,1,1,1,1,1,1,4),(3,3),(1.20563281580388E-16,
0.000547300198506719,0.00109460039701332,0.00164190059551992,0.00218920079402651,
0.00273650099253311,0.00301015109178641,0.00328380119103971,0.00342062624066636,
0.00355745129029301,0.00369427633991966,0.00383110138954631,0.00389951391435964,
0.00396792643917296,0.00403633896398629,0.00410475148879961,0.00417316401361293,
0.00424157653842626,0.00437840158805291,0.00451522663767956,0.00465205168730621,
0.00492570178655951,0.00519935188581281,0.00547300198506611,0.0060203021835727,
0.0065676023820793,0.0071149025805859,0.0076622027790925,0.0087568031761057,
0.00985140357311889,0.0109460039701321,0.0120406043671453,0.0131352047641585,
0.0136825049626651,0.0142298051611717,0.0147771053596783,0.0150507554589316,
0.0153244055581849,0.0155980556574382,0.0158717057566915,0.0161453558559448,
0.0164190059551981,0.0169663061537047,0.0175136063522113),(0.,1.),
 .UNSPECIFIED.)
GEOMETRIC_REPRESENTATION_ITEM()
RATIONAL_B_SPLINE_SURFACE(((1.,0.707106781186547,1.),(1.,0.707106781186547,
1.),(1.,0.707106781186548,1.),(1.,0.707106781186547,1.),(1.,0.707106781186548,
1.),(1.,0.707106781186544,1.),(1.,0.707106781186551,1.),(1.,0.707106781186547,
1.),(1.,0.707106781186548,1.),(1.,0.707106781186547,1.),(1.,0.707106781186551,
1.),(1.,0.707106781186546,1.),(1.,0.70710678118655,1.),(1.,0.707106781186544,
1.),(1.,0.707106781186549,1.),(1.,0.707106781186547,1.),(1.,0.707106781186548,
1.),(1.,0.707106781186547,1.),(1.,0.707106781186548,1.),(1.,0.707106781186548,
1.),(1.,0.707106781186548,1.),(1.,0.707106781186548,1.),(1.,0.707106781186547,
1.),(1.,0.707106781186548,1.),(1.,0.707106781186543,1.),(1.,0.707106781186549,
1.),(1.,0.707106781186547,1.),(1.,0.707106781186548,1.),(1.,0.707106781186548,
1.),(1.,0.707106781186547,1.),(1.,0.707106781186547,1.),(1.,0.707106781186548,
1.),(1.,0.707106781186548,1.),(1.,0.707106781186548,1.),(1.,0.707106781186548,
1.),(1.,0.707106781186547,1.),(1.,0.707106781186548,1.),(1.,0.707106781186546,
1.),(1.,0.707106781186548,1.),(1.,0.707106781186548,1.),(1.,0.707106781186544,
1.),(1.,0.707106781186548,1.),(1.,0.707106781186547,1.),(1.,0.707106781186548,
1.),(1.,0.707106781186548,1.),(1.,0.707106781186548,1.)))
REPRESENTATION_ITEM('')
SURFACE()
);
#15=(
BOUNDED_SURFACE()
B_SPLINE_SURFACE(3,2,((#1818,#1819,#1820),(#1821,#1822,#1823),(#1824,#1825,
#1826),(#1827,#1828,#1829),(#1830,#1831,#1832),(#1833,#1834,#1835),(#1836,
#1837,#1838),(#1839,#1840,#1841),(#1842,#1843,#1844),(#1845,#1846,#1847),
(#1848,#1849,#1850),(#1851,#1852,#1853),(#1854,#1855,#1856),(#1857,#1858,
#1859),(#1860,#1861,#1862),(#1863,#1864,#1865),(#1866,#1867,#1868),(#1869,
#1870,#1871),(#1872,#1873,#1874),(#1875,#1876,#1877),(#1878,#1879,#1880),
(#1881,#1882,#1883),(#1884,#1885,#1886),(#1887,#1888,#1889),(#1890,#1891,
#1892),(#1893,#1894,#1895),(#1896,#1897,#1898),(#1899,#1900,#1901),(#1902,
#1903,#1904),(#1905,#1906,#1907),(#1908,#1909,#1910),(#1911,#1912,#1913),
(#1914,#1915,#1916),(#1917,#1918,#1919),(#1920,#1921,#1922),(#1923,#1924,
#1925),(#1926,#1927,#1928),(#1929,#1930,#1931),(#1932,#1933,#1934),(#1935,
#1936,#1937),(#1938,#1939,#1940),(#1941,#1942,#1943),(#1944,#1945,#1946),
(#1947,#1948,#1949),(#1950,#1951,#1952),(#1953,#1954,#1955),(#1956,#1957,
#1958),(#1959,#1960,#1961),(#1962,#1963,#1964),(#1965,#1966,#1967)),
 .UNSPECIFIED.,.F.,.F.,.F.)
B_SPLINE_SURFACE_WITH_KNOTS((4,1,1,1,1,1,1,1,1,1,1,1,1,1,1,1,1,1,1,1,1,
1,1,1,1,1,1,1,1,1,1,1,1,1,1,1,1,1,1,1,1,1,1,1,1,1,1,4),(3,3),(0.0723498253368332,
0.0746967145264282,0.0758701591212257,0.0770436037160231,0.0782170483108206,
0.0788037706082194,0.0790971317569187,0.0793904929056181,0.0796838540543175,
0.0799772152030168,0.0805639375004156,0.0817373820952131,0.0829108266900105,
0.084084271284808,0.086431160474403,0.0887780496639979,0.0911249388535929,
0.0934718280431878,0.0958187172327828,0.0969921618275802,0.0981656064223777,
0.0993390510171752,0.100512495611973,0.101099217909371,0.10168594020677,
0.102272662504169,0.102859384801568,0.103152745950267,0.103446107098966,
0.103592787673316,0.103739468247666,0.103886148822015,0.104032829396365,
0.104179509970715,0.104326190545064,0.104472871119414,0.104619551693764,
0.104912912842463,0.105206273991163,0.105499635139862,0.105792996288561,
0.10637971858596,0.106673079734659,0.106819760309009,0.106966440883359,
0.107553163180758,0.108726607775555,0.109900052370352),(0.,1.),
 .UNSPECIFIED.)
GEOMETRIC_REPRESENTATION_ITEM()
RATIONAL_B_SPLINE_SURFACE(((1.,0.707106781186548,1.),(1.,0.707106781186548,
1.),(1.,0.707106781186547,1.),(1.,0.707106781186548,1.),(1.,0.707106781186548,
1.),(1.,0.707106781186547,1.),(1.,0.707106781186547,1.),(1.,0.707106781186548,
1.),(1.,0.707106781186548,1.),(1.,0.707106781186548,1.),(1.,0.707106781186547,
1.),(1.,0.707106781186547,1.),(1.,0.707106781186548,1.),(1.,0.707106781186548,
1.),(1.,0.707106781186547,1.),(1.,0.707106781186548,1.),(1.,0.707106781186548,
1.),(1.,0.707106781186545,1.),(1.,0.707106781186548,1.),(1.,0.707106781186547,
1.),(1.,0.707106781186547,1.),(1.,0.707106781186548,1.),(1.,0.707106781186546,
1.),(1.,0.707106781186551,1.),(1.,0.707106781186542,1.),(1.,0.707106781186559,
1.),(1.,0.707106781186542,1.),(1.,0.707106781186554,1.),(1.,0.70710678118655,
1.),(1.,0.707106781186535,1.),(1.,0.707106781186557,1.),(1.,0.707106781186545,
1.),(1.,0.707106781186548,1.),(1.,0.707106781186547,1.),(1.,0.707106781186548,
1.),(1.,0.707106781186545,1.),(1.,0.707106781186548,1.),(1.,0.707106781186548,
1.),(1.,0.707106781186544,1.),(1.,0.707106781186548,1.),(1.,0.707106781186548,
1.),(1.,0.707106781186544,1.),(1.,0.707106781186549,1.),(1.,0.707106781186542,
1.),(1.,0.707106781186549,1.),(1.,0.70710678118654,1.),(1.,0.707106781186554,
1.),(1.,0.707106781186547,1.),(1.,0.707106781186545,1.),(1.,0.707106781186545,
1.)))
REPRESENTATION_ITEM('')
SURFACE()
);
#16=(
BOUNDED_SURFACE()
B_SPLINE_SURFACE(3,2,((#1998,#1999,#2000),(#2001,#2002,#2003),(#2004,#2005,
#2006),(#2007,#2008,#2009),(#2010,#2011,#2012),(#2013,#2014,#2015),(#2016,
#2017,#2018),(#2019,#2020,#2021),(#2022,#2023,#2024),(#2025,#2026,#2027)),
 .UNSPECIFIED.,.F.,.F.,.F.)
B_SPLINE_SURFACE_WITH_KNOTS((4,1,1,1,1,1,1,4),(3,3),(0.0655311746254809,
0.0666420658478727,0.0677529570702645,0.0699747395150482,0.0721965219598318,
0.0744183044046155,0.0788618692941827,0.08330543418375),(0.,1.),
 .UNSPECIFIED.)
GEOMETRIC_REPRESENTATION_ITEM()
RATIONAL_B_SPLINE_SURFACE(((1.,0.707106781186548,1.),(1.,0.707106781186548,
1.),(1.,0.707106781186548,1.),(1.,0.707106781186548,1.),(1.,0.707106781186548,
1.),(1.,0.707106781186547,1.),(1.,0.707106781186548,1.),(1.,0.707106781186548,
1.),(1.,0.707106781186548,1.),(1.,0.707106781186548,1.)))
REPRESENTATION_ITEM('')
SURFACE()
);
#17=(
BOUNDED_SURFACE()
B_SPLINE_SURFACE(3,2,((#2486,#2487,#2488),(#2489,#2490,#2491),(#2492,#2493,
#2494),(#2495,#2496,#2497),(#2498,#2499,#2500),(#2501,#2502,#2503),(#2504,
#2505,#2506),(#2507,#2508,#2509)),.UNSPECIFIED.,.F.,.F.,.F.)
B_SPLINE_SURFACE_WITH_KNOTS((4,1,1,1,1,4),(3,3),(0.0655311746254809,0.0677538380752366,
0.0699765015249923,0.0744218284245037,0.0788671553240151,0.0833124822235265),
(0.,1.),.UNSPECIFIED.)
GEOMETRIC_REPRESENTATION_ITEM()
RATIONAL_B_SPLINE_SURFACE(((1.,0.707106781186548,1.),(1.,0.707106781186548,
1.),(1.,0.707106781186548,1.),(1.,0.707106781186547,1.),(1.,0.707106781186548,
1.),(1.,0.707106781186548,1.),(1.,0.707106781186548,1.),(1.,0.707106781186548,
1.)))
REPRESENTATION_ITEM('')
SURFACE()
);
#18=PLANE('',#926);
#19=PLANE('',#932);
#20=PLANE('',#990);
#21=PLANE('',#995);
#22=B_SPLINE_SURFACE_WITH_KNOTS('',3,1,((#1294,#1295),(#1296,#1297),(#1298,
#1299),(#1300,#1301),(#1302,#1303),(#1304,#1305),(#1306,#1307),(#1308,#1309),
(#1310,#1311),(#1312,#1313),(#1314,#1315),(#1316,#1317)),
 .SURF_OF_LINEAR_EXTRUSION.,.F.,.F.,.F.,(4,1,1,1,1,1,1,1,1,4),(2,2),(0.694554652944668,
0.742675833667051,0.790797014389434,0.838918195111816,0.887039375834199,
0.935160556556582,0.983281737278965,1.00734232764016,1.03140291800135,1.07952409872373),
(0.,1.),.UNSPECIFIED.);
#23=B_SPLINE_SURFACE_WITH_KNOTS('',3,1,((#1356,#1357),(#1358,#1359),(#1360,
#1361),(#1362,#1363),(#1364,#1365),(#1366,#1367),(#1368,#1369),(#1370,#1371),
(#1372,#1373),(#1374,#1375),(#1376,#1377),(#1378,#1379),(#1380,#1381),(#1382,
#1383),(#1384,#1385),(#1386,#1387),(#1388,#1389),(#1390,#1391),(#1392,#1393),
(#1394,#1395),(#1396,#1397)),.SURF_OF_LINEAR_EXTRUSION.,.F.,.F.,.F.,(4,
1,1,1,1,1,1,1,1,1,1,1,1,1,1,1,1,1,4),(2,2),(0.00285136989704328,0.0651731592784781,
0.127494948659913,0.189816738041348,0.252138527422782,0.314460316804217,
0.376782106185652,0.439103895567087,0.470264790257804,0.501425684948522,
0.563747474329956,0.626069263711391,0.657230158402109,0.688391053092826,
0.750712842474261,0.813034631855696,0.87535642123713,0.937678210618565,
1.),(0.,1.),.UNSPECIFIED.);
#24=B_SPLINE_SURFACE_WITH_KNOTS('',3,1,((#1457,#1458),(#1459,#1460),(#1461,
#1462),(#1463,#1464),(#1465,#1466),(#1467,#1468),(#1469,#1470),(#1471,#1472),
(#1473,#1474),(#1475,#1476),(#1477,#1478),(#1479,#1480),(#1481,#1482),(#1483,
#1484),(#1485,#1486),(#1487,#1488),(#1489,#1490)),
 .SURF_OF_LINEAR_EXTRUSION.,.F.,.F.,.F.,(4,1,1,1,1,1,1,1,1,1,1,1,1,1,4),
(2,2),(0.,0.127691675558029,0.191537513337043,0.255383351116058,0.319229188895072,
0.383075026674087,0.446920864453101,0.510766702232116,0.57461254001113,
0.638458377790145,0.766150053348174,0.829995891127189,0.893841728906203,
0.957687566685217,1.02153340446423),(0.,1.),.UNSPECIFIED.);
#25=B_SPLINE_SURFACE_WITH_KNOTS('',3,1,((#1528,#1529),(#1530,#1531),(#1532,
#1533),(#1534,#1535)),.SURF_OF_LINEAR_EXTRUSION.,.F.,.F.,.F.,(4,4),(2,2),
(-2.85891598803452E-11,0.230306674867216),(0.,1.),
 .PIECEWISE_BEZIER_KNOTS.);
#26=B_SPLINE_SURFACE_WITH_KNOTS('',3,1,((#2046,#2047),(#2048,#2049),(#2050,
#2051),(#2052,#2053),(#2054,#2055),(#2056,#2057),(#2058,#2059),(#2060,#2061),
(#2062,#2063),(#2064,#2065),(#2066,#2067)),.SURF_OF_LINEAR_EXTRUSION.,.F.,
 .F.,.F.,(4,1,1,1,1,1,1,1,4),(2,2),(0.697110731687306,0.774139497050418,
0.85116826241353,0.889682645095087,0.928197027776643,0.947454219117421,
0.966711410458199,0.985968601798977,1.00522579313975),(0.,1.),
 .UNSPECIFIED.);
#27=B_SPLINE_SURFACE_WITH_KNOTS('',3,1,((#2101,#2102),(#2103,#2104),(#2105,
#2106),(#2107,#2108),(#2109,#2110),(#2111,#2112),(#2113,#2114),(#2115,#2116),
(#2117,#2118),(#2119,#2120),(#2121,#2122),(#2123,#2124),(#2125,#2126),(#2127,
#2128),(#2129,#2130),(#2131,#2132),(#2133,#2134),(#2135,#2136),(#2137,#2138),
(#2139,#2140),(#2141,#2142),(#2143,#2144),(#2145,#2146),(#2147,#2148),(#2149,
#2150),(#2151,#2152),(#2153,#2154),(#2155,#2156),(#2157,#2158),(#2159,#2160),
(#2161,#2162),(#2163,#2164),(#2165,#2166),(#2167,#2168),(#2169,#2170)),
 .SURF_OF_LINEAR_EXTRUSION.,.F.,.F.,.F.,(4,1,1,1,1,1,1,1,1,1,1,1,1,1,1,
1,1,1,1,1,1,1,1,1,1,1,1,1,1,1,1,1,4),(2,2),(0.00285136973583204,0.0651731591273425,
0.127494948518853,0.158655843214608,0.189816737910364,0.252138527301874,
0.283299421997629,0.314460316693385,0.34562121138914,0.376782106084895,
0.392362553432773,0.40794300078065,0.423523448128528,0.439103895476406,
0.454684342824283,0.462474566498222,0.470264790172161,0.485845237520038,
0.501425684867916,0.517006132215794,0.532586579563671,0.563747474259427,
0.594908368955182,0.626069263650937,0.641649710998815,0.657230158346692,
0.688391053042448,0.719551947738203,0.750712842433958,0.813034631825468,
0.875356421216979,0.93767821060849,1.),(0.,1.),.UNSPECIFIED.);
#28=B_SPLINE_SURFACE_WITH_KNOTS('',3,1,((#2247,#2248),(#2249,#2250),(#2251,
#2252),(#2253,#2254),(#2255,#2256),(#2257,#2258),(#2259,#2260),(#2261,#2262),
(#2263,#2264),(#2265,#2266),(#2267,#2268),(#2269,#2270),(#2271,#2272),(#2273,
#2274),(#2275,#2276),(#2277,#2278),(#2279,#2280),(#2281,#2282),(#2283,#2284),
(#2285,#2286),(#2287,#2288),(#2289,#2290),(#2291,#2292),(#2293,#2294),(#2295,
#2296),(#2297,#2298),(#2299,#2300),(#2301,#2302),(#2303,#2304),(#2305,#2306),
(#2307,#2308),(#2309,#2310),(#2311,#2312),(#2313,#2314),(#2315,#2316)),
 .SURF_OF_LINEAR_EXTRUSION.,.F.,.F.,.F.,(4,1,1,1,1,1,1,1,1,1,1,1,1,1,1,
1,1,1,1,1,1,1,1,1,1,1,1,1,1,1,1,1,4),(2,2),(-0.0820176671225677,-0.0371606088886735,
-0.0147320797717263,-0.00351781521325278,0.00769644934522078,0.0301249784621679,
0.052553507579115,0.0974105658130092,0.142267624046903,0.187124682280798,
0.231981740514692,0.276838798748586,0.32169585698248,0.366552915216375,
0.456267031684163,0.545981148151952,0.63569526461974,0.725409381087529,
0.770266439321423,0.815123497555317,0.859980555789211,0.904837614023105,
0.949694672257,0.972123201373947,0.994551730490894,1.00015886277013,1.00576599504937,
1.01698025960784,1.03940878872479,1.08426584695868,1.17397996342647,1.26369407989426,
1.35340819636205),(0.,1.),.UNSPECIFIED.);
#29=B_SPLINE_SURFACE_WITH_KNOTS('',3,1,((#2392,#2393),(#2394,#2395),(#2396,
#2397),(#2398,#2399),(#2400,#2401),(#2402,#2403),(#2404,#2405)),
 .SURF_OF_LINEAR_EXTRUSION.,.F.,.F.,.F.,(4,1,1,1,4),(2,2),(-7.17610759218665E-5,
0.0575228479098636,0.115117456895649,0.172712065881434,0.23030667486722),
(0.,1.),.UNSPECIFIED.);
#30=LINE('',#1289,#61);
#31=LINE('',#1293,#62);
#32=LINE('',#1337,#63);
#33=LINE('',#1347,#64);
#34=LINE('',#1353,#65);
#35=LINE('',#1425,#66);
#36=LINE('',#1437,#67);
#37=LINE('',#1442,#68);
#38=LINE('',#1449,#69);
#39=LINE('',#1450,#70);
#40=LINE('',#1454,#71);
#41=LINE('',#1519,#72);
#42=LINE('',#1545,#73);
#43=LINE('',#1561,#74);
#44=LINE('',#1565,#75);
#45=LINE('',#1569,#76);
#46=LINE('',#2041,#77);
#47=LINE('',#2045,#78);
#48=LINE('',#2078,#79);
#49=LINE('',#2092,#80);
#50=LINE('',#2098,#81);
#51=LINE('',#2225,#82);
#52=LINE('',#2229,#83);
#53=LINE('',#2236,#84);
#54=LINE('',#2240,#85);
#55=LINE('',#2244,#86);
#56=LINE('',#2340,#87);
#57=LINE('',#2420,#88);
#58=LINE('',#2434,#89);
#59=LINE('',#2438,#90);
#60=LINE('',#2444,#91);
#61=VECTOR('',#1026,1.);
#62=VECTOR('',#1029,1.);
#63=VECTOR('',#1030,1.);
#64=VECTOR('',#1035,1.);
#65=VECTOR('',#1042,1.);
#66=VECTOR('',#1045,1.);
#67=VECTOR('',#1048,1.);
#68=VECTOR('',#1051,1.);
#69=VECTOR('',#1058,1.);
#70=VECTOR('',#1059,1.);
#71=VECTOR('',#1064,1.);
#72=VECTOR('',#1067,1.);
#73=VECTOR('',#1068,1.);
#74=VECTOR('',#1073,1.);
#75=VECTOR('',#1076,1.);
#76=VECTOR('',#1081,1.);
#77=VECTOR('',#1168,1.);
#78=VECTOR('',#1171,1.);
#79=VECTOR('',#1172,1.);
#80=VECTOR('',#1177,1.);
#81=VECTOR('',#1184,1.);
#82=VECTOR('',#1187,1.);
#83=VECTOR('',#1192,1.);
#84=VECTOR('',#1199,1.);
#85=VECTOR('',#1202,1.);
#86=VECTOR('',#1207,1.);
#87=VECTOR('',#1210,1.);
#88=VECTOR('',#1211,1.);
#89=VECTOR('',#1216,1.);
#90=VECTOR('',#1219,1.);
#91=VECTOR('',#1226,1.);
#92=CYLINDRICAL_SURFACE('',#903,0.00875809435944682);
#93=CYLINDRICAL_SURFACE('',#906,0.021363722116882);
#94=CYLINDRICAL_SURFACE('',#909,0.0200725218713425);
#95=CYLINDRICAL_SURFACE('',#912,0.00653844310259589);
#96=CYLINDRICAL_SURFACE('',#915,0.00736452982288299);
#97=CYLINDRICAL_SURFACE('',#917,0.0136486445640107);
#98=CYLINDRICAL_SURFACE('',#920,0.0614163336245285);
#99=CYLINDRICAL_SURFACE('',#923,0.0326296488874002);
#100=CYLINDRICAL_SURFACE('',#950,0.002);
#101=CYLINDRICAL_SURFACE('',#951,0.002);
#102=CYLINDRICAL_SURFACE('',#957,0.0021);
#103=CYLINDRICAL_SURFACE('',#959,0.0019);
#104=CYLINDRICAL_SURFACE('',#966,0.0106580943594468);
#105=CYLINDRICAL_SURFACE('',#969,0.019463722116882);
#106=CYLINDRICAL_SURFACE('',#972,0.0181725218713426);
#107=CYLINDRICAL_SURFACE('',#975,0.00463844310259589);
#108=CYLINDRICAL_SURFACE('',#978,0.00546452982288299);
#109=CYLINDRICAL_SURFACE('',#981,0.0117486445640107);
#110=CYLINDRICAL_SURFACE('',#984,0.0595163336245285);
#111=CYLINDRICAL_SURFACE('',#987,0.0345296488874001);
#112=CYLINDRICAL_SURFACE('',#1004,0.0001);
#113=CYLINDRICAL_SURFACE('',#1005,0.0039);
#114=CYLINDRICAL_SURFACE('',#1011,0.004);
#115=B_SPLINE_CURVE_WITH_KNOTS('',3,(#1278,#1279,#1280,#1281,#1282),
 .UNSPECIFIED.,.F.,.F.,(4,1,4),(0.,0.00150800624729836,0.00301601249459672),
 .UNSPECIFIED.);
#116=B_SPLINE_CURVE_WITH_KNOTS('',3,(#1318,#1319,#1320,#1321,#1322,#1323,
#1324,#1325),.UNSPECIFIED.,.F.,.F.,(4,1,3,4),(0.694554652944668,0.773748038377295,
1.,2.22178138822132),.UNSPECIFIED.);
#117=B_SPLINE_CURVE_WITH_KNOTS('',3,(#1327,#1328,#1329,#1330,#1331,#1332,
#1333,#1334,#1335),.UNSPECIFIED.,.F.,.F.,(4,1,1,1,1,1,4),(0.,0.00180315336164391,
0.00360630672328782,0.00450788340410978,0.00540946008493173,0.00631103676575369,
0.00721261344657565),.UNSPECIFIED.);
#118=B_SPLINE_CURVE_WITH_KNOTS('',3,(#1339,#1340,#1341,#1342,#1343),
 .UNSPECIFIED.,.F.,.F.,(4,1,4),(0.694554652944668,0.773748038377295,1.),
 .UNSPECIFIED.);
#119=B_SPLINE_CURVE_WITH_KNOTS('',3,(#1398,#1399,#1400,#1401,#1402,#1403,
#1404,#1405,#1406,#1407,#1408,#1409,#1410,#1411,#1412,#1413,#1414,#1415,
#1416,#1417,#1418,#1419,#1420,#1421,#1422,#1423),.UNSPECIFIED.,.F.,.F.,
(4,1,1,1,1,1,1,1,1,1,1,1,1,1,1,1,1,1,1,1,1,1,1,4),(-6.00000000801268E-8,
0.00121310096712188,0.00242626193424384,0.00363942290136579,0.00485258386848775,
0.00606574483560971,0.00727890580273167,0.00849206676985362,0.0090986472534146,
0.00970522773697558,0.0103118082205366,0.010615098462317,0.0109183887040975,
0.011221678945878,0.0115249691876585,0.011828259429439,0.0121315496712195,
0.0127381301547805,0.0133447106383415,0.0145578716054634,0.0157710325725854,
0.0169841935397073,0.0181973545068293,0.0194105154739512),.UNSPECIFIED.);
#120=B_SPLINE_CURVE_WITH_KNOTS('',3,(#1427,#1428,#1429,#1430,#1431,#1432,
#1433,#1434,#1435),.UNSPECIFIED.,.F.,.F.,(4,1,1,1,1,1,4),(0.,0.165187463910661,
0.309483441331806,0.462360665737831,0.65430233607149,0.830219540757525,
1.),.UNSPECIFIED.);
#121=B_SPLINE_CURVE_WITH_KNOTS('',3,(#1491,#1492,#1493,#1494,#1495,#1496,
#1497,#1498,#1499,#1500,#1501,#1502,#1503,#1504,#1505,#1506,#1507,#1508,
#1509,#1510),.UNSPECIFIED.,.F.,.F.,(4,1,1,1,1,1,1,1,1,1,1,1,1,1,1,1,1,4),
(-5.99999999994789E-8,0.00194964911421089,0.00292450367131633,0.00389935822842178,
0.00487421278552722,0.00584906734263267,0.00682392189973811,0.00779877645684356,
0.00974848557105445,0.0116981946852653,0.0136479037994762,0.0155976129136871,
0.0194970311421089,0.0233964493705307,0.0272958675989525,0.0292455767131633,
0.0302204312702688,0.0311952858273742),.UNSPECIFIED.);
#122=B_SPLINE_CURVE_WITH_KNOTS('',3,(#1512,#1513,#1514,#1515,#1516,#1517),
 .UNSPECIFIED.,.F.,.F.,(4,1,1,4),(0.,0.000165157674549967,0.000247736511824951,
0.000330315349099934),.UNSPECIFIED.);
#123=B_SPLINE_CURVE_WITH_KNOTS('',3,(#1521,#1522,#1523,#1524,#1525,#1526,
#1527),.UNSPECIFIED.,.F.,.F.,(4,1,1,1,4),(0.,0.214344227239875,0.538008156567509,
0.814394088848381,1.),.UNSPECIFIED.);
#124=B_SPLINE_CURVE_WITH_KNOTS('',3,(#1536,#1537,#1538,#1539,#1540,#1541,
#1542,#1543),.UNSPECIFIED.,.F.,.F.,(4,1,1,1,1,4),(0.,0.00464900848056239,
0.00929801696112477,0.0139470254416872,0.0162715296819684,0.0185960339222495),
 .UNSPECIFIED.);
#125=B_SPLINE_CURVE_WITH_KNOTS('',3,(#1547,#1548,#1549,#1550,#1551),
 .UNSPECIFIED.,.F.,.F.,(4,1,4),(0.,0.0019352370392886,0.0038704740785772),
 .UNSPECIFIED.);
#126=B_SPLINE_CURVE_WITH_KNOTS('',3,(#1553,#1554,#1555,#1556),
 .UNSPECIFIED.,.F.,.F.,(4,4),(0.,0.231625325355238),.UNSPECIFIED.);
#127=B_SPLINE_CURVE_WITH_KNOTS('',3,(#1585,#1586,#1587,#1588,#1589,#1590,
#1591,#1592,#1593,#1594,#1595,#1596,#1597,#1598,#1599,#1600,#1601,#1602,
#1603,#1604,#1605,#1606,#1607,#1608,#1609,#1610),.UNSPECIFIED.,.F.,.F.,
(4,1,1,1,1,1,1,1,1,1,1,1,1,1,1,1,1,1,1,1,1,1,1,4),(0.00420863669911728,
0.00530406244153402,0.00585177531274239,0.00639948818395076,0.00749491392636749,
0.00859033966878423,0.00968576541120096,0.0107811911536177,0.0118766168960344,
0.0129720426384512,0.0140674683808679,0.0151628941232846,0.015710606994493,
0.0162583198657014,0.0168060327369098,0.0173537456081181,0.0176276020437223,
0.0179014584793265,0.0181753149149307,0.0184491713505349,0.0189968842217432,
0.0195445970929516,0.0206400228353683,0.0217354485777851),.UNSPECIFIED.);
#128=B_SPLINE_CURVE_WITH_KNOTS('',3,(#1621,#1622,#1623,#1624,#1625,#1626,
#1627),.UNSPECIFIED.,.F.,.F.,(4,1,1,1,4),(0.,0.00274478257327673,0.00548956514655347,
0.0082343477198302,0.0109791302931069),.UNSPECIFIED.);
#129=B_SPLINE_CURVE_WITH_KNOTS('',3,(#1629,#1630,#1631,#1632,#1633,#1634,
#1635,#1636,#1637,#1638,#1639,#1640,#1641,#1642,#1643,#1644,#1645,#1646,
#1647,#1648,#1649,#1650,#1651,#1652,#1653,#1654,#1655,#1656,#1657,#1658,
#1659,#1660),.UNSPECIFIED.,.F.,.F.,(4,1,1,1,1,1,1,1,1,1,1,1,1,1,1,1,1,1,
1,1,1,1,1,1,1,1,1,1,1,4),(-0.0159484234919613,-0.0136180153011298,-0.0112876071102982,
-0.0101224030148824,-0.00895719891946662,-0.00779199482405083,-0.00662679072863504,
-0.00546158663321926,-0.00429638253780347,-0.0019659743469719,0.000364433843859675,
0.00269484203469125,0.00502525022552282,0.00735565841635439,0.00968606660718596,
0.0108512707026018,0.0120164747980175,0.0131816788934333,0.0137642809411412,
0.0143468829888491,0.014929485036557,0.0155120870842649,0.0158033881081188,
0.0160946891319728,0.0166772911796807,0.0172598932273886,0.0178424952750965,
0.0190076993705123,0.020172903465928,0.0213381075613438),.UNSPECIFIED.);
#130=B_SPLINE_CURVE_WITH_KNOTS('',3,(#1804,#1805,#1806,#1807,#1808),
 .UNSPECIFIED.,.F.,.F.,(4,1,4),(0.,0.00148466530748107,0.00296933061496215),
 .UNSPECIFIED.);
#131=B_SPLINE_CURVE_WITH_KNOTS('',3,(#1811,#1812,#1813,#1814,#1815,#1816,
#1817),.UNSPECIFIED.,.F.,.F.,(4,1,1,1,4),(0.,0.00108603640595965,0.0021720728119193,
0.00325810921787896,0.00434414562383861),.UNSPECIFIED.);
#132=B_SPLINE_CURVE_WITH_KNOTS('',3,(#1968,#1969,#1970,#1971,#1972,#1973,
#1974),.UNSPECIFIED.,.F.,.F.,(4,1,1,1,4),(0.,0.00179590981217145,0.0035918196243429,
0.00538772943651435,0.0071836392486858),.UNSPECIFIED.);
#133=B_SPLINE_CURVE_WITH_KNOTS('',3,(#1976,#1977,#1978,#1979,#1980,#1981),
 .UNSPECIFIED.,.F.,.F.,(4,1,1,4),(0.,0.000958015630132076,0.00191603126026415,
0.0038320625205283),.UNSPECIFIED.);
#134=B_SPLINE_CURVE_WITH_KNOTS('',3,(#1986,#1987,#1988,#1989,#1990,#1991),
 .UNSPECIFIED.,.F.,.F.,(4,1,1,4),(0.,0.000958015630132076,0.00191603126026415,
0.0038320625205283),.UNSPECIFIED.);
#135=B_SPLINE_CURVE_WITH_KNOTS('',3,(#2068,#2069,#2070,#2071,#2072,#2073,
#2074,#2075,#2076),.UNSPECIFIED.,.F.,.F.,(4,1,1,1,1,1,4),(0.,0.00317446173070772,
0.00634892346141543,0.0126978469228309,0.0190467703842463,0.022221232114954,
0.0253956938456617),.UNSPECIFIED.);
#136=B_SPLINE_CURVE_WITH_KNOTS('',3,(#2080,#2081,#2082,#2083,#2084,#2085,
#2086,#2087,#2088),.UNSPECIFIED.,.F.,.F.,(4,1,1,1,1,1,4),(0.,0.00317446173070779,
0.00634892346141558,0.0126978469228312,0.0190467703842467,0.0222212321149545,
0.0253956938456623),.UNSPECIFIED.);
#137=B_SPLINE_CURVE_WITH_KNOTS('',3,(#2171,#2172,#2173,#2174,#2175,#2176,
#2177,#2178,#2179,#2180,#2181,#2182,#2183,#2184,#2185,#2186,#2187,#2188,
#2189,#2190,#2191,#2192,#2193,#2194,#2195,#2196),.UNSPECIFIED.,.F.,.F.,
(4,1,1,1,1,1,1,1,1,1,1,1,1,1,1,1,1,1,1,1,1,1,1,4),(1.88758321594477E-16,
0.00109430637219214,0.00218861274438409,0.00273576593048007,0.00328291911657605,
0.00355649570962403,0.00383007230267202,0.00410364889572001,0.004377225488768,
0.00492437867486397,0.00547153186095995,0.00601868504705593,0.0065658382331519,
0.00766014460534385,0.00875445097753581,0.00984875734972776,0.0109430637219197,
0.0120373700941117,0.0131316764663036,0.0142259828384956,0.0153202892106875,
0.0158674423967835,0.0164145955828795,0.0175089019550714),.UNSPECIFIED.);
#138=B_SPLINE_CURVE_WITH_KNOTS('',3,(#2198,#2199,#2200,#2201,#2202,#2203,
#2204,#2205,#2206,#2207,#2208,#2209,#2210,#2211,#2212,#2213,#2214,#2215,
#2216,#2217,#2218,#2219,#2220,#2221,#2222,#2223),.UNSPECIFIED.,.F.,.F.,
(4,1,1,1,1,1,1,1,1,1,1,1,1,1,1,1,1,1,1,1,1,1,1,4),(3.92523114670944E-17,
0.0011122953768408,0.00166844306526117,0.00222459075368155,0.00333688613052231,
0.00444918150736306,0.00556147688420382,0.00667377226104458,0.00778606763788533,
0.00889836301472609,0.0100106583915668,0.0111229537684076,0.011679101456828,
0.0122352491452484,0.0127913968336687,0.0133475445220891,0.0136256183662993,
0.0139036922105095,0.0141817660547197,0.0144598398989299,0.0150159875873502,
0.0155721352757706,0.0166844306526114,0.0177967260294521),.UNSPECIFIED.);
#139=B_SPLINE_CURVE_WITH_KNOTS('',3,(#2317,#2318,#2319,#2320,#2321,#2322,
#2323,#2324,#2325,#2326,#2327,#2328,#2329,#2330,#2331,#2332,#2333,#2334,
#2335,#2336,#2337,#2338),.UNSPECIFIED.,.F.,.F.,(4,1,1,1,1,1,1,1,1,1,1,1,
1,1,1,1,1,1,1,4),(0.,0.00193543565990525,0.00290315348985787,0.0038708713198105,
0.00483858914976312,0.00532244806473943,0.00580630697971574,0.00629016589469206,
0.00677402480966837,0.00774174263962099,0.00870946046957362,0.00967717829952624,
0.0116126139594315,0.0135480496193367,0.015483485279242,0.0174189209391472,
0.0193543565990525,0.023225227918863,0.0270960992386735,0.030966970558484),
 .UNSPECIFIED.);
#140=B_SPLINE_CURVE_WITH_KNOTS('',3,(#2342,#2343,#2344,#2345,#2346,#2347,
#2348,#2349,#2350,#2351,#2352,#2353,#2354,#2355,#2356,#2357,#2358,#2359,
#2360),.UNSPECIFIED.,.F.,.F.,(4,1,1,1,1,1,1,1,1,1,1,1,1,1,1,1,4),(0.,0.00171056552480614,
0.00256584828720921,0.00342113104961228,0.00427641381201536,0.00470405519321689,
0.00513169657441843,0.00555933795561996,0.0059869793368215,0.00620080002742227,
0.00641462071802303,0.00652153106332342,0.0066284414086238,0.00673535175392418,
0.00678880692657438,0.00681553451289947,0.00684226209922457),
 .UNSPECIFIED.);
#141=B_SPLINE_CURVE_WITH_KNOTS('',3,(#2362,#2363,#2364,#2365,#2366,#2367,
#2368,#2369,#2370,#2371,#2372,#2373,#2374,#2375,#2376,#2377,#2378,#2379,
#2380,#2381,#2382,#2383,#2384,#2385,#2386,#2387,#2388,#2389,#2390,#2391),
 .UNSPECIFIED.,.F.,.F.,(4,1,1,1,1,1,1,1,1,1,1,1,1,1,1,1,1,1,1,1,1,1,1,1,
1,1,1,4),(0.,0.00237293071727424,0.00474586143454848,0.0059323267931856,
0.00711879215182272,0.00830525751045984,0.00949172286909697,0.0106781882277341,
0.0118646535863712,0.0142375843036454,0.0166105150209197,0.0189834457381939,
0.0213563764554682,0.0237293071727424,0.0261022378900167,0.0272887032486538,
0.0284751686072909,0.029661633965928,0.0302548666452466,0.0308480993245651,
0.0314413320038837,0.0320345646832023,0.0326277973625208,0.0332210300418394,
0.0344074954004765,0.0355939607591136,0.0367804261177507,0.0379668914763879),
 .UNSPECIFIED.);
#142=B_SPLINE_CURVE_WITH_KNOTS('',3,(#2406,#2407,#2408,#2409,#2410,#2411,
#2412,#2413),.UNSPECIFIED.,.F.,.F.,(4,1,1,1,1,4),(0.,0.00429793014655983,
0.00859586029311967,0.0128937904396795,0.0150427555129594,0.0171917205862393),
 .UNSPECIFIED.);
#143=B_SPLINE_CURVE_WITH_KNOTS('',3,(#2415,#2416,#2417,#2418),
 .UNSPECIFIED.,.F.,.F.,(4,4),(0.,0.000718136376549102),.UNSPECIFIED.);
#144=B_SPLINE_CURVE_WITH_KNOTS('',3,(#2422,#2423,#2424,#2425,#2426,#2427,
#2428,#2429),.UNSPECIFIED.,.F.,.F.,(4,1,1,1,1,4),(0.,0.00447555007354554,
0.00895110014709109,0.0134266502206366,0.0156644252574094,0.0179022002941822),
 .UNSPECIFIED.);
#145=B_SPLINE_CURVE_WITH_KNOTS('',3,(#2453,#2454,#2455,#2456,#2457,#2458,
#2459),.UNSPECIFIED.,.F.,.F.,(4,1,1,1,4),(0.,0.00274478257326808,0.00548956514653615,
0.00823434771980423,0.0109791302930723),.UNSPECIFIED.);
#146=B_SPLINE_CURVE_WITH_KNOTS('',3,(#2468,#2469,#2470,#2471),
 .UNSPECIFIED.,.F.,.F.,(4,4),(0.,0.000190328617701414),.UNSPECIFIED.);
#147=B_SPLINE_CURVE_WITH_KNOTS('',3,(#2476,#2477,#2478,#2479),
 .UNSPECIFIED.,.F.,.F.,(4,4),(0.,0.000190328617701402),.UNSPECIFIED.);
#148=ORIENTED_EDGE('',*,*,#418,.F.);
#149=ORIENTED_EDGE('',*,*,#419,.F.);
#150=ORIENTED_EDGE('',*,*,#420,.F.);
#151=ORIENTED_EDGE('',*,*,#421,.F.);
#152=ORIENTED_EDGE('',*,*,#422,.T.);
#153=ORIENTED_EDGE('',*,*,#423,.F.);
#154=ORIENTED_EDGE('',*,*,#424,.F.);
#155=ORIENTED_EDGE('',*,*,#425,.T.);
#156=ORIENTED_EDGE('',*,*,#425,.F.);
#157=ORIENTED_EDGE('',*,*,#426,.T.);
#158=ORIENTED_EDGE('',*,*,#427,.T.);
#159=ORIENTED_EDGE('',*,*,#428,.T.);
#160=ORIENTED_EDGE('',*,*,#429,.F.);
#161=ORIENTED_EDGE('',*,*,#428,.F.);
#162=ORIENTED_EDGE('',*,*,#430,.T.);
#163=ORIENTED_EDGE('',*,*,#431,.T.);
#164=ORIENTED_EDGE('',*,*,#432,.F.);
#165=ORIENTED_EDGE('',*,*,#431,.F.);
#166=ORIENTED_EDGE('',*,*,#433,.T.);
#167=ORIENTED_EDGE('',*,*,#434,.T.);
#168=ORIENTED_EDGE('',*,*,#435,.F.);
#169=ORIENTED_EDGE('',*,*,#436,.T.);
#170=ORIENTED_EDGE('',*,*,#437,.T.);
#171=ORIENTED_EDGE('',*,*,#438,.T.);
#172=ORIENTED_EDGE('',*,*,#434,.F.);
#173=ORIENTED_EDGE('',*,*,#439,.T.);
#174=ORIENTED_EDGE('',*,*,#440,.T.);
#175=ORIENTED_EDGE('',*,*,#441,.T.);
#176=ORIENTED_EDGE('',*,*,#442,.F.);
#177=ORIENTED_EDGE('',*,*,#443,.F.);
#178=ORIENTED_EDGE('',*,*,#444,.T.);
#179=ORIENTED_EDGE('',*,*,#421,.T.);
#180=ORIENTED_EDGE('',*,*,#445,.T.);
#181=ORIENTED_EDGE('',*,*,#445,.F.);
#182=ORIENTED_EDGE('',*,*,#446,.T.);
#183=ORIENTED_EDGE('',*,*,#447,.T.);
#184=ORIENTED_EDGE('',*,*,#448,.F.);
#185=ORIENTED_EDGE('',*,*,#447,.F.);
#186=ORIENTED_EDGE('',*,*,#449,.T.);
#187=ORIENTED_EDGE('',*,*,#450,.T.);
#188=ORIENTED_EDGE('',*,*,#451,.T.);
#189=ORIENTED_EDGE('',*,*,#452,.F.);
#190=ORIENTED_EDGE('',*,*,#451,.F.);
#191=ORIENTED_EDGE('',*,*,#453,.T.);
#192=ORIENTED_EDGE('',*,*,#454,.T.);
#193=ORIENTED_EDGE('',*,*,#455,.T.);
#194=ORIENTED_EDGE('',*,*,#456,.F.);
#195=ORIENTED_EDGE('',*,*,#457,.T.);
#196=ORIENTED_EDGE('',*,*,#458,.T.);
#197=ORIENTED_EDGE('',*,*,#459,.T.);
#198=ORIENTED_EDGE('',*,*,#460,.T.);
#199=ORIENTED_EDGE('',*,*,#461,.T.);
#200=ORIENTED_EDGE('',*,*,#462,.T.);
#201=ORIENTED_EDGE('',*,*,#463,.F.);
#202=ORIENTED_EDGE('',*,*,#423,.T.);
#203=ORIENTED_EDGE('',*,*,#438,.F.);
#204=ORIENTED_EDGE('',*,*,#464,.T.);
#205=ORIENTED_EDGE('',*,*,#442,.T.);
#206=ORIENTED_EDGE('',*,*,#465,.T.);
#207=ORIENTED_EDGE('',*,*,#443,.T.);
#208=ORIENTED_EDGE('',*,*,#448,.T.);
#209=ORIENTED_EDGE('',*,*,#452,.T.);
#210=ORIENTED_EDGE('',*,*,#456,.T.);
#211=ORIENTED_EDGE('',*,*,#466,.T.);
#212=ORIENTED_EDGE('',*,*,#467,.T.);
#213=ORIENTED_EDGE('',*,*,#468,.T.);
#214=ORIENTED_EDGE('',*,*,#461,.F.);
#215=ORIENTED_EDGE('',*,*,#422,.F.);
#216=ORIENTED_EDGE('',*,*,#429,.T.);
#217=ORIENTED_EDGE('',*,*,#432,.T.);
#218=ORIENTED_EDGE('',*,*,#435,.T.);
#219=ORIENTED_EDGE('',*,*,#419,.T.);
#220=ORIENTED_EDGE('',*,*,#469,.T.);
#221=ORIENTED_EDGE('',*,*,#470,.T.);
#222=ORIENTED_EDGE('',*,*,#471,.T.);
#223=ORIENTED_EDGE('',*,*,#472,.T.);
#224=ORIENTED_EDGE('',*,*,#473,.T.);
#225=ORIENTED_EDGE('',*,*,#426,.F.);
#226=ORIENTED_EDGE('',*,*,#424,.T.);
#227=ORIENTED_EDGE('',*,*,#463,.T.);
#228=ORIENTED_EDGE('',*,*,#474,.T.);
#229=ORIENTED_EDGE('',*,*,#475,.T.);
#230=ORIENTED_EDGE('',*,*,#476,.F.);
#231=ORIENTED_EDGE('',*,*,#477,.T.);
#232=ORIENTED_EDGE('',*,*,#478,.T.);
#233=ORIENTED_EDGE('',*,*,#479,.T.);
#234=ORIENTED_EDGE('',*,*,#471,.F.);
#235=ORIENTED_EDGE('',*,*,#480,.T.);
#236=ORIENTED_EDGE('',*,*,#436,.F.);
#237=ORIENTED_EDGE('',*,*,#481,.F.);
#238=ORIENTED_EDGE('',*,*,#481,.T.);
#239=ORIENTED_EDGE('',*,*,#433,.F.);
#240=ORIENTED_EDGE('',*,*,#482,.F.);
#241=ORIENTED_EDGE('',*,*,#472,.F.);
#242=ORIENTED_EDGE('',*,*,#427,.F.);
#243=ORIENTED_EDGE('',*,*,#473,.F.);
#244=ORIENTED_EDGE('',*,*,#482,.T.);
#245=ORIENTED_EDGE('',*,*,#430,.F.);
#246=ORIENTED_EDGE('',*,*,#420,.T.);
#247=ORIENTED_EDGE('',*,*,#479,.F.);
#248=ORIENTED_EDGE('',*,*,#483,.F.);
#249=ORIENTED_EDGE('',*,*,#446,.F.);
#250=ORIENTED_EDGE('',*,*,#483,.T.);
#251=ORIENTED_EDGE('',*,*,#478,.F.);
#252=ORIENTED_EDGE('',*,*,#484,.T.);
#253=ORIENTED_EDGE('',*,*,#449,.F.);
#254=ORIENTED_EDGE('',*,*,#485,.F.);
#255=ORIENTED_EDGE('',*,*,#467,.F.);
#256=ORIENTED_EDGE('',*,*,#486,.F.);
#257=ORIENTED_EDGE('',*,*,#457,.F.);
#258=ORIENTED_EDGE('',*,*,#466,.F.);
#259=ORIENTED_EDGE('',*,*,#455,.F.);
#260=ORIENTED_EDGE('',*,*,#487,.F.);
#261=ORIENTED_EDGE('',*,*,#486,.T.);
#262=ORIENTED_EDGE('',*,*,#485,.T.);
#263=ORIENTED_EDGE('',*,*,#460,.F.);
#264=ORIENTED_EDGE('',*,*,#488,.F.);
#265=ORIENTED_EDGE('',*,*,#474,.F.);
#266=ORIENTED_EDGE('',*,*,#462,.F.);
#267=ORIENTED_EDGE('',*,*,#468,.F.);
#268=ORIENTED_EDGE('',*,*,#487,.T.);
#269=ORIENTED_EDGE('',*,*,#454,.F.);
#270=ORIENTED_EDGE('',*,*,#489,.F.);
#271=ORIENTED_EDGE('',*,*,#458,.F.);
#272=ORIENTED_EDGE('',*,*,#488,.T.);
#273=ORIENTED_EDGE('',*,*,#459,.F.);
#274=ORIENTED_EDGE('',*,*,#490,.F.);
#275=ORIENTED_EDGE('',*,*,#475,.F.);
#276=ORIENTED_EDGE('',*,*,#490,.T.);
#277=ORIENTED_EDGE('',*,*,#489,.T.);
#278=ORIENTED_EDGE('',*,*,#491,.F.);
#279=ORIENTED_EDGE('',*,*,#476,.T.);
#280=ORIENTED_EDGE('',*,*,#484,.F.);
#281=ORIENTED_EDGE('',*,*,#477,.F.);
#282=ORIENTED_EDGE('',*,*,#491,.T.);
#283=ORIENTED_EDGE('',*,*,#453,.F.);
#284=ORIENTED_EDGE('',*,*,#450,.F.);
#285=ORIENTED_EDGE('',*,*,#465,.F.);
#286=ORIENTED_EDGE('',*,*,#441,.F.);
#287=ORIENTED_EDGE('',*,*,#492,.F.);
#288=ORIENTED_EDGE('',*,*,#444,.F.);
#289=ORIENTED_EDGE('',*,*,#464,.F.);
#290=ORIENTED_EDGE('',*,*,#437,.F.);
#291=ORIENTED_EDGE('',*,*,#493,.F.);
#292=ORIENTED_EDGE('',*,*,#439,.F.);
#293=ORIENTED_EDGE('',*,*,#493,.T.);
#294=ORIENTED_EDGE('',*,*,#480,.F.);
#295=ORIENTED_EDGE('',*,*,#494,.F.);
#296=ORIENTED_EDGE('',*,*,#494,.T.);
#297=ORIENTED_EDGE('',*,*,#470,.F.);
#298=ORIENTED_EDGE('',*,*,#495,.F.);
#299=ORIENTED_EDGE('',*,*,#440,.F.);
#300=ORIENTED_EDGE('',*,*,#492,.T.);
#301=ORIENTED_EDGE('',*,*,#495,.T.);
#302=ORIENTED_EDGE('',*,*,#469,.F.);
#303=ORIENTED_EDGE('',*,*,#418,.T.);
#304=ORIENTED_EDGE('',*,*,#496,.F.);
#305=ORIENTED_EDGE('',*,*,#497,.F.);
#306=ORIENTED_EDGE('',*,*,#498,.T.);
#307=ORIENTED_EDGE('',*,*,#499,.T.);
#308=ORIENTED_EDGE('',*,*,#497,.T.);
#309=ORIENTED_EDGE('',*,*,#500,.T.);
#310=ORIENTED_EDGE('',*,*,#501,.F.);
#311=ORIENTED_EDGE('',*,*,#502,.F.);
#312=ORIENTED_EDGE('',*,*,#501,.T.);
#313=ORIENTED_EDGE('',*,*,#503,.T.);
#314=ORIENTED_EDGE('',*,*,#504,.F.);
#315=ORIENTED_EDGE('',*,*,#505,.T.);
#316=ORIENTED_EDGE('',*,*,#504,.T.);
#317=ORIENTED_EDGE('',*,*,#506,.T.);
#318=ORIENTED_EDGE('',*,*,#507,.F.);
#319=ORIENTED_EDGE('',*,*,#508,.F.);
#320=ORIENTED_EDGE('',*,*,#509,.F.);
#321=ORIENTED_EDGE('',*,*,#507,.T.);
#322=ORIENTED_EDGE('',*,*,#510,.F.);
#323=ORIENTED_EDGE('',*,*,#511,.F.);
#324=ORIENTED_EDGE('',*,*,#511,.T.);
#325=ORIENTED_EDGE('',*,*,#512,.T.);
#326=ORIENTED_EDGE('',*,*,#513,.F.);
#327=ORIENTED_EDGE('',*,*,#514,.T.);
#328=ORIENTED_EDGE('',*,*,#515,.T.);
#329=ORIENTED_EDGE('',*,*,#516,.F.);
#330=ORIENTED_EDGE('',*,*,#517,.T.);
#331=ORIENTED_EDGE('',*,*,#518,.F.);
#332=ORIENTED_EDGE('',*,*,#516,.T.);
#333=ORIENTED_EDGE('',*,*,#519,.T.);
#334=ORIENTED_EDGE('',*,*,#520,.F.);
#335=ORIENTED_EDGE('',*,*,#521,.T.);
#336=ORIENTED_EDGE('',*,*,#520,.T.);
#337=ORIENTED_EDGE('',*,*,#522,.T.);
#338=ORIENTED_EDGE('',*,*,#523,.F.);
#339=ORIENTED_EDGE('',*,*,#524,.F.);
#340=ORIENTED_EDGE('',*,*,#525,.T.);
#341=ORIENTED_EDGE('',*,*,#523,.T.);
#342=ORIENTED_EDGE('',*,*,#526,.T.);
#343=ORIENTED_EDGE('',*,*,#527,.F.);
#344=ORIENTED_EDGE('',*,*,#528,.F.);
#345=ORIENTED_EDGE('',*,*,#529,.F.);
#346=ORIENTED_EDGE('',*,*,#530,.F.);
#347=ORIENTED_EDGE('',*,*,#531,.F.);
#348=ORIENTED_EDGE('',*,*,#532,.F.);
#349=ORIENTED_EDGE('',*,*,#533,.F.);
#350=ORIENTED_EDGE('',*,*,#534,.F.);
#351=ORIENTED_EDGE('',*,*,#499,.F.);
#352=ORIENTED_EDGE('',*,*,#535,.T.);
#353=ORIENTED_EDGE('',*,*,#536,.F.);
#354=ORIENTED_EDGE('',*,*,#510,.T.);
#355=ORIENTED_EDGE('',*,*,#506,.F.);
#356=ORIENTED_EDGE('',*,*,#503,.F.);
#357=ORIENTED_EDGE('',*,*,#500,.F.);
#358=ORIENTED_EDGE('',*,*,#496,.T.);
#359=ORIENTED_EDGE('',*,*,#534,.T.);
#360=ORIENTED_EDGE('',*,*,#537,.F.);
#361=ORIENTED_EDGE('',*,*,#538,.F.);
#362=ORIENTED_EDGE('',*,*,#539,.F.);
#363=ORIENTED_EDGE('',*,*,#526,.F.);
#364=ORIENTED_EDGE('',*,*,#522,.F.);
#365=ORIENTED_EDGE('',*,*,#519,.F.);
#366=ORIENTED_EDGE('',*,*,#515,.F.);
#367=ORIENTED_EDGE('',*,*,#540,.F.);
#368=ORIENTED_EDGE('',*,*,#512,.F.);
#369=ORIENTED_EDGE('',*,*,#517,.F.);
#370=ORIENTED_EDGE('',*,*,#521,.F.);
#371=ORIENTED_EDGE('',*,*,#525,.F.);
#372=ORIENTED_EDGE('',*,*,#541,.F.);
#373=ORIENTED_EDGE('',*,*,#542,.T.);
#374=ORIENTED_EDGE('',*,*,#543,.F.);
#375=ORIENTED_EDGE('',*,*,#544,.F.);
#376=ORIENTED_EDGE('',*,*,#535,.F.);
#377=ORIENTED_EDGE('',*,*,#498,.F.);
#378=ORIENTED_EDGE('',*,*,#502,.T.);
#379=ORIENTED_EDGE('',*,*,#505,.F.);
#380=ORIENTED_EDGE('',*,*,#508,.T.);
#381=ORIENTED_EDGE('',*,*,#509,.T.);
#382=ORIENTED_EDGE('',*,*,#514,.F.);
#383=ORIENTED_EDGE('',*,*,#545,.F.);
#384=ORIENTED_EDGE('',*,*,#546,.T.);
#385=ORIENTED_EDGE('',*,*,#530,.T.);
#386=ORIENTED_EDGE('',*,*,#547,.T.);
#387=ORIENTED_EDGE('',*,*,#538,.T.);
#388=ORIENTED_EDGE('',*,*,#539,.T.);
#389=ORIENTED_EDGE('',*,*,#547,.F.);
#390=ORIENTED_EDGE('',*,*,#548,.T.);
#391=ORIENTED_EDGE('',*,*,#527,.T.);
#392=ORIENTED_EDGE('',*,*,#546,.F.);
#393=ORIENTED_EDGE('',*,*,#537,.T.);
#394=ORIENTED_EDGE('',*,*,#536,.T.);
#395=ORIENTED_EDGE('',*,*,#544,.T.);
#396=ORIENTED_EDGE('',*,*,#549,.T.);
#397=ORIENTED_EDGE('',*,*,#531,.T.);
#398=ORIENTED_EDGE('',*,*,#548,.F.);
#399=ORIENTED_EDGE('',*,*,#533,.T.);
#400=ORIENTED_EDGE('',*,*,#550,.T.);
#401=ORIENTED_EDGE('',*,*,#528,.T.);
#402=ORIENTED_EDGE('',*,*,#549,.F.);
#403=ORIENTED_EDGE('',*,*,#543,.T.);
#404=ORIENTED_EDGE('',*,*,#551,.T.);
#405=ORIENTED_EDGE('',*,*,#532,.T.);
#406=ORIENTED_EDGE('',*,*,#551,.F.);
#407=ORIENTED_EDGE('',*,*,#542,.F.);
#408=ORIENTED_EDGE('',*,*,#552,.T.);
#409=ORIENTED_EDGE('',*,*,#550,.F.);
#410=ORIENTED_EDGE('',*,*,#524,.T.);
#411=ORIENTED_EDGE('',*,*,#529,.T.);
#412=ORIENTED_EDGE('',*,*,#552,.F.);
#413=ORIENTED_EDGE('',*,*,#541,.T.);
#414=ORIENTED_EDGE('',*,*,#540,.T.);
#415=ORIENTED_EDGE('',*,*,#518,.T.);
#416=ORIENTED_EDGE('',*,*,#545,.T.);
#417=ORIENTED_EDGE('',*,*,#513,.T.);
#418=EDGE_CURVE('',#553,#554,#638,.T.);
#419=EDGE_CURVE('',#555,#553,#639,.F.);
#420=EDGE_CURVE('',#556,#555,#115,.T.);
#421=EDGE_CURVE('',#554,#556,#640,.T.);
#422=EDGE_CURVE('',#557,#558,#641,.T.);
#423=EDGE_CURVE('',#559,#558,#30,.T.);
#424=EDGE_CURVE('',#560,#559,#642,.T.);
#425=EDGE_CURVE('',#560,#557,#31,.T.);
#426=EDGE_CURVE('',#560,#561,#116,.T.);
#427=EDGE_CURVE('',#561,#562,#117,.T.);
#428=EDGE_CURVE('',#562,#563,#32,.T.);
#429=EDGE_CURVE('',#557,#563,#118,.T.);
#430=EDGE_CURVE('',#562,#564,#643,.T.);
#431=EDGE_CURVE('',#564,#565,#33,.T.);
#432=EDGE_CURVE('',#563,#565,#644,.T.);
#433=EDGE_CURVE('',#564,#566,#645,.T.);
#434=EDGE_CURVE('',#566,#567,#34,.T.);
#435=EDGE_CURVE('',#565,#567,#646,.T.);
#436=EDGE_CURVE('',#566,#568,#119,.T.);
#437=EDGE_CURVE('',#568,#569,#35,.T.);
#438=EDGE_CURVE('',#569,#567,#120,.T.);
#439=EDGE_CURVE('',#570,#571,#36,.F.);
#440=EDGE_CURVE('',#571,#572,#647,.T.);
#441=EDGE_CURVE('',#572,#573,#37,.T.);
#442=EDGE_CURVE('',#570,#573,#648,.T.);
#443=EDGE_CURVE('',#574,#575,#649,.T.);
#444=EDGE_CURVE('',#574,#554,#38,.F.);
#445=EDGE_CURVE('',#556,#575,#39,.T.);
#446=EDGE_CURVE('',#556,#576,#650,.T.);
#447=EDGE_CURVE('',#576,#577,#40,.T.);
#448=EDGE_CURVE('',#575,#577,#651,.T.);
#449=EDGE_CURVE('',#576,#578,#121,.T.);
#450=EDGE_CURVE('',#578,#579,#122,.T.);
#451=EDGE_CURVE('',#579,#580,#41,.T.);
#452=EDGE_CURVE('',#577,#580,#123,.T.);
#453=EDGE_CURVE('',#579,#581,#124,.T.);
#454=EDGE_CURVE('',#581,#582,#42,.T.);
#455=EDGE_CURVE('',#582,#583,#125,.F.);
#456=EDGE_CURVE('',#580,#583,#126,.T.);
#457=EDGE_CURVE('',#584,#585,#652,.F.);
#458=EDGE_CURVE('',#585,#586,#43,.F.);
#459=EDGE_CURVE('',#586,#587,#653,.T.);
#460=EDGE_CURVE('',#587,#584,#44,.T.);
#461=EDGE_CURVE('',#558,#588,#654,.T.);
#462=EDGE_CURVE('',#588,#589,#45,.F.);
#463=EDGE_CURVE('',#559,#589,#655,.T.);
#464=EDGE_CURVE('',#569,#570,#656,.T.);
#465=EDGE_CURVE('',#573,#574,#657,.F.);
#466=EDGE_CURVE('',#583,#590,#658,.F.);
#467=EDGE_CURVE('',#590,#591,#659,.T.);
#468=EDGE_CURVE('',#591,#588,#660,.T.);
#469=EDGE_CURVE('',#553,#592,#661,.T.);
#470=EDGE_CURVE('',#592,#593,#662,.F.);
#471=EDGE_CURVE('',#593,#594,#127,.T.);
#472=EDGE_CURVE('',#594,#595,#663,.F.);
#473=EDGE_CURVE('',#595,#561,#664,.F.);
#474=EDGE_CURVE('',#589,#596,#665,.F.);
#475=EDGE_CURVE('',#596,#597,#666,.F.);
#476=EDGE_CURVE('',#598,#597,#667,.F.);
#477=EDGE_CURVE('',#598,#599,#128,.T.);
#478=EDGE_CURVE('',#599,#600,#129,.T.);
#479=EDGE_CURVE('',#600,#555,#668,.F.);
#480=EDGE_CURVE('',#593,#568,#669,.T.);
#481=EDGE_CURVE('',#594,#566,#670,.T.);
#482=EDGE_CURVE('',#595,#564,#130,.F.);
#483=EDGE_CURVE('',#576,#600,#131,.T.);
#484=EDGE_CURVE('',#599,#578,#132,.F.);
#485=EDGE_CURVE('',#591,#584,#133,.T.);
#486=EDGE_CURVE('',#585,#590,#671,.T.);
#487=EDGE_CURVE('',#585,#582,#672,.T.);
#488=EDGE_CURVE('',#596,#587,#134,.T.);
#489=EDGE_CURVE('',#586,#581,#673,.T.);
#490=EDGE_CURVE('',#597,#586,#674,.T.);
#491=EDGE_CURVE('',#598,#581,#675,.F.);
#492=EDGE_CURVE('',#554,#572,#676,.T.);
#493=EDGE_CURVE('',#571,#568,#677,.T.);
#494=EDGE_CURVE('',#571,#593,#678,.T.);
#495=EDGE_CURVE('',#572,#592,#679,.T.);
#496=EDGE_CURVE('',#601,#602,#680,.T.);
#497=EDGE_CURVE('',#603,#601,#46,.T.);
#498=EDGE_CURVE('',#603,#604,#681,.T.);
#499=EDGE_CURVE('',#604,#602,#47,.T.);
#500=EDGE_CURVE('',#601,#605,#135,.T.);
#501=EDGE_CURVE('',#606,#605,#48,.T.);
#502=EDGE_CURVE('',#603,#606,#136,.T.);
#503=EDGE_CURVE('',#605,#607,#682,.T.);
#504=EDGE_CURVE('',#608,#607,#49,.T.);
#505=EDGE_CURVE('',#608,#606,#683,.F.);
#506=EDGE_CURVE('',#607,#609,#684,.T.);
#507=EDGE_CURVE('',#610,#609,#50,.T.);
#508=EDGE_CURVE('',#608,#610,#685,.T.);
#509=EDGE_CURVE('',#610,#611,#137,.T.);
#510=EDGE_CURVE('',#612,#609,#138,.T.);
#511=EDGE_CURVE('',#611,#612,#51,.T.);
#512=EDGE_CURVE('',#612,#613,#686,.T.);
#513=EDGE_CURVE('',#614,#613,#52,.T.);
#514=EDGE_CURVE('',#614,#611,#687,.F.);
#515=EDGE_CURVE('',#615,#616,#688,.T.);
#516=EDGE_CURVE('',#617,#616,#53,.T.);
#517=EDGE_CURVE('',#617,#618,#689,.F.);
#518=EDGE_CURVE('',#615,#618,#54,.F.);
#519=EDGE_CURVE('',#616,#619,#690,.T.);
#520=EDGE_CURVE('',#620,#619,#55,.T.);
#521=EDGE_CURVE('',#620,#617,#691,.F.);
#522=EDGE_CURVE('',#619,#621,#139,.T.);
#523=EDGE_CURVE('',#622,#621,#56,.T.);
#524=EDGE_CURVE('',#623,#622,#140,.T.);
#525=EDGE_CURVE('',#623,#620,#141,.T.);
#526=EDGE_CURVE('',#621,#624,#142,.T.);
#527=EDGE_CURVE('',#625,#624,#143,.F.);
#528=EDGE_CURVE('',#626,#625,#57,.T.);
#529=EDGE_CURVE('',#622,#626,#144,.T.);
#530=EDGE_CURVE('',#627,#628,#692,.F.);
#531=EDGE_CURVE('',#629,#627,#58,.T.);
#532=EDGE_CURVE('',#630,#629,#693,.T.);
#533=EDGE_CURVE('',#628,#630,#59,.F.);
#534=EDGE_CURVE('',#602,#631,#694,.T.);
#535=EDGE_CURVE('',#604,#632,#695,.T.);
#536=EDGE_CURVE('',#631,#632,#60,.F.);
#537=EDGE_CURVE('',#633,#631,#696,.T.);
#538=EDGE_CURVE('',#634,#633,#697,.T.);
#539=EDGE_CURVE('',#624,#634,#698,.F.);
#540=EDGE_CURVE('',#613,#615,#699,.F.);
#541=EDGE_CURVE('',#635,#623,#145,.T.);
#542=EDGE_CURVE('',#635,#636,#700,.F.);
#543=EDGE_CURVE('',#637,#636,#701,.F.);
#544=EDGE_CURVE('',#632,#637,#702,.F.);
#545=EDGE_CURVE('',#618,#614,#703,.T.);
#546=EDGE_CURVE('',#633,#627,#146,.T.);
#547=EDGE_CURVE('',#628,#634,#704,.F.);
#548=EDGE_CURVE('',#628,#625,#705,.T.);
#549=EDGE_CURVE('',#637,#629,#147,.T.);
#550=EDGE_CURVE('',#630,#626,#706,.T.);
#551=EDGE_CURVE('',#636,#630,#707,.F.);
#552=EDGE_CURVE('',#635,#626,#708,.F.);
#553=VERTEX_POINT('',#1274);
#554=VERTEX_POINT('',#1275);
#555=VERTEX_POINT('',#1277);
#556=VERTEX_POINT('',#1283);
#557=VERTEX_POINT('',#1287);
#558=VERTEX_POINT('',#1288);
#559=VERTEX_POINT('',#1290);
#560=VERTEX_POINT('',#1292);
#561=VERTEX_POINT('',#1326);
#562=VERTEX_POINT('',#1336);
#563=VERTEX_POINT('',#1338);
#564=VERTEX_POINT('',#1346);
#565=VERTEX_POINT('',#1348);
#566=VERTEX_POINT('',#1352);
#567=VERTEX_POINT('',#1354);
#568=VERTEX_POINT('',#1424);
#569=VERTEX_POINT('',#1426);
#570=VERTEX_POINT('',#1438);
#571=VERTEX_POINT('',#1439);
#572=VERTEX_POINT('',#1441);
#573=VERTEX_POINT('',#1443);
#574=VERTEX_POINT('',#1447);
#575=VERTEX_POINT('',#1448);
#576=VERTEX_POINT('',#1453);
#577=VERTEX_POINT('',#1455);
#578=VERTEX_POINT('',#1511);
#579=VERTEX_POINT('',#1518);
#580=VERTEX_POINT('',#1520);
#581=VERTEX_POINT('',#1544);
#582=VERTEX_POINT('',#1546);
#583=VERTEX_POINT('',#1552);
#584=VERTEX_POINT('',#1559);
#585=VERTEX_POINT('',#1560);
#586=VERTEX_POINT('',#1562);
#587=VERTEX_POINT('',#1564);
#588=VERTEX_POINT('',#1568);
#589=VERTEX_POINT('',#1570);
#590=VERTEX_POINT('',#1576);
#591=VERTEX_POINT('',#1578);
#592=VERTEX_POINT('',#1582);
#593=VERTEX_POINT('',#1584);
#594=VERTEX_POINT('',#1611);
#595=VERTEX_POINT('',#1613);
#596=VERTEX_POINT('',#1616);
#597=VERTEX_POINT('',#1618);
#598=VERTEX_POINT('',#1620);
#599=VERTEX_POINT('',#1628);
#600=VERTEX_POINT('',#1661);
#601=VERTEX_POINT('',#2039);
#602=VERTEX_POINT('',#2040);
#603=VERTEX_POINT('',#2042);
#604=VERTEX_POINT('',#2044);
#605=VERTEX_POINT('',#2077);
#606=VERTEX_POINT('',#2079);
#607=VERTEX_POINT('',#2091);
#608=VERTEX_POINT('',#2093);
#609=VERTEX_POINT('',#2097);
#610=VERTEX_POINT('',#2099);
#611=VERTEX_POINT('',#2197);
#612=VERTEX_POINT('',#2224);
#613=VERTEX_POINT('',#2228);
#614=VERTEX_POINT('',#2230);
#615=VERTEX_POINT('',#2234);
#616=VERTEX_POINT('',#2235);
#617=VERTEX_POINT('',#2237);
#618=VERTEX_POINT('',#2239);
#619=VERTEX_POINT('',#2243);
#620=VERTEX_POINT('',#2245);
#621=VERTEX_POINT('',#2339);
#622=VERTEX_POINT('',#2341);
#623=VERTEX_POINT('',#2361);
#624=VERTEX_POINT('',#2414);
#625=VERTEX_POINT('',#2419);
#626=VERTEX_POINT('',#2421);
#627=VERTEX_POINT('',#2432);
#628=VERTEX_POINT('',#2433);
#629=VERTEX_POINT('',#2435);
#630=VERTEX_POINT('',#2437);
#631=VERTEX_POINT('',#2441);
#632=VERTEX_POINT('',#2443);
#633=VERTEX_POINT('',#2447);
#634=VERTEX_POINT('',#2449);
#635=VERTEX_POINT('',#2460);
#636=VERTEX_POINT('',#2462);
#637=VERTEX_POINT('',#2464);
#638=CIRCLE('',#900,0.0019);
#639=CIRCLE('',#901,0.00546452982288299);
#640=CIRCLE('',#902,0.00736452982288299);
#641=CIRCLE('',#904,0.00875809435944682);
#642=CIRCLE('',#905,0.00875809435944854);
#643=CIRCLE('',#907,0.021363722116882);
#644=CIRCLE('',#908,0.021363722116882);
#645=CIRCLE('',#910,0.0200725218713425);
#646=CIRCLE('',#911,0.0200725218713425);
#647=CIRCLE('',#913,0.00653844310259589);
#648=CIRCLE('',#914,0.00653844310259589);
#649=CIRCLE('',#916,0.00736452982288299);
#650=CIRCLE('',#918,0.0136486445640107);
#651=CIRCLE('',#919,0.0136486445640107);
#652=CIRCLE('',#921,0.0614163336245285);
#653=CIRCLE('',#922,0.0614163336245285);
#654=CIRCLE('',#924,0.0326296488874002);
#655=CIRCLE('',#925,0.0326296488874002);
#656=CIRCLE('',#927,0.0019);
#657=CIRCLE('',#928,0.0021);
#658=CIRCLE('',#929,0.004);
#659=CIRCLE('',#930,0.0594163336245285);
#660=CIRCLE('',#931,0.002);
#661=CIRCLE('',#933,0.004);
#662=CIRCLE('',#934,0.00463844310259589);
#663=CIRCLE('',#935,0.0181725218713426);
#664=CIRCLE('',#936,0.019463722116882);
#665=CIRCLE('',#937,0.002);
#666=CIRCLE('',#938,0.0594163336245285);
#667=CIRCLE('',#939,0.004);
#668=CIRCLE('',#940,0.0117486445640107);
#669=CIRCLE('',#941,0.0019);
#670=CIRCLE('',#942,0.0019);
#671=CIRCLE('',#947,0.002);
#672=CIRCLE('',#949,0.002);
#673=CIRCLE('',#952,0.002);
#674=CIRCLE('',#954,0.002);
#675=CIRCLE('',#956,0.002);
#676=CIRCLE('',#958,0.0021);
#677=CIRCLE('',#960,0.0019);
#678=CIRCLE('',#962,0.0019);
#679=CIRCLE('',#964,0.0019);
#680=CIRCLE('',#967,0.0106580943594468);
#681=CIRCLE('',#968,0.0106580943594468);
#682=CIRCLE('',#970,0.019463722116882);
#683=CIRCLE('',#971,0.019463722116882);
#684=CIRCLE('',#973,0.0181725218713426);
#685=CIRCLE('',#974,0.0181725218713426);
#686=CIRCLE('',#976,0.00463844310259589);
#687=CIRCLE('',#977,0.00463844310259589);
#688=CIRCLE('',#979,0.00546452982288299);
#689=CIRCLE('',#980,0.00546452982288299);
#690=CIRCLE('',#982,0.0117486445640107);
#691=CIRCLE('',#983,0.0117486445640107);
#692=CIRCLE('',#985,0.0595163336245285);
#693=CIRCLE('',#986,0.0595163336245285);
#694=CIRCLE('',#988,0.0345296488874001);
#695=CIRCLE('',#989,0.0345296488874001);
#696=CIRCLE('',#991,0.0001);
#697=CIRCLE('',#992,0.0594163336245285);
#698=CIRCLE('',#993,0.004);
#699=CIRCLE('',#994,0.004);
#700=CIRCLE('',#996,0.004);
#701=CIRCLE('',#997,0.0594163336245285);
#702=CIRCLE('',#998,0.0001);
#703=CIRCLE('',#999,0.004);
#704=CIRCLE('',#1001,0.0001);
#705=CIRCLE('',#1003,0.0039);
#706=CIRCLE('',#1006,0.0039);
#707=CIRCLE('',#1008,0.0001);
#708=CIRCLE('',#1010,0.0001);
#709=EDGE_LOOP('',(#148,#149,#150,#151));
#710=EDGE_LOOP('',(#152,#153,#154,#155));
#711=EDGE_LOOP('',(#156,#157,#158,#159,#160));
#712=EDGE_LOOP('',(#161,#162,#163,#164));
#713=EDGE_LOOP('',(#165,#166,#167,#168));
#714=EDGE_LOOP('',(#169,#170,#171,#172));
#715=EDGE_LOOP('',(#173,#174,#175,#176));
#716=EDGE_LOOP('',(#177,#178,#179,#180));
#717=EDGE_LOOP('',(#181,#182,#183,#184));
#718=EDGE_LOOP('',(#185,#186,#187,#188,#189));
#719=EDGE_LOOP('',(#190,#191,#192,#193,#194));
#720=EDGE_LOOP('',(#195,#196,#197,#198));
#721=EDGE_LOOP('',(#199,#200,#201,#202));
#722=EDGE_LOOP('',(#203,#204,#205,#206,#207,#208,#209,#210,#211,#212,#213,
#214,#215,#216,#217,#218));
#723=EDGE_LOOP('',(#219,#220,#221,#222,#223,#224,#225,#226,#227,#228,#229,
#230,#231,#232,#233));
#724=EDGE_LOOP('',(#234,#235,#236,#237));
#725=EDGE_LOOP('',(#238,#239,#240,#241));
#726=EDGE_LOOP('',(#242,#243,#244,#245));
#727=EDGE_LOOP('',(#246,#247,#248,#249));
#728=EDGE_LOOP('',(#250,#251,#252,#253));
#729=EDGE_LOOP('',(#254,#255,#256,#257));
#730=EDGE_LOOP('',(#258,#259,#260,#261));
#731=EDGE_LOOP('',(#262,#263,#264,#265,#266,#267));
#732=EDGE_LOOP('',(#268,#269,#270,#271));
#733=EDGE_LOOP('',(#272,#273,#274,#275));
#734=EDGE_LOOP('',(#276,#277,#278,#279));
#735=EDGE_LOOP('',(#280,#281,#282,#283,#284));
#736=EDGE_LOOP('',(#285,#286,#287,#288));
#737=EDGE_LOOP('',(#289,#290,#291,#292));
#738=EDGE_LOOP('',(#293,#294,#295));
#739=EDGE_LOOP('',(#296,#297,#298,#299));
#740=EDGE_LOOP('',(#300,#301,#302,#303));
#741=EDGE_LOOP('',(#304,#305,#306,#307));
#742=EDGE_LOOP('',(#308,#309,#310,#311));
#743=EDGE_LOOP('',(#312,#313,#314,#315));
#744=EDGE_LOOP('',(#316,#317,#318,#319));
#745=EDGE_LOOP('',(#320,#321,#322,#323));
#746=EDGE_LOOP('',(#324,#325,#326,#327));
#747=EDGE_LOOP('',(#328,#329,#330,#331));
#748=EDGE_LOOP('',(#332,#333,#334,#335));
#749=EDGE_LOOP('',(#336,#337,#338,#339,#340));
#750=EDGE_LOOP('',(#341,#342,#343,#344,#345));
#751=EDGE_LOOP('',(#346,#347,#348,#349));
#752=EDGE_LOOP('',(#350,#351,#352,#353));
#753=EDGE_LOOP('',(#354,#355,#356,#357,#358,#359,#360,#361,#362,#363,#364,
#365,#366,#367,#368));
#754=EDGE_LOOP('',(#369,#370,#371,#372,#373,#374,#375,#376,#377,#378,#379,
#380,#381,#382,#383));
#755=EDGE_LOOP('',(#384,#385,#386,#387));
#756=EDGE_LOOP('',(#388,#389,#390,#391));
#757=EDGE_LOOP('',(#392,#393,#394,#395,#396,#397));
#758=EDGE_LOOP('',(#398,#399,#400,#401));
#759=EDGE_LOOP('',(#402,#403,#404,#405));
#760=EDGE_LOOP('',(#406,#407,#408,#409));
#761=EDGE_LOOP('',(#410,#411,#412,#413));
#762=EDGE_LOOP('',(#414,#415,#416,#417));
#763=FACE_BOUND('',#709,.T.);
#764=FACE_BOUND('',#710,.T.);
#765=FACE_BOUND('',#711,.T.);
#766=FACE_BOUND('',#712,.T.);
#767=FACE_BOUND('',#713,.T.);
#768=FACE_BOUND('',#714,.T.);
#769=FACE_BOUND('',#715,.T.);
#770=FACE_BOUND('',#716,.T.);
#771=FACE_BOUND('',#717,.T.);
#772=FACE_BOUND('',#718,.T.);
#773=FACE_BOUND('',#719,.T.);
#774=FACE_BOUND('',#720,.T.);
#775=FACE_BOUND('',#721,.T.);
#776=FACE_BOUND('',#722,.T.);
#777=FACE_BOUND('',#723,.T.);
#778=FACE_BOUND('',#724,.T.);
#779=FACE_BOUND('',#725,.T.);
#780=FACE_BOUND('',#726,.T.);
#781=FACE_BOUND('',#727,.T.);
#782=FACE_BOUND('',#728,.T.);
#783=FACE_BOUND('',#729,.T.);
#784=FACE_BOUND('',#730,.T.);
#785=FACE_BOUND('',#731,.T.);
#786=FACE_BOUND('',#732,.T.);
#787=FACE_BOUND('',#733,.T.);
#788=FACE_BOUND('',#734,.T.);
#789=FACE_BOUND('',#735,.T.);
#790=FACE_BOUND('',#736,.T.);
#791=FACE_BOUND('',#737,.T.);
#792=FACE_BOUND('',#738,.T.);
#793=FACE_BOUND('',#739,.T.);
#794=FACE_BOUND('',#740,.T.);
#795=FACE_BOUND('',#741,.T.);
#796=FACE_BOUND('',#742,.T.);
#797=FACE_BOUND('',#743,.T.);
#798=FACE_BOUND('',#744,.T.);
#799=FACE_BOUND('',#745,.T.);
#800=FACE_BOUND('',#746,.T.);
#801=FACE_BOUND('',#747,.T.);
#802=FACE_BOUND('',#748,.T.);
#803=FACE_BOUND('',#749,.T.);
#804=FACE_BOUND('',#750,.T.);
#805=FACE_BOUND('',#751,.T.);
#806=FACE_BOUND('',#752,.T.);
#807=FACE_BOUND('',#753,.T.);
#808=FACE_BOUND('',#754,.T.);
#809=FACE_BOUND('',#755,.T.);
#810=FACE_BOUND('',#756,.T.);
#811=FACE_BOUND('',#757,.T.);
#812=FACE_BOUND('',#758,.T.);
#813=FACE_BOUND('',#759,.T.);
#814=FACE_BOUND('',#760,.T.);
#815=FACE_BOUND('',#761,.T.);
#816=FACE_BOUND('',#762,.T.);
#817=TOROIDAL_SURFACE('',#899,0.00546452982288299,0.0019);
#818=TOROIDAL_SURFACE('',#943,0.0181725218713426,0.0019);
#819=TOROIDAL_SURFACE('',#944,0.019463722116882,0.0019);
#820=TOROIDAL_SURFACE('',#945,0.0117486445640107,0.0019);
#821=TOROIDAL_SURFACE('',#946,0.0594163336245285,0.002);
#822=TOROIDAL_SURFACE('',#948,0.004,0.002);
#823=TOROIDAL_SURFACE('',#953,0.0594163336245285,0.002);
#824=TOROIDAL_SURFACE('',#955,0.004,0.002);
#825=TOROIDAL_SURFACE('',#963,0.00463844310259589,0.0019);
#826=TOROIDAL_SURFACE('',#965,0.004,0.0019);
#827=TOROIDAL_SURFACE('',#1000,0.0594163336245285,0.0001);
#828=TOROIDAL_SURFACE('',#1002,0.004,0.0001);
#829=TOROIDAL_SURFACE('',#1007,0.0594163336245285,0.0001);
#830=TOROIDAL_SURFACE('',#1009,0.004,0.0001);
#831=ADVANCED_FACE('',(#763),#817,.T.);
#832=ADVANCED_FACE('Face appearance 10',(#764),#92,.F.);
#833=ADVANCED_FACE('Face appearance 10',(#765),#22,.T.);
#834=ADVANCED_FACE('Face appearance 10',(#766),#93,.T.);
#835=ADVANCED_FACE('Face appearance 10',(#767),#94,.T.);
#836=ADVANCED_FACE('Face appearance 10',(#768),#23,.F.);
#837=ADVANCED_FACE('Face appearance 10',(#769),#95,.T.);
#838=ADVANCED_FACE('Face appearance 10',(#770),#96,.T.);
#839=ADVANCED_FACE('Face appearance 10',(#771),#97,.T.);
#840=ADVANCED_FACE('Face appearance 10',(#772),#24,.T.);
#841=ADVANCED_FACE('Face appearance 10',(#773),#25,.T.);
#842=ADVANCED_FACE('Face appearance 10',(#774),#98,.T.);
#843=ADVANCED_FACE('Face appearance 10',(#775),#99,.F.);
#844=ADVANCED_FACE('Face appearance 10',(#776),#18,.T.);
#845=ADVANCED_FACE('Face appearance 10',(#777),#19,.F.);
#846=ADVANCED_FACE('',(#778),#14,.T.);
#847=ADVANCED_FACE('',(#779),#818,.T.);
#848=ADVANCED_FACE('',(#780),#819,.T.);
#849=ADVANCED_FACE('',(#781),#820,.T.);
#850=ADVANCED_FACE('',(#782),#15,.T.);
#851=ADVANCED_FACE('',(#783),#821,.T.);
#852=ADVANCED_FACE('',(#784),#822,.T.);
#853=ADVANCED_FACE('',(#785),#100,.T.);
#854=ADVANCED_FACE('',(#786),#101,.F.);
#855=ADVANCED_FACE('',(#787),#823,.T.);
#856=ADVANCED_FACE('',(#788),#824,.T.);
#857=ADVANCED_FACE('',(#789),#16,.T.);
#858=ADVANCED_FACE('',(#790),#102,.F.);
#859=ADVANCED_FACE('',(#791),#103,.T.);
#860=ADVANCED_FACE('',(#792),#13,.T.);
#861=ADVANCED_FACE('',(#793),#825,.T.);
#862=ADVANCED_FACE('',(#794),#826,.T.);
#863=ADVANCED_FACE('',(#795),#104,.T.);
#864=ADVANCED_FACE('',(#796),#26,.F.);
#865=ADVANCED_FACE('',(#797),#105,.F.);
#866=ADVANCED_FACE('',(#798),#106,.F.);
#867=ADVANCED_FACE('',(#799),#27,.T.);
#868=ADVANCED_FACE('',(#800),#107,.F.);
#869=ADVANCED_FACE('',(#801),#108,.F.);
#870=ADVANCED_FACE('',(#802),#109,.F.);
#871=ADVANCED_FACE('',(#803),#28,.F.);
#872=ADVANCED_FACE('',(#804),#29,.F.);
#873=ADVANCED_FACE('',(#805),#110,.F.);
#874=ADVANCED_FACE('',(#806),#111,.T.);
#875=ADVANCED_FACE('',(#807),#20,.F.);
#876=ADVANCED_FACE('',(#808),#21,.T.);
#877=ADVANCED_FACE('',(#809),#827,.F.);
#878=ADVANCED_FACE('',(#810),#828,.F.);
#879=ADVANCED_FACE('',(#811),#112,.F.);
#880=ADVANCED_FACE('',(#812),#113,.T.);
#881=ADVANCED_FACE('',(#813),#829,.F.);
#882=ADVANCED_FACE('',(#814),#830,.F.);
#883=ADVANCED_FACE('',(#815),#17,.F.);
#884=ADVANCED_FACE('',(#816),#114,.T.);
#885=CLOSED_SHELL('',(#831,#832,#833,#834,#835,#836,#837,#838,#839,#840,
#841,#842,#843,#844,#845,#846,#847,#848,#849,#850,#851,#852,#853,#854,#855,
#856,#857,#858,#859,#860,#861,#862));
#886=CLOSED_SHELL('',(#863,#864,#865,#866,#867,#868,#869,#870,#871,#872,
#873,#874,#875,#876,#877,#878,#879,#880,#881,#882,#883,#884));
#887=STYLED_ITEM('',(#888),#895);
#888=PRESENTATION_STYLE_ASSIGNMENT((#889));
#889=SURFACE_STYLE_USAGE(.BOTH.,#890);
#890=SURFACE_SIDE_STYLE('',(#891));
#891=SURFACE_STYLE_FILL_AREA(#892);
#892=FILL_AREA_STYLE('',(#893));
#893=FILL_AREA_STYLE_COLOUR('',#894);
#894=DRAUGHTING_PRE_DEFINED_COLOUR('black');
#895=BREP_WITH_VOIDS('Body_Back Paw_ Right_Black',#885,(#12));
#896=SHAPE_DEFINITION_REPRESENTATION(#2517,#897);
#897=SHAPE_REPRESENTATION('Body_Back Paw_ Right_Black',(#898),#2512);
#898=AXIS2_PLACEMENT_3D('',#1271,#1012,#1013);
#899=AXIS2_PLACEMENT_3D('',#1272,#1014,#1015);
#900=AXIS2_PLACEMENT_3D('',#1273,#1016,#1017);
#901=AXIS2_PLACEMENT_3D('',#1276,#1018,#1019);
#902=AXIS2_PLACEMENT_3D('',#1284,#1020,#1021);
#903=AXIS2_PLACEMENT_3D('',#1285,#1022,#1023);
#904=AXIS2_PLACEMENT_3D('',#1286,#1024,#1025);
#905=AXIS2_PLACEMENT_3D('',#1291,#1027,#1028);
#906=AXIS2_PLACEMENT_3D('',#1344,#1031,#1032);
#907=AXIS2_PLACEMENT_3D('',#1345,#1033,#1034);
#908=AXIS2_PLACEMENT_3D('',#1349,#1036,#1037);
#909=AXIS2_PLACEMENT_3D('',#1350,#1038,#1039);
#910=AXIS2_PLACEMENT_3D('',#1351,#1040,#1041);
#911=AXIS2_PLACEMENT_3D('',#1355,#1043,#1044);
#912=AXIS2_PLACEMENT_3D('',#1436,#1046,#1047);
#913=AXIS2_PLACEMENT_3D('',#1440,#1049,#1050);
#914=AXIS2_PLACEMENT_3D('',#1444,#1052,#1053);
#915=AXIS2_PLACEMENT_3D('',#1445,#1054,#1055);
#916=AXIS2_PLACEMENT_3D('',#1446,#1056,#1057);
#917=AXIS2_PLACEMENT_3D('',#1451,#1060,#1061);
#918=AXIS2_PLACEMENT_3D('',#1452,#1062,#1063);
#919=AXIS2_PLACEMENT_3D('',#1456,#1065,#1066);
#920=AXIS2_PLACEMENT_3D('',#1557,#1069,#1070);
#921=AXIS2_PLACEMENT_3D('',#1558,#1071,#1072);
#922=AXIS2_PLACEMENT_3D('',#1563,#1074,#1075);
#923=AXIS2_PLACEMENT_3D('',#1566,#1077,#1078);
#924=AXIS2_PLACEMENT_3D('',#1567,#1079,#1080);
#925=AXIS2_PLACEMENT_3D('',#1571,#1082,#1083);
#926=AXIS2_PLACEMENT_3D('',#1572,#1084,#1085);
#927=AXIS2_PLACEMENT_3D('',#1573,#1086,#1087);
#928=AXIS2_PLACEMENT_3D('',#1574,#1088,#1089);
#929=AXIS2_PLACEMENT_3D('',#1575,#1090,#1091);
#930=AXIS2_PLACEMENT_3D('',#1577,#1092,#1093);
#931=AXIS2_PLACEMENT_3D('',#1579,#1094,#1095);
#932=AXIS2_PLACEMENT_3D('',#1580,#1096,#1097);
#933=AXIS2_PLACEMENT_3D('',#1581,#1098,#1099);
#934=AXIS2_PLACEMENT_3D('',#1583,#1100,#1101);
#935=AXIS2_PLACEMENT_3D('',#1612,#1102,#1103);
#936=AXIS2_PLACEMENT_3D('',#1614,#1104,#1105);
#937=AXIS2_PLACEMENT_3D('',#1615,#1106,#1107);
#938=AXIS2_PLACEMENT_3D('',#1617,#1108,#1109);
#939=AXIS2_PLACEMENT_3D('',#1619,#1110,#1111);
#940=AXIS2_PLACEMENT_3D('',#1662,#1112,#1113);
#941=AXIS2_PLACEMENT_3D('',#1801,#1114,#1115);
#942=AXIS2_PLACEMENT_3D('',#1802,#1116,#1117);
#943=AXIS2_PLACEMENT_3D('',#1803,#1118,#1119);
#944=AXIS2_PLACEMENT_3D('',#1809,#1120,#1121);
#945=AXIS2_PLACEMENT_3D('',#1810,#1122,#1123);
#946=AXIS2_PLACEMENT_3D('',#1975,#1124,#1125);
#947=AXIS2_PLACEMENT_3D('',#1982,#1126,#1127);
#948=AXIS2_PLACEMENT_3D('',#1983,#1128,#1129);
#949=AXIS2_PLACEMENT_3D('',#1984,#1130,#1131);
#950=AXIS2_PLACEMENT_3D('',#1985,#1132,#1133);
#951=AXIS2_PLACEMENT_3D('',#1992,#1134,#1135);
#952=AXIS2_PLACEMENT_3D('',#1993,#1136,#1137);
#953=AXIS2_PLACEMENT_3D('',#1994,#1138,#1139);
#954=AXIS2_PLACEMENT_3D('',#1995,#1140,#1141);
#955=AXIS2_PLACEMENT_3D('',#1996,#1142,#1143);
#956=AXIS2_PLACEMENT_3D('',#1997,#1144,#1145);
#957=AXIS2_PLACEMENT_3D('',#2028,#1146,#1147);
#958=AXIS2_PLACEMENT_3D('',#2029,#1148,#1149);
#959=AXIS2_PLACEMENT_3D('',#2030,#1150,#1151);
#960=AXIS2_PLACEMENT_3D('',#2031,#1152,#1153);
#961=AXIS2_PLACEMENT_3D('',#2032,#1154,#1155);
#962=AXIS2_PLACEMENT_3D('',#2033,#1156,#1157);
#963=AXIS2_PLACEMENT_3D('',#2034,#1158,#1159);
#964=AXIS2_PLACEMENT_3D('',#2035,#1160,#1161);
#965=AXIS2_PLACEMENT_3D('',#2036,#1162,#1163);
#966=AXIS2_PLACEMENT_3D('',#2037,#1164,#1165);
#967=AXIS2_PLACEMENT_3D('',#2038,#1166,#1167);
#968=AXIS2_PLACEMENT_3D('',#2043,#1169,#1170);
#969=AXIS2_PLACEMENT_3D('',#2089,#1173,#1174);
#970=AXIS2_PLACEMENT_3D('',#2090,#1175,#1176);
#971=AXIS2_PLACEMENT_3D('',#2094,#1178,#1179);
#972=AXIS2_PLACEMENT_3D('',#2095,#1180,#1181);
#973=AXIS2_PLACEMENT_3D('',#2096,#1182,#1183);
#974=AXIS2_PLACEMENT_3D('',#2100,#1185,#1186);
#975=AXIS2_PLACEMENT_3D('',#2226,#1188,#1189);
#976=AXIS2_PLACEMENT_3D('',#2227,#1190,#1191);
#977=AXIS2_PLACEMENT_3D('',#2231,#1193,#1194);
#978=AXIS2_PLACEMENT_3D('',#2232,#1195,#1196);
#979=AXIS2_PLACEMENT_3D('',#2233,#1197,#1198);
#980=AXIS2_PLACEMENT_3D('',#2238,#1200,#1201);
#981=AXIS2_PLACEMENT_3D('',#2241,#1203,#1204);
#982=AXIS2_PLACEMENT_3D('',#2242,#1205,#1206);
#983=AXIS2_PLACEMENT_3D('',#2246,#1208,#1209);
#984=AXIS2_PLACEMENT_3D('',#2430,#1212,#1213);
#985=AXIS2_PLACEMENT_3D('',#2431,#1214,#1215);
#986=AXIS2_PLACEMENT_3D('',#2436,#1217,#1218);
#987=AXIS2_PLACEMENT_3D('',#2439,#1220,#1221);
#988=AXIS2_PLACEMENT_3D('',#2440,#1222,#1223);
#989=AXIS2_PLACEMENT_3D('',#2442,#1224,#1225);
#990=AXIS2_PLACEMENT_3D('',#2445,#1227,#1228);
#991=AXIS2_PLACEMENT_3D('',#2446,#1229,#1230);
#992=AXIS2_PLACEMENT_3D('',#2448,#1231,#1232);
#993=AXIS2_PLACEMENT_3D('',#2450,#1233,#1234);
#994=AXIS2_PLACEMENT_3D('',#2451,#1235,#1236);
#995=AXIS2_PLACEMENT_3D('',#2452,#1237,#1238);
#996=AXIS2_PLACEMENT_3D('',#2461,#1239,#1240);
#997=AXIS2_PLACEMENT_3D('',#2463,#1241,#1242);
#998=AXIS2_PLACEMENT_3D('',#2465,#1243,#1244);
#999=AXIS2_PLACEMENT_3D('',#2466,#1245,#1246);
#1000=AXIS2_PLACEMENT_3D('',#2467,#1247,#1248);
#1001=AXIS2_PLACEMENT_3D('',#2472,#1249,#1250);
#1002=AXIS2_PLACEMENT_3D('',#2473,#1251,#1252);
#1003=AXIS2_PLACEMENT_3D('',#2474,#1253,#1254);
#1004=AXIS2_PLACEMENT_3D('',#2475,#1255,#1256);
#1005=AXIS2_PLACEMENT_3D('',#2480,#1257,#1258);
#1006=AXIS2_PLACEMENT_3D('',#2481,#1259,#1260);
#1007=AXIS2_PLACEMENT_3D('',#2482,#1261,#1262);
#1008=AXIS2_PLACEMENT_3D('',#2483,#1263,#1264);
#1009=AXIS2_PLACEMENT_3D('',#2484,#1265,#1266);
#1010=AXIS2_PLACEMENT_3D('',#2485,#1267,#1268);
#1011=AXIS2_PLACEMENT_3D('',#2510,#1269,#1270);
#1012=DIRECTION('',(0.,0.,1.));
#1013=DIRECTION('',(1.,0.,0.));
#1014=DIRECTION('',(0.,0.,1.));
#1015=DIRECTION('',(1.,0.,0.));
#1016=DIRECTION('',(0.382063308283028,0.924136152557526,0.));
#1017=DIRECTION('',(-0.924136152557526,0.382063308283029,0.));
#1018=DIRECTION('',(0.,0.,1.));
#1019=DIRECTION('',(1.,0.,0.));
#1020=DIRECTION('',(0.,0.,1.));
#1021=DIRECTION('',(1.,0.,0.));
#1022=DIRECTION('',(0.,0.,1.));
#1023=DIRECTION('',(1.,0.,0.));
#1024=DIRECTION('',(0.,0.,1.));
#1025=DIRECTION('',(1.,0.,0.));
#1026=DIRECTION('',(0.,0.,1.));
#1027=DIRECTION('',(0.,0.,1.));
#1028=DIRECTION('',(1.,0.,0.));
#1029=DIRECTION('',(0.,0.,1.));
#1030=DIRECTION('',(0.,0.,1.));
#1031=DIRECTION('',(0.,0.,1.));
#1032=DIRECTION('',(1.,0.,0.));
#1033=DIRECTION('',(0.,0.,1.));
#1034=DIRECTION('',(1.,0.,0.));
#1035=DIRECTION('',(0.,0.,1.));
#1036=DIRECTION('',(0.,0.,1.));
#1037=DIRECTION('',(1.,0.,0.));
#1038=DIRECTION('',(0.,0.,1.));
#1039=DIRECTION('',(1.,0.,0.));
#1040=DIRECTION('',(0.,0.,1.));
#1041=DIRECTION('',(1.,0.,0.));
#1042=DIRECTION('',(0.,0.,1.));
#1043=DIRECTION('',(0.,0.,1.));
#1044=DIRECTION('',(1.,0.,0.));
#1045=DIRECTION('',(0.,0.,1.));
#1046=DIRECTION('',(0.,0.,1.));
#1047=DIRECTION('',(1.,0.,0.));
#1048=DIRECTION('',(0.,0.,1.));
#1049=DIRECTION('',(0.,0.,1.));
#1050=DIRECTION('',(1.,0.,0.));
#1051=DIRECTION('',(0.,0.,1.));
#1052=DIRECTION('',(0.,0.,1.));
#1053=DIRECTION('',(1.,0.,0.));
#1054=DIRECTION('',(0.,0.,1.));
#1055=DIRECTION('',(1.,0.,0.));
#1056=DIRECTION('',(0.,0.,1.));
#1057=DIRECTION('',(1.,0.,0.));
#1058=DIRECTION('',(0.,0.,1.));
#1059=DIRECTION('',(0.,0.,1.));
#1060=DIRECTION('',(0.,0.,1.));
#1061=DIRECTION('',(1.,0.,0.));
#1062=DIRECTION('',(0.,0.,1.));
#1063=DIRECTION('',(1.,0.,0.));
#1064=DIRECTION('',(0.,0.,1.));
#1065=DIRECTION('',(0.,0.,1.));
#1066=DIRECTION('',(1.,0.,0.));
#1067=DIRECTION('',(0.,0.,1.));
#1068=DIRECTION('',(0.,0.,1.));
#1069=DIRECTION('',(0.,0.,1.));
#1070=DIRECTION('',(1.,0.,0.));
#1071=DIRECTION('',(0.,0.,1.));
#1072=DIRECTION('',(1.,0.,0.));
#1073=DIRECTION('',(0.,0.,1.));
#1074=DIRECTION('',(0.,0.,1.));
#1075=DIRECTION('',(1.,0.,0.));
#1076=DIRECTION('',(0.,0.,1.));
#1077=DIRECTION('',(0.,0.,1.));
#1078=DIRECTION('',(1.,0.,0.));
#1079=DIRECTION('',(0.,0.,1.));
#1080=DIRECTION('',(1.,0.,0.));
#1081=DIRECTION('',(0.,0.,1.));
#1082=DIRECTION('',(0.,0.,1.));
#1083=DIRECTION('',(1.,0.,0.));
#1084=DIRECTION('',(0.,0.,1.));
#1085=DIRECTION('',(1.,0.,0.));
#1086=DIRECTION('',(0.,0.,1.));
#1087=DIRECTION('',(1.,0.,0.));
#1088=DIRECTION('',(0.,0.,1.));
#1089=DIRECTION('',(1.,0.,0.));
#1090=DIRECTION('',(0.,0.,1.));
#1091=DIRECTION('',(1.,0.,0.));
#1092=DIRECTION('',(0.,0.,1.));
#1093=DIRECTION('',(1.,0.,0.));
#1094=DIRECTION('',(0.,0.,1.));
#1095=DIRECTION('',(1.,0.,0.));
#1096=DIRECTION('',(0.,0.,1.));
#1097=DIRECTION('',(1.,0.,0.));
#1098=DIRECTION('',(0.,0.,1.));
#1099=DIRECTION('',(1.,0.,0.));
#1100=DIRECTION('',(0.,0.,1.));
#1101=DIRECTION('',(1.,0.,0.));
#1102=DIRECTION('',(0.,0.,1.));
#1103=DIRECTION('',(1.,0.,0.));
#1104=DIRECTION('',(0.,0.,1.));
#1105=DIRECTION('',(1.,0.,0.));
#1106=DIRECTION('',(0.,0.,1.));
#1107=DIRECTION('',(1.,0.,0.));
#1108=DIRECTION('',(0.,0.,1.));
#1109=DIRECTION('',(1.,0.,0.));
#1110=DIRECTION('',(0.,0.,1.));
#1111=DIRECTION('',(1.,0.,0.));
#1112=DIRECTION('',(0.,0.,1.));
#1113=DIRECTION('',(1.,0.,0.));
#1114=DIRECTION('',(0.4190963579653,0.907941761755797,0.));
#1115=DIRECTION('',(-0.907941761755797,0.4190963579653,0.));
#1116=DIRECTION('',(0.991407728857019,0.130807932338092,0.));
#1117=DIRECTION('',(-0.130807932338092,0.991407728857019,0.));
#1118=DIRECTION('',(0.,0.,1.));
#1119=DIRECTION('',(1.,0.,0.));
#1120=DIRECTION('',(0.,0.,1.));
#1121=DIRECTION('',(1.,0.,0.));
#1122=DIRECTION('',(0.,0.,1.));
#1123=DIRECTION('',(1.,0.,0.));
#1124=DIRECTION('',(0.,0.,1.));
#1125=DIRECTION('',(1.,0.,0.));
#1126=DIRECTION('',(-0.869069727678031,-0.49468960817227,0.));
#1127=DIRECTION('',(0.49468960817227,-0.869069727678031,0.));
#1128=DIRECTION('',(0.,0.,1.));
#1129=DIRECTION('',(1.,0.,0.));
#1130=DIRECTION('',(0.,0.,1.));
#1131=DIRECTION('',(1.,0.,0.));
#1132=DIRECTION('',(0.,0.,-1.));
#1133=DIRECTION('',(-1.,0.,0.));
#1134=DIRECTION('',(0.,0.,1.));
#1135=DIRECTION('',(1.,0.,0.));
#1136=DIRECTION('',(0.,0.,1.));
#1137=DIRECTION('',(1.,0.,0.));
#1138=DIRECTION('',(0.,0.,1.));
#1139=DIRECTION('',(1.,0.,0.));
#1140=DIRECTION('',(-0.869069727678031,-0.49468960817227,0.));
#1141=DIRECTION('',(0.49468960817227,-0.869069727678031,0.));
#1142=DIRECTION('',(0.,0.,1.));
#1143=DIRECTION('',(1.,0.,0.));
#1144=DIRECTION('',(0.832132195801803,0.554577324374221,3.84445881999372E-15));
#1145=DIRECTION('',(-0.554577324374221,0.832132195801803,0.));
#1146=DIRECTION('',(0.,0.,-1.));
#1147=DIRECTION('',(-1.,0.,0.));
#1148=DIRECTION('',(0.,0.,1.));
#1149=DIRECTION('',(1.,0.,0.));
#1150=DIRECTION('',(0.,0.,1.));
#1151=DIRECTION('',(1.,0.,0.));
#1152=DIRECTION('',(0.,0.,-1.));
#1153=DIRECTION('',(-1.,0.,0.));
#1154=DIRECTION('',(-0.943381533691864,0.331709634905571,0.));
#1155=DIRECTION('',(-0.331709634905571,-0.943381533691864,0.));
#1156=DIRECTION('',(-0.331709634905568,-0.943381533691865,1.21373936931472E-13));
#1157=DIRECTION('',(0.943381533691865,-0.331709634905568,0.));
#1158=DIRECTION('',(0.,0.,1.));
#1159=DIRECTION('',(1.,0.,0.));
#1160=DIRECTION('',(0.867980648992156,-0.496598019503859,0.));
#1161=DIRECTION('',(0.496598019503859,0.867980648992156,0.));
#1162=DIRECTION('',(0.,0.,1.));
#1163=DIRECTION('',(1.,0.,0.));
#1164=DIRECTION('',(0.,0.,1.));
#1165=DIRECTION('',(1.,0.,0.));
#1166=DIRECTION('',(0.,0.,1.));
#1167=DIRECTION('',(1.,0.,0.));
#1168=DIRECTION('',(0.,0.,1.));
#1169=DIRECTION('',(0.,0.,1.));
#1170=DIRECTION('',(1.,0.,0.));
#1171=DIRECTION('',(0.,0.,1.));
#1172=DIRECTION('',(0.,0.,1.));
#1173=DIRECTION('',(0.,0.,1.));
#1174=DIRECTION('',(1.,0.,0.));
#1175=DIRECTION('',(0.,0.,1.));
#1176=DIRECTION('',(1.,0.,0.));
#1177=DIRECTION('',(0.,0.,1.));
#1178=DIRECTION('',(0.,0.,1.));
#1179=DIRECTION('',(1.,0.,0.));
#1180=DIRECTION('',(0.,0.,1.));
#1181=DIRECTION('',(1.,0.,0.));
#1182=DIRECTION('',(0.,0.,1.));
#1183=DIRECTION('',(1.,0.,0.));
#1184=DIRECTION('',(0.,0.,1.));
#1185=DIRECTION('',(0.,0.,1.));
#1186=DIRECTION('',(1.,0.,0.));
#1187=DIRECTION('',(0.,0.,1.));
#1188=DIRECTION('',(0.,0.,1.));
#1189=DIRECTION('',(1.,0.,0.));
#1190=DIRECTION('',(0.,0.,1.));
#1191=DIRECTION('',(1.,0.,0.));
#1192=DIRECTION('',(0.,0.,1.));
#1193=DIRECTION('',(0.,0.,1.));
#1194=DIRECTION('',(1.,0.,0.));
#1195=DIRECTION('',(0.,0.,1.));
#1196=DIRECTION('',(1.,0.,0.));
#1197=DIRECTION('',(0.,0.,1.));
#1198=DIRECTION('',(1.,0.,0.));
#1199=DIRECTION('',(0.,0.,1.));
#1200=DIRECTION('',(0.,0.,1.));
#1201=DIRECTION('',(1.,0.,0.));
#1202=DIRECTION('',(0.,0.,1.));
#1203=DIRECTION('',(0.,0.,1.));
#1204=DIRECTION('',(1.,0.,0.));
#1205=DIRECTION('',(0.,0.,1.));
#1206=DIRECTION('',(1.,0.,0.));
#1207=DIRECTION('',(0.,0.,1.));
#1208=DIRECTION('',(0.,0.,1.));
#1209=DIRECTION('',(1.,0.,0.));
#1210=DIRECTION('',(0.,0.,1.));
#1211=DIRECTION('',(0.,0.,1.));
#1212=DIRECTION('',(0.,0.,1.));
#1213=DIRECTION('',(1.,0.,0.));
#1214=DIRECTION('',(0.,0.,1.));
#1215=DIRECTION('',(1.,0.,0.));
#1216=DIRECTION('',(0.,0.,1.));
#1217=DIRECTION('',(0.,0.,1.));
#1218=DIRECTION('',(1.,0.,0.));
#1219=DIRECTION('',(0.,0.,1.));
#1220=DIRECTION('',(0.,0.,1.));
#1221=DIRECTION('',(1.,0.,0.));
#1222=DIRECTION('',(0.,0.,1.));
#1223=DIRECTION('',(1.,0.,0.));
#1224=DIRECTION('',(0.,0.,1.));
#1225=DIRECTION('',(1.,0.,0.));
#1226=DIRECTION('',(0.,0.,1.));
#1227=DIRECTION('',(0.,0.,1.));
#1228=DIRECTION('',(1.,0.,0.));
#1229=DIRECTION('',(0.,0.,1.));
#1230=DIRECTION('',(1.,0.,0.));
#1231=DIRECTION('',(0.,0.,1.));
#1232=DIRECTION('',(1.,0.,0.));
#1233=DIRECTION('',(0.,0.,1.));
#1234=DIRECTION('',(1.,0.,0.));
#1235=DIRECTION('',(0.,0.,1.));
#1236=DIRECTION('',(1.,0.,0.));
#1237=DIRECTION('',(0.,0.,1.));
#1238=DIRECTION('',(1.,0.,0.));
#1239=DIRECTION('',(0.,0.,1.));
#1240=DIRECTION('',(1.,0.,0.));
#1241=DIRECTION('',(0.,0.,1.));
#1242=DIRECTION('',(1.,0.,0.));
#1243=DIRECTION('',(0.,0.,1.));
#1244=DIRECTION('',(1.,0.,0.));
#1245=DIRECTION('',(0.,0.,1.));
#1246=DIRECTION('',(1.,0.,0.));
#1247=DIRECTION('',(0.,0.,1.));
#1248=DIRECTION('',(1.,0.,0.));
#1249=DIRECTION('',(0.869069727678037,0.494689608172259,0.));
#1250=DIRECTION('',(-0.494689608172259,0.869069727678037,0.));
#1251=DIRECTION('',(0.,0.,1.));
#1252=DIRECTION('',(1.,0.,0.));
#1253=DIRECTION('',(0.,0.,1.));
#1254=DIRECTION('',(1.,0.,0.));
#1255=DIRECTION('',(0.,0.,-1.));
#1256=DIRECTION('',(-1.,0.,0.));
#1257=DIRECTION('',(0.,0.,1.));
#1258=DIRECTION('',(1.,0.,0.));
#1259=DIRECTION('',(0.,0.,1.));
#1260=DIRECTION('',(1.,0.,0.));
#1261=DIRECTION('',(0.,0.,1.));
#1262=DIRECTION('',(1.,0.,0.));
#1263=DIRECTION('',(0.869069727678037,0.494689608172259,0.));
#1264=DIRECTION('',(-0.494689608172259,0.869069727678037,0.));
#1265=DIRECTION('',(0.,0.,1.));
#1266=DIRECTION('',(1.,0.,0.));
#1267=DIRECTION('',(0.832132195801808,0.554577324374214,0.));
#1268=DIRECTION('',(-0.554577324374214,0.832132195801808,0.));
#1269=DIRECTION('',(0.,0.,-1.));
#1270=DIRECTION('',(-1.,0.,0.));
#1271=CARTESIAN_POINT('',(0.,0.,0.));
#1272=CARTESIAN_POINT('',(0.102026757987013,-0.169612672043499,-0.0331));
#1273=CARTESIAN_POINT('',(0.0969767884209582,-0.167524875701157,-0.0331));
#1274=CARTESIAN_POINT('',(0.0969767884209582,-0.167524875701157,-0.035));
#1275=CARTESIAN_POINT('',(0.0952209297310989,-0.16679895541542,-0.0331));
#1276=CARTESIAN_POINT('',(0.102026757987013,-0.169612672043499,-0.035));
#1277=CARTESIAN_POINT('',(0.098512245866806,-0.173797082484899,-0.035));
#1278=CARTESIAN_POINT('',(0.0977276197470909,-0.175592112644941,-0.0331));
#1279=CARTESIAN_POINT('',(0.0977276197470909,-0.175592112644941,-0.0336099683981352));
#1280=CARTESIAN_POINT('',(0.0978984301872551,-0.175189707131775,-0.0346044010168791));
#1281=CARTESIAN_POINT('',(0.0983061569082935,-0.174255564093736,-0.035));
#1282=CARTESIAN_POINT('',(0.098512245866806,-0.173797082484899,-0.035));
#1283=CARTESIAN_POINT('',(0.0977276197470909,-0.175592112644941,-0.0331));
#1284=CARTESIAN_POINT('',(0.102026757987013,-0.169612672043499,-0.0331));
#1285=CARTESIAN_POINT('',(0.136734906597631,-0.130852714906902,0.));
#1286=CARTESIAN_POINT('',(0.136734906597631,-0.130852714906902,0.02));
#1287=CARTESIAN_POINT('',(0.138747538021565,-0.139376419005495,0.02));
#1288=CARTESIAN_POINT('',(0.143286641102949,-0.136664684605791,0.02));
#1289=CARTESIAN_POINT('',(0.143286641102949,-0.136664684605791,0.));
#1290=CARTESIAN_POINT('',(0.143286641102949,-0.136664684605791,-0.035));
#1291=CARTESIAN_POINT('',(0.13673490659763,-0.130852714906901,-0.035));
#1292=CARTESIAN_POINT('',(0.138747538021565,-0.139376419005495,-0.035));
#1293=CARTESIAN_POINT('',(0.138747538021565,-0.139376419005495,0.));
#1294=CARTESIAN_POINT('',(0.138747538021565,-0.139376419005495,-0.035));
#1295=CARTESIAN_POINT('',(0.138747538021565,-0.139376419005495,0.02));
#1296=CARTESIAN_POINT('',(0.137695770293595,-0.139849071706579,-0.035));
#1297=CARTESIAN_POINT('',(0.137695770293595,-0.139849071706579,0.02));
#1298=CARTESIAN_POINT('',(0.13552917928228,-0.141030568174726,-0.035));
#1299=CARTESIAN_POINT('',(0.13552917928228,-0.141030568174726,0.02));
#1300=CARTESIAN_POINT('',(0.13219251270707,-0.143007257903827,-0.035));
#1301=CARTESIAN_POINT('',(0.13219251270707,-0.143007257903827,0.02));
#1302=CARTESIAN_POINT('',(0.128811987676152,-0.144814990052529,-0.035));
#1303=CARTESIAN_POINT('',(0.128811987676152,-0.144814990052529,0.02));
#1304=CARTESIAN_POINT('',(0.125326012527925,-0.146318293939688,-0.035));
#1305=CARTESIAN_POINT('',(0.125326012527925,-0.146318293939688,0.02));
#1306=CARTESIAN_POINT('',(0.121687769823667,-0.147328622213139,-0.035));
#1307=CARTESIAN_POINT('',(0.121687769823667,-0.147328622213139,0.02));
#1308=CARTESIAN_POINT('',(0.118497131262006,-0.147649592321161,-0.035));
#1309=CARTESIAN_POINT('',(0.118497131262006,-0.147649592321161,0.02));
#1310=CARTESIAN_POINT('',(0.115805720659478,-0.147441512762023,-0.035));
#1311=CARTESIAN_POINT('',(0.115805720659478,-0.147441512762023,0.02));
#1312=CARTESIAN_POINT('',(0.11310594570001,-0.147205257917348,-0.035));
#1313=CARTESIAN_POINT('',(0.11310594570001,-0.147205257917348,0.02));
#1314=CARTESIAN_POINT('',(0.111082996460721,-0.147034406223088,-0.035));
#1315=CARTESIAN_POINT('',(0.111082996460721,-0.147034406223088,0.02));
#1316=CARTESIAN_POINT('',(0.109733945416681,-0.146919096329305,-0.035));
#1317=CARTESIAN_POINT('',(0.109733945416681,-0.146919096329305,0.02));
#1318=CARTESIAN_POINT('',(0.138747538021565,-0.139376419005495,-0.035));
#1319=CARTESIAN_POINT('',(0.137016636040019,-0.140154267075114,-0.035));
#1320=CARTESIAN_POINT('',(0.130019029540285,-0.144371016558167,-0.035));
#1321=CARTESIAN_POINT('',(0.122765039850743,-0.148032926767162,-0.035));
#1322=CARTESIAN_POINT('',(0.116422189561926,-0.147490772786911,-0.035));
#1323=CARTESIAN_POINT('',(0.0821702150129761,-0.144563091462645,-0.035));
#1324=CARTESIAN_POINT('',(0.0479182404640265,-0.141635410138379,-0.035));
#1325=CARTESIAN_POINT('',(0.0136662659150768,-0.138707728814113,-0.035));
#1326=CARTESIAN_POINT('',(0.109927050138691,-0.146935601920462,-0.035));
#1327=CARTESIAN_POINT('',(0.109927050138691,-0.146935601920462,-0.035));
#1328=CARTESIAN_POINT('',(0.110526868631247,-0.146986871297534,-0.035));
#1329=CARTESIAN_POINT('',(0.111725882145298,-0.147089356760602,-0.0349898059302606));
#1330=CARTESIAN_POINT('',(0.11321964292868,-0.14721703569316,-0.0348834227133575));
#1331=CARTESIAN_POINT('',(0.114406469976617,-0.147318479520243,-0.0346621703673355));
#1332=CARTESIAN_POINT('',(0.115265567897566,-0.147391910759522,-0.0343873284901));
#1333=CARTESIAN_POINT('',(0.116064649054911,-0.147460212076796,-0.033949215916591));
#1334=CARTESIAN_POINT('',(0.116422189561926,-0.147490772786911,-0.0334070647575032));
#1335=CARTESIAN_POINT('',(0.116422189561926,-0.147490772786911,-0.0331));
#1336=CARTESIAN_POINT('',(0.116422189561926,-0.147490772786911,-0.0331));
#1337=CARTESIAN_POINT('',(0.116422189561926,-0.147490772786911,0.));
#1338=CARTESIAN_POINT('',(0.116422189561926,-0.147490772786911,0.02));
#1339=CARTESIAN_POINT('',(0.138747538021565,-0.139376419005495,0.02));
#1340=CARTESIAN_POINT('',(0.137016636040019,-0.140154267075114,0.02));
#1341=CARTESIAN_POINT('',(0.130019029540285,-0.144371016558167,0.02));
#1342=CARTESIAN_POINT('',(0.122765039850743,-0.148032926767162,0.02));
#1343=CARTESIAN_POINT('',(0.116422189561926,-0.147490772786911,0.02));
#1344=CARTESIAN_POINT('',(0.105604676472763,-0.165913314230835,0.));
#1345=CARTESIAN_POINT('',(0.105604676472763,-0.165913314230835,-0.0331));
#1346=CARTESIAN_POINT('',(0.108199159747147,-0.144707718761095,-0.0331));
#1347=CARTESIAN_POINT('',(0.108199159747147,-0.144707718761095,0.));
#1348=CARTESIAN_POINT('',(0.108199159747147,-0.144707718761095,0.02));
#1349=CARTESIAN_POINT('',(0.105604676472763,-0.165913314230835,0.02));
#1350=CARTESIAN_POINT('',(0.104290342823954,-0.164395971211135,0.));
#1351=CARTESIAN_POINT('',(0.104290342823954,-0.164395971211135,-0.0331));
#1352=CARTESIAN_POINT('',(0.101664697741152,-0.144495917890234,-0.0331));
#1353=CARTESIAN_POINT('',(0.101664697741152,-0.144495917890234,0.));
#1354=CARTESIAN_POINT('',(0.101664697741152,-0.144495917890234,0.02));
#1355=CARTESIAN_POINT('',(0.104290342823954,-0.164395971211135,0.02));
#1356=CARTESIAN_POINT('',(0.0914691666336271,-0.156163721665094,-0.0331));
#1357=CARTESIAN_POINT('',(0.0914691666336271,-0.156163721665094,0.02));
#1358=CARTESIAN_POINT('',(0.0917239857651173,-0.15561167456034,-0.0331));
#1359=CARTESIAN_POINT('',(0.0917239857651173,-0.15561167456034,0.02));
#1360=CARTESIAN_POINT('',(0.0921810817356491,-0.154757452483353,-0.0331));
#1361=CARTESIAN_POINT('',(0.0921810817356491,-0.154757452483353,0.02));
#1362=CARTESIAN_POINT('',(0.0928237804166999,-0.153995012519324,-0.0331));
#1363=CARTESIAN_POINT('',(0.0928237804166999,-0.153995012519324,0.02));
#1364=CARTESIAN_POINT('',(0.0935434121170585,-0.153488275568971,-0.0331));
#1365=CARTESIAN_POINT('',(0.0935434121170585,-0.153488275568971,0.02));
#1366=CARTESIAN_POINT('',(0.0944394496510975,-0.153105516549591,-0.0331));
#1367=CARTESIAN_POINT('',(0.0944394496510975,-0.153105516549591,0.02));
#1368=CARTESIAN_POINT('',(0.0955991048178574,-0.152934885457803,-0.0331));
#1369=CARTESIAN_POINT('',(0.0955991048178574,-0.152934885457803,0.02));
#1370=CARTESIAN_POINT('',(0.097062011909478,-0.152991694253409,-0.0331));
#1371=CARTESIAN_POINT('',(0.097062011909478,-0.152991694253409,0.02));
#1372=CARTESIAN_POINT('',(0.0980005496379373,-0.152887346619997,-0.0331));
#1373=CARTESIAN_POINT('',(0.0980005496379373,-0.152887346619997,0.02));
#1374=CARTESIAN_POINT('',(0.0982680579708313,-0.152511130674914,-0.0331));
#1375=CARTESIAN_POINT('',(0.0982680579708313,-0.152511130674914,0.02));
#1376=CARTESIAN_POINT('',(0.0981535728903422,-0.151897267807948,-0.0331));
#1377=CARTESIAN_POINT('',(0.0981535728903422,-0.151897267807948,0.02));
#1378=CARTESIAN_POINT('',(0.0975437757435514,-0.150802775769024,-0.0331));
#1379=CARTESIAN_POINT('',(0.0975437757435514,-0.150802775769024,0.02));
#1380=CARTESIAN_POINT('',(0.0968629529424785,-0.149525803194641,-0.0331));
#1381=CARTESIAN_POINT('',(0.0968629529424785,-0.149525803194641,0.02));
#1382=CARTESIAN_POINT('',(0.0966180637679592,-0.148552473160926,-0.0331));
#1383=CARTESIAN_POINT('',(0.0966180637679592,-0.148552473160926,0.02));
#1384=CARTESIAN_POINT('',(0.0966749158606822,-0.1476597758301,-0.0331));
#1385=CARTESIAN_POINT('',(0.0966749158606822,-0.1476597758301,0.02));
#1386=CARTESIAN_POINT('',(0.0971960651175376,-0.146693486573572,-0.0331));
#1387=CARTESIAN_POINT('',(0.0971960651175376,-0.146693486573572,0.02));
#1388=CARTESIAN_POINT('',(0.0982393041670541,-0.145781170132518,-0.0331));
#1389=CARTESIAN_POINT('',(0.0982393041670541,-0.145781170132518,0.02));
#1390=CARTESIAN_POINT('',(0.099346562567432,-0.145128681145473,-0.0331));
#1391=CARTESIAN_POINT('',(0.099346562567432,-0.145128681145473,0.02));
#1392=CARTESIAN_POINT('',(0.100465539341782,-0.144706872111782,-0.0331));
#1393=CARTESIAN_POINT('',(0.100465539341782,-0.144706872111782,0.02));
#1394=CARTESIAN_POINT('',(0.101254933358118,-0.144549982862828,-0.0331));
#1395=CARTESIAN_POINT('',(0.101254933358118,-0.144549982862828,0.02));
#1396=CARTESIAN_POINT('',(0.101664697741152,-0.144495917890234,-0.0331));
#1397=CARTESIAN_POINT('',(0.101664697741152,-0.144495917890234,0.02));
#1398=CARTESIAN_POINT('',(0.101664697741152,-0.144495917890234,-0.0331));
#1399=CARTESIAN_POINT('',(0.10126378551666,-0.144548816143116,-0.0331));
#1400=CARTESIAN_POINT('',(0.100457180968172,-0.144707450120046,-0.0331));
#1401=CARTESIAN_POINT('',(0.0993236784893759,-0.14513951003891,-0.0331));
#1402=CARTESIAN_POINT('',(0.0982553660763626,-0.145777966987908,-0.0331));
#1403=CARTESIAN_POINT('',(0.0973154404898027,-0.146579783477728,-0.0331));
#1404=CARTESIAN_POINT('',(0.0966348497536709,-0.14764367975656,-0.0331));
#1405=CARTESIAN_POINT('',(0.09662302820968,-0.14891147548052,-0.0331));
#1406=CARTESIAN_POINT('',(0.0970505890460087,-0.149859495821156,-0.0331));
#1407=CARTESIAN_POINT('',(0.0974300874628123,-0.150587944083455,-0.0331));
#1408=CARTESIAN_POINT('',(0.0977288204890628,-0.151128753323116,-0.0331));
#1409=CARTESIAN_POINT('',(0.0979687414795458,-0.151582796314738,-0.0331));
#1410=CARTESIAN_POINT('',(0.0981328521242871,-0.151961487873,-0.0331));
#1411=CARTESIAN_POINT('',(0.0982252504189626,-0.15225569088936,-0.0331));
#1412=CARTESIAN_POINT('',(0.0982414595417322,-0.1525861376983,-0.0331));
#1413=CARTESIAN_POINT('',(0.0979976527261605,-0.152816446614629,-0.0331));
#1414=CARTESIAN_POINT('',(0.0976942389271341,-0.152900830632842,-0.0331));
#1415=CARTESIAN_POINT('',(0.0972876581779575,-0.15295747605429,-0.0331));
#1416=CARTESIAN_POINT('',(0.0967756701202696,-0.152968567753267,-0.0331));
#1417=CARTESIAN_POINT('',(0.095955968847123,-0.152959697708889,-0.0331));
#1418=CARTESIAN_POINT('',(0.0949283825530998,-0.152989046838562,-0.0331));
#1419=CARTESIAN_POINT('',(0.093745454449144,-0.153348976842563,-0.0331));
#1420=CARTESIAN_POINT('',(0.092720842995199,-0.154046640259428,-0.0331));
#1421=CARTESIAN_POINT('',(0.092001576931631,-0.15505976928341,-0.0331));
#1422=CARTESIAN_POINT('',(0.0916409167987216,-0.155791637430729,-0.0331));
#1423=CARTESIAN_POINT('',(0.0914691666316498,-0.156163721669378,-0.0331));
#1424=CARTESIAN_POINT('',(0.0914691666316498,-0.156163721669378,-0.0331));
#1425=CARTESIAN_POINT('',(0.0914691666316498,-0.156163721669378,-0.0331));
#1426=CARTESIAN_POINT('',(0.0914691666316493,-0.156163721669379,0.02));
#1427=CARTESIAN_POINT('',(0.0914340236088823,-0.156240285286646,0.02));
#1428=CARTESIAN_POINT('',(0.0921159327998679,-0.154746420846579,0.02));
#1429=CARTESIAN_POINT('',(0.0930351273584133,-0.153621987280682,0.02));
#1430=CARTESIAN_POINT('',(0.095292870532006,-0.152741515382868,0.02));
#1431=CARTESIAN_POINT('',(0.0997358759676607,-0.153344964834595,0.02));
#1432=CARTESIAN_POINT('',(0.0953748936485866,-0.148407849681632,0.02));
#1433=CARTESIAN_POINT('',(0.098509028313919,-0.145310671190124,0.02));
#1434=CARTESIAN_POINT('',(0.100548394986959,-0.144643204673349,0.02));
#1435=CARTESIAN_POINT('',(0.101664697741152,-0.144495917890234,0.02));
#1436=CARTESIAN_POINT('',(0.097570077547074,-0.158498621017552,0.));
#1437=CARTESIAN_POINT('',(0.0914018310649667,-0.156329756443205,0.));
#1438=CARTESIAN_POINT('',(0.0914018310649667,-0.156329756443205,0.02));
#1439=CARTESIAN_POINT('',(0.0914018310649667,-0.156329756443205,-0.0331));
#1440=CARTESIAN_POINT('',(0.097570077547074,-0.158498621017552,-0.0331));
#1441=CARTESIAN_POINT('',(0.0943230996516862,-0.164173863105142,-0.0331));
#1442=CARTESIAN_POINT('',(0.0943230996516862,-0.164173863105142,0.));
#1443=CARTESIAN_POINT('',(0.0943230996516862,-0.164173863105142,0.02));
#1444=CARTESIAN_POINT('',(0.097570077547074,-0.158498621017552,0.02));
#1445=CARTESIAN_POINT('',(0.102026757987013,-0.169612672043499,0.));
#1446=CARTESIAN_POINT('',(0.102026757987013,-0.169612672043499,0.02));
#1447=CARTESIAN_POINT('',(0.0952209297310989,-0.16679895541542,0.02));
#1448=CARTESIAN_POINT('',(0.0977276197470909,-0.175592112644941,0.02));
#1449=CARTESIAN_POINT('',(0.0952209297310989,-0.16679895541542,0.));
#1450=CARTESIAN_POINT('',(0.0977276197470909,-0.175592112644941,0.));
#1451=CARTESIAN_POINT('',(0.100226539705021,-0.162174180707471,0.));
#1452=CARTESIAN_POINT('',(0.100226539705021,-0.162174180707471,-0.0331));
#1453=CARTESIAN_POINT('',(0.107088586253979,-0.173972393097263,-0.0331));
#1454=CARTESIAN_POINT('',(0.107088586253979,-0.173972393097263,0.));
#1455=CARTESIAN_POINT('',(0.107088586253979,-0.173972393097263,0.02));
#1456=CARTESIAN_POINT('',(0.100226539705021,-0.162174180707471,0.02));
#1457=CARTESIAN_POINT('',(0.107088586253979,-0.173972393097263,-0.0331));
#1458=CARTESIAN_POINT('',(0.107088586253979,-0.173972393097263,0.02));
#1459=CARTESIAN_POINT('',(0.107415711214647,-0.175460989356486,-0.0331));
#1460=CARTESIAN_POINT('',(0.107415711214647,-0.175460989356486,0.02));
#1461=CARTESIAN_POINT('',(0.108323412779511,-0.177150084727081,-0.0331));
#1462=CARTESIAN_POINT('',(0.108323412779511,-0.177150084727081,0.02));
#1463=CARTESIAN_POINT('',(0.110154645625256,-0.17791661957962,-0.0331));
#1464=CARTESIAN_POINT('',(0.110154645625256,-0.17791661957962,0.02));
#1465=CARTESIAN_POINT('',(0.111786040801528,-0.177609791678542,-0.0331));
#1466=CARTESIAN_POINT('',(0.111786040801528,-0.177609791678542,0.02));
#1467=CARTESIAN_POINT('',(0.113617764621512,-0.176550739868035,-0.0331));
#1468=CARTESIAN_POINT('',(0.113617764621512,-0.176550739868035,0.02));
#1469=CARTESIAN_POINT('',(0.115589471025016,-0.175012971866672,-0.0331));
#1470=CARTESIAN_POINT('',(0.115589471025016,-0.175012971866672,0.02));
#1471=CARTESIAN_POINT('',(0.117641254009609,-0.173238675246361,-0.0331));
#1472=CARTESIAN_POINT('',(0.117641254009609,-0.173238675246361,0.02));
#1473=CARTESIAN_POINT('',(0.119713846532625,-0.171467307122741,-0.0331));
#1474=CARTESIAN_POINT('',(0.119713846532625,-0.171467307122741,0.02));
#1475=CARTESIAN_POINT('',(0.121744985654584,-0.169980566583193,-0.0331));
#1476=CARTESIAN_POINT('',(0.121744985654584,-0.169980566583193,0.02));
#1477=CARTESIAN_POINT('',(0.124335966087491,-0.168449411312947,-0.0331));
#1478=CARTESIAN_POINT('',(0.124335966087491,-0.168449411312947,0.02));
#1479=CARTESIAN_POINT('',(0.126686652864826,-0.167384562187436,-0.0331));
#1480=CARTESIAN_POINT('',(0.126686652864826,-0.167384562187436,0.02));
#1481=CARTESIAN_POINT('',(0.128639566240662,-0.166461113409969,-0.0331));
#1482=CARTESIAN_POINT('',(0.128639566240662,-0.166461113409969,0.02));
#1483=CARTESIAN_POINT('',(0.129899484864401,-0.165792769235938,-0.0331));
#1484=CARTESIAN_POINT('',(0.129899484864401,-0.165792769235938,0.02));
#1485=CARTESIAN_POINT('',(0.131074016799515,-0.165237550622943,-0.0331));
#1486=CARTESIAN_POINT('',(0.131074016799515,-0.165237550622943,0.02));
#1487=CARTESIAN_POINT('',(0.131888133101741,-0.16503447656422,-0.0331));
#1488=CARTESIAN_POINT('',(0.131888133101741,-0.16503447656422,0.02));
#1489=CARTESIAN_POINT('',(0.132299766226718,-0.164939049892482,-0.0331));
#1490=CARTESIAN_POINT('',(0.132299766226718,-0.164939049892482,0.02));
#1491=CARTESIAN_POINT('',(0.107088586253979,-0.173972393097263,-0.0331));
#1492=CARTESIAN_POINT('',(0.107228078532765,-0.174607149635671,-0.0331));
#1493=CARTESIAN_POINT('',(0.107522951869375,-0.175533570866199,-0.0331));
#1494=CARTESIAN_POINT('',(0.108207165937756,-0.176646019515098,-0.0331));
#1495=CARTESIAN_POINT('',(0.108905624975786,-0.177340431166754,-0.0331));
#1496=CARTESIAN_POINT('',(0.109799812392764,-0.177767194309769,-0.0331));
#1497=CARTESIAN_POINT('',(0.110787710563314,-0.177814217133044,-0.0331));
#1498=CARTESIAN_POINT('',(0.111731402710512,-0.17754889181293,-0.0331));
#1499=CARTESIAN_POINT('',(0.112907745435257,-0.176983723193324,-0.0331));
#1500=CARTESIAN_POINT('',(0.114253234726483,-0.17606650213566,-0.0331));
#1501=CARTESIAN_POINT('',(0.115766313416994,-0.174851953140624,-0.0331));
#1502=CARTESIAN_POINT('',(0.117241885198782,-0.173586849336557,-0.0331));
#1503=CARTESIAN_POINT('',(0.119201618151033,-0.171894568843142,-0.0331));
#1504=CARTESIAN_POINT('',(0.121758870309431,-0.169892036683046,-0.0331));
#1505=CARTESIAN_POINT('',(0.125135293194667,-0.168043890140036,-0.0331));
#1506=CARTESIAN_POINT('',(0.128089508015457,-0.166767259047976,-0.0331));
#1507=CARTESIAN_POINT('',(0.130063745722547,-0.165698828131173,-0.0331));
#1508=CARTESIAN_POINT('',(0.131245908542864,-0.165192982888738,-0.0331));
#1509=CARTESIAN_POINT('',(0.13186893712871,-0.165038926662392,-0.0331));
#1510=CARTESIAN_POINT('',(0.132181922946406,-0.164966368860137,-0.0331));
#1511=CARTESIAN_POINT('',(0.132181922946406,-0.164966368860137,-0.0331));
#1512=CARTESIAN_POINT('',(0.132181922946406,-0.164966368860137,-0.0331));
#1513=CARTESIAN_POINT('',(0.132129102674434,-0.164978613896915,-0.0330904354584889));
#1514=CARTESIAN_POINT('',(0.13204636857877,-0.164997793692974,-0.0330758127352226));
#1515=CARTESIAN_POINT('',(0.131952457341507,-0.165019564625067,-0.0330450736076629));
#1516=CARTESIAN_POINT('',(0.13188326941756,-0.165035604085708,-0.033027889561682));
#1517=CARTESIAN_POINT('',(0.13188326941756,-0.165035604085708,-0.033));
#1518=CARTESIAN_POINT('',(0.13188326941756,-0.165035604085708,-0.033));
#1519=CARTESIAN_POINT('',(0.13188326941756,-0.165035604085708,0.));
#1520=CARTESIAN_POINT('',(0.13188326941756,-0.165035604085708,0.02));
#1521=CARTESIAN_POINT('',(0.107088586253979,-0.173972393097263,0.02));
#1522=CARTESIAN_POINT('',(0.107637700725215,-0.176471162210136,0.02));
#1523=CARTESIAN_POINT('',(0.110981958160197,-0.180192866628764,0.02));
#1524=CARTESIAN_POINT('',(0.120315322918757,-0.169889196040093,0.02));
#1525=CARTESIAN_POINT('',(0.12806433243626,-0.166932401530845,0.02));
#1526=CARTESIAN_POINT('',(0.130686612847935,-0.165313018479068,0.02));
#1527=CARTESIAN_POINT('',(0.13188326941756,-0.165035604085708,0.02));
#1528=CARTESIAN_POINT('',(0.1318832694148,-0.165035604086326,-0.033));
#1529=CARTESIAN_POINT('',(0.1318832694148,-0.165035604086326,0.02));
#1530=CARTESIAN_POINT('',(0.139293445100831,-0.163375987652675,-0.033));
#1531=CARTESIAN_POINT('',(0.139293445100831,-0.163375987652675,0.02));
#1532=CARTESIAN_POINT('',(0.146448889952187,-0.162180818559865,-0.033));
#1533=CARTESIAN_POINT('',(0.146448889952187,-0.162180818559865,0.02));
#1534=CARTESIAN_POINT('',(0.14970190468561,-0.16001283585698,-0.033));
#1535=CARTESIAN_POINT('',(0.14970190468561,-0.16001283585698,0.02));
#1536=CARTESIAN_POINT('',(0.13188326941756,-0.165035604085708,-0.033));
#1537=CARTESIAN_POINT('',(0.133395515602089,-0.164696914596294,-0.033));
#1538=CARTESIAN_POINT('',(0.136427584993153,-0.164052394658433,-0.033));
#1539=CARTESIAN_POINT('',(0.140970412775796,-0.163074124354989,-0.033));
#1540=CARTESIAN_POINT('',(0.144734125505233,-0.162131267411496,-0.033));
#1541=CARTESIAN_POINT('',(0.147657733910297,-0.161115479647168,-0.033));
#1542=CARTESIAN_POINT('',(0.149049116605544,-0.160447888687111,-0.033));
#1543=CARTESIAN_POINT('',(0.14970190468561,-0.160012835856981,-0.033));
#1544=CARTESIAN_POINT('',(0.14970190468561,-0.160012835856981,-0.033));
#1545=CARTESIAN_POINT('',(0.14970190468561,-0.160012835856981,-0.033));
#1546=CARTESIAN_POINT('',(0.14970190468561,-0.160012835856981,0.018));
#1547=CARTESIAN_POINT('',(0.146821058513306,-0.161394445957973,0.02));
#1548=CARTESIAN_POINT('',(0.147438865060029,-0.161167725673604,0.02));
#1549=CARTESIAN_POINT('',(0.148572506608204,-0.160689598884097,0.0194622958516694));
#1550=CARTESIAN_POINT('',(0.14934477426861,-0.160250846634729,0.0184815970260056));
#1551=CARTESIAN_POINT('',(0.14970190468561,-0.160012835856981,0.018));
#1552=CARTESIAN_POINT('',(0.146821058513306,-0.161394445957973,0.02));
#1553=CARTESIAN_POINT('',(0.13188326941756,-0.165035604085708,0.02));
#1554=CARTESIAN_POINT('',(0.139335873016621,-0.163366485304921,0.02));
#1555=CARTESIAN_POINT('',(0.146530820441377,-0.162167147596776,0.02));
#1556=CARTESIAN_POINT('',(0.149757396865629,-0.159975500721072,0.02));
#1557=CARTESIAN_POINT('',(0.119439658101918,-0.106563884455176,0.));
#1558=CARTESIAN_POINT('',(0.119439658101918,-0.106563884455176,0.018));
#1559=CARTESIAN_POINT('',(0.173101551202273,-0.136436401335504,0.018));
#1560=CARTESIAN_POINT('',(0.149821680118014,-0.159938960793228,0.018));
#1561=CARTESIAN_POINT('',(0.149821680118014,-0.159938960793228,0.));
#1562=CARTESIAN_POINT('',(0.149821680118014,-0.159938960793228,-0.033));
#1563=CARTESIAN_POINT('',(0.119439658101918,-0.106563884455176,-0.033));
#1564=CARTESIAN_POINT('',(0.173101551202273,-0.136436401335504,-0.033));
#1565=CARTESIAN_POINT('',(0.173101551202273,-0.136436401335504,0.));
#1566=CARTESIAN_POINT('',(0.153625352767339,-0.105716259320559,0.));
#1567=CARTESIAN_POINT('',(0.153625352767339,-0.105716259320559,0.02));
#1568=CARTESIAN_POINT('',(0.170330167614531,-0.133745585881075,0.02));
#1569=CARTESIAN_POINT('',(0.170330167614531,-0.133745585881075,0.));
#1570=CARTESIAN_POINT('',(0.170330167614531,-0.133745585881075,-0.035));
#1571=CARTESIAN_POINT('',(0.153625352767339,-0.105716259320559,-0.035));
#1572=CARTESIAN_POINT('',(0.133861226482418,-0.153327890543404,0.02));
#1573=CARTESIAN_POINT('',(0.093194255978988,-0.156960004749507,0.02));
#1574=CARTESIAN_POINT('',(0.0932802438107281,-0.165996622468025,0.02));
#1575=CARTESIAN_POINT('',(0.150811059334358,-0.161677100248584,0.02));
#1576=CARTESIAN_POINT('',(0.148832300901669,-0.158200821337872,0.02));
#1577=CARTESIAN_POINT('',(0.119439658101918,-0.106563884455176,0.02));
#1578=CARTESIAN_POINT('',(0.172297310490894,-0.133700009552681,0.02));
#1579=CARTESIAN_POINT('',(0.171354071666017,-0.135463613963892,0.02));
#1580=CARTESIAN_POINT('',(0.133861226482418,-0.153327890543404,-0.035));
#1581=CARTESIAN_POINT('',(0.0932802438107281,-0.165996622468025,-0.035));
#1582=CARTESIAN_POINT('',(0.0952666358887435,-0.162524699872057,-0.035));
#1583=CARTESIAN_POINT('',(0.097570077547074,-0.158498621017552,-0.035));
#1584=CARTESIAN_POINT('',(0.0931942559790091,-0.156960004749461,-0.035));
#1585=CARTESIAN_POINT('',(0.0931942559790093,-0.156960004749461,-0.035));
#1586=CARTESIAN_POINT('',(0.0933473073727028,-0.156628430042623,-0.035));
#1587=CARTESIAN_POINT('',(0.0935878688339006,-0.156140698155676,-0.035));
#1588=CARTESIAN_POINT('',(0.0940017392160983,-0.155517958468393,-0.035));
#1589=CARTESIAN_POINT('',(0.094584145345227,-0.155056297800598,-0.035));
#1590=CARTESIAN_POINT('',(0.0955026980355616,-0.154833725726534,-0.035));
#1591=CARTESIAN_POINT('',(0.0966106828614096,-0.154876562731778,-0.035));
#1592=CARTESIAN_POINT('',(0.0977142399937235,-0.154854821023678,-0.035));
#1593=CARTESIAN_POINT('',(0.0988154254565755,-0.154593741273239,-0.035));
#1594=CARTESIAN_POINT('',(0.0997228665338978,-0.153883401493626,-0.035));
#1595=CARTESIAN_POINT('',(0.100180945348635,-0.152830635030587,-0.035));
#1596=CARTESIAN_POINT('',(0.100097874235203,-0.151693471477507,-0.035));
#1597=CARTESIAN_POINT('',(0.0997236286537521,-0.150836268952235,-0.035));
#1598=CARTESIAN_POINT('',(0.0993765971850673,-0.150182730326419,-0.035));
#1599=CARTESIAN_POINT('',(0.0991090785644398,-0.149695460870325,-0.035));
#1600=CARTESIAN_POINT('',(0.098846337939364,-0.149203402300479,-0.035));
#1601=CARTESIAN_POINT('',(0.0986650160272804,-0.148782546041183,-0.035));
#1602=CARTESIAN_POINT('',(0.0985298067393317,-0.148428327655425,-0.035));
#1603=CARTESIAN_POINT('',(0.0985740690411934,-0.148146747971585,-0.035));
#1604=CARTESIAN_POINT('',(0.0987454757934783,-0.147919257482328,-0.035));
#1605=CARTESIAN_POINT('',(0.0989949926319704,-0.147647419867879,-0.035));
#1606=CARTESIAN_POINT('',(0.0993593153315735,-0.14735550539876,-0.035));
#1607=CARTESIAN_POINT('',(0.0999837141329897,-0.146950406651348,-0.035));
#1608=CARTESIAN_POINT('',(0.100828830047768,-0.146574244200152,-0.035));
#1609=CARTESIAN_POINT('',(0.101546136581119,-0.146428027843026,-0.035));
#1610=CARTESIAN_POINT('',(0.101913232812594,-0.146379592575062,-0.035));
#1611=CARTESIAN_POINT('',(0.101913232812594,-0.146379592575062,-0.035));
#1612=CARTESIAN_POINT('',(0.104290342823954,-0.164395971211135,-0.035));
#1613=CARTESIAN_POINT('',(0.107898245447207,-0.146585199475313,-0.035));
#1614=CARTESIAN_POINT('',(0.105604676472763,-0.165913314230835,-0.035));
#1615=CARTESIAN_POINT('',(0.171354071666017,-0.135463613963892,-0.035));
#1616=CARTESIAN_POINT('',(0.172297310490894,-0.133700009552681,-0.035));
#1617=CARTESIAN_POINT('',(0.119439658101918,-0.106563884455176,-0.035));
#1618=CARTESIAN_POINT('',(0.148832300901669,-0.158200821337872,-0.035));
#1619=CARTESIAN_POINT('',(0.150811059334358,-0.161677100248584,-0.035));
#1620=CARTESIAN_POINT('',(0.148592750036861,-0.158348571465377,-0.035));
#1621=CARTESIAN_POINT('',(0.148592750036861,-0.158348571465377,-0.035));
#1622=CARTESIAN_POINT('',(0.147817474851921,-0.158865256242011,-0.035));
#1623=CARTESIAN_POINT('',(0.146127010446268,-0.159564605032918,-0.035));
#1624=CARTESIAN_POINT('',(0.143488375665609,-0.16037605027852,-0.035));
#1625=CARTESIAN_POINT('',(0.140814776325586,-0.161040572371131,-0.035));
#1626=CARTESIAN_POINT('',(0.139021782211189,-0.161442211846033,-0.035));
#1627=CARTESIAN_POINT('',(0.1381241759946,-0.161638421238016,-0.035));
#1628=CARTESIAN_POINT('',(0.1381241759946,-0.161638421238016,-0.035));
#1629=CARTESIAN_POINT('',(0.1381241759946,-0.161638421238016,-0.035));
#1630=CARTESIAN_POINT('',(0.137361329683266,-0.16181526775527,-0.035));
#1631=CARTESIAN_POINT('',(0.135836046579143,-0.162169987744823,-0.035));
#1632=CARTESIAN_POINT('',(0.133927395106258,-0.162608252956492,-0.035));
#1633=CARTESIAN_POINT('',(0.132404773872691,-0.162969648153933,-0.035));
#1634=CARTESIAN_POINT('',(0.131251136668933,-0.163211426332861,-0.035));
#1635=CARTESIAN_POINT('',(0.130147907253655,-0.163579613676908,-0.035));
#1636=CARTESIAN_POINT('',(0.129094645126512,-0.164073137429482,-0.035));
#1637=CARTESIAN_POINT('',(0.12806084671323,-0.16461537943364,-0.035));
#1638=CARTESIAN_POINT('',(0.126668962233603,-0.165305014509745,-0.035));
#1639=CARTESIAN_POINT('',(0.12490111123337,-0.166093572755389,-0.035));
#1640=CARTESIAN_POINT('',(0.122814363198078,-0.167141825050688,-0.035));
#1641=CARTESIAN_POINT('',(0.120807418176683,-0.168329704294804,-0.035));
#1642=CARTESIAN_POINT('',(0.118907519988384,-0.169690108053039,-0.035));
#1643=CARTESIAN_POINT('',(0.117111100973213,-0.171185508549694,-0.035));
#1644=CARTESIAN_POINT('',(0.115639214029362,-0.172462276484887,-0.035));
#1645=CARTESIAN_POINT('',(0.114449014188373,-0.173467983398791,-0.035));
#1646=CARTESIAN_POINT('',(0.113540146905639,-0.174201603410157,-0.035));
#1647=CARTESIAN_POINT('',(0.112757947399501,-0.174782294427907,-0.035));
#1648=CARTESIAN_POINT('',(0.11210461118223,-0.175210730299767,-0.035));
#1649=CARTESIAN_POINT('',(0.1115930089654,-0.175508542049849,-0.035));
#1650=CARTESIAN_POINT('',(0.111056906598692,-0.175754253112471,-0.035));
#1651=CARTESIAN_POINT('',(0.11058244835768,-0.175909956946746,-0.035));
#1652=CARTESIAN_POINT('',(0.110181853226586,-0.175854264398878,-0.035));
#1653=CARTESIAN_POINT('',(0.109853191210762,-0.175619628524955,-0.035));
#1654=CARTESIAN_POINT('',(0.109552861014148,-0.17522700921614,-0.035));
#1655=CARTESIAN_POINT('',(0.109285580901686,-0.174698032674675,-0.035));
#1656=CARTESIAN_POINT('',(0.109021475710542,-0.173964554647615,-0.035));
#1657=CARTESIAN_POINT('',(0.108823599544927,-0.17299864505099,-0.035));
#1658=CARTESIAN_POINT('',(0.108566162264963,-0.171848590684525,-0.035));
#1659=CARTESIAN_POINT('',(0.108398344246174,-0.171080166411741,-0.035));
#1660=CARTESIAN_POINT('',(0.108313959382464,-0.170696169445575,-0.035));
#1661=CARTESIAN_POINT('',(0.108313959382464,-0.170696169445575,-0.035));
#1662=CARTESIAN_POINT('',(0.100226539705021,-0.162174180707471,-0.035));
#1663=CARTESIAN_POINT('',(0.101913232812594,-0.146379592575062,-0.035));
#1664=CARTESIAN_POINT('',(0.101664697741152,-0.144495917890234,-0.035));
#1665=CARTESIAN_POINT('',(0.101664697741152,-0.144495917890234,-0.0331));
#1666=CARTESIAN_POINT('',(0.101729771586923,-0.146403798741113,-0.035));
#1667=CARTESIAN_POINT('',(0.101437134786405,-0.144525942906708,-0.0350000000000055));
#1668=CARTESIAN_POINT('',(0.101437134787206,-0.144525942912852,-0.0331));
#1669=CARTESIAN_POINT('',(0.101366756836397,-0.14646477479037,-0.035));
#1670=CARTESIAN_POINT('',(0.100974200788143,-0.144603137531251,-0.0349999999999975));
#1671=CARTESIAN_POINT('',(0.100974200787772,-0.1446031375284,-0.0331));
#1672=CARTESIAN_POINT('',(0.10083670821542,-0.146603619676306,-0.035));
#1673=CARTESIAN_POINT('',(0.100261463362715,-0.144789082313439,-0.0350000000000007));
#1674=CARTESIAN_POINT('',(0.100261463362814,-0.144789082314204,-0.0331));
#1675=CARTESIAN_POINT('',(0.100324174694065,-0.146797336256918,-0.035));
#1676=CARTESIAN_POINT('',(0.0995519028925602,-0.14505672794557,-0.0349999999999998));
#1677=CARTESIAN_POINT('',(0.0995519028925335,-0.145056727945365,-0.0331));
#1678=CARTESIAN_POINT('',(0.0998282901766512,-0.147051759715616,-0.035));
#1679=CARTESIAN_POINT('',(0.098868083217963,-0.145408862816255,-0.0350000000000001));
#1680=CARTESIAN_POINT('',(0.0988680832179703,-0.145408862816311,-0.0331));
#1681=CARTESIAN_POINT('',(0.0994377771447313,-0.147304145827029,-0.035));
#1682=CARTESIAN_POINT('',(0.0983587644850283,-0.145737569567517,-0.035));
#1683=CARTESIAN_POINT('',(0.0983587644850275,-0.14573756956751,-0.0331));
#1684=CARTESIAN_POINT('',(0.0991430533618764,-0.147529619380368,-0.035));
#1685=CARTESIAN_POINT('',(0.0979388340451099,-0.146058022180289,-0.035));
#1686=CARTESIAN_POINT('',(0.09793883404511,-0.146058022180291,-0.0331));
#1687=CARTESIAN_POINT('',(0.0989689876027008,-0.147683493982002,-0.035));
#1688=CARTESIAN_POINT('',(0.0976692008231047,-0.146295241282361,-0.035));
#1689=CARTESIAN_POINT('',(0.0976692008231047,-0.146295241282361,-0.0331));
#1690=CARTESIAN_POINT('',(0.0988389468888878,-0.147816183472054,-0.035));
#1691=CARTESIAN_POINT('',(0.0974454187702582,-0.146523110360478,-0.035));
#1692=CARTESIAN_POINT('',(0.0974454187702582,-0.146523110360478,-0.0331));
#1693=CARTESIAN_POINT('',(0.0987478282742071,-0.147920800361421,-0.035));
#1694=CARTESIAN_POINT('',(0.0972723842051093,-0.14672084733669,-0.035));
#1695=CARTESIAN_POINT('',(0.0972723842051093,-0.14672084733669,-0.0331));
#1696=CARTESIAN_POINT('',(0.0986647602021201,-0.148031798076359,-0.035));
#1697=CARTESIAN_POINT('',(0.0970915331614882,-0.146961642719132,-0.035));
#1698=CARTESIAN_POINT('',(0.0970915331614882,-0.146961642719132,-0.0331));
#1699=CARTESIAN_POINT('',(0.0986043744992369,-0.148132587251659,-0.035));
#1700=CARTESIAN_POINT('',(0.0969247653416324,-0.147231607652529,-0.035));
#1701=CARTESIAN_POINT('',(0.0969247653416324,-0.147231607652529,-0.0331));
#1702=CARTESIAN_POINT('',(0.0985673827437314,-0.148217293336886,-0.035));
#1703=CARTESIAN_POINT('',(0.0967856713386622,-0.147547264444852,-0.035));
#1704=CARTESIAN_POINT('',(0.0967856713386622,-0.147547264444852,-0.0331));
#1705=CARTESIAN_POINT('',(0.0985473108284477,-0.148284618822114,-0.035));
#1706=CARTESIAN_POINT('',(0.0966675126658352,-0.147906976272056,-0.035));
#1707=CARTESIAN_POINT('',(0.0966675126658352,-0.147906976272056,-0.0331));
#1708=CARTESIAN_POINT('',(0.0985426096542691,-0.148355466641459,-0.035));
#1709=CARTESIAN_POINT('',(0.0966308740858285,-0.148477738096249,-0.035));
#1710=CARTESIAN_POINT('',(0.0966308740858285,-0.148477738096249,-0.0331));
#1711=CARTESIAN_POINT('',(0.0985528243628133,-0.148423730379414,-0.035));
#1712=CARTESIAN_POINT('',(0.0966900519544496,-0.148801160467673,-0.035));
#1713=CARTESIAN_POINT('',(0.0966900519544496,-0.148801160467673,-0.0331));
#1714=CARTESIAN_POINT('',(0.0985684024687159,-0.148492013540178,-0.035));
#1715=CARTESIAN_POINT('',(0.0967267907353997,-0.148962542354099,-0.035));
#1716=CARTESIAN_POINT('',(0.0967267907353997,-0.148962542354099,-0.0331));
#1717=CARTESIAN_POINT('',(0.0985934468471889,-0.148581384832142,-0.035));
#1718=CARTESIAN_POINT('',(0.0967809585791597,-0.149154625039915,-0.035));
#1719=CARTESIAN_POINT('',(0.0967809585791597,-0.149154625039915,-0.0331));
#1720=CARTESIAN_POINT('',(0.0986303560919169,-0.148690928486953,-0.035));
#1721=CARTESIAN_POINT('',(0.0968446797359219,-0.149341554494291,-0.035));
#1722=CARTESIAN_POINT('',(0.096844679735922,-0.149341554494291,-0.0331));
#1723=CARTESIAN_POINT('',(0.0986804241562329,-0.148820141258628,-0.035));
#1724=CARTESIAN_POINT('',(0.0969212029480011,-0.149538839895421,-0.035));
#1725=CARTESIAN_POINT('',(0.0969212029480011,-0.149538839895421,-0.0331));
#1726=CARTESIAN_POINT('',(0.0987528622046134,-0.148990200334465,-0.035));
#1727=CARTESIAN_POINT('',(0.0970220305269662,-0.149775035596604,-0.035));
#1728=CARTESIAN_POINT('',(0.0970220305269662,-0.149775035596604,-0.0331));
#1729=CARTESIAN_POINT('',(0.0988515524308915,-0.149199760780589,-0.035));
#1730=CARTESIAN_POINT('',(0.0971470044604869,-0.150039735082942,-0.035));
#1731=CARTESIAN_POINT('',(0.0971470044604869,-0.150039735082942,-0.0331));
#1732=CARTESIAN_POINT('',(0.0989775943486494,-0.149447349695001,-0.035));
#1733=CARTESIAN_POINT('',(0.0972939485137223,-0.150328110949331,-0.035));
#1734=CARTESIAN_POINT('',(0.0972939485137223,-0.150328110949331,-0.0331));
#1735=CARTESIAN_POINT('',(0.0991517983460132,-0.149774266746386,-0.035));
#1736=CARTESIAN_POINT('',(0.0974844863076729,-0.150685475714318,-0.035));
#1737=CARTESIAN_POINT('',(0.0974844863076729,-0.150685475714318,-0.0331));
#1738=CARTESIAN_POINT('',(0.0993752395519753,-0.150180036468983,-0.035));
#1739=CARTESIAN_POINT('',(0.0977091826284676,-0.151093380438383,-0.035));
#1740=CARTESIAN_POINT('',(0.0977091826284676,-0.151093380438383,-0.0331));
#1741=CARTESIAN_POINT('',(0.0996360059137425,-0.150670728347803,-0.035));
#1742=CARTESIAN_POINT('',(0.0979406509049601,-0.151530254474281,-0.035));
#1743=CARTESIAN_POINT('',(0.09794065090496,-0.151530254474281,-0.0331));
#1744=CARTESIAN_POINT('',(0.0998697130287744,-0.151173520890787,-0.035));
#1745=CARTESIAN_POINT('',(0.0981113191750764,-0.151901462237282,-0.035));
#1746=CARTESIAN_POINT('',(0.0981113191750764,-0.151901462237282,-0.0331));
#1747=CARTESIAN_POINT('',(0.100112216294269,-0.151880681406964,-0.035));
#1748=CARTESIAN_POINT('',(0.0982343118470046,-0.152280307088631,-0.035));
#1749=CARTESIAN_POINT('',(0.0982343118470046,-0.152280307088631,-0.0331));
#1750=CARTESIAN_POINT('',(0.100181092995344,-0.152825833010967,-0.035));
#1751=CARTESIAN_POINT('',(0.0982288134148779,-0.152516433427231,-0.035));
#1752=CARTESIAN_POINT('',(0.0982288134148779,-0.152516433427231,-0.0331));
#1753=CARTESIAN_POINT('',(0.0997259512673802,-0.153879635972019,-0.035));
#1754=CARTESIAN_POINT('',(0.098159672743516,-0.152663272512145,-0.035));
#1755=CARTESIAN_POINT('',(0.098159672743516,-0.152663272512145,-0.0331));
#1756=CARTESIAN_POINT('',(0.0988203939086972,-0.154590997933276,-0.035));
#1757=CARTESIAN_POINT('',(0.0980071080509341,-0.152808349853826,-0.035));
#1758=CARTESIAN_POINT('',(0.0980071080509341,-0.152808349853826,-0.0331));
#1759=CARTESIAN_POINT('',(0.0977198041420653,-0.154855745363532,-0.035));
#1760=CARTESIAN_POINT('',(0.0975598575645001,-0.152947659014635,-0.035));
#1761=CARTESIAN_POINT('',(0.0975598575645001,-0.152947659014635,-0.0331));
#1762=CARTESIAN_POINT('',(0.0968014300301447,-0.154868747719677,-0.035));
#1763=CARTESIAN_POINT('',(0.0968091078589527,-0.152969700052321,-0.035));
#1764=CARTESIAN_POINT('',(0.0968091078589527,-0.152969700052321,-0.0331));
#1765=CARTESIAN_POINT('',(0.0960621756382727,-0.154862505965936,-0.035));
#1766=CARTESIAN_POINT('',(0.0960803920465466,-0.152962409037152,-0.035));
#1767=CARTESIAN_POINT('',(0.0960803920465466,-0.152962409037152,-0.0331));
#1768=CARTESIAN_POINT('',(0.095510510365172,-0.154871713111958,-0.035));
#1769=CARTESIAN_POINT('',(0.0953751533480712,-0.152971530224411,-0.035));
#1770=CARTESIAN_POINT('',(0.0953751533480712,-0.152971530224411,-0.0331));
#1771=CARTESIAN_POINT('',(0.0950503773440199,-0.154944698995062,-0.035));
#1772=CARTESIAN_POINT('',(0.0946286858657815,-0.153082138617826,-0.035));
#1773=CARTESIAN_POINT('',(0.0946286858657816,-0.153082138617826,-0.0331));
#1774=CARTESIAN_POINT('',(0.0947032802244815,-0.155061624871827,-0.035));
#1775=CARTESIAN_POINT('',(0.0939757702814162,-0.153298914242708,-0.035));
#1776=CARTESIAN_POINT('',(0.093975770281416,-0.153298914242708,-0.0331));
#1777=CARTESIAN_POINT('',(0.0944546416399183,-0.155186816195256,-0.035));
#1778=CARTESIAN_POINT('',(0.0934798078635823,-0.153551514978523,-0.035));
#1779=CARTESIAN_POINT('',(0.093479807863583,-0.153551514978524,-0.0331));
#1780=CARTESIAN_POINT('',(0.0942238206847912,-0.155340668571464,-0.035));
#1781=CARTESIAN_POINT('',(0.0930765650053982,-0.153815048941923,-0.035));
#1782=CARTESIAN_POINT('',(0.0930765650053954,-0.153815048941921,-0.0331));
#1783=CARTESIAN_POINT('',(0.0940230604675399,-0.155526474509981,-0.035));
#1784=CARTESIAN_POINT('',(0.0925890713401698,-0.154264801113673,-0.035));
#1785=CARTESIAN_POINT('',(0.0925890713401804,-0.154264801113678,-0.0331));
#1786=CARTESIAN_POINT('',(0.0938512809019799,-0.155748248673261,-0.035));
#1787=CARTESIAN_POINT('',(0.0922940497414968,-0.154657734990189,-0.035));
#1788=CARTESIAN_POINT('',(0.0922940497414571,-0.15465773499017,-0.0331));
#1789=CARTESIAN_POINT('',(0.0936504100085324,-0.156057566812276,-0.035));
#1790=CARTESIAN_POINT('',(0.0920035913816634,-0.155104701036514,-0.035));
#1791=CARTESIAN_POINT('',(0.092003591381874,-0.155104701036611,-0.0331));
#1792=CARTESIAN_POINT('',(0.0934307765206511,-0.15646133801298,-0.035));
#1793=CARTESIAN_POINT('',(0.0917356149154449,-0.155602472362765,-0.035));
#1794=CARTESIAN_POINT('',(0.0917356149137482,-0.155602472361981,-0.0331));
#1795=CARTESIAN_POINT('',(0.0932714021430466,-0.156792873191965,-0.035));
#1796=CARTESIAN_POINT('',(0.091554703881316,-0.155978411433179,-0.035));
#1797=CARTESIAN_POINT('',(0.0915547038848804,-0.155978411434826,-0.0331));
#1798=CARTESIAN_POINT('',(0.0931942559789882,-0.156960004749507,-0.035));
#1799=CARTESIAN_POINT('',(0.0914691666316498,-0.156163721669378,-0.035));
#1800=CARTESIAN_POINT('',(0.0914691666316498,-0.156163721669378,-0.0331));
#1801=CARTESIAN_POINT('',(0.0931942559790091,-0.156960004749461,-0.0331));
#1802=CARTESIAN_POINT('',(0.101913232812594,-0.146379592575062,-0.0331));
#1803=CARTESIAN_POINT('',(0.104290342823954,-0.164395971211135,-0.0331));
#1804=CARTESIAN_POINT('',(0.108199159747147,-0.144707718761095,-0.0331));
#1805=CARTESIAN_POINT('',(0.108199159747147,-0.144707718761095,-0.0336020156426785));
#1806=CARTESIAN_POINT('',(0.108134281945254,-0.145112707980533,-0.0345856373438828));
#1807=CARTESIAN_POINT('',(0.107976597847,-0.146096536810527,-0.035));
#1808=CARTESIAN_POINT('',(0.107898245447207,-0.146585199475313,-0.035));
#1809=CARTESIAN_POINT('',(0.105604676472763,-0.165913314230835,-0.0331));
#1810=CARTESIAN_POINT('',(0.100226539705021,-0.162174180707471,-0.0331));
#1811=CARTESIAN_POINT('',(0.107088586253979,-0.173972393097263,-0.0331));
#1812=CARTESIAN_POINT('',(0.107088586253979,-0.173972393097263,-0.0334693236090438));
#1813=CARTESIAN_POINT('',(0.10724504714522,-0.173618914461927,-0.0341442440556132));
#1814=CARTESIAN_POINT('',(0.107612954927073,-0.172723457564027,-0.0346824792153008));
#1815=CARTESIAN_POINT('',(0.107981467509369,-0.171730129030529,-0.0349512558298988));
#1816=CARTESIAN_POINT('',(0.108207740361231,-0.171042247981112,-0.035));
#1817=CARTESIAN_POINT('',(0.108313959382464,-0.170696169445575,-0.035));
#1818=CARTESIAN_POINT('',(0.138770141683956,-0.163439057891562,-0.0331));
#1819=CARTESIAN_POINT('',(0.138770141683956,-0.163439057891562,-0.035));
#1820=CARTESIAN_POINT('',(0.138341054259514,-0.161588143527744,-0.035));
#1821=CARTESIAN_POINT('',(0.138008055559133,-0.163615728178905,-0.0331));
#1822=CARTESIAN_POINT('',(0.138008055559128,-0.163615728178912,-0.035));
#1823=CARTESIAN_POINT('',(0.137578968134695,-0.161764813815101,-0.035));
#1824=CARTESIAN_POINT('',(0.136864823395416,-0.163880754638245,-0.0331));
#1825=CARTESIAN_POINT('',(0.136864823395417,-0.163880754638243,-0.035));
#1826=CARTESIAN_POINT('',(0.136435838045623,-0.162029815646328,-0.035));
#1827=CARTESIAN_POINT('',(0.13534092575001,-0.164234039137329,-0.0331));
#1828=CARTESIAN_POINT('',(0.135340925750009,-0.164234039137329,-0.035));
#1829=CARTESIAN_POINT('',(0.134911668201153,-0.162383165820338,-0.035));
#1830=CARTESIAN_POINT('',(0.13419697275027,-0.164499212795099,-0.0331));
#1831=CARTESIAN_POINT('',(0.13419697275027,-0.164499212795098,-0.035));
#1832=CARTESIAN_POINT('',(0.133768531798607,-0.162648142453343,-0.035));
#1833=CARTESIAN_POINT('',(0.133246939508515,-0.164719524945622,-0.0331));
#1834=CARTESIAN_POINT('',(0.133246939508515,-0.164719524945622,-0.035));
#1835=CARTESIAN_POINT('',(0.13281594669062,-0.162869070306253,-0.035));
#1836=CARTESIAN_POINT('',(0.132575518819914,-0.164875049836974,-0.0331));
#1837=CARTESIAN_POINT('',(0.132575518819914,-0.164875049836974,-0.035));
#1838=CARTESIAN_POINT('',(0.132149081083244,-0.163023496168845,-0.035));
#1839=CARTESIAN_POINT('',(0.132201838582229,-0.164961881453913,-0.0331));
#1840=CARTESIAN_POINT('',(0.132201838582229,-0.164961881453913,-0.035));
#1841=CARTESIAN_POINT('',(0.131768102508134,-0.16311208869461,-0.035));
#1842=CARTESIAN_POINT('',(0.131893440056383,-0.165032751162124,-0.0331));
#1843=CARTESIAN_POINT('',(0.131893440056383,-0.165032751162124,-0.035));
#1844=CARTESIAN_POINT('',(0.131482122127139,-0.163177549457351,-0.035));
#1845=CARTESIAN_POINT('',(0.131692600557217,-0.165081656763087,-0.0331));
#1846=CARTESIAN_POINT('',(0.131692600557217,-0.165081656763087,-0.035));
#1847=CARTESIAN_POINT('',(0.131197083801671,-0.163246770158568,-0.035));
#1848=CARTESIAN_POINT('',(0.131399803763532,-0.165166037263092,-0.0331));
#1849=CARTESIAN_POINT('',(0.131399803763532,-0.165166037263092,-0.035));
#1850=CARTESIAN_POINT('',(0.130821273073921,-0.163355481067304,-0.035));
#1851=CARTESIAN_POINT('',(0.130889622569578,-0.165341912904812,-0.0331));
#1852=CARTESIAN_POINT('',(0.130889622569578,-0.165341912904812,-0.035));
#1853=CARTESIAN_POINT('',(0.130171560126894,-0.163579639832408,-0.035));
#1854=CARTESIAN_POINT('',(0.130116238114167,-0.165685954030044,-0.0331));
#1855=CARTESIAN_POINT('',(0.130116238114167,-0.165685954030044,-0.035));
#1856=CARTESIAN_POINT('',(0.129270209127628,-0.163983950698927,-0.035));
#1857=CARTESIAN_POINT('',(0.129117050963706,-0.166206771146772,-0.0331));
#1858=CARTESIAN_POINT('',(0.129117050963706,-0.166206771146772,-0.035));
#1859=CARTESIAN_POINT('',(0.128226441092597,-0.164528167367847,-0.035));
#1860=CARTESIAN_POINT('',(0.127607870158805,-0.16696779243902,-0.0331));
#1861=CARTESIAN_POINT('',(0.127607870158805,-0.16696779243902,-0.035));
#1862=CARTESIAN_POINT('',(0.126823091857698,-0.165236117936971,-0.035));
#1863=CARTESIAN_POINT('',(0.125822424986272,-0.1677598884754,-0.0331));
#1864=CARTESIAN_POINT('',(0.125822424986272,-0.1677598884754,-0.035));
#1865=CARTESIAN_POINT('',(0.125024156236268,-0.166035692900639,-0.035));
#1866=CARTESIAN_POINT('',(0.123815123523832,-0.168762045072641,-0.0331));
#1867=CARTESIAN_POINT('',(0.123815123523832,-0.168762045072641,-0.035));
#1868=CARTESIAN_POINT('',(0.122913985019765,-0.167087544272376,-0.035));
#1869=CARTESIAN_POINT('',(0.121909559649304,-0.169881725542867,-0.0331));
#1870=CARTESIAN_POINT('',(0.121909559649304,-0.169881725542867,-0.035));
#1871=CARTESIAN_POINT('',(0.120881191648395,-0.168280842614415,-0.035));
#1872=CARTESIAN_POINT('',(0.120118437251859,-0.171155701410679,-0.0331));
#1873=CARTESIAN_POINT('',(0.120118437251859,-0.171155701410679,-0.035));
#1874=CARTESIAN_POINT('',(0.118941984133258,-0.169661339700991,-0.035));
#1875=CARTESIAN_POINT('',(0.118645462091126,-0.172380305759568,-0.0331));
#1876=CARTESIAN_POINT('',(0.118645462091126,-0.172380305759568,-0.035));
#1877=CARTESIAN_POINT('',(0.117416544232126,-0.170931303096554,-0.035));
#1878=CARTESIAN_POINT('',(0.117452586246279,-0.173403839527991,-0.0331));
#1879=CARTESIAN_POINT('',(0.117452586246279,-0.173403839527991,-0.035));
#1880=CARTESIAN_POINT('',(0.116211678099404,-0.171965021453531,-0.035));
#1881=CARTESIAN_POINT('',(0.116544207457658,-0.174185643343679,-0.0331));
#1882=CARTESIAN_POINT('',(0.116544207457658,-0.174185643343679,-0.035));
#1883=CARTESIAN_POINT('',(0.115309098757382,-0.172741833381347,-0.035));
#1884=CARTESIAN_POINT('',(0.115611124575805,-0.174972853723057,-0.0331));
#1885=CARTESIAN_POINT('',(0.115611124575805,-0.174972853723057,-0.035));
#1886=CARTESIAN_POINT('',(0.114399131680462,-0.173509435913206,-0.035));
#1887=CARTESIAN_POINT('',(0.11479924195391,-0.175626395726255,-0.0331));
#1888=CARTESIAN_POINT('',(0.11479924195391,-0.175626395726255,-0.035));
#1889=CARTESIAN_POINT('',(0.113626375022077,-0.174131116940321,-0.035));
#1890=CARTESIAN_POINT('',(0.114111907220612,-0.176142825314876,-0.0331));
#1891=CARTESIAN_POINT('',(0.114111907220612,-0.176142825314876,-0.035));
#1892=CARTESIAN_POINT('',(0.112991552386834,-0.174607948589293,-0.035));
#1893=CARTESIAN_POINT('',(0.113569602613008,-0.176525224224497,-0.0331));
#1894=CARTESIAN_POINT('',(0.113569602613008,-0.176525224224497,-0.0349999999999999));
#1895=CARTESIAN_POINT('',(0.112504229110543,-0.174951317750644,-0.035));
#1896=CARTESIAN_POINT('',(0.112984984379681,-0.176901311121082,-0.0331));
#1897=CARTESIAN_POINT('',(0.112984984379681,-0.176901311121082,-0.035));
#1898=CARTESIAN_POINT('',(0.112000223696067,-0.175275266638214,-0.035));
#1899=CARTESIAN_POINT('',(0.112448557917123,-0.177203120133231,-0.0331));
#1900=CARTESIAN_POINT('',(0.112448557917123,-0.177203120133231,-0.0349999999999999));
#1901=CARTESIAN_POINT('',(0.111566121739627,-0.175518234955047,-0.035));
#1902=CARTESIAN_POINT('',(0.111953613506549,-0.177434190533483,-0.0331));
#1903=CARTESIAN_POINT('',(0.111953613506549,-0.177434190533483,-0.035));
#1904=CARTESIAN_POINT('',(0.111203881915139,-0.175686957600689,-0.035));
#1905=CARTESIAN_POINT('',(0.111602184867308,-0.177571048062547,-0.0331));
#1906=CARTESIAN_POINT('',(0.111602184867308,-0.177571048062547,-0.0350000000000001));
#1907=CARTESIAN_POINT('',(0.110970949551168,-0.1757767072614,-0.035));
#1908=CARTESIAN_POINT('',(0.111265888297878,-0.17767201155389,-0.0331));
#1909=CARTESIAN_POINT('',(0.111265888297878,-0.17767201155389,-0.0349999999999999));
#1910=CARTESIAN_POINT('',(0.110779071435998,-0.175834028927149,-0.035));
#1911=CARTESIAN_POINT('',(0.110974082306667,-0.177739001551492,-0.0331));
#1912=CARTESIAN_POINT('',(0.110974082306667,-0.177739001551492,-0.035));
#1913=CARTESIAN_POINT('',(0.110633321786427,-0.175866795477973,-0.035));
#1914=CARTESIAN_POINT('',(0.110585919202082,-0.177790166024226,-0.0331));
#1915=CARTESIAN_POINT('',(0.110585919202082,-0.177790166024226,-0.035));
#1916=CARTESIAN_POINT('',(0.110486331729058,-0.175884891273705,-0.035));
#1917=CARTESIAN_POINT('',(0.11005034832694,-0.177776209966908,-0.0331));
#1918=CARTESIAN_POINT('',(0.11005034832694,-0.177776209966908,-0.035));
#1919=CARTESIAN_POINT('',(0.110333752938038,-0.175878626919864,-0.035));
#1920=CARTESIAN_POINT('',(0.109435985948022,-0.177601038957498,-0.0331));
#1921=CARTESIAN_POINT('',(0.109435985948022,-0.177601038957498,-0.035));
#1922=CARTESIAN_POINT('',(0.110189803995386,-0.175837711848686,-0.035));
#1923=CARTESIAN_POINT('',(0.108986913482613,-0.177342716333766,-0.0331));
#1924=CARTESIAN_POINT('',(0.108986913482613,-0.177342716333766,-0.035));
#1925=CARTESIAN_POINT('',(0.110056280190983,-0.175763641248962,-0.035));
#1926=CARTESIAN_POINT('',(0.108678591142839,-0.177098980197816,-0.0331));
#1927=CARTESIAN_POINT('',(0.108678591142839,-0.177098980197816,-0.035));
#1928=CARTESIAN_POINT('',(0.109938617516555,-0.175671799417094,-0.035));
#1929=CARTESIAN_POINT('',(0.108358043517588,-0.17678313127322,-0.0331));
#1930=CARTESIAN_POINT('',(0.108358043517588,-0.17678313127322,-0.035));
#1931=CARTESIAN_POINT('',(0.10979420425257,-0.17553051526825,-0.035));
#1932=CARTESIAN_POINT('',(0.108076517878833,-0.176421020259263,-0.0331));
#1933=CARTESIAN_POINT('',(0.108076517878833,-0.176421020259263,-0.035));
#1934=CARTESIAN_POINT('',(0.10964029661881,-0.175335529730192,-0.035));
#1935=CARTESIAN_POINT('',(0.107820500136283,-0.176007325816602,-0.0331));
#1936=CARTESIAN_POINT('',(0.107820500136283,-0.176007325816602,-0.035));
#1937=CARTESIAN_POINT('',(0.109481964094114,-0.175080709232889,-0.035));
#1938=CARTESIAN_POINT('',(0.107620129465248,-0.175610301695914,-0.0331));
#1939=CARTESIAN_POINT('',(0.107620129465248,-0.175610301695914,-0.035));
#1940=CARTESIAN_POINT('',(0.109346484381574,-0.174813330853939,-0.035));
#1941=CARTESIAN_POINT('',(0.107404937578006,-0.175100911025352,-0.0331));
#1942=CARTESIAN_POINT('',(0.107404937578006,-0.175100911025352,-0.035));
#1943=CARTESIAN_POINT('',(0.109192135292566,-0.174448714356106,-0.035));
#1944=CARTESIAN_POINT('',(0.107245014933364,-0.174607278988957,-0.0331));
#1945=CARTESIAN_POINT('',(0.107245014933364,-0.174607278988957,-0.035));
#1946=CARTESIAN_POINT('',(0.109069356718972,-0.174072220687263,-0.035));
#1947=CARTESIAN_POINT('',(0.107136031662016,-0.174184693886248,-0.0331));
#1948=CARTESIAN_POINT('',(0.107136031662016,-0.174184693886248,-0.035));
#1949=CARTESIAN_POINT('',(0.108982473627395,-0.173735326478316,-0.035));
#1950=CARTESIAN_POINT('',(0.107081546063713,-0.173941008547033,-0.0331));
#1951=CARTESIAN_POINT('',(0.107081546063713,-0.173941008547033,-0.035));
#1952=CARTESIAN_POINT('',(0.108938946316281,-0.173540732890816,-0.035));
#1953=CARTESIAN_POINT('',(0.107021350874372,-0.173665642656603,-0.0331));
#1954=CARTESIAN_POINT('',(0.107021350874372,-0.173665642656602,-0.0349999999999999));
#1955=CARTESIAN_POINT('',(0.108875028363871,-0.173248689488915,-0.035));
#1956=CARTESIAN_POINT('',(0.106878336339125,-0.173016293920421,-0.0331));
#1957=CARTESIAN_POINT('',(0.10687833633914,-0.173016293920444,-0.0350000000000042));
#1958=CARTESIAN_POINT('',(0.108735736591693,-0.172616018264203,-0.035));
#1959=CARTESIAN_POINT('',(0.106666878321337,-0.172053155798185,-0.0331));
#1960=CARTESIAN_POINT('',(0.106666878321228,-0.172053155798007,-0.0349999999999678));
#1961=CARTESIAN_POINT('',(0.108521987642786,-0.171642617057986,-0.035));
#1962=CARTESIAN_POINT('',(0.106495101821289,-0.171271716558838,-0.0331));
#1963=CARTESIAN_POINT('',(0.106495101821518,-0.171271716559211,-0.0350000000000675));
#1964=CARTESIAN_POINT('',(0.108350822057702,-0.170863914641033,-0.035));
#1965=CARTESIAN_POINT('',(0.106409539831981,-0.170882363031809,-0.0331));
#1966=CARTESIAN_POINT('',(0.106409539831981,-0.170882363031809,-0.035));
#1967=CARTESIAN_POINT('',(0.108265260068395,-0.170474561114004,-0.035));
#1968=CARTESIAN_POINT('',(0.132181922946406,-0.164966368860137,-0.0331));
#1969=CARTESIAN_POINT('',(0.1327641463172,-0.164831395178205,-0.0332054273177793));
#1970=CARTESIAN_POINT('',(0.133887937540023,-0.16455805655244,-0.0335171295857976));
#1971=CARTESIAN_POINT('',(0.135440941194742,-0.163909713668887,-0.0342334870811039));
#1972=CARTESIAN_POINT('',(0.136771612710793,-0.162869302530398,-0.0348703721437294));
#1973=CARTESIAN_POINT('',(0.137660903879295,-0.162017591460798,-0.0350000000000034));
#1974=CARTESIAN_POINT('',(0.138124175994746,-0.16163842123795,-0.035));
#1975=CARTESIAN_POINT('',(0.119439658101918,-0.106563884455176,0.018));
#1976=CARTESIAN_POINT('',(0.172297310490895,-0.133700009552681,0.02));
#1977=CARTESIAN_POINT('',(0.172583868467991,-0.133853271025524,0.02));
#1978=CARTESIAN_POINT('',(0.173056994524398,-0.134293767026621,0.0198351018987868));
#1979=CARTESIAN_POINT('',(0.173464800268076,-0.135325688044462,0.0191283212018267));
#1980=CARTESIAN_POINT('',(0.173323023442421,-0.136038556730608,0.0184478601154233));
#1981=CARTESIAN_POINT('',(0.173101551202273,-0.136436401335504,0.018));
#1982=CARTESIAN_POINT('',(0.148832300901669,-0.158200821337872,0.018));
#1983=CARTESIAN_POINT('',(0.150811059334358,-0.161677100248584,0.018));
#1984=CARTESIAN_POINT('',(0.150811059334358,-0.161677100248584,0.018));
#1985=CARTESIAN_POINT('',(0.171354071666017,-0.135463613963892,0.));
#1986=CARTESIAN_POINT('',(0.172297310490895,-0.133700009552681,-0.035));
#1987=CARTESIAN_POINT('',(0.172583868467991,-0.133853271025524,-0.035));
#1988=CARTESIAN_POINT('',(0.173056994524401,-0.134293767026617,-0.0348351018987817));
#1989=CARTESIAN_POINT('',(0.173464800268064,-0.135325688044484,-0.0341283212018521));
#1990=CARTESIAN_POINT('',(0.173323023442475,-0.136038556730512,-0.0334478601153115));
#1991=CARTESIAN_POINT('',(0.173101551202273,-0.136436401335504,-0.033));
#1992=CARTESIAN_POINT('',(0.150811059334358,-0.161677100248584,-0.0075));
#1993=CARTESIAN_POINT('',(0.150811059334358,-0.161677100248584,-0.033));
#1994=CARTESIAN_POINT('',(0.119439658101918,-0.106563884455176,-0.033));
#1995=CARTESIAN_POINT('',(0.148832300901669,-0.158200821337872,-0.033));
#1996=CARTESIAN_POINT('',(0.150811059334358,-0.161677100248584,-0.033));
#1997=CARTESIAN_POINT('',(0.148592750036861,-0.158348571465377,-0.033));
#1998=CARTESIAN_POINT('',(0.14970190468561,-0.16001283585698,-0.033));
#1999=CARTESIAN_POINT('',(0.14970190468561,-0.16001283585698,-0.035));
#2000=CARTESIAN_POINT('',(0.148592750036861,-0.158348571465377,-0.035));
#2001=CARTESIAN_POINT('',(0.14928618060427,-0.16028989658107,-0.033));
#2002=CARTESIAN_POINT('',(0.149286180583488,-0.160289896549872,-0.035));
#2003=CARTESIAN_POINT('',(0.148284884554603,-0.158553749437829,-0.035));
#2004=CARTESIAN_POINT('',(0.148498319358046,-0.160712348667461,-0.033));
#2005=CARTESIAN_POINT('',(0.148498319367444,-0.160712348681569,-0.035));
#2006=CARTESIAN_POINT('',(0.147637346169428,-0.158905037846847,-0.035));
#2007=CARTESIAN_POINT('',(0.146964118206071,-0.161371214504594,-0.033));
#2008=CARTESIAN_POINT('',(0.146964118200646,-0.161371214496449,-0.035));
#2009=CARTESIAN_POINT('',(0.146279195377563,-0.159488863855988,-0.035));
#2010=CARTESIAN_POINT('',(0.145069944796616,-0.161996731698958,-0.033));
#2011=CARTESIAN_POINT('',(0.145069944798457,-0.161996731701721,-0.035));
#2012=CARTESIAN_POINT('',(0.144501740207547,-0.160078629565204,-0.035));
#2013=CARTESIAN_POINT('',(0.142816817605407,-0.162609902219071,-0.033));
#2014=CARTESIAN_POINT('',(0.142816817604925,-0.162609902218347,-0.035));
#2015=CARTESIAN_POINT('',(0.142327620273949,-0.160670251132053,-0.035));
#2016=CARTESIAN_POINT('',(0.139842485090144,-0.163320781559795,-0.033));
#2017=CARTESIAN_POINT('',(0.139842485090424,-0.163320781560216,-0.035));
#2018=CARTESIAN_POINT('',(0.139410398586615,-0.161367863622324,-0.035));
#2019=CARTESIAN_POINT('',(0.136144965993622,-0.16411054416348,-0.033));
#2020=CARTESIAN_POINT('',(0.136144965993517,-0.164110544163313,-0.035));
#2021=CARTESIAN_POINT('',(0.135740627612211,-0.162151784054491,-0.035));
#2022=CARTESIAN_POINT('',(0.133242900164313,-0.164731095039416,-0.033));
#2023=CARTESIAN_POINT('',(0.13324290016432,-0.164731095039445,-0.035));
#2024=CARTESIAN_POINT('',(0.132805799507035,-0.162779443683486,-0.035));
#2025=CARTESIAN_POINT('',(0.131778458482043,-0.165059078016473,-0.033));
#2026=CARTESIAN_POINT('',(0.131778458482043,-0.165059078016473,-0.035));
#2027=CARTESIAN_POINT('',(0.13134135782473,-0.163107426660473,-0.035));
#2028=CARTESIAN_POINT('',(0.0932802438107281,-0.165996622468025,0.));
#2029=CARTESIAN_POINT('',(0.0932802438107281,-0.165996622468025,-0.0331));
#2030=CARTESIAN_POINT('',(0.093194255978988,-0.156960004749507,-0.0331));
#2031=CARTESIAN_POINT('',(0.093194255978988,-0.156960004749507,-0.0331));
#2032=CARTESIAN_POINT('',(0.0931942559790091,-0.156960004749461,-0.0331));
#2033=CARTESIAN_POINT('',(0.0931942559790069,-0.15696000474946,-0.0331));
#2034=CARTESIAN_POINT('',(0.097570077547074,-0.158498621017552,-0.0331));
#2035=CARTESIAN_POINT('',(0.0952666358887435,-0.162524699872057,-0.0331));
#2036=CARTESIAN_POINT('',(0.0932802438107281,-0.165996622468025,-0.0331));
#2037=CARTESIAN_POINT('',(0.136734906597631,-0.130852714906902,0.));
#2038=CARTESIAN_POINT('',(0.136734906597631,-0.130852714906902,0.0181));
#2039=CARTESIAN_POINT('',(0.139373028430614,-0.141179151299444,0.0181));
#2040=CARTESIAN_POINT('',(0.14381195177356,-0.138822056595695,0.0181));
#2041=CARTESIAN_POINT('',(0.139373028430614,-0.141179151299444,-0.0331));
#2042=CARTESIAN_POINT('',(0.139373028430614,-0.141179151299444,-0.0331));
#2043=CARTESIAN_POINT('',(0.136734906597631,-0.130852714906902,-0.0331));
#2044=CARTESIAN_POINT('',(0.14381195177356,-0.138822056595695,-0.0331));
#2045=CARTESIAN_POINT('',(0.14381195177356,-0.138822056595695,-0.0331));
#2046=CARTESIAN_POINT('',(0.139373028430614,-0.141179151299444,-0.0331));
#2047=CARTESIAN_POINT('',(0.139373028430614,-0.141179151299444,0.0181));
#2048=CARTESIAN_POINT('',(0.137826262344652,-0.141889936541445,-0.0331));
#2049=CARTESIAN_POINT('',(0.137826262344652,-0.141889936541445,0.0181));
#2050=CARTESIAN_POINT('',(0.134351169099361,-0.143973270687057,-0.0331));
#2051=CARTESIAN_POINT('',(0.134351169099361,-0.143973270687057,0.0181));
#2052=CARTESIAN_POINT('',(0.129713393266012,-0.146538018334099,-0.0331));
#2053=CARTESIAN_POINT('',(0.129713393266012,-0.146538018334099,0.0181));
#2054=CARTESIAN_POINT('',(0.12575184971862,-0.148153428218589,-0.0331));
#2055=CARTESIAN_POINT('',(0.12575184971862,-0.148153428218589,0.0181));
#2056=CARTESIAN_POINT('',(0.123139212308925,-0.148898991294216,-0.0331));
#2057=CARTESIAN_POINT('',(0.123139212308925,-0.148898991294216,0.0181));
#2058=CARTESIAN_POINT('',(0.120959952113126,-0.149281828639451,-0.0331));
#2059=CARTESIAN_POINT('',(0.120959952113126,-0.149281828639451,0.0181));
#2060=CARTESIAN_POINT('',(0.119277388719365,-0.149446185461381,-0.0331));
#2061=CARTESIAN_POINT('',(0.119277388719365,-0.149446185461381,0.0181));
#2062=CARTESIAN_POINT('',(0.117558566181817,-0.149483026525903,-0.0331));
#2063=CARTESIAN_POINT('',(0.117558566181817,-0.149483026525903,0.0181));
#2064=CARTESIAN_POINT('',(0.116360735499303,-0.14939244802858,-0.0331));
#2065=CARTESIAN_POINT('',(0.116360735499303,-0.14939244802858,0.0181));
#2066=CARTESIAN_POINT('',(0.115820870647827,-0.149346303178127,-0.0331));
#2067=CARTESIAN_POINT('',(0.115820870647827,-0.149346303178127,0.0181));
#2068=CARTESIAN_POINT('',(0.139373028430614,-0.141179151299444,0.0181));
#2069=CARTESIAN_POINT('',(0.138409802626588,-0.141621782342644,0.0181));
#2070=CARTESIAN_POINT('',(0.136554045091892,-0.142640692671795,0.0181));
#2071=CARTESIAN_POINT('',(0.132907789134292,-0.144789928811021,0.0181));
#2072=CARTESIAN_POINT('',(0.128224381209995,-0.147311783959983,0.0181));
#2073=CARTESIAN_POINT('',(0.123239587492647,-0.148999370658012,0.0181));
#2074=CARTESIAN_POINT('',(0.119004848932598,-0.149527341583644,0.0181));
#2075=CARTESIAN_POINT('',(0.116881498070843,-0.149436960115114,0.0181));
#2076=CARTESIAN_POINT('',(0.115820870647827,-0.149346303178127,0.0181));
#2077=CARTESIAN_POINT('',(0.115820870647827,-0.149346303178127,0.0181));
#2078=CARTESIAN_POINT('',(0.115820870647827,-0.149346303178127,-0.0331));
#2079=CARTESIAN_POINT('',(0.115820870647827,-0.149346303178127,-0.0331));
#2080=CARTESIAN_POINT('',(0.139373028430614,-0.141179151299444,-0.0331));
#2081=CARTESIAN_POINT('',(0.138409802626588,-0.141621782342645,-0.0331));
#2082=CARTESIAN_POINT('',(0.136554045091891,-0.142640692671795,-0.0331));
#2083=CARTESIAN_POINT('',(0.132907789134292,-0.144789928811021,-0.0331));
#2084=CARTESIAN_POINT('',(0.128224381209995,-0.147311783959983,-0.0331));
#2085=CARTESIAN_POINT('',(0.123239587492647,-0.148999370658012,-0.0331));
#2086=CARTESIAN_POINT('',(0.119004848932597,-0.149527341583644,-0.0331));
#2087=CARTESIAN_POINT('',(0.116881498070842,-0.149436960115114,-0.0331));
#2088=CARTESIAN_POINT('',(0.115820870647827,-0.149346303178126,-0.0331));
#2089=CARTESIAN_POINT('',(0.105604676472763,-0.165913314230835,0.));
#2090=CARTESIAN_POINT('',(0.105604676472763,-0.165913314230835,0.0181));
#2091=CARTESIAN_POINT('',(0.107898245447207,-0.146585199475313,0.0181));
#2092=CARTESIAN_POINT('',(0.107898245447207,-0.146585199475313,-0.0331));
#2093=CARTESIAN_POINT('',(0.107898245447207,-0.146585199475313,-0.0331));
#2094=CARTESIAN_POINT('',(0.105604676472763,-0.165913314230835,-0.0331));
#2095=CARTESIAN_POINT('',(0.104290342823954,-0.164395971211135,0.));
#2096=CARTESIAN_POINT('',(0.104290342823954,-0.164395971211135,0.0181));
#2097=CARTESIAN_POINT('',(0.101913232812594,-0.146379592575062,0.0181));
#2098=CARTESIAN_POINT('',(0.101913232812594,-0.146379592575062,0.));
#2099=CARTESIAN_POINT('',(0.101913232812594,-0.146379592575062,-0.0331));
#2100=CARTESIAN_POINT('',(0.104290342823954,-0.164395971211135,-0.0331));
#2101=CARTESIAN_POINT('',(0.093194255978988,-0.156960004749507,-0.0331));
#2102=CARTESIAN_POINT('',(0.093194255978988,-0.156960004749507,0.0181));
#2103=CARTESIAN_POINT('',(0.093424077697823,-0.156462112719847,-0.0331));
#2104=CARTESIAN_POINT('',(0.093424077697823,-0.156462112719847,0.0181));
#2105=CARTESIAN_POINT('',(0.0938113033621456,-0.155762540710425,-0.0331));
#2106=CARTESIAN_POINT('',(0.0938113033621456,-0.155762540710425,0.0181));
#2107=CARTESIAN_POINT('',(0.0940762066779008,-0.155468505437749,-0.0331));
#2108=CARTESIAN_POINT('',(0.0940762066779008,-0.155468505437749,0.0181));
#2109=CARTESIAN_POINT('',(0.0942805850580174,-0.155301742522858,-0.0331));
#2110=CARTESIAN_POINT('',(0.0942805850580174,-0.155301742522858,0.0181));
#2111=CARTESIAN_POINT('',(0.0945715359088321,-0.155116670657568,-0.0331));
#2112=CARTESIAN_POINT('',(0.0945715359088321,-0.155116670657568,0.0181));
#2113=CARTESIAN_POINT('',(0.0948559586510221,-0.154996218705311,-0.0331));
#2114=CARTESIAN_POINT('',(0.0948559586510221,-0.154996218705311,0.0181));
#2115=CARTESIAN_POINT('',(0.0952932344364262,-0.154903523540149,-0.0331));
#2116=CARTESIAN_POINT('',(0.0952932344364262,-0.154903523540149,0.0181));
#2117=CARTESIAN_POINT('',(0.0956893117489591,-0.154865122085447,-0.0331));
#2118=CARTESIAN_POINT('',(0.0956893117489591,-0.154865122085447,0.0181));
#2119=CARTESIAN_POINT('',(0.0963031877750406,-0.154863625571154,-0.0331));
#2120=CARTESIAN_POINT('',(0.0963031877750406,-0.154863625571154,0.0181));
#2121=CARTESIAN_POINT('',(0.0969201066402277,-0.15486909828372,-0.0331));
#2122=CARTESIAN_POINT('',(0.0969201066402277,-0.15486909828372,0.0181));
#2123=CARTESIAN_POINT('',(0.0974598422318465,-0.154844750617342,-0.0331));
#2124=CARTESIAN_POINT('',(0.0974598422318465,-0.154844750617342,0.0181));
#2125=CARTESIAN_POINT('',(0.0979010957151283,-0.154796731160344,-0.0331));
#2126=CARTESIAN_POINT('',(0.0979010957151283,-0.154796731160344,0.0181));
#2127=CARTESIAN_POINT('',(0.0984067134648019,-0.154685447225599,-0.0331));
#2128=CARTESIAN_POINT('',(0.0984067134648019,-0.154685447225599,0.0181));
#2129=CARTESIAN_POINT('',(0.0990312464034114,-0.154432305683321,-0.0331));
#2130=CARTESIAN_POINT('',(0.0990312464034114,-0.154432305683321,0.0181));
#2131=CARTESIAN_POINT('',(0.0996493710326485,-0.153907714778894,-0.0331));
#2132=CARTESIAN_POINT('',(0.0996493710326485,-0.153907714778894,0.0181));
#2133=CARTESIAN_POINT('',(0.0999995088679894,-0.15324214609594,-0.0331));
#2134=CARTESIAN_POINT('',(0.0999995088679894,-0.15324214609594,0.0181));
#2135=CARTESIAN_POINT('',(0.100157089342103,-0.152568404294484,-0.0331));
#2136=CARTESIAN_POINT('',(0.100157089342103,-0.152568404294484,0.0181));
#2137=CARTESIAN_POINT('',(0.100105349840547,-0.151935957411096,-0.0331));
#2138=CARTESIAN_POINT('',(0.100105349840547,-0.151935957411096,0.0181));
#2139=CARTESIAN_POINT('',(0.099955350623995,-0.151402946100078,-0.0331));
#2140=CARTESIAN_POINT('',(0.099955350623995,-0.151402946100078,0.0181));
#2141=CARTESIAN_POINT('',(0.0997770680296104,-0.150968250012468,-0.0331));
#2142=CARTESIAN_POINT('',(0.0997770680296104,-0.150968250012468,0.0181));
#2143=CARTESIAN_POINT('',(0.0995232789905748,-0.150448744206601,-0.0331));
#2144=CARTESIAN_POINT('',(0.0995232789905748,-0.150448744206601,0.0181));
#2145=CARTESIAN_POINT('',(0.0991918805472774,-0.149849682042662,-0.0331));
#2146=CARTESIAN_POINT('',(0.0991918805472774,-0.149849682042662,0.0181));
#2147=CARTESIAN_POINT('',(0.0988328948835994,-0.149179815125246,-0.0331));
#2148=CARTESIAN_POINT('',(0.0988328948835994,-0.149179815125246,0.0181));
#2149=CARTESIAN_POINT('',(0.0986317455505267,-0.148714762345695,-0.0331));
#2150=CARTESIAN_POINT('',(0.0986317455505267,-0.148714762345695,0.0181));
#2151=CARTESIAN_POINT('',(0.0985576758552561,-0.148457573838744,-0.0331));
#2152=CARTESIAN_POINT('',(0.0985576758552561,-0.148457573838744,0.0181));
#2153=CARTESIAN_POINT('',(0.0985404707458166,-0.148339913542486,-0.0331));
#2154=CARTESIAN_POINT('',(0.0985404707458166,-0.148339913542486,0.0181));
#2155=CARTESIAN_POINT('',(0.09854604490558,-0.148289338293037,-0.0331));
#2156=CARTESIAN_POINT('',(0.09854604490558,-0.148289338293037,0.0181));
#2157=CARTESIAN_POINT('',(0.0985844200018912,-0.148159198270976,-0.0331));
#2158=CARTESIAN_POINT('',(0.0985844200018912,-0.148159198270976,0.0181));
#2159=CARTESIAN_POINT('',(0.0987713130214613,-0.14785962669859,-0.0331));
#2160=CARTESIAN_POINT('',(0.0987713130214613,-0.14785962669859,0.0181));
#2161=CARTESIAN_POINT('',(0.0993340981397022,-0.147344389088339,-0.0331));
#2162=CARTESIAN_POINT('',(0.0993340981397022,-0.147344389088339,0.0181));
#2163=CARTESIAN_POINT('',(0.100186275532306,-0.146843310385983,-0.0331));
#2164=CARTESIAN_POINT('',(0.100186275532306,-0.146843310385983,0.0181));
#2165=CARTESIAN_POINT('',(0.10097835627272,-0.146546434728847,-0.0331));
#2166=CARTESIAN_POINT('',(0.10097835627272,-0.146546434728847,0.0181));
#2167=CARTESIAN_POINT('',(0.101582880819298,-0.146423179749066,-0.0331));
#2168=CARTESIAN_POINT('',(0.101582880819298,-0.146423179749066,0.0181));
#2169=CARTESIAN_POINT('',(0.101913232812594,-0.146379592575062,-0.0331));
#2170=CARTESIAN_POINT('',(0.101913232812594,-0.146379592575062,0.0181));
#2171=CARTESIAN_POINT('',(0.101913232812594,-0.146379592575062,-0.0331));
#2172=CARTESIAN_POINT('',(0.101546408923753,-0.1464279919097,-0.0331));
#2173=CARTESIAN_POINT('',(0.100829616483676,-0.146574067670899,-0.0331));
#2174=CARTESIAN_POINT('',(0.099985081119311,-0.146949701887454,-0.0331));
#2175=CARTESIAN_POINT('',(0.099360988763545,-0.147354322246788,-0.0331));
#2176=CARTESIAN_POINT('',(0.0989968708205712,-0.147645796966317,-0.0331));
#2177=CARTESIAN_POINT('',(0.0987471047018801,-0.147917216580486,-0.0331));
#2178=CARTESIAN_POINT('',(0.0985758247081331,-0.148144144946045,-0.0331));
#2179=CARTESIAN_POINT('',(0.0985287807375742,-0.148425180819291,-0.0331));
#2180=CARTESIAN_POINT('',(0.0986639086547007,-0.148779507743446,-0.0331));
#2181=CARTESIAN_POINT('',(0.0988446246032652,-0.149200048211361,-0.0331));
#2182=CARTESIAN_POINT('',(0.0991071190524817,-0.149691848811827,-0.0331));
#2183=CARTESIAN_POINT('',(0.0993744098871833,-0.150178746100748,-0.0331));
#2184=CARTESIAN_POINT('',(0.0997213676689962,-0.150831735763781,-0.0331));
#2185=CARTESIAN_POINT('',(0.100096122179155,-0.151687799000863,-0.0331));
#2186=CARTESIAN_POINT('',(0.100181874502763,-0.152823904890546,-0.0331));
#2187=CARTESIAN_POINT('',(0.0997275303278675,-0.153877135257265,-0.0331));
#2188=CARTESIAN_POINT('',(0.0988231728739858,-0.154590093470637,-0.0331));
#2189=CARTESIAN_POINT('',(0.0977232752608287,-0.154854003270208,-0.0331));
#2190=CARTESIAN_POINT('',(0.0966205422291319,-0.154876786947993,-0.0331));
#2191=CARTESIAN_POINT('',(0.0955133873902497,-0.154833649718657,-0.0331));
#2192=CARTESIAN_POINT('',(0.0945951789578039,-0.15505164565996,-0.0331));
#2193=CARTESIAN_POINT('',(0.0940096857448529,-0.155508726914298,-0.0331));
#2194=CARTESIAN_POINT('',(0.0935929752712946,-0.156130315438466,-0.0331));
#2195=CARTESIAN_POINT('',(0.0933492616261402,-0.15662419629476,-0.0331));
#2196=CARTESIAN_POINT('',(0.0931942559789881,-0.156960004749507,-0.0331));
#2197=CARTESIAN_POINT('',(0.0931942559789882,-0.156960004749507,-0.0331));
#2198=CARTESIAN_POINT('',(0.093194255978988,-0.156960004749507,0.0181));
#2199=CARTESIAN_POINT('',(0.0933498414873356,-0.156622940067676,0.0181));
#2200=CARTESIAN_POINT('',(0.0935972050131963,-0.156123544841601,0.0181));
#2201=CARTESIAN_POINT('',(0.0940111104207482,-0.155506322699069,0.0181));
#2202=CARTESIAN_POINT('',(0.0946099423824701,-0.155042739307942,0.0181));
#2203=CARTESIAN_POINT('',(0.0955322702738836,-0.154833539850146,0.0181));
#2204=CARTESIAN_POINT('',(0.0966532092513216,-0.154877545874789,0.0181));
#2205=CARTESIAN_POINT('',(0.0977721956598451,-0.154850940942618,0.0181));
#2206=CARTESIAN_POINT('',(0.0988788902109429,-0.154564533139721,0.0181));
#2207=CARTESIAN_POINT('',(0.0997652928765745,-0.153827531521066,0.0181));
#2208=CARTESIAN_POINT('',(0.100194519790456,-0.152754335127506,0.0181));
#2209=CARTESIAN_POINT('',(0.100071175878936,-0.151604342809201,0.0181));
#2210=CARTESIAN_POINT('',(0.099686733684832,-0.150763186121974,0.0181));
#2211=CARTESIAN_POINT('',(0.0993379175426658,-0.150112195020158,0.0181));
#2212=CARTESIAN_POINT('',(0.0990716090138115,-0.149626628284288,0.0181));
#2213=CARTESIAN_POINT('',(0.0988121773233629,-0.14913456892134,0.0181));
#2214=CARTESIAN_POINT('',(0.0986383952019308,-0.14871527683849,0.0181));
#2215=CARTESIAN_POINT('',(0.0985115870905061,-0.148353470497359,0.0181));
#2216=CARTESIAN_POINT('',(0.098617341716237,-0.148086952754711,0.0181));
#2217=CARTESIAN_POINT('',(0.0987848746891972,-0.147871116696542,0.0181));
#2218=CARTESIAN_POINT('',(0.0990396023533255,-0.147609575321985,0.0181));
#2219=CARTESIAN_POINT('',(0.0993984114014051,-0.147328345583982,0.0181));
#2220=CARTESIAN_POINT('',(0.100004359302614,-0.146940590162432,0.0181));
#2221=CARTESIAN_POINT('',(0.1008437585378,-0.146570167043393,0.0181));
#2222=CARTESIAN_POINT('',(0.101552283942616,-0.14642721675025,0.0181));
#2223=CARTESIAN_POINT('',(0.101913232812594,-0.146379592575062,0.0181));
#2224=CARTESIAN_POINT('',(0.0931942559789879,-0.156960004749507,0.0181));
#2225=CARTESIAN_POINT('',(0.093194255978988,-0.156960004749507,-0.0331));
#2226=CARTESIAN_POINT('',(0.097570077547074,-0.158498621017552,0.));
#2227=CARTESIAN_POINT('',(0.097570077547074,-0.158498621017552,0.0181));
#2228=CARTESIAN_POINT('',(0.0952666358887435,-0.162524699872057,0.0181));
#2229=CARTESIAN_POINT('',(0.0952666358887435,-0.162524699872057,0.));
#2230=CARTESIAN_POINT('',(0.0952666358887435,-0.162524699872057,-0.0331));
#2231=CARTESIAN_POINT('',(0.097570077547074,-0.158498621017552,-0.0331));
#2232=CARTESIAN_POINT('',(0.102026757987013,-0.169612672043499,0.));
#2233=CARTESIAN_POINT('',(0.102026757987013,-0.169612672043499,0.0181));
#2234=CARTESIAN_POINT('',(0.0969767884209582,-0.167524875701157,0.0181));
#2235=CARTESIAN_POINT('',(0.098512245866806,-0.173797082484899,0.0181));
#2236=CARTESIAN_POINT('',(0.098512245866806,-0.173797082484899,-0.0331));
#2237=CARTESIAN_POINT('',(0.098512245866806,-0.173797082484899,-0.0331));
#2238=CARTESIAN_POINT('',(0.102026757987013,-0.169612672043499,-0.0331));
#2239=CARTESIAN_POINT('',(0.0969767884209582,-0.167524875701157,-0.0331));
#2240=CARTESIAN_POINT('',(0.0969767884209582,-0.167524875701157,0.));
#2241=CARTESIAN_POINT('',(0.100226539705021,-0.162174180707471,0.));
#2242=CARTESIAN_POINT('',(0.100226539705021,-0.162174180707471,0.0181));
#2243=CARTESIAN_POINT('',(0.108313959382464,-0.170696169445575,0.0181));
#2244=CARTESIAN_POINT('',(0.108313959382464,-0.170696169445575,-0.0331));
#2245=CARTESIAN_POINT('',(0.108313959382464,-0.170696169445575,-0.0331));
#2246=CARTESIAN_POINT('',(0.100226539705021,-0.162174180707471,-0.0331));
#2247=CARTESIAN_POINT('',(0.108313959382464,-0.170696169445575,-0.0331));
#2248=CARTESIAN_POINT('',(0.108313959382464,-0.170696169445575,0.0181));
#2249=CARTESIAN_POINT('',(0.108428875749144,-0.1712191013344,-0.0331));
#2250=CARTESIAN_POINT('',(0.108428875749144,-0.1712191013344,0.0181));
#2251=CARTESIAN_POINT('',(0.108602410389498,-0.172009134672159,-0.0331));
#2252=CARTESIAN_POINT('',(0.108602410389498,-0.172009134672159,0.0181));
#2253=CARTESIAN_POINT('',(0.108800807153743,-0.17291111596705,-0.0331));
#2254=CARTESIAN_POINT('',(0.108800807153743,-0.17291111596705,0.0181));
#2255=CARTESIAN_POINT('',(0.108919977184981,-0.173454711372457,-0.0331));
#2256=CARTESIAN_POINT('',(0.108919977184981,-0.173454711372457,0.0181));
#2257=CARTESIAN_POINT('',(0.109017492196653,-0.173893110693444,-0.0331));
#2258=CARTESIAN_POINT('',(0.109017492196653,-0.173893110693444,0.0181));
#2259=CARTESIAN_POINT('',(0.109156526465842,-0.174354274759058,-0.0331));
#2260=CARTESIAN_POINT('',(0.109156526465842,-0.174354274759058,0.0181));
#2261=CARTESIAN_POINT('',(0.109413231248576,-0.174991301574439,-0.0331));
#2262=CARTESIAN_POINT('',(0.109413231248576,-0.174991301574439,0.0181));
#2263=CARTESIAN_POINT('',(0.109767446516281,-0.175540260835215,-0.0331));
#2264=CARTESIAN_POINT('',(0.109767446516281,-0.175540260835215,0.0181));
#2265=CARTESIAN_POINT('',(0.110116510000267,-0.175817815553024,-0.0331));
#2266=CARTESIAN_POINT('',(0.110116510000267,-0.175817815553024,0.0181));
#2267=CARTESIAN_POINT('',(0.110330034808772,-0.175884805464408,-0.0331));
#2268=CARTESIAN_POINT('',(0.110330034808772,-0.175884805464408,0.0181));
#2269=CARTESIAN_POINT('',(0.110663241317023,-0.175893136195296,-0.0331));
#2270=CARTESIAN_POINT('',(0.110663241317023,-0.175893136195296,0.0181));
#2271=CARTESIAN_POINT('',(0.111499966312345,-0.175584591590314,-0.0331));
#2272=CARTESIAN_POINT('',(0.111499966312345,-0.175584591590314,0.0181));
#2273=CARTESIAN_POINT('',(0.112608107800726,-0.174903466896058,-0.0331));
#2274=CARTESIAN_POINT('',(0.112608107800726,-0.174903466896058,0.0181));
#2275=CARTESIAN_POINT('',(0.114308997244761,-0.173618457561166,-0.0331));
#2276=CARTESIAN_POINT('',(0.114308997244761,-0.173618457561166,0.0181));
#2277=CARTESIAN_POINT('',(0.116676355680707,-0.171546944590191,-0.0331));
#2278=CARTESIAN_POINT('',(0.116676355680707,-0.171546944590191,0.0181));
#2279=CARTESIAN_POINT('',(0.119727878974909,-0.168998988383645,-0.0331));
#2280=CARTESIAN_POINT('',(0.119727878974909,-0.168998988383645,0.0181));
#2281=CARTESIAN_POINT('',(0.122724239295061,-0.167162015652023,-0.0331));
#2282=CARTESIAN_POINT('',(0.122724239295061,-0.167162015652023,0.0181));
#2283=CARTESIAN_POINT('',(0.124932852019664,-0.166089460907889,-0.0331));
#2284=CARTESIAN_POINT('',(0.124932852019664,-0.166089460907889,0.0181));
#2285=CARTESIAN_POINT('',(0.126470245519445,-0.165384407391294,-0.0331));
#2286=CARTESIAN_POINT('',(0.126470245519445,-0.165384407391294,0.0181));
#2287=CARTESIAN_POINT('',(0.127463515931917,-0.164918888390263,-0.0331));
#2288=CARTESIAN_POINT('',(0.127463515931917,-0.164918888390263,0.0181));
#2289=CARTESIAN_POINT('',(0.128350147687945,-0.164461299613474,-0.0331));
#2290=CARTESIAN_POINT('',(0.128350147687945,-0.164461299613474,0.0181));
#2291=CARTESIAN_POINT('',(0.129256575358796,-0.16399446667273,-0.0331));
#2292=CARTESIAN_POINT('',(0.129256575358796,-0.16399446667273,0.0181));
#2293=CARTESIAN_POINT('',(0.130055426770181,-0.16362929774701,-0.0331));
#2294=CARTESIAN_POINT('',(0.130055426770181,-0.16362929774701,0.0181));
#2295=CARTESIAN_POINT('',(0.130759242316459,-0.163373631029156,-0.0331));
#2296=CARTESIAN_POINT('',(0.130759242316459,-0.163373631029156,0.0181));
#2297=CARTESIAN_POINT('',(0.131160354109394,-0.163254790008026,-0.0331));
#2298=CARTESIAN_POINT('',(0.131160354109394,-0.163254790008026,0.0181));
#2299=CARTESIAN_POINT('',(0.131466507280421,-0.163181602967856,-0.0331));
#2300=CARTESIAN_POINT('',(0.131466507280421,-0.163181602967856,0.0181));
#2301=CARTESIAN_POINT('',(0.13159658874992,-0.163151807008699,-0.0331));
#2302=CARTESIAN_POINT('',(0.13159658874992,-0.163151807008699,0.0181));
#2303=CARTESIAN_POINT('',(0.13185864761157,-0.163090832068066,-0.0331));
#2304=CARTESIAN_POINT('',(0.13185864761157,-0.163090832068066,0.0181));
#2305=CARTESIAN_POINT('',(0.132358378238322,-0.162975140477041,-0.0331));
#2306=CARTESIAN_POINT('',(0.132358378238322,-0.162975140477041,0.0181));
#2307=CARTESIAN_POINT('',(0.133375154330368,-0.162739313908923,-0.0331));
#2308=CARTESIAN_POINT('',(0.133375154330368,-0.162739313908923,0.0181));
#2309=CARTESIAN_POINT('',(0.134818633540291,-0.162404743319414,-0.0331));
#2310=CARTESIAN_POINT('',(0.134818633540291,-0.162404743319414,0.0181));
#2311=CARTESIAN_POINT('',(0.136554710527645,-0.162002257285566,-0.0331));
#2312=CARTESIAN_POINT('',(0.136554710527645,-0.162002257285566,0.0181));
#2313=CARTESIAN_POINT('',(0.137711351960081,-0.161734123991845,-0.0331));
#2314=CARTESIAN_POINT('',(0.137711351960081,-0.161734123991845,0.0181));
#2315=CARTESIAN_POINT('',(0.138289765579524,-0.161600033503879,-0.0331));
#2316=CARTESIAN_POINT('',(0.138289765579524,-0.161600033503879,0.0181));
#2317=CARTESIAN_POINT('',(0.108313959382464,-0.170696169445575,0.0181));
#2318=CARTESIAN_POINT('',(0.108452432371839,-0.171326296763183,0.0181));
#2319=CARTESIAN_POINT('',(0.108664835765085,-0.172270786268522,0.0181));
#2320=CARTESIAN_POINT('',(0.108929264652685,-0.173532911493265,0.0181));
#2321=CARTESIAN_POINT('',(0.109174525410203,-0.174472490701097,0.0181));
#2322=CARTESIAN_POINT('',(0.109526624146653,-0.17520332962463,0.0181));
#2323=CARTESIAN_POINT('',(0.109935363703415,-0.175713001474532,0.0181));
#2324=CARTESIAN_POINT('',(0.110392102655483,-0.175937762191392,0.0181));
#2325=CARTESIAN_POINT('',(0.110878934192982,-0.175814685124798,0.0181));
#2326=CARTESIAN_POINT('',(0.11147325877869,-0.175579524721172,0.0181));
#2327=CARTESIAN_POINT('',(0.112165489473257,-0.175181546187424,0.0181));
#2328=CARTESIAN_POINT('',(0.112956033069002,-0.174640096893823,0.0181));
#2329=CARTESIAN_POINT('',(0.113973006611173,-0.173864227162048,0.0181));
#2330=CARTESIAN_POINT('',(0.115198008958253,-0.172840964484982,0.0181));
#2331=CARTESIAN_POINT('',(0.116648068935003,-0.171586883808708,0.0181));
#2332=CARTESIAN_POINT('',(0.118108536282755,-0.170347780178007,0.0181));
#2333=CARTESIAN_POINT('',(0.119618592846947,-0.169162054858356,0.0181));
#2334=CARTESIAN_POINT('',(0.121727406601617,-0.167736192529407,0.0181));
#2335=CARTESIAN_POINT('',(0.124518435745676,-0.166244274029595,0.0181));
#2336=CARTESIAN_POINT('',(0.127999908287209,-0.164707275097808,0.0181));
#2337=CARTESIAN_POINT('',(0.130222054995467,-0.163470327031932,0.0181));
#2338=CARTESIAN_POINT('',(0.131461097000648,-0.163183086653251,0.0181));
#2339=CARTESIAN_POINT('',(0.131461097000648,-0.163183086653251,0.0181));
#2340=CARTESIAN_POINT('',(0.131461097000652,-0.16318308665325,-0.033));
#2341=CARTESIAN_POINT('',(0.131461097000652,-0.16318308665325,-0.033));
#2342=CARTESIAN_POINT('',(0.138124175994634,-0.161638421238009,-0.0331));
#2343=CARTESIAN_POINT('',(0.137568718039433,-0.161767190039008,-0.0331));
#2344=CARTESIAN_POINT('',(0.136735527461889,-0.161960344085449,-0.0330987598042255));
#2345=CARTESIAN_POINT('',(0.135624646332777,-0.162217873624288,-0.0330920385938563));
#2346=CARTESIAN_POINT('',(0.134791508643143,-0.162411015410021,-0.0330841317457368));
#2347=CARTESIAN_POINT('',(0.134097243702215,-0.162571963080636,-0.0330749299969088));
#2348=CARTESIAN_POINT('',(0.133541853657218,-0.162700716138382,-0.0330658563211098));
#2349=CARTESIAN_POINT('',(0.133125324354552,-0.162797277864402,-0.0330581311786483));
#2350=CARTESIAN_POINT('',(0.132708822230633,-0.16289383328972,-0.0330493553244048));
#2351=CARTESIAN_POINT('',(0.13236173583503,-0.162974296443747,-0.0330409883236691));
#2352=CARTESIAN_POINT('',(0.132084144764885,-0.163038648873911,-0.0330332355621634));
#2353=CARTESIAN_POINT('',(0.131910547762096,-0.163078892924242,-0.0330278448239125));
#2354=CARTESIAN_POINT('',(0.131771966742395,-0.16311101940939,-0.0330226598256337));
#2355=CARTESIAN_POINT('',(0.131667299127492,-0.163135283934092,-0.0330187361330204));
#2356=CARTESIAN_POINT('',(0.131582501664428,-0.16315494206941,-0.0330130410376003));
#2357=CARTESIAN_POINT('',(0.131518509290513,-0.163169777073904,-0.0330111426100889));
#2358=CARTESIAN_POINT('',(0.131489351286689,-0.16317653661557,-0.0330040405258698));
#2359=CARTESIAN_POINT('',(0.131461097000626,-0.163183086653256,-0.0330090547491264));
#2360=CARTESIAN_POINT('',(0.131461097000662,-0.163183086653248,-0.0329999999999969));
#2361=CARTESIAN_POINT('',(0.138124175994634,-0.161638421238009,-0.0331));
#2362=CARTESIAN_POINT('',(0.138124175994634,-0.161638421238009,-0.0331));
#2363=CARTESIAN_POINT('',(0.137353633617626,-0.161817051892368,-0.0331));
#2364=CARTESIAN_POINT('',(0.135813008895243,-0.162175337621451,-0.0331));
#2365=CARTESIAN_POINT('',(0.133884927834094,-0.162618072680983,-0.0331));
#2366=CARTESIAN_POINT('',(0.132347293317333,-0.162983017142435,-0.0331));
#2367=CARTESIAN_POINT('',(0.131180956528188,-0.163227529508136,-0.0331));
#2368=CARTESIAN_POINT('',(0.130076571074004,-0.163609997471354,-0.0331));
#2369=CARTESIAN_POINT('',(0.129024424042707,-0.164108780659889,-0.0331));
#2370=CARTESIAN_POINT('',(0.127992017283346,-0.164651555834017,-0.0331));
#2371=CARTESIAN_POINT('',(0.126598150914538,-0.165336507882415,-0.0331));
#2372=CARTESIAN_POINT('',(0.124826540501001,-0.166128700088003,-0.0331));
#2373=CARTESIAN_POINT('',(0.122747396966337,-0.167178030713864,-0.0331));
#2374=CARTESIAN_POINT('',(0.120728138395729,-0.168380756096323,-0.0331));
#2375=CARTESIAN_POINT('',(0.118831645160978,-0.169750216728567,-0.0331));
#2376=CARTESIAN_POINT('',(0.117035877595083,-0.171250185889828,-0.0331));
#2377=CARTESIAN_POINT('',(0.115561667142752,-0.172529314232954,-0.0331));
#2378=CARTESIAN_POINT('',(0.114368099005962,-0.173535036283025,-0.0331));
#2379=CARTESIAN_POINT('',(0.113454847824789,-0.174267992112186,-0.0331));
#2380=CARTESIAN_POINT('',(0.112667529771326,-0.174846009155987,-0.0331));
#2381=CARTESIAN_POINT('',(0.112012515881214,-0.175267361793785,-0.0331));
#2382=CARTESIAN_POINT('',(0.111498683915674,-0.17555748426597,-0.0331));
#2383=CARTESIAN_POINT('',(0.110970523164598,-0.175786540061807,-0.0331));
#2384=CARTESIAN_POINT('',(0.11037198930685,-0.175962515505864,-0.0331));
#2385=CARTESIAN_POINT('',(0.109843156172346,-0.175635899429744,-0.0331));
#2386=CARTESIAN_POINT('',(0.109400985645685,-0.17499111552964,-0.0331));
#2387=CARTESIAN_POINT('',(0.109041647116633,-0.174083173799631,-0.0331));
#2388=CARTESIAN_POINT('',(0.10881414629371,-0.172951929688565,-0.0331));
#2389=CARTESIAN_POINT('',(0.108560648468776,-0.171824556469608,-0.0331));
#2390=CARTESIAN_POINT('',(0.108396601728727,-0.171072237010854,-0.0331));
#2391=CARTESIAN_POINT('',(0.108313959382464,-0.170696169445575,-0.0331));
#2392=CARTESIAN_POINT('',(0.131461097000648,-0.163183086653251,-0.033));
#2393=CARTESIAN_POINT('',(0.131461097000648,-0.163183086653251,0.0181));
#2394=CARTESIAN_POINT('',(0.133314218154631,-0.162768053265244,-0.033));
#2395=CARTESIAN_POINT('',(0.133314218154631,-0.162768053265244,0.0181));
#2396=CARTESIAN_POINT('',(0.137023995664377,-0.161988456544165,-0.033));
#2397=CARTESIAN_POINT('',(0.137023995664377,-0.161988456544165,0.0181));
#2398=CARTESIAN_POINT('',(0.142035079953024,-0.160882619746578,-0.033));
#2399=CARTESIAN_POINT('',(0.142035079953024,-0.160882619746578,0.0181));
#2400=CARTESIAN_POINT('',(0.146173470839084,-0.159712182013261,-0.033));
#2401=CARTESIAN_POINT('',(0.146173470839084,-0.159712182013261,0.0181));
#2402=CARTESIAN_POINT('',(0.148035210070744,-0.158840319080366,-0.033));
#2403=CARTESIAN_POINT('',(0.148035210070744,-0.158840319080366,0.0181));
#2404=CARTESIAN_POINT('',(0.148648207769299,-0.158431784684957,-0.033));
#2405=CARTESIAN_POINT('',(0.148648207769299,-0.158431784684957,0.0181));
#2406=CARTESIAN_POINT('',(0.131461097000648,-0.163183086653251,0.0181));
#2407=CARTESIAN_POINT('',(0.13285913177153,-0.162869976468165,0.0181));
#2408=CARTESIAN_POINT('',(0.135661030899303,-0.162271549380408,0.0181));
#2409=CARTESIAN_POINT('',(0.139864768398378,-0.161371865028507,0.0181));
#2410=CARTESIAN_POINT('',(0.143344491768966,-0.160532575785656,0.0181));
#2411=CARTESIAN_POINT('',(0.146069784563834,-0.159677226634644,0.0181));
#2412=CARTESIAN_POINT('',(0.14739742337762,-0.159137315528213,0.0181));
#2413=CARTESIAN_POINT('',(0.148038311001987,-0.158794069432701,0.0181));
#2414=CARTESIAN_POINT('',(0.148038311001987,-0.158794069432701,0.0181));
#2415=CARTESIAN_POINT('',(0.148038311001987,-0.158794069432701,0.0181));
#2416=CARTESIAN_POINT('',(0.148249715885023,-0.15868084536983,0.0180999999999999));
#2417=CARTESIAN_POINT('',(0.148453144471254,-0.158561785281568,0.018048501515901));
#2418=CARTESIAN_POINT('',(0.148648207769299,-0.158431784684957,0.018));
#2419=CARTESIAN_POINT('',(0.148648207769299,-0.158431784684957,0.018));
#2420=CARTESIAN_POINT('',(0.148648207769294,-0.15843178468496,0.));
#2421=CARTESIAN_POINT('',(0.148648207769299,-0.158431784684957,-0.033));
#2422=CARTESIAN_POINT('',(0.131461097000652,-0.16318308665325,-0.033));
#2423=CARTESIAN_POINT('',(0.132916919863695,-0.162857033985896,-0.033));
#2424=CARTESIAN_POINT('',(0.135835353498883,-0.162235234860903,-0.033));
#2425=CARTESIAN_POINT('',(0.140210136162598,-0.161295603621229,-0.033));
#2426=CARTESIAN_POINT('',(0.143835253233093,-0.160407333230274,-0.033));
#2427=CARTESIAN_POINT('',(0.146664440145248,-0.1594610531998,-0.033));
#2428=CARTESIAN_POINT('',(0.1480188523793,-0.158851220719312,-0.033));
#2429=CARTESIAN_POINT('',(0.148648207769299,-0.158431784684957,-0.033));
#2430=CARTESIAN_POINT('',(0.119439658101918,-0.106563884455176,0.));
#2431=CARTESIAN_POINT('',(0.119439658101918,-0.106563884455176,0.018));
#2432=CARTESIAN_POINT('',(0.17144144564283,-0.135512253332473,0.018));
#2433=CARTESIAN_POINT('',(0.148881769862486,-0.15828772831064,0.018));
#2434=CARTESIAN_POINT('',(0.17144144564283,-0.135512253332473,0.));
#2435=CARTESIAN_POINT('',(0.17144144564283,-0.135512253332473,-0.033));
#2436=CARTESIAN_POINT('',(0.119439658101918,-0.106563884455176,-0.033));
#2437=CARTESIAN_POINT('',(0.148881769862486,-0.15828772831064,-0.033));
#2438=CARTESIAN_POINT('',(0.148881769862486,-0.15828772831064,0.));
#2439=CARTESIAN_POINT('',(0.153625352767339,-0.105716259320559,0.));
#2440=CARTESIAN_POINT('',(0.153625352767339,-0.105716259320559,0.0181));
#2441=CARTESIAN_POINT('',(0.171302876463443,-0.135377712559751,0.0181));
#2442=CARTESIAN_POINT('',(0.153625352767339,-0.105716259320559,-0.0331));
#2443=CARTESIAN_POINT('',(0.171302876463443,-0.135377712559751,-0.0331));
#2444=CARTESIAN_POINT('',(0.171302876463443,-0.135377712559751,0.));
#2445=CARTESIAN_POINT('',(0.133861226482418,-0.153327890543404,0.0181));
#2446=CARTESIAN_POINT('',(0.171354071666017,-0.135463613963892,0.0181));
#2447=CARTESIAN_POINT('',(0.171402637490475,-0.135376199087042,0.0181));
#2448=CARTESIAN_POINT('',(0.119439658101918,-0.106563884455176,0.0181));
#2449=CARTESIAN_POINT('',(0.148832300901669,-0.158200821337872,0.0181));
#2450=CARTESIAN_POINT('',(0.150811059334358,-0.161677100248584,0.0181));
#2451=CARTESIAN_POINT('',(0.0932802438107281,-0.165996622468025,0.0181));
#2452=CARTESIAN_POINT('',(0.133861226482418,-0.153327890543404,-0.0331));
#2453=CARTESIAN_POINT('',(0.148592750036861,-0.158348571465377,-0.0331));
#2454=CARTESIAN_POINT('',(0.147817474851923,-0.158865256242009,-0.0331));
#2455=CARTESIAN_POINT('',(0.146127010446276,-0.159564605032915,-0.0331));
#2456=CARTESIAN_POINT('',(0.143488375665626,-0.160376050278515,-0.0331));
#2457=CARTESIAN_POINT('',(0.140814776325612,-0.161040572371125,-0.0331));
#2458=CARTESIAN_POINT('',(0.13902178221122,-0.161442211846026,-0.0331));
#2459=CARTESIAN_POINT('',(0.138124175994634,-0.161638421238009,-0.0331));
#2460=CARTESIAN_POINT('',(0.148592750036861,-0.158348571465377,-0.0331));
#2461=CARTESIAN_POINT('',(0.150811059334358,-0.161677100248584,-0.0331));
#2462=CARTESIAN_POINT('',(0.148832300901669,-0.158200821337872,-0.0331));
#2463=CARTESIAN_POINT('',(0.119439658101918,-0.106563884455176,-0.0331));
#2464=CARTESIAN_POINT('',(0.171402637490475,-0.135376199087042,-0.0331));
#2465=CARTESIAN_POINT('',(0.171354071666017,-0.135463613963892,-0.0331));
#2466=CARTESIAN_POINT('',(0.0932802438107281,-0.165996622468025,-0.0331));
#2467=CARTESIAN_POINT('',(0.119439658101918,-0.106563884455176,0.018));
#2468=CARTESIAN_POINT('',(0.171402637490475,-0.135376199087042,0.0181));
#2469=CARTESIAN_POINT('',(0.171459070978514,-0.135407552318579,0.0180999999999999));
#2470=CARTESIAN_POINT('',(0.171463275141562,-0.135473039622022,0.0180448425796678));
#2471=CARTESIAN_POINT('',(0.17144144564283,-0.135512253332473,0.018));
#2472=CARTESIAN_POINT('',(0.148832300901669,-0.158200821337872,0.018));
#2473=CARTESIAN_POINT('',(0.150811059334358,-0.161677100248584,0.018));
#2474=CARTESIAN_POINT('',(0.150811059334358,-0.161677100248584,0.018));
#2475=CARTESIAN_POINT('',(0.171354071666017,-0.135463613963892,0.));
#2476=CARTESIAN_POINT('',(0.171402637490475,-0.135376199087042,-0.0331));
#2477=CARTESIAN_POINT('',(0.171459070978514,-0.135407552318579,-0.0330999999999999));
#2478=CARTESIAN_POINT('',(0.171463275141562,-0.135473039622022,-0.0330448425796678));
#2479=CARTESIAN_POINT('',(0.17144144564283,-0.135512253332473,-0.033));
#2480=CARTESIAN_POINT('',(0.150811059334358,-0.161677100248584,-0.0075));
#2481=CARTESIAN_POINT('',(0.150811059334358,-0.161677100248584,-0.033));
#2482=CARTESIAN_POINT('',(0.119439658101918,-0.106563884455176,-0.033));
#2483=CARTESIAN_POINT('',(0.148832300901669,-0.158200821337872,-0.033));
#2484=CARTESIAN_POINT('',(0.150811059334358,-0.161677100248584,-0.033));
#2485=CARTESIAN_POINT('',(0.148592750036861,-0.158348571465377,-0.033));
#2486=CARTESIAN_POINT('',(0.148648207769299,-0.158431784684957,-0.033));
#2487=CARTESIAN_POINT('',(0.148648207769299,-0.158431784684957,-0.0331));
#2488=CARTESIAN_POINT('',(0.148592750036861,-0.158348571465377,-0.0331));
#2489=CARTESIAN_POINT('',(0.148021442531336,-0.158849494503702,-0.033));
#2490=CARTESIAN_POINT('',(0.14802144250956,-0.158849494471028,-0.0331));
#2491=CARTESIAN_POINT('',(0.147976774916026,-0.158759090129036,-0.0331));
#2492=CARTESIAN_POINT('',(0.146667461654355,-0.159460477159178,-0.033));
#2493=CARTESIAN_POINT('',(0.146667461664202,-0.159460477173954,-0.0331));
#2494=CARTESIAN_POINT('',(0.146631638926815,-0.159367242516924,-0.0331));
#2495=CARTESIAN_POINT('',(0.143814861376883,-0.160413707010677,-0.033));
#2496=CARTESIAN_POINT('',(0.143814861371195,-0.160413707002142,-0.0331));
#2497=CARTESIAN_POINT('',(0.143789015291967,-0.160316786773067,-0.0331));
#2498=CARTESIAN_POINT('',(0.140160172056557,-0.161307128601591,-0.033));
#2499=CARTESIAN_POINT('',(0.140160172058503,-0.16130712860452,-0.0331));
#2500=CARTESIAN_POINT('',(0.140138181136758,-0.161209656533284,-0.0331));
#2501=CARTESIAN_POINT('',(0.135756335683042,-0.162251467756345,-0.033));
#2502=CARTESIAN_POINT('',(0.135756335682471,-0.162251467755456,-0.0331));
#2503=CARTESIAN_POINT('',(0.135736150175693,-0.162153496726914,-0.0331));
#2504=CARTESIAN_POINT('',(0.132821266883033,-0.162878456859706,-0.033));
#2505=CARTESIAN_POINT('',(0.132821266883068,-0.162878456859828,-0.0331));
#2506=CARTESIAN_POINT('',(0.132799411850193,-0.162780874292019,-0.0331));
#2507=CARTESIAN_POINT('',(0.131356244504381,-0.163206569892149,-0.033));
#2508=CARTESIAN_POINT('',(0.131356244504381,-0.163206569892149,-0.0331));
#2509=CARTESIAN_POINT('',(0.131334389471515,-0.163108987324349,-0.0331));
#2510=CARTESIAN_POINT('',(0.0932802438107281,-0.165996622468025,0.));
#2511=MECHANICAL_DESIGN_GEOMETRIC_PRESENTATION_REPRESENTATION('',(#887),
#2512);
#2512=(
GEOMETRIC_REPRESENTATION_CONTEXT(3)
GLOBAL_UNCERTAINTY_ASSIGNED_CONTEXT((#2513))
GLOBAL_UNIT_ASSIGNED_CONTEXT((#2516,#2515,#2514))
REPRESENTATION_CONTEXT('Body_Back Paw_ Right_Black',
'TOP_LEVEL_ASSEMBLY_PART')
);
#2513=UNCERTAINTY_MEASURE_WITH_UNIT(LENGTH_MEASURE(2.E-5),#2516,
'DISTANCE_ACCURACY_VALUE','Maximum Tolerance applied to model');
#2514=(
NAMED_UNIT(*)
SI_UNIT($,.STERADIAN.)
SOLID_ANGLE_UNIT()
);
#2515=(
NAMED_UNIT(*)
PLANE_ANGLE_UNIT()
SI_UNIT($,.RADIAN.)
);
#2516=(
LENGTH_UNIT()
NAMED_UNIT(*)
SI_UNIT($,.METRE.)
);
#2517=PRODUCT_DEFINITION_SHAPE('','',#2518);
#2518=PRODUCT_DEFINITION('','',#2520,#2519);
#2519=PRODUCT_DEFINITION_CONTEXT('',#2526,'design');
#2520=PRODUCT_DEFINITION_FORMATION_WITH_SPECIFIED_SOURCE('','',#2522,
 .NOT_KNOWN.);
#2521=PRODUCT_RELATED_PRODUCT_CATEGORY('','',(#2522));
#2522=PRODUCT('Body_Back Paw_ Right_Black','Body_Back Paw_ Right_Black',
'Body_Back Paw_ Right_Black',(#2524));
#2523=PRODUCT_CATEGORY('','');
#2524=PRODUCT_CONTEXT('',#2526,'mechanical');
#2525=APPLICATION_PROTOCOL_DEFINITION('international standard',
'ap242_managed_model_based_3d_engineering',2020,#2526);
#2526=APPLICATION_CONTEXT('managed model based 3d engineering');
ENDSEC;
END-ISO-10303-21;
