ISO-10303-21;
HEADER;
/* Generated by software containing ST-Developer
 * from STEP Tools, Inc. (www.steptools.com) 
 */
/* OPTION: using custom renumber hook */

FILE_DESCRIPTION(
/* description */ ('STEP AP242 Edition 2',
'CAx-IF Rec.Pracs.---Representation and Presentation of Product Manufa
cturing Information (PMI)---4.0---2014-10-13',
'CAx-IF Rec.Pracs.---3D Tessellated Geometry---0.4---2014-09-14','2;1',
'CAx-IF Rec.Pracs.---User Defined Attributes---1.5---2016-08-15'),
/* implementation_level */ '2;1');

FILE_NAME(
/* name */ 'Part Studio 1 - Body_Back Paw_ Left_Black',
/* time_stamp */ '2026-06-21T21:08:35Z',
/* author */ (''),
/* organization */ (''),
/* preprocessor_version */ 'ST-DEVELOPER v20',
/* originating_system */ 'ONSHAPE BY PTC INC, 1.216',
/* authorisation */ '  ');

FILE_SCHEMA (('AP242_MANAGED_MODEL_BASED_3D_ENGINEERING_MIM_LF { 1 0 10303 442 3 1 4 }'));
ENDSEC;

DATA;
#10=SHAPE_REPRESENTATION_RELATIONSHIP('','',#1001,#11);
#11=ADVANCED_BREP_SHAPE_REPRESENTATION('',(#999),#2926);
#12=ORIENTED_CLOSED_SHELL('',*,#990,.F.);
#13=TOROIDAL_SURFACE('',#1045,0.0181725218713428,0.0019);
#14=TOROIDAL_SURFACE('',#1046,0.0194637221168819,0.0019);
#15=TOROIDAL_SURFACE('',#1047,0.0117486445640111,0.0019);
#16=TOROIDAL_SURFACE('',#1048,0.00546452982288295,0.0019);
#17=TOROIDAL_SURFACE('',#1050,0.0589765773250312,0.002);
#18=TOROIDAL_SURFACE('',#1053,0.004,0.002);
#19=TOROIDAL_SURFACE('',#1055,0.0589765773250312,0.002);
#20=TOROIDAL_SURFACE('',#1059,0.004,0.002);
#21=TOROIDAL_SURFACE('',#1063,0.0044384431025959,0.0021);
#22=TOROIDAL_SURFACE('',#1102,0.0589765773250312,0.0001);
#23=TOROIDAL_SURFACE('',#1105,0.004,0.0001);
#24=TOROIDAL_SURFACE('',#1107,0.0589765773250312,0.0001);
#25=TOROIDAL_SURFACE('',#1111,0.004,0.0001);
#26=TOROIDAL_SURFACE('',#1115,0.0044384431025959,0.0002);
#27=(
BOUNDED_SURFACE()
B_SPLINE_SURFACE(3,2,((#1771,#1772,#1773),(#1774,#1775,#1776),(#1777,#1778,
#1779),(#1780,#1781,#1782),(#1783,#1784,#1785),(#1786,#1787,#1788),(#1789,
#1790,#1791),(#1792,#1793,#1794),(#1795,#1796,#1797),(#1798,#1799,#1800),
(#1801,#1802,#1803),(#1804,#1805,#1806),(#1807,#1808,#1809),(#1810,#1811,
#1812),(#1813,#1814,#1815),(#1816,#1817,#1818),(#1819,#1820,#1821),(#1822,
#1823,#1824),(#1825,#1826,#1827),(#1828,#1829,#1830),(#1831,#1832,#1833),
(#1834,#1835,#1836),(#1837,#1838,#1839),(#1840,#1841,#1842),(#1843,#1844,
#1845),(#1846,#1847,#1848),(#1849,#1850,#1851),(#1852,#1853,#1854),(#1855,
#1856,#1857),(#1858,#1859,#1860),(#1861,#1862,#1863),(#1864,#1865,#1866),
(#1867,#1868,#1869),(#1870,#1871,#1872),(#1873,#1874,#1875),(#1876,#1877,
#1878),(#1879,#1880,#1881),(#1882,#1883,#1884),(#1885,#1886,#1887)),
 .UNSPECIFIED.,.F.,.F.,.F.)
B_SPLINE_SURFACE_WITH_KNOTS((4,1,1,1,1,1,1,1,1,1,1,1,1,1,1,1,1,1,1,1,1,
1,1,1,1,1,1,1,1,1,1,1,1,1,1,1,4),(3,3),(-8.93382590128056E-17,0.000934413131866064,
0.00140161969779914,0.00186882626373222,0.0023360328296653,0.00280323939559837,
0.00303684267856491,0.00327044596153145,0.00350404924449799,0.00362085088598126,
0.00373765252746453,0.0038544541689478,0.00391285498968943,0.00397125581043106,
0.0040296566311727,0.00408805745191433,0.00414645827265597,0.0042048590933976,
0.00432166073488087,0.00443846237636414,0.00455526401784741,0.00467206565933068,
0.00490566894229722,0.00513927222526376,0.00560647879119683,0.00607368535712991,
0.00654089192306299,0.00700809848899606,0.00747530505492914,0.00840971818679529,
0.00934413131866145,0.0102785444505276,0.0112129575823938,0.0121473707142599,
0.0130817838461261,0.0140161969779922,0.0149506101098584),(0.,1.),
 .UNSPECIFIED.)
GEOMETRIC_REPRESENTATION_ITEM()
RATIONAL_B_SPLINE_SURFACE(((1.,0.707106781186548,1.),(1.,0.707106781186548,
1.),(1.,0.70710678118655,1.),(1.,0.707106781186547,1.),(1.,0.707106781186548,
1.),(1.,0.707106781186549,1.),(1.,0.707106781186543,1.),(1.,0.707106781186548,
1.),(1.,0.707106781186548,1.),(1.,0.707106781186547,1.),(1.,0.707106781186549,
1.),(1.,0.707106781186543,1.),(1.,0.707106781186548,1.),(1.,0.707106781186548,
1.),(1.,0.707106781186547,1.),(1.,0.707106781186549,1.),(1.,0.707106781186543,
1.),(1.,0.707106781186549,1.),(1.,0.707106781186546,1.),(1.,0.707106781186548,
1.),(1.,0.707106781186548,1.),(1.,0.707106781186547,1.),(1.,0.70710678118655,
1.),(1.,0.707106781186547,1.),(1.,0.707106781186548,1.),(1.,0.707106781186547,
1.),(1.,0.707106781186549,1.),(1.,0.707106781186543,1.),(1.,0.707106781186552,
1.),(1.,0.707106781186545,1.),(1.,0.707106781186548,1.),(1.,0.707106781186546,
1.),(1.,0.707106781186552,1.),(1.,0.707106781186545,1.),(1.,0.707106781186549,
1.),(1.,0.707106781186544,1.),(1.,0.70710678118655,1.),(1.,0.707106781186548,
1.),(1.,0.707106781186548,1.)))
REPRESENTATION_ITEM('')
SURFACE()
);
#28=(
BOUNDED_SURFACE()
B_SPLINE_SURFACE(3,2,((#1897,#1898,#1899),(#1900,#1901,#1902),(#1903,#1904,
#1905),(#1906,#1907,#1908),(#1909,#1910,#1911),(#1912,#1913,#1914),(#1915,
#1916,#1917),(#1918,#1919,#1920),(#1921,#1922,#1923)),.UNSPECIFIED.,.F.,
 .F.,.F.)
B_SPLINE_SURFACE_WITH_KNOTS((4,1,1,1,1,1,4),(3,3),(0.106778489378418,0.106960753318878,
0.107143017259337,0.107507545140256,0.108236600902093,0.108965656663931,
0.109694712425769),(0.,1.),.UNSPECIFIED.)
GEOMETRIC_REPRESENTATION_ITEM()
RATIONAL_B_SPLINE_SURFACE(((1.,0.707106781186548,1.),(1.,0.707106781186548,
1.),(1.,0.707106781186548,1.),(1.,0.707106781186548,1.),(1.,0.707106781186548,
1.),(1.,0.707106781186548,1.),(1.,0.707106781186548,1.),(1.,0.707106781186547,
1.),(1.,0.707106781186547,1.)))
REPRESENTATION_ITEM('')
SURFACE()
);
#29=(
BOUNDED_SURFACE()
B_SPLINE_SURFACE(3,2,((#1962,#1963,#1964),(#1965,#1966,#1967),(#1968,#1969,
#1970),(#1971,#1972,#1973),(#1974,#1975,#1976),(#1977,#1978,#1979),(#1980,
#1981,#1982),(#1983,#1984,#1985),(#1986,#1987,#1988)),.UNSPECIFIED.,.F.,
 .F.,.F.)
B_SPLINE_SURFACE_WITH_KNOTS((4,1,1,1,1,1,4),(3,3),(0.04927713581412,0.0537531304728428,
0.0582291251315656,0.060467122460927,0.0627051197902884,0.0649431171196498,
0.0671811144490112),(0.,1.),.UNSPECIFIED.)
GEOMETRIC_REPRESENTATION_ITEM()
RATIONAL_B_SPLINE_SURFACE(((1.,0.707106781186548,1.),(1.,0.707106781186548,
1.),(1.,0.707106781186548,1.),(1.,0.707106781186547,1.),(1.,0.707106781186548,
1.),(1.,0.707106781186547,1.),(1.,0.707106781186547,1.),(1.,0.707106781186548,
1.),(1.,0.707106781186548,1.)))
REPRESENTATION_ITEM('')
SURFACE()
);
#30=(
BOUNDED_SURFACE()
B_SPLINE_SURFACE(3,2,((#1994,#1995,#1996),(#1997,#1998,#1999),(#2000,#2001,
#2002),(#2003,#2004,#2005),(#2006,#2007,#2008),(#2009,#2010,#2011),(#2012,
#2013,#2014),(#2015,#2016,#2017),(#2018,#2019,#2020),(#2021,#2022,#2023),
(#2024,#2025,#2026),(#2027,#2028,#2029),(#2030,#2031,#2032),(#2033,#2034,
#2035),(#2036,#2037,#2038),(#2039,#2040,#2041),(#2042,#2043,#2044),(#2045,
#2046,#2047),(#2048,#2049,#2050),(#2051,#2052,#2053),(#2054,#2055,#2056),
(#2057,#2058,#2059),(#2060,#2061,#2062),(#2063,#2064,#2065),(#2066,#2067,
#2068),(#2069,#2070,#2071),(#2072,#2073,#2074),(#2075,#2076,#2077),(#2078,
#2079,#2080),(#2081,#2082,#2083),(#2084,#2085,#2086),(#2087,#2088,#2089),
(#2090,#2091,#2092),(#2093,#2094,#2095),(#2096,#2097,#2098),(#2099,#2100,
#2101),(#2102,#2103,#2104),(#2105,#2106,#2107),(#2108,#2109,#2110),(#2111,
#2112,#2113),(#2114,#2115,#2116)),.UNSPECIFIED.,.F.,.F.,.F.)
B_SPLINE_SURFACE_WITH_KNOTS((4,1,1,1,1,1,1,1,1,1,1,1,1,1,1,1,1,1,1,1,1,
1,1,1,1,1,1,1,1,1,1,1,1,1,1,1,1,1,4),(3,3),(0.0792382460593349,0.0801533529927199,
0.0810684599261048,0.0819835668594898,0.0828986737928748,0.0847288876596448,
0.0865591015264147,0.0883893153931847,0.0902195292599546,0.0920497431267246,
0.0938799569934945,0.0957101708602645,0.0975403847270344,0.0993705985938044,
0.100285705527189,0.101200812460574,0.102115919393959,0.102573472860652,
0.103031026327344,0.103488579794037,0.103717356527383,0.103946133260729,
0.104174909994076,0.104403686727422,0.104632463460768,0.104746851827441,
0.104861240194114,0.104975628560787,0.105090016927461,0.105318793660807,
0.105547570394153,0.105776347127499,0.106233900594192,0.106691454060884,
0.107149007527577,0.107377784260923,0.107606560994269,0.108064114460962,
0.108521667927654),(0.,1.),.UNSPECIFIED.)
GEOMETRIC_REPRESENTATION_ITEM()
RATIONAL_B_SPLINE_SURFACE(((1.,0.707106781186548,1.),(1.,0.707106781186548,
1.),(1.,0.707106781186548,1.),(1.,0.707106781186547,1.),(1.,0.707106781186548,
1.),(1.,0.707106781186547,1.),(1.,0.707106781186548,1.),(1.,0.707106781186547,
1.),(1.,0.707106781186547,1.),(1.,0.707106781186548,1.),(1.,0.707106781186548,
1.),(1.,0.707106781186548,1.),(1.,0.707106781186547,1.),(1.,0.707106781186548,
1.),(1.,0.707106781186548,1.),(1.,0.707106781186547,1.),(1.,0.707106781186548,
1.),(1.,0.707106781186548,1.),(1.,0.707106781186547,1.),(1.,0.707106781186547,
1.),(1.,0.707106781186548,1.),(1.,0.707106781186547,1.),(1.,0.707106781186548,
1.),(1.,0.707106781186547,1.),(1.,0.707106781186548,1.),(1.,0.707106781186548,
1.),(1.,0.707106781186547,1.),(1.,0.707106781186547,1.),(1.,0.707106781186548,
1.),(1.,0.707106781186548,1.),(1.,0.707106781186548,1.),(1.,0.707106781186547,
1.),(1.,0.707106781186547,1.),(1.,0.707106781186548,1.),(1.,0.707106781186547,
1.),(1.,0.707106781186547,1.),(1.,0.707106781186547,1.),(1.,0.707106781186547,
1.),(1.,0.707106781186548,1.),(1.,0.707106781186548,1.),(1.,0.707106781186548,
1.)))
REPRESENTATION_ITEM('')
SURFACE()
);
#31=(
BOUNDED_SURFACE()
B_SPLINE_SURFACE(2,3,((#2125,#2126,#2127,#2128,#2129,#2130,#2131,#2132,
#2133,#2134),(#2135,#2136,#2137,#2138,#2139,#2140,#2141,#2142,#2143,#2144),
(#2145,#2146,#2147,#2148,#2149,#2150,#2151,#2152,#2153,#2154)),
 .UNSPECIFIED.,.F.,.F.,.F.)
B_SPLINE_SURFACE_WITH_KNOTS((3,3),(4,2,2,2,4),(0.,1.),(0.,0.0013556063911962,
0.00271121278239239,0.00406681917358859,0.00542242556478479),
 .UNSPECIFIED.)
GEOMETRIC_REPRESENTATION_ITEM()
RATIONAL_B_SPLINE_SURFACE(((1.,1.,1.,1.,1.,1.,1.,1.,1.,1.),(0.707106781186547,
0.707106781186547,0.707106781186547,0.707106781186547,0.707106781186548,
0.707106781186548,0.707106781186547,0.707106781186547,0.707106781186548,
0.707106781186548),(1.,1.,1.,1.,1.,1.,1.,1.,1.,1.)))
REPRESENTATION_ITEM('')
SURFACE()
);
#32=(
BOUNDED_SURFACE()
B_SPLINE_SURFACE(3,2,((#2186,#2187,#2188),(#2189,#2190,#2191),(#2192,#2193,
#2194),(#2195,#2196,#2197)),.UNSPECIFIED.,.F.,.F.,.F.)
B_SPLINE_SURFACE_WITH_KNOTS((4,4),(3,3),(-2.89147036177613E-6,2.42229353457488E-5),
(0.,1.),.PIECEWISE_BEZIER_KNOTS.)
GEOMETRIC_REPRESENTATION_ITEM()
RATIONAL_B_SPLINE_SURFACE(((1.,1.,1.),(1.,0.999999999774528,1.),(1.,0.999267246348197,
1.),(1.,0.997801637928373,1.)))
REPRESENTATION_ITEM('')
SURFACE()
);
#33=(
BOUNDED_SURFACE()
B_SPLINE_SURFACE(3,2,((#2199,#2200,#2201),(#2202,#2203,#2204),(#2205,#2206,
#2207),(#2208,#2209,#2210),(#2211,#2212,#2213),(#2214,#2215,#2216),(#2217,
#2218,#2219),(#2220,#2221,#2222),(#2223,#2224,#2225),(#2226,#2227,#2228),
(#2229,#2230,#2231),(#2232,#2233,#2234),(#2235,#2236,#2237),(#2238,#2239,
#2240),(#2241,#2242,#2243),(#2244,#2245,#2246),(#2247,#2248,#2249)),
 .UNSPECIFIED.,.F.,.F.,.F.)
B_SPLINE_SURFACE_WITH_KNOTS((4,1,1,1,1,1,1,1,1,1,1,1,1,1,4),(3,3),(1.05980762360458E-17,
8.14804229366237E-5,0.000162960845873237,0.00024444126880985,0.000325921691746463,
0.000488882537619689,0.000651843383492916,0.000814804229366142,0.000977765075239368,
0.00130368676698582,0.00162960845873227,0.0017925693046055,0.00195553015047873,
0.00228145184222518,0.00260737353397163),(0.,1.),.UNSPECIFIED.)
GEOMETRIC_REPRESENTATION_ITEM()
RATIONAL_B_SPLINE_SURFACE(((1.,0.997801637928395,1.),(1.,0.995561012654623,
1.),(1.,0.989814973020413,1.),(1.,0.982581934924177,1.),(1.,0.976205014021965,
1.),(1.,0.969264621594813,1.),(1.,0.963334471778426,1.),(1.,0.960406559816353,
1.),(1.,0.961165340980734,1.),(1.,0.96610597959576,1.),(1.,0.976978817060266,
1.),(1.,0.983912456099711,1.),(1.,0.968506968635819,1.),(1.,0.930378721489469,
1.),(1.,0.8568703650906,1.),(1.,0.765881923603436,1.),(1.,0.707106781186517,
1.)))
REPRESENTATION_ITEM('')
SURFACE()
);
#34=(
BOUNDED_SURFACE()
B_SPLINE_SURFACE(3,2,((#2806,#2807,#2808),(#2809,#2810,#2811),(#2812,#2813,
#2814),(#2815,#2816,#2817),(#2818,#2819,#2820),(#2821,#2822,#2823),(#2824,
#2825,#2826),(#2827,#2828,#2829)),.UNSPECIFIED.,.F.,.F.,.F.)
B_SPLINE_SURFACE_WITH_KNOTS((4,1,1,1,1,4),(3,3),(0.04927713581412,0.0537531304728428,
0.0582291251315656,0.0627051197902884,0.0649431171196498,0.0671811144490112),
(0.,1.),.UNSPECIFIED.)
GEOMETRIC_REPRESENTATION_ITEM()
RATIONAL_B_SPLINE_SURFACE(((1.,0.707106781186548,1.),(1.,0.707106781186548,
1.),(1.,0.707106781186559,1.),(1.,0.707106781186508,1.),(1.,0.707106781186663,
1.),(1.,0.707106781186525,1.),(1.,0.707106781186548,1.),(1.,0.707106781186548,
1.)))
REPRESENTATION_ITEM('')
SURFACE()
);
#35=(
BOUNDED_SURFACE()
B_SPLINE_SURFACE(3,2,((#2834,#2835,#2836),(#2837,#2838,#2839),(#2840,#2841,
#2842),(#2843,#2844,#2845),(#2846,#2847,#2848),(#2849,#2850,#2851),(#2852,
#2853,#2854),(#2855,#2856,#2857),(#2858,#2859,#2860),(#2861,#2862,#2863),
(#2864,#2865,#2866),(#2867,#2868,#2869),(#2870,#2871,#2872),(#2873,#2874,
#2875),(#2876,#2877,#2878),(#2879,#2880,#2881),(#2882,#2883,#2884),(#2885,
#2886,#2887),(#2888,#2889,#2890),(#2891,#2892,#2893),(#2894,#2895,#2896),
(#2897,#2898,#2899),(#2900,#2901,#2902),(#2903,#2904,#2905),(#2906,#2907,
#2908),(#2909,#2910,#2911),(#2912,#2913,#2914),(#2915,#2916,#2917)),
 .UNSPECIFIED.,.F.,.F.,.F.)
B_SPLINE_SURFACE_WITH_KNOTS((4,1,1,1,1,1,1,1,1,1,1,1,1,1,1,1,1,1,1,1,1,
1,1,1,1,4),(3,3),(0.0792249061962869,0.0811957444527392,0.0831665827091915,
0.0851374209656438,0.0871082592220961,0.0910499357350006,0.0930207739914529,
0.0949916122479052,0.0969624505043575,0.0989332887608098,0.100904127017262,
0.101889546145488,0.102874965273714,0.103367674837827,0.103860384401941,
0.104353093966054,0.10459944874811,0.104845803530167,0.105092158312223,
0.10533851309428,0.105831222658393,0.106323932222506,0.106816641786619,
0.107802060914845,0.108787480043071,0.110758318299524),(0.,1.),
 .UNSPECIFIED.)
GEOMETRIC_REPRESENTATION_ITEM()
RATIONAL_B_SPLINE_SURFACE(((1.,0.707106781186548,1.),(1.,0.707106781186547,
1.),(1.,0.707106781186547,1.),(1.,0.707106781186552,1.),(1.,0.707106781186532,
1.),(1.,0.707106781186557,1.),(1.,0.707106781186545,1.),(1.,0.70710678118655,
1.),(1.,0.707106781186541,1.),(1.,0.707106781186549,1.),(1.,0.707106781186547,
1.),(1.,0.707106781186548,1.),(1.,0.707106781186548,1.),(1.,0.707106781186546,
1.),(1.,0.707106781186551,1.),(1.,0.707106781186549,1.),(1.,0.70710678118654,
1.),(1.,0.707106781186553,1.),(1.,0.707106781186546,1.),(1.,0.707106781186548,
1.),(1.,0.707106781186547,1.),(1.,0.707106781186547,1.),(1.,0.707106781186551,
1.),(1.,0.707106781186546,1.),(1.,0.707106781186548,1.),(1.,0.707106781186547,
1.),(1.,0.707106781186547,1.),(1.,0.707106781186548,1.)))
REPRESENTATION_ITEM('')
SURFACE()
);
#36=(
BOUNDED_CURVE()
B_SPLINE_CURVE(3,(#1688,#1689,#1690,#1691,#1692,#1693,#1694,#1695,#1696,
#1697),.UNSPECIFIED.,.F.,.F.)
B_SPLINE_CURVE_WITH_KNOTS((4,2,2,2,4),(0.,0.0013556063911962,0.00271121278239239,
0.00406681917358859,0.00542242556478479),.UNSPECIFIED.)
CURVE()
GEOMETRIC_REPRESENTATION_ITEM()
RATIONAL_B_SPLINE_CURVE((1.,1.,1.,1.,1.,1.,1.,1.,1.,1.))
REPRESENTATION_ITEM('')
);
#37=PLANE('',#1028);
#38=PLANE('',#1034);
#39=PLANE('',#1090);
#40=PLANE('',#1096);
#41=B_SPLINE_CURVE_WITH_KNOTS('',3,(#1397,#1398,#1399,#1400,#1401,#1402,
#1403,#1404),.UNSPECIFIED.,.F.,.F.,(4,1,1,1,1,4),(5.8858768439533E-5,0.00236704084504186,
0.00467522292164419,0.00929158707484884,0.0139079512280535,0.0185243153812581),
 .UNSPECIFIED.);
#42=B_SPLINE_CURVE_WITH_KNOTS('',3,(#1408,#1409,#1410,#1411),
 .UNSPECIFIED.,.F.,.F.,(4,4),(0.,0.231837524330963),.UNSPECIFIED.);
#43=B_SPLINE_CURVE_WITH_KNOTS('',3,(#1413,#1414,#1415,#1416,#1417),
 .UNSPECIFIED.,.F.,.F.,(4,1,4),(3.5381555418773E-17,0.00195237008998826,
0.00390474017997648),.UNSPECIFIED.);
#44=B_SPLINE_CURVE_WITH_KNOTS('',3,(#1450,#1451,#1452,#1453,#1454,#1455,
#1456,#1457,#1458,#1459,#1460,#1461,#1462,#1463,#1464,#1465,#1466,#1467,
#1468,#1469),.UNSPECIFIED.,.F.,.F.,(4,1,1,1,1,1,1,1,1,1,1,1,1,1,1,1,1,4),
(-5.99999999342823E-8,0.00190821708663142,0.00381649417326277,0.00572477125989412,
0.00763304834652547,0.0114496025197882,0.0152661566930509,0.0171744337796822,
0.0190827108663136,0.0209909879529449,0.0228992650395763,0.023853403582892,
0.0248075421262076,0.0257616806695233,0.026715819212839,0.0276699577561547,
0.0286240962994703,0.0305323733861017),.UNSPECIFIED.);
#45=B_SPLINE_CURVE_WITH_KNOTS('',3,(#1473,#1474,#1475,#1476,#1477,#1478,
#1479),.UNSPECIFIED.,.F.,.F.,(4,1,1,1,4),(0.,0.214344227239876,0.538008156567509,
0.814394088848381,1.),.UNSPECIFIED.);
#46=B_SPLINE_CURVE_WITH_KNOTS('',3,(#1481,#1482,#1483,#1484,#1485),
 .UNSPECIFIED.,.F.,.F.,(4,1,4),(6.9928938926747E-18,0.00163206858434714,
0.00326413716869428),.UNSPECIFIED.);
#47=B_SPLINE_CURVE_WITH_KNOTS('',3,(#1489,#1490,#1491,#1492,#1493),
 .UNSPECIFIED.,.F.,.F.,(4,1,4),(6.93889390390723E-18,0.00154887908657327,
0.00309775817314654),.UNSPECIFIED.);
#48=B_SPLINE_CURVE_WITH_KNOTS('',3,(#1557,#1558,#1559,#1560,#1561,#1562,
#1563,#1564,#1565),.UNSPECIFIED.,.F.,.F.,(4,1,1,1,1,1,4),(0.,0.165187463910662,
0.309483441331806,0.462360665737831,0.65430233607149,0.830219540757526,
1.),.UNSPECIFIED.);
#49=B_SPLINE_CURVE_WITH_KNOTS('',3,(#1570,#1571,#1572,#1573,#1574,#1575,
#1576,#1577,#1578,#1579),.UNSPECIFIED.,.F.,.F.,(4,1,1,1,1,1,1,4),(0.,0.000257153033633463,
0.000514306067266926,0.00102861213453385,0.00154291820180078,0.0020572242690677,
0.00308583640360155,0.0041144485381354),.UNSPECIFIED.);
#50=B_SPLINE_CURVE_WITH_KNOTS('',3,(#1581,#1582,#1583,#1584,#1585,#1586,
#1587,#1588,#1589,#1590,#1591,#1592,#1593,#1594,#1595,#1596,#1597,#1598,
#1599,#1600,#1601,#1602,#1603),.UNSPECIFIED.,.F.,.F.,(4,1,1,1,1,1,1,1,1,
1,1,1,1,1,1,1,1,1,1,1,4),(0.00417709071311765,0.00514669762428616,0.00611630453545467,
0.00660110799103893,0.00708591144662318,0.00757071490220744,0.0080555183577917,
0.00829792008558383,0.00854032181337595,0.00878272354116808,0.00902512526896021,
0.00950992872454447,0.00999473218012872,0.0109643390912972,0.0119339460024657,
0.0129035529136343,0.0138731598248028,0.0148427667359713,0.0158123736471398,
0.0177515874694768,0.0196908012918139),.UNSPECIFIED.);
#51=B_SPLINE_CURVE_WITH_KNOTS('',3,(#1638,#1639,#1640,#1641,#1642,#1643,
#1644,#1645,#1646),.UNSPECIFIED.,.F.,.F.,(4,1,1,1,1,1,4),(0.,0.000911906495483111,
0.00182381299096622,0.00273571948644933,0.00364762598193244,0.00547143897289867,
0.00729525196386489),.UNSPECIFIED.);
#52=B_SPLINE_CURVE_WITH_KNOTS('',3,(#1648,#1649,#1650,#1651,#1652,#1653,
#1654,#1655),.UNSPECIFIED.,.F.,.F.,(4,1,3,4),(0.670642814806495,0.772931500947674,
1.,2.31742874077402),.UNSPECIFIED.);
#53=B_SPLINE_CURVE_WITH_KNOTS('',3,(#1659,#1660,#1661,#1662,#1663),
 .UNSPECIFIED.,.F.,.F.,(4,1,4),(0.670642814806495,0.772931500947674,1.),
 .UNSPECIFIED.);
#54=B_SPLINE_CURVE_WITH_KNOTS('',3,(#1703,#1704,#1705,#1706),
 .UNSPECIFIED.,.F.,.F.,(4,4),(0.,0.00216546054846851),.UNSPECIFIED.);
#55=B_SPLINE_CURVE_WITH_KNOTS('',3,(#1707,#1708,#1709,#1710,#1711,#1712,
#1713,#1714,#1715,#1716,#1717,#1718,#1719,#1720,#1721,#1722,#1723,#1724,
#1725,#1726,#1727,#1728),.UNSPECIFIED.,.F.,.F.,(4,1,1,1,1,1,1,1,1,1,1,1,
1,1,1,1,1,1,1,4),(0.0271051926723222,0.0279870746626767,0.0288689566530312,
0.0297508386433857,0.0301917796385629,0.0306327206337402,0.0310736616289174,
0.0315146026240947,0.0323964846144492,0.0332783666048037,0.0341602485951582,
0.0359240125758671,0.0376877765565761,0.0394515405372851,0.0412153045179941,
0.0447428324794121,0.0482703604408301,0.050034124421539,0.051797888402248,
0.055325416363666),.UNSPECIFIED.);
#56=B_SPLINE_CURVE_WITH_KNOTS('',3,(#1730,#1731,#1732,#1733,#1734,#1735,
#1736,#1737),.UNSPECIFIED.,.F.,.F.,(4,1,1,1,1,4),(0.,0.0044490206818125,
0.008898041363625,0.0133470620454375,0.0155715723863438,0.01779608272725),
 .UNSPECIFIED.);
#57=B_SPLINE_CURVE_WITH_KNOTS('',3,(#1748,#1749,#1750,#1751,#1752,#1753,
#1754,#1755,#1756,#1757,#1758,#1759,#1760,#1761,#1762,#1763,#1764,#1765,
#1766,#1767,#1768,#1769,#1770),.UNSPECIFIED.,.F.,.F.,(4,1,1,1,1,1,1,1,1,
1,1,1,1,1,1,1,1,1,1,1,4),(0.,0.000934413131866125,0.00186882626373225,0.00233603282966531,
0.00280323939559837,0.00327044596153144,0.0037376525274645,0.00397125581043103,
0.00420485909339756,0.00467206565933062,0.00560647879119675,0.00654089192306287,
0.007475305054929,0.00840971818679512,0.00934413131866125,0.0102785444505274,
0.0112129575823935,0.0121473707142596,0.0130817838461257,0.0140161969779919,
0.014950610109858),.UNSPECIFIED.);
#58=B_SPLINE_CURVE_WITH_KNOTS('',3,(#1891,#1892,#1893,#1894,#1895),
 .UNSPECIFIED.,.F.,.F.,(4,1,4),(0.,0.00148466530748112,0.00296933061496225),
 .UNSPECIFIED.);
#59=B_SPLINE_CURVE_WITH_KNOTS('',3,(#1924,#1925,#1926,#1927,#1928,#1929,
#1930),.UNSPECIFIED.,.F.,.F.,(4,1,1,1,4),(0.,0.00108603640595966,0.00217207281191933,
0.00325810921787899,0.00434414562383865),.UNSPECIFIED.);
#60=B_SPLINE_CURVE_WITH_KNOTS('',3,(#1932,#1933,#1934,#1935,#1936),
 .UNSPECIFIED.,.F.,.F.,(4,1,4),(0.,0.00150800624729815,0.0030160124945963),
 .UNSPECIFIED.);
#61=B_SPLINE_CURVE_WITH_KNOTS('',3,(#1941,#1942,#1943,#1944,#1945,#1946),
 .UNSPECIFIED.,.F.,.F.,(4,1,1,4),(0.,0.000958065511696573,0.00191613102339315,
0.00383226204678629),.UNSPECIFIED.);
#62=B_SPLINE_CURVE_WITH_KNOTS('',3,(#1948,#1949,#1950,#1951,#1952,#1953),
 .UNSPECIFIED.,.F.,.F.,(4,1,1,4),(0.,0.000958065511696573,0.00191613102339315,
0.00383226204678629),.UNSPECIFIED.);
#63=B_SPLINE_CURVE_WITH_KNOTS('',3,(#1989,#1990,#1991,#1992,#1993),
 .UNSPECIFIED.,.F.,.F.,(4,1,4),(2.11038219202008E-17,0.00156240026631843,
0.00312480053263683),.UNSPECIFIED.);
#64=B_SPLINE_CURVE_WITH_KNOTS('',3,(#2118,#2119,#2120,#2121,#2122,#2123,
#2124),.UNSPECIFIED.,.F.,.F.,(4,1,1,1,4),(0.,0.25,0.5,0.75,1.),
 .UNSPECIFIED.);
#65=B_SPLINE_CURVE_WITH_KNOTS('',3,(#2155,#2156,#2157,#2158,#2159),
 .UNSPECIFIED.,.F.,.F.,(4,1,4),(0.,0.5,1.),.UNSPECIFIED.);
#66=B_SPLINE_CURVE_WITH_KNOTS('',3,(#2161,#2162,#2163,#2164),
 .UNSPECIFIED.,.F.,.F.,(4,4),(0.,0.000204505744783319),.UNSPECIFIED.);
#67=B_SPLINE_CURVE_WITH_KNOTS('',3,(#2166,#2167,#2168,#2169),
 .UNSPECIFIED.,.F.,.F.,(4,4),(1.4304896245382E-17,0.000201057825997185),
 .UNSPECIFIED.);
#68=B_SPLINE_CURVE_WITH_KNOTS('',3,(#2171,#2172,#2173,#2174,#2175,#2176,
#2177,#2178,#2179,#2180,#2181,#2182,#2183,#2184,#2185),.UNSPECIFIED.,.F.,
 .F.,(4,1,1,1,1,1,1,1,1,1,1,1,4),(0.,0.000680715616213379,0.00136143123242676,
0.00170178904053345,0.00204214684864014,0.00238250465674683,0.00272286246485351,
0.0030632202729602,0.00340357808106689,0.00374393588917358,0.00408429369728027,
0.00476500931349365,0.00544572492970703),.UNSPECIFIED.);
#69=B_SPLINE_CURVE_WITH_KNOTS('',3,(#2310,#2311,#2312,#2313,#2314,#2315,
#2316,#2317,#2318),.UNSPECIFIED.,.F.,.F.,(4,1,1,1,1,1,4),(0.00824698419407122,
0.256185238145553,0.380154365121295,0.504123492097036,0.628092619072777,
0.752061746048518,1.),.UNSPECIFIED.);
#70=B_SPLINE_CURVE_WITH_KNOTS('',3,(#2321,#2322,#2323,#2324),
 .UNSPECIFIED.,.F.,.F.,(4,4),(0.,1.),.UNSPECIFIED.);
#71=B_SPLINE_CURVE_WITH_KNOTS('',3,(#2326,#2327,#2328,#2329,#2330,#2331,
#2332,#2333,#2334,#2335,#2336,#2337,#2338),.UNSPECIFIED.,.F.,.F.,(4,1,1,
1,1,1,1,1,1,1,4),(0.,0.12420566642099,0.186308499631484,0.248411332841979,
0.310514166052474,0.372616999262969,0.496822665683958,0.621028332104948,
0.745233998525938,0.869439664946927,0.993645331367917),.UNSPECIFIED.);
#72=B_SPLINE_CURVE_WITH_KNOTS('',3,(#2363,#2364,#2365,#2366),
 .UNSPECIFIED.,.F.,.F.,(4,4),(0.,0.000748699138662611),.UNSPECIFIED.);
#73=B_SPLINE_CURVE_WITH_KNOTS('',3,(#2368,#2369,#2370,#2371,#2372,#2373,
#2374),.UNSPECIFIED.,.F.,.F.,(4,1,1,1,4),(0.,0.00427075535521699,0.00854151071043397,
0.012812266065651,0.0170830214208679),.UNSPECIFIED.);
#74=B_SPLINE_CURVE_WITH_KNOTS('',3,(#2378,#2379,#2380,#2381,#2382,#2383,
#2384,#2385),.UNSPECIFIED.,.F.,.F.,(4,1,1,1,1,4),(0.0659043067007512,0.0681452597676453,
0.0703862128345395,0.0748681189683277,0.079350025102116,0.0838319312359043),
 .UNSPECIFIED.);
#75=B_SPLINE_CURVE_WITH_KNOTS('',3,(#2446,#2447,#2448,#2449,#2450,#2451,
#2452,#2453,#2454,#2455,#2456,#2457,#2458,#2459,#2460,#2461,#2462,#2463,
#2464,#2465,#2466,#2467),.UNSPECIFIED.,.F.,.F.,(4,1,1,1,1,1,1,1,1,1,1,1,
1,1,1,1,1,1,1,4),(0.,0.00192268188603178,0.00288402282904767,0.00384536377206356,
0.00480670471507945,0.00528737518658739,0.00576804565809534,0.00624871612960328,
0.00672938660111122,0.00769072754412711,0.008652068487143,0.00961340943015889,
0.0115360913161907,0.0134587732022224,0.0153814550882542,0.017304136974286,
0.0192268188603178,0.0230721826323813,0.0269175464044449,0.0307629101765085),
 .UNSPECIFIED.);
#76=B_SPLINE_CURVE_WITH_KNOTS('',3,(#2471,#2472,#2473,#2474,#2475,#2476,
#2477,#2478,#2479,#2480,#2481,#2482,#2483,#2484,#2485,#2486,#2487,#2488,
#2489,#2490,#2491,#2492),.UNSPECIFIED.,.F.,.F.,(4,1,1,1,1,1,1,1,1,1,1,1,
1,1,1,1,1,1,1,4),(0.0682,0.0701117667007973,0.0710676500511959,0.0720235334015945,
0.0729794167519932,0.0734573584271925,0.0739353001023918,0.0744132417775911,
0.0748911834527904,0.075847066803189,0.0768029501535877,0.0777588335039863,
0.0796706002047836,0.0815823669055808,0.0834941336063781,0.0854059003071754,
0.0873176670079726,0.0911412004095671,0.0949647338111617,0.0987882672127562),
 .UNSPECIFIED.);
#77=B_SPLINE_CURVE_WITH_KNOTS('',3,(#2502,#2503,#2504,#2505),
 .UNSPECIFIED.,.F.,.F.,(4,4),(0.,0.0001699962602002),.UNSPECIFIED.);
#78=B_SPLINE_CURVE_WITH_KNOTS('',3,(#2590,#2591,#2592,#2593,#2594,#2595,
#2596,#2597,#2598,#2599,#2600,#2601,#2602,#2603,#2604,#2605,#2606,#2607,
#2608,#2609,#2610,#2611,#2612,#2613,#2614,#2615),.UNSPECIFIED.,.F.,.F.,
(4,1,1,1,1,1,1,1,1,1,1,1,1,1,1,1,1,1,1,1,1,1,1,4),(0.,0.00111103295274371,
0.00166654942911556,0.00222206590548741,0.00333309885823112,0.00444413181097482,
0.00555516476371853,0.00666619771646223,0.00777723066920594,0.00888826362194964,
0.00999929657469335,0.0111103295274371,0.0116658460038089,0.0122213624801808,
0.0127768789565526,0.0133323954329245,0.0136101536711104,0.0138879119092963,
0.0141656701474822,0.0144434283856682,0.01499894486204,0.0155544613384119,
0.0166654942911556,0.0177765272438993),.UNSPECIFIED.);
#79=B_SPLINE_CURVE_WITH_KNOTS('',3,(#2620,#2621,#2622,#2623,#2624,#2625,
#2626,#2627,#2628,#2629,#2630,#2631,#2632,#2633,#2634,#2635,#2636,#2637,
#2638,#2639,#2640,#2641,#2642),.UNSPECIFIED.,.F.,.F.,(4,1,1,1,1,1,1,1,1,
1,1,1,1,1,1,1,1,1,1,1,4),(0.,0.000933563453694589,0.00186712690738918,0.00233390863423647,
0.00280069036108377,0.00326747208793106,0.00373425381477836,0.003967644678202,
0.00420103554162565,0.00466781726847295,0.00560138072216753,0.00653494417586212,
0.00746850762955671,0.0084020710832513,0.00933563453694589,0.0102691979906405,
0.0112027614443351,0.0121363248980297,0.0130698883517242,0.0140034518054188,
0.0149370152591134),.UNSPECIFIED.);
#80=B_SPLINE_CURVE_WITH_KNOTS('',3,(#2644,#2645,#2646,#2647,#2648,#2649,
#2650,#2651,#2652,#2653,#2654),.UNSPECIFIED.,.F.,.F.,(4,1,1,1,1,1,1,1,4),
(3.7527806648313E-17,0.000162960840338493,0.000325921680676949,0.00065184336135386,
0.000977765042030771,0.00130368672270768,0.00162960840338459,0.0019555300840615,
0.00260737344541533),.UNSPECIFIED.);
#81=B_SPLINE_CURVE_WITH_KNOTS('',3,(#2705,#2706,#2707,#2708,#2709,#2710,
#2711,#2712,#2713),.UNSPECIFIED.,.F.,.F.,(4,1,1,1,1,1,4),(0.,0.00338988305704784,
0.00677976611409569,0.0135595322281914,0.0203392983422871,0.0237291813993349,
0.0271190644563828),.UNSPECIFIED.);
#82=B_SPLINE_CURVE_WITH_KNOTS('',3,(#2717,#2718,#2719,#2720,#2721,#2722,
#2723,#2724,#2725),.UNSPECIFIED.,.F.,.F.,(4,1,1,1,1,1,4),(0.,0.0033898830570479,
0.00677976611409581,0.0135595322281916,0.0203392983422874,0.0237291813993353,
0.0271190644563832),.UNSPECIFIED.);
#83=B_SPLINE_CURVE_WITH_KNOTS('',3,(#2754,#2755,#2756,#2757,#2758,#2759,
#2760,#2761),.UNSPECIFIED.,.F.,.F.,(4,1,1,1,1,4),(0.,0.00444556258052786,
0.00889112516105573,0.0133366877415836,0.0155594690318475,0.0177822503221115),
 .UNSPECIFIED.);
#84=B_SPLINE_CURVE_WITH_KNOTS('',3,(#2763,#2764,#2765,#2766,#2767,#2768,
#2769,#2770,#2771,#2772,#2773,#2774,#2775,#2776,#2777,#2778,#2779,#2780,
#2781,#2782,#2783,#2784,#2785),.UNSPECIFIED.,.F.,.F.,(4,1,1,1,1,1,1,1,1,
1,1,1,1,1,1,1,1,1,1,1,4),(0.,0.0019018152551919,0.00285272288278785,0.0038036305103838,
0.00475453813797975,0.00522999195177773,0.0057054457655757,0.00618089957937368,
0.00665635339317165,0.00713180720696963,0.0076072610207676,0.00855816864836355,
0.0095090762759595,0.0114108915311514,0.0133127067863433,0.0152145220415352,
0.0171163372967271,0.019018152551919,0.0228217830623028,0.0266254135726866,
0.0304290440830704),.UNSPECIFIED.);
#85=B_SPLINE_CURVE_WITH_KNOTS('',3,(#2789,#2790,#2791,#2792),
 .UNSPECIFIED.,.F.,.F.,(4,4),(0.,0.000190329110969761),.UNSPECIFIED.);
#86=B_SPLINE_CURVE_WITH_KNOTS('',3,(#2794,#2795,#2796,#2797),
 .UNSPECIFIED.,.F.,.F.,(4,4),(0.,0.000190329110969765),.UNSPECIFIED.);
#87=B_SPLINE_CURVE_WITH_KNOTS('',3,(#2830,#2831,#2832,#2833),
 .UNSPECIFIED.,.F.,.F.,(4,4),(0.,1.),.UNSPECIFIED.);
#88=B_SPLINE_CURVE_WITH_KNOTS('',3,(#2920,#2921,#2922,#2923),
 .UNSPECIFIED.,.F.,.F.,(4,4),(3.92523114670944E-17,2.71144149711838E-5),
 .UNSPECIFIED.);
#89=B_SPLINE_SURFACE_WITH_KNOTS('',3,1,((#1386,#1387),(#1388,#1389),(#1390,
#1391),(#1392,#1393)),.SURF_OF_LINEAR_EXTRUSION.,.F.,.F.,.F.,(4,4),(2,2),
(-5.59696646010068E-11,0.230673032022259),(0.,1.),
 .PIECEWISE_BEZIER_KNOTS.);
#90=B_SPLINE_SURFACE_WITH_KNOTS('',3,1,((#1418,#1419),(#1420,#1421),(#1422,
#1423),(#1424,#1425),(#1426,#1427),(#1428,#1429),(#1430,#1431),(#1432,#1433),
(#1434,#1435),(#1436,#1437),(#1438,#1439),(#1440,#1441),(#1442,#1443),(#1444,
#1445),(#1446,#1447),(#1448,#1449)),.SURF_OF_LINEAR_EXTRUSION.,.F.,.F.,
 .F.,(4,1,1,1,1,1,1,1,1,1,1,1,1,4),(2,2),(0.,0.125,0.1875,0.25,0.3125,0.375,
0.4375,0.5,0.5625,0.625,0.75,0.8125,0.875,1.),(0.,1.),.UNSPECIFIED.);
#91=B_SPLINE_SURFACE_WITH_KNOTS('',3,1,((#1515,#1516),(#1517,#1518),(#1519,
#1520),(#1521,#1522),(#1523,#1524),(#1525,#1526),(#1527,#1528),(#1529,#1530),
(#1531,#1532),(#1533,#1534),(#1535,#1536),(#1537,#1538),(#1539,#1540),(#1541,
#1542),(#1543,#1544),(#1545,#1546),(#1547,#1548),(#1549,#1550),(#1551,#1552),
(#1553,#1554),(#1555,#1556)),.SURF_OF_LINEAR_EXTRUSION.,.F.,.F.,.F.,(4,
1,1,1,1,1,1,1,1,1,1,1,1,1,1,1,1,1,4),(2,2),(0.00321669985233106,0.0655156561115604,
0.12781461237079,0.190113568630019,0.252412524889248,0.314711481148478,
0.377010437407707,0.439309393666936,0.470458871796551,0.501608349926166,
0.563907306185395,0.626206262444624,0.657355740574239,0.688505218703853,
0.750804174963083,0.813103131222312,0.875402087481541,0.937701043740771,
1.),(0.,1.),.UNSPECIFIED.);
#92=B_SPLINE_SURFACE_WITH_KNOTS('',3,1,((#1618,#1619),(#1620,#1621),(#1622,
#1623),(#1624,#1625),(#1626,#1627),(#1628,#1629),(#1630,#1631),(#1632,#1633),
(#1634,#1635),(#1636,#1637)),.SURF_OF_LINEAR_EXTRUSION.,.F.,.F.,.F.,(4,
1,1,1,1,1,1,4),(2,2),(0.670642814806495,0.772899003543014,0.875155192279533,
0.926283286647793,0.977411381016052,1.00297542820018,1.02853947538431,1.07966756975257),
(0.,1.),.UNSPECIFIED.);
#93=B_SPLINE_SURFACE_WITH_KNOTS('',3,3,((#2250,#2251,#2252,#2253,#2254,
#2255,#2256,#2257,#2258,#2259,#2260,#2261),(#2262,#2263,#2264,#2265,#2266,
#2267,#2268,#2269,#2270,#2271,#2272,#2273),(#2274,#2275,#2276,#2277,#2278,
#2279,#2280,#2281,#2282,#2283,#2284,#2285),(#2286,#2287,#2288,#2289,#2290,
#2291,#2292,#2293,#2294,#2295,#2296,#2297),(#2298,#2299,#2300,#2301,#2302,
#2303,#2304,#2305,#2306,#2307,#2308,#2309)),.UNSPECIFIED.,.F.,.F.,.F.,(4,
1,4),(4,1,1,1,1,1,1,1,1,4),(0.,0.5,1.),(0.,0.00067374895285099,0.00101062342927649,
0.00145978939784381,0.00202124685855297,0.00269499581140396,0.00336874476425495,
0.00404249371710594,0.0046039511778151,0.00538999162280792),
 .UNSPECIFIED.);
#94=B_SPLINE_SURFACE_WITH_KNOTS('',3,1,((#2348,#2349),(#2350,#2351),(#2352,
#2353),(#2354,#2355),(#2356,#2357),(#2358,#2359)),
 .SURF_OF_LINEAR_EXTRUSION.,.F.,.F.,.F.,(4,1,1,4),(2,2),(-7.17610758179169E-5,
0.115300635473284,0.172986833747835,0.230673032022386),(0.,1.),
 .UNSPECIFIED.);
#95=B_SPLINE_SURFACE_WITH_KNOTS('',3,1,((#2386,#2387),(#2388,#2389),(#2390,
#2391),(#2392,#2393),(#2394,#2395),(#2396,#2397),(#2398,#2399),(#2400,#2401),
(#2402,#2403),(#2404,#2405),(#2406,#2407),(#2408,#2409),(#2410,#2411),(#2412,
#2413),(#2414,#2415),(#2416,#2417),(#2418,#2419),(#2420,#2421),(#2422,#2423),
(#2424,#2425),(#2426,#2427),(#2428,#2429),(#2430,#2431),(#2432,#2433),(#2434,
#2435),(#2436,#2437),(#2438,#2439),(#2440,#2441),(#2442,#2443),(#2444,#2445)),
 .SURF_OF_LINEAR_EXTRUSION.,.F.,.F.,.F.,(4,1,1,1,1,1,1,1,1,1,1,1,1,1,1,
1,1,1,1,1,1,1,1,1,1,1,1,4),(2,2),(-0.082017667122579,-0.0481934426964168,
-0.0143692182702547,0.00254289394282638,0.0194550061559075,0.0532792305820696,
0.120927679434394,0.154751903860556,0.188576128286718,0.22240035271288,
0.256224577139042,0.290048801565205,0.323873025991367,0.391521474843691,
0.459169923696015,0.52681837254834,0.594466821400664,0.662115270252988,
0.729763719105312,0.797412167957637,0.831236392383799,0.865060616809961,
0.898884841236123,0.932709065662285,0.966533290088447,0.983445402301528,
0.991901458408069,1.00035751451461),(0.,1.),.UNSPECIFIED.);
#96=B_SPLINE_SURFACE_WITH_KNOTS('',3,1,((#2520,#2521),(#2522,#2523),(#2524,
#2525),(#2526,#2527),(#2528,#2529),(#2530,#2531),(#2532,#2533),(#2534,#2535),
(#2536,#2537),(#2538,#2539),(#2540,#2541),(#2542,#2543),(#2544,#2545),(#2546,
#2547),(#2548,#2549),(#2550,#2551),(#2552,#2553),(#2554,#2555),(#2556,#2557),
(#2558,#2559),(#2560,#2561),(#2562,#2563),(#2564,#2565),(#2566,#2567),(#2568,
#2569),(#2570,#2571),(#2572,#2573),(#2574,#2575),(#2576,#2577),(#2578,#2579),
(#2580,#2581),(#2582,#2583),(#2584,#2585),(#2586,#2587),(#2588,#2589)),
 .SURF_OF_LINEAR_EXTRUSION.,.F.,.F.,.F.,(4,1,1,1,1,1,1,1,1,1,1,1,1,1,1,
1,1,1,1,1,1,1,1,1,1,1,1,1,1,1,1,1,4),(2,2),(0.00321670010486282,0.0655156563483083,
0.127814612591754,0.158964090713477,0.190113568835199,0.252412525078645,
0.283562003200367,0.31471148132209,0.345860959443813,0.377010437565536,
0.392585176626397,0.408159915687258,0.42373465474812,0.439309393808981,
0.454884132869842,0.462671502400273,0.470458871930704,0.486033610991565,
0.501608350052427,0.517183089113288,0.532757828174149,0.563907306295872,
0.595056784417595,0.626206262539317,0.641781001600179,0.65735574066104,
0.688505218782763,0.719654696904486,0.750804175026208,0.813103131269654,
0.875402087513099,0.937701043756545,0.99999999999999),(0.,1.),
 .UNSPECIFIED.);
#97=B_SPLINE_SURFACE_WITH_KNOTS('',3,1,((#2669,#2670),(#2671,#2672),(#2673,
#2674),(#2675,#2676),(#2677,#2678),(#2679,#2680),(#2681,#2682),(#2683,#2684),
(#2685,#2686),(#2687,#2688),(#2689,#2690),(#2691,#2692),(#2693,#2694),(#2695,
#2696),(#2697,#2698),(#2699,#2700),(#2701,#2702),(#2703,#2704)),
 .SURF_OF_LINEAR_EXTRUSION.,.F.,.F.,.F.,(4,1,1,1,1,1,1,1,1,1,1,1,1,1,1,
4),(2,2),(0.668554960756979,0.67907592426894,0.689596887780902,0.710638814804826,
0.73168074182875,0.752722668852673,0.79480652290052,0.836890376948368,0.878974230996215,
0.921058085044062,0.942100012067986,0.963141939091909,0.984183866115833,
0.994704829627794,0.999965311383775,1.00522579313976),(0.,1.),
 .UNSPECIFIED.);
#98=LINE('',#1381,#130);
#99=LINE('',#1385,#131);
#100=LINE('',#1394,#132);
#101=LINE('',#1406,#133);
#102=LINE('',#1471,#134);
#103=LINE('',#1497,#135);
#104=LINE('',#1503,#136);
#105=LINE('',#1510,#137);
#106=LINE('',#1514,#138);
#107=LINE('',#1568,#139);
#108=LINE('',#1605,#140);
#109=LINE('',#1609,#141);
#110=LINE('',#1615,#142);
#111=LINE('',#1657,#143);
#112=LINE('',#1667,#144);
#113=LINE('',#1673,#145);
#114=LINE('',#2343,#146);
#115=LINE('',#2347,#147);
#116=LINE('',#2360,#148);
#117=LINE('',#2376,#149);
#118=LINE('',#2469,#150);
#119=LINE('',#2496,#151);
#120=LINE('',#2511,#152);
#121=LINE('',#2515,#153);
#122=LINE('',#2519,#154);
#123=LINE('',#2618,#155);
#124=LINE('',#2656,#156);
#125=LINE('',#2660,#157);
#126=LINE('',#2666,#158);
#127=LINE('',#2715,#159);
#128=LINE('',#2729,#160);
#129=LINE('',#2737,#161);
#130=VECTOR('',#1122,1.);
#131=VECTOR('',#1125,1.);
#132=VECTOR('',#1126,1.);
#133=VECTOR('',#1127,1.);
#134=VECTOR('',#1128,1.);
#135=VECTOR('',#1135,1.);
#136=VECTOR('',#1142,1.);
#137=VECTOR('',#1149,1.);
#138=VECTOR('',#1152,1.);
#139=VECTOR('',#1153,1.);
#140=VECTOR('',#1154,1.);
#141=VECTOR('',#1159,1.);
#142=VECTOR('',#1166,1.);
#143=VECTOR('',#1169,1.);
#144=VECTOR('',#1174,1.);
#145=VECTOR('',#1181,1.);
#146=VECTOR('',#1262,1.);
#147=VECTOR('',#1265,1.);
#148=VECTOR('',#1266,1.);
#149=VECTOR('',#1267,1.);
#150=VECTOR('',#1268,1.);
#151=VECTOR('',#1273,1.);
#152=VECTOR('',#1284,1.);
#153=VECTOR('',#1289,1.);
#154=VECTOR('',#1292,1.);
#155=VECTOR('',#1293,1.);
#156=VECTOR('',#1294,1.);
#157=VECTOR('',#1299,1.);
#158=VECTOR('',#1306,1.);
#159=VECTOR('',#1309,1.);
#160=VECTOR('',#1314,1.);
#161=VECTOR('',#1323,1.);
#162=ORIENTED_EDGE('',*,*,#466,.T.);
#163=ORIENTED_EDGE('',*,*,#467,.T.);
#164=ORIENTED_EDGE('',*,*,#468,.T.);
#165=ORIENTED_EDGE('',*,*,#469,.T.);
#166=ORIENTED_EDGE('',*,*,#470,.T.);
#167=ORIENTED_EDGE('',*,*,#471,.T.);
#168=ORIENTED_EDGE('',*,*,#472,.T.);
#169=ORIENTED_EDGE('',*,*,#473,.T.);
#170=ORIENTED_EDGE('',*,*,#474,.T.);
#171=ORIENTED_EDGE('',*,*,#472,.F.);
#172=ORIENTED_EDGE('',*,*,#475,.T.);
#173=ORIENTED_EDGE('',*,*,#476,.T.);
#174=ORIENTED_EDGE('',*,*,#477,.T.);
#175=ORIENTED_EDGE('',*,*,#476,.F.);
#176=ORIENTED_EDGE('',*,*,#478,.T.);
#177=ORIENTED_EDGE('',*,*,#479,.F.);
#178=ORIENTED_EDGE('',*,*,#480,.F.);
#179=ORIENTED_EDGE('',*,*,#481,.T.);
#180=ORIENTED_EDGE('',*,*,#482,.T.);
#181=ORIENTED_EDGE('',*,*,#483,.T.);
#182=ORIENTED_EDGE('',*,*,#484,.T.);
#183=ORIENTED_EDGE('',*,*,#485,.T.);
#184=ORIENTED_EDGE('',*,*,#486,.T.);
#185=ORIENTED_EDGE('',*,*,#482,.F.);
#186=ORIENTED_EDGE('',*,*,#487,.T.);
#187=ORIENTED_EDGE('',*,*,#488,.T.);
#188=ORIENTED_EDGE('',*,*,#489,.T.);
#189=ORIENTED_EDGE('',*,*,#490,.T.);
#190=ORIENTED_EDGE('',*,*,#491,.F.);
#191=ORIENTED_EDGE('',*,*,#492,.T.);
#192=ORIENTED_EDGE('',*,*,#493,.T.);
#193=ORIENTED_EDGE('',*,*,#494,.T.);
#194=ORIENTED_EDGE('',*,*,#495,.T.);
#195=ORIENTED_EDGE('',*,*,#495,.F.);
#196=ORIENTED_EDGE('',*,*,#496,.T.);
#197=ORIENTED_EDGE('',*,*,#497,.T.);
#198=ORIENTED_EDGE('',*,*,#498,.T.);
#199=ORIENTED_EDGE('',*,*,#497,.F.);
#200=ORIENTED_EDGE('',*,*,#499,.T.);
#201=ORIENTED_EDGE('',*,*,#500,.T.);
#202=ORIENTED_EDGE('',*,*,#501,.T.);
#203=ORIENTED_EDGE('',*,*,#500,.F.);
#204=ORIENTED_EDGE('',*,*,#502,.T.);
#205=ORIENTED_EDGE('',*,*,#503,.F.);
#206=ORIENTED_EDGE('',*,*,#504,.T.);
#207=ORIENTED_EDGE('',*,*,#505,.T.);
#208=ORIENTED_EDGE('',*,*,#504,.F.);
#209=ORIENTED_EDGE('',*,*,#506,.T.);
#210=ORIENTED_EDGE('',*,*,#507,.T.);
#211=ORIENTED_EDGE('',*,*,#508,.F.);
#212=ORIENTED_EDGE('',*,*,#509,.T.);
#213=ORIENTED_EDGE('',*,*,#510,.T.);
#214=ORIENTED_EDGE('',*,*,#511,.F.);
#215=ORIENTED_EDGE('',*,*,#507,.F.);
#216=ORIENTED_EDGE('',*,*,#489,.F.);
#217=ORIENTED_EDGE('',*,*,#512,.T.);
#218=ORIENTED_EDGE('',*,*,#491,.T.);
#219=ORIENTED_EDGE('',*,*,#498,.F.);
#220=ORIENTED_EDGE('',*,*,#501,.F.);
#221=ORIENTED_EDGE('',*,*,#505,.F.);
#222=ORIENTED_EDGE('',*,*,#508,.T.);
#223=ORIENTED_EDGE('',*,*,#511,.T.);
#224=ORIENTED_EDGE('',*,*,#513,.T.);
#225=ORIENTED_EDGE('',*,*,#514,.T.);
#226=ORIENTED_EDGE('',*,*,#515,.T.);
#227=ORIENTED_EDGE('',*,*,#473,.F.);
#228=ORIENTED_EDGE('',*,*,#477,.F.);
#229=ORIENTED_EDGE('',*,*,#483,.F.);
#230=ORIENTED_EDGE('',*,*,#486,.F.);
#231=ORIENTED_EDGE('',*,*,#516,.T.);
#232=ORIENTED_EDGE('',*,*,#517,.T.);
#233=ORIENTED_EDGE('',*,*,#518,.T.);
#234=ORIENTED_EDGE('',*,*,#519,.T.);
#235=ORIENTED_EDGE('',*,*,#520,.T.);
#236=ORIENTED_EDGE('',*,*,#521,.T.);
#237=ORIENTED_EDGE('',*,*,#479,.T.);
#238=ORIENTED_EDGE('',*,*,#522,.T.);
#239=ORIENTED_EDGE('',*,*,#523,.T.);
#240=ORIENTED_EDGE('',*,*,#524,.F.);
#241=ORIENTED_EDGE('',*,*,#525,.T.);
#242=ORIENTED_EDGE('',*,*,#526,.T.);
#243=ORIENTED_EDGE('',*,*,#509,.F.);
#244=ORIENTED_EDGE('',*,*,#506,.F.);
#245=ORIENTED_EDGE('',*,*,#503,.T.);
#246=ORIENTED_EDGE('',*,*,#527,.T.);
#247=ORIENTED_EDGE('',*,*,#528,.T.);
#248=ORIENTED_EDGE('',*,*,#529,.T.);
#249=ORIENTED_EDGE('',*,*,#494,.F.);
#250=ORIENTED_EDGE('',*,*,#530,.T.);
#251=ORIENTED_EDGE('',*,*,#529,.F.);
#252=ORIENTED_EDGE('',*,*,#531,.F.);
#253=ORIENTED_EDGE('',*,*,#531,.T.);
#254=ORIENTED_EDGE('',*,*,#528,.F.);
#255=ORIENTED_EDGE('',*,*,#532,.F.);
#256=ORIENTED_EDGE('',*,*,#496,.F.);
#257=ORIENTED_EDGE('',*,*,#502,.F.);
#258=ORIENTED_EDGE('',*,*,#499,.F.);
#259=ORIENTED_EDGE('',*,*,#532,.T.);
#260=ORIENTED_EDGE('',*,*,#527,.F.);
#261=ORIENTED_EDGE('',*,*,#533,.F.);
#262=ORIENTED_EDGE('',*,*,#480,.T.);
#263=ORIENTED_EDGE('',*,*,#521,.F.);
#264=ORIENTED_EDGE('',*,*,#533,.T.);
#265=ORIENTED_EDGE('',*,*,#520,.F.);
#266=ORIENTED_EDGE('',*,*,#534,.F.);
#267=ORIENTED_EDGE('',*,*,#481,.F.);
#268=ORIENTED_EDGE('',*,*,#519,.F.);
#269=ORIENTED_EDGE('',*,*,#535,.T.);
#270=ORIENTED_EDGE('',*,*,#484,.F.);
#271=ORIENTED_EDGE('',*,*,#534,.T.);
#272=ORIENTED_EDGE('',*,*,#536,.F.);
#273=ORIENTED_EDGE('',*,*,#514,.F.);
#274=ORIENTED_EDGE('',*,*,#537,.F.);
#275=ORIENTED_EDGE('',*,*,#466,.F.);
#276=ORIENTED_EDGE('',*,*,#510,.F.);
#277=ORIENTED_EDGE('',*,*,#526,.F.);
#278=ORIENTED_EDGE('',*,*,#538,.F.);
#279=ORIENTED_EDGE('',*,*,#467,.F.);
#280=ORIENTED_EDGE('',*,*,#537,.T.);
#281=ORIENTED_EDGE('',*,*,#513,.F.);
#282=ORIENTED_EDGE('',*,*,#515,.F.);
#283=ORIENTED_EDGE('',*,*,#536,.T.);
#284=ORIENTED_EDGE('',*,*,#539,.F.);
#285=ORIENTED_EDGE('',*,*,#474,.F.);
#286=ORIENTED_EDGE('',*,*,#538,.T.);
#287=ORIENTED_EDGE('',*,*,#525,.F.);
#288=ORIENTED_EDGE('',*,*,#540,.F.);
#289=ORIENTED_EDGE('',*,*,#468,.F.);
#290=ORIENTED_EDGE('',*,*,#539,.T.);
#291=ORIENTED_EDGE('',*,*,#469,.F.);
#292=ORIENTED_EDGE('',*,*,#541,.F.);
#293=ORIENTED_EDGE('',*,*,#470,.F.);
#294=ORIENTED_EDGE('',*,*,#540,.T.);
#295=ORIENTED_EDGE('',*,*,#524,.T.);
#296=ORIENTED_EDGE('',*,*,#542,.F.);
#297=ORIENTED_EDGE('',*,*,#541,.T.);
#298=ORIENTED_EDGE('',*,*,#542,.T.);
#299=ORIENTED_EDGE('',*,*,#523,.F.);
#300=ORIENTED_EDGE('',*,*,#543,.F.);
#301=ORIENTED_EDGE('',*,*,#471,.F.);
#302=ORIENTED_EDGE('',*,*,#478,.F.);
#303=ORIENTED_EDGE('',*,*,#475,.F.);
#304=ORIENTED_EDGE('',*,*,#543,.T.);
#305=ORIENTED_EDGE('',*,*,#522,.F.);
#306=ORIENTED_EDGE('',*,*,#516,.F.);
#307=ORIENTED_EDGE('',*,*,#485,.F.);
#308=ORIENTED_EDGE('',*,*,#544,.F.);
#309=ORIENTED_EDGE('',*,*,#490,.F.);
#310=ORIENTED_EDGE('',*,*,#535,.F.);
#311=ORIENTED_EDGE('',*,*,#518,.F.);
#312=ORIENTED_EDGE('',*,*,#545,.F.);
#313=ORIENTED_EDGE('',*,*,#544,.T.);
#314=ORIENTED_EDGE('',*,*,#512,.F.);
#315=ORIENTED_EDGE('',*,*,#488,.F.);
#316=ORIENTED_EDGE('',*,*,#546,.F.);
#317=ORIENTED_EDGE('',*,*,#492,.F.);
#318=ORIENTED_EDGE('',*,*,#547,.F.);
#319=ORIENTED_EDGE('',*,*,#487,.F.);
#320=ORIENTED_EDGE('',*,*,#545,.T.);
#321=ORIENTED_EDGE('',*,*,#517,.F.);
#322=ORIENTED_EDGE('',*,*,#548,.F.);
#323=ORIENTED_EDGE('',*,*,#546,.T.);
#324=ORIENTED_EDGE('',*,*,#547,.T.);
#325=ORIENTED_EDGE('',*,*,#549,.F.);
#326=ORIENTED_EDGE('',*,*,#530,.F.);
#327=ORIENTED_EDGE('',*,*,#493,.F.);
#328=ORIENTED_EDGE('',*,*,#549,.T.);
#329=ORIENTED_EDGE('',*,*,#548,.T.);
#330=ORIENTED_EDGE('',*,*,#550,.F.);
#331=ORIENTED_EDGE('',*,*,#551,.T.);
#332=ORIENTED_EDGE('',*,*,#552,.T.);
#333=ORIENTED_EDGE('',*,*,#553,.F.);
#334=ORIENTED_EDGE('',*,*,#554,.F.);
#335=ORIENTED_EDGE('',*,*,#555,.F.);
#336=ORIENTED_EDGE('',*,*,#556,.F.);
#337=ORIENTED_EDGE('',*,*,#557,.F.);
#338=ORIENTED_EDGE('',*,*,#558,.F.);
#339=ORIENTED_EDGE('',*,*,#559,.F.);
#340=ORIENTED_EDGE('',*,*,#560,.F.);
#341=ORIENTED_EDGE('',*,*,#561,.F.);
#342=ORIENTED_EDGE('',*,*,#560,.T.);
#343=ORIENTED_EDGE('',*,*,#562,.F.);
#344=ORIENTED_EDGE('',*,*,#563,.F.);
#345=ORIENTED_EDGE('',*,*,#564,.F.);
#346=ORIENTED_EDGE('',*,*,#563,.T.);
#347=ORIENTED_EDGE('',*,*,#565,.F.);
#348=ORIENTED_EDGE('',*,*,#566,.F.);
#349=ORIENTED_EDGE('',*,*,#567,.T.);
#350=ORIENTED_EDGE('',*,*,#568,.T.);
#351=ORIENTED_EDGE('',*,*,#569,.F.);
#352=ORIENTED_EDGE('',*,*,#570,.F.);
#353=ORIENTED_EDGE('',*,*,#566,.T.);
#354=ORIENTED_EDGE('',*,*,#571,.F.);
#355=ORIENTED_EDGE('',*,*,#572,.F.);
#356=ORIENTED_EDGE('',*,*,#573,.F.);
#357=ORIENTED_EDGE('',*,*,#574,.F.);
#358=ORIENTED_EDGE('',*,*,#575,.F.);
#359=ORIENTED_EDGE('',*,*,#576,.F.);
#360=ORIENTED_EDGE('',*,*,#577,.T.);
#361=ORIENTED_EDGE('',*,*,#578,.F.);
#362=ORIENTED_EDGE('',*,*,#579,.T.);
#363=ORIENTED_EDGE('',*,*,#580,.F.);
#364=ORIENTED_EDGE('',*,*,#581,.F.);
#365=ORIENTED_EDGE('',*,*,#578,.T.);
#366=ORIENTED_EDGE('',*,*,#582,.F.);
#367=ORIENTED_EDGE('',*,*,#583,.F.);
#368=ORIENTED_EDGE('',*,*,#584,.T.);
#369=ORIENTED_EDGE('',*,*,#583,.T.);
#370=ORIENTED_EDGE('',*,*,#585,.F.);
#371=ORIENTED_EDGE('',*,*,#586,.F.);
#372=ORIENTED_EDGE('',*,*,#587,.F.);
#373=ORIENTED_EDGE('',*,*,#586,.T.);
#374=ORIENTED_EDGE('',*,*,#588,.F.);
#375=ORIENTED_EDGE('',*,*,#589,.F.);
#376=ORIENTED_EDGE('',*,*,#590,.T.);
#377=ORIENTED_EDGE('',*,*,#589,.T.);
#378=ORIENTED_EDGE('',*,*,#591,.T.);
#379=ORIENTED_EDGE('',*,*,#592,.F.);
#380=ORIENTED_EDGE('',*,*,#593,.F.);
#381=ORIENTED_EDGE('',*,*,#594,.F.);
#382=ORIENTED_EDGE('',*,*,#592,.T.);
#383=ORIENTED_EDGE('',*,*,#595,.T.);
#384=ORIENTED_EDGE('',*,*,#596,.F.);
#385=ORIENTED_EDGE('',*,*,#575,.T.);
#386=ORIENTED_EDGE('',*,*,#597,.F.);
#387=ORIENTED_EDGE('',*,*,#571,.T.);
#388=ORIENTED_EDGE('',*,*,#565,.T.);
#389=ORIENTED_EDGE('',*,*,#562,.T.);
#390=ORIENTED_EDGE('',*,*,#559,.T.);
#391=ORIENTED_EDGE('',*,*,#598,.F.);
#392=ORIENTED_EDGE('',*,*,#599,.F.);
#393=ORIENTED_EDGE('',*,*,#600,.F.);
#394=ORIENTED_EDGE('',*,*,#595,.F.);
#395=ORIENTED_EDGE('',*,*,#591,.F.);
#396=ORIENTED_EDGE('',*,*,#588,.T.);
#397=ORIENTED_EDGE('',*,*,#585,.T.);
#398=ORIENTED_EDGE('',*,*,#582,.T.);
#399=ORIENTED_EDGE('',*,*,#577,.F.);
#400=ORIENTED_EDGE('',*,*,#601,.F.);
#401=ORIENTED_EDGE('',*,*,#602,.F.);
#402=ORIENTED_EDGE('',*,*,#579,.F.);
#403=ORIENTED_EDGE('',*,*,#584,.F.);
#404=ORIENTED_EDGE('',*,*,#587,.T.);
#405=ORIENTED_EDGE('',*,*,#590,.F.);
#406=ORIENTED_EDGE('',*,*,#593,.T.);
#407=ORIENTED_EDGE('',*,*,#594,.T.);
#408=ORIENTED_EDGE('',*,*,#603,.F.);
#409=ORIENTED_EDGE('',*,*,#604,.F.);
#410=ORIENTED_EDGE('',*,*,#605,.T.);
#411=ORIENTED_EDGE('',*,*,#606,.F.);
#412=ORIENTED_EDGE('',*,*,#607,.F.);
#413=ORIENTED_EDGE('',*,*,#568,.F.);
#414=ORIENTED_EDGE('',*,*,#567,.F.);
#415=ORIENTED_EDGE('',*,*,#570,.T.);
#416=ORIENTED_EDGE('',*,*,#608,.F.);
#417=ORIENTED_EDGE('',*,*,#552,.F.);
#418=ORIENTED_EDGE('',*,*,#609,.T.);
#419=ORIENTED_EDGE('',*,*,#553,.T.);
#420=ORIENTED_EDGE('',*,*,#610,.T.);
#421=ORIENTED_EDGE('',*,*,#599,.T.);
#422=ORIENTED_EDGE('',*,*,#596,.T.);
#423=ORIENTED_EDGE('',*,*,#600,.T.);
#424=ORIENTED_EDGE('',*,*,#610,.F.);
#425=ORIENTED_EDGE('',*,*,#556,.T.);
#426=ORIENTED_EDGE('',*,*,#611,.T.);
#427=ORIENTED_EDGE('',*,*,#603,.T.);
#428=ORIENTED_EDGE('',*,*,#598,.T.);
#429=ORIENTED_EDGE('',*,*,#558,.T.);
#430=ORIENTED_EDGE('',*,*,#612,.T.);
#431=ORIENTED_EDGE('',*,*,#609,.F.);
#432=ORIENTED_EDGE('',*,*,#611,.F.);
#433=ORIENTED_EDGE('',*,*,#555,.T.);
#434=ORIENTED_EDGE('',*,*,#613,.T.);
#435=ORIENTED_EDGE('',*,*,#604,.T.);
#436=ORIENTED_EDGE('',*,*,#612,.F.);
#437=ORIENTED_EDGE('',*,*,#557,.T.);
#438=ORIENTED_EDGE('',*,*,#614,.T.);
#439=ORIENTED_EDGE('',*,*,#554,.T.);
#440=ORIENTED_EDGE('',*,*,#613,.F.);
#441=ORIENTED_EDGE('',*,*,#614,.F.);
#442=ORIENTED_EDGE('',*,*,#615,.T.);
#443=ORIENTED_EDGE('',*,*,#605,.F.);
#444=ORIENTED_EDGE('',*,*,#615,.F.);
#445=ORIENTED_EDGE('',*,*,#561,.T.);
#446=ORIENTED_EDGE('',*,*,#616,.T.);
#447=ORIENTED_EDGE('',*,*,#606,.T.);
#448=ORIENTED_EDGE('',*,*,#569,.T.);
#449=ORIENTED_EDGE('',*,*,#607,.T.);
#450=ORIENTED_EDGE('',*,*,#616,.F.);
#451=ORIENTED_EDGE('',*,*,#564,.T.);
#452=ORIENTED_EDGE('',*,*,#597,.T.);
#453=ORIENTED_EDGE('',*,*,#574,.T.);
#454=ORIENTED_EDGE('',*,*,#550,.T.);
#455=ORIENTED_EDGE('',*,*,#608,.T.);
#456=ORIENTED_EDGE('',*,*,#572,.T.);
#457=ORIENTED_EDGE('',*,*,#601,.T.);
#458=ORIENTED_EDGE('',*,*,#581,.T.);
#459=ORIENTED_EDGE('',*,*,#617,.F.);
#460=ORIENTED_EDGE('',*,*,#576,.T.);
#461=ORIENTED_EDGE('',*,*,#617,.T.);
#462=ORIENTED_EDGE('',*,*,#580,.T.);
#463=ORIENTED_EDGE('',*,*,#602,.T.);
#464=ORIENTED_EDGE('',*,*,#551,.F.);
#465=ORIENTED_EDGE('',*,*,#573,.T.);
#466=EDGE_CURVE('',#618,#619,#714,.F.);
#467=EDGE_CURVE('',#619,#620,#98,.F.);
#468=EDGE_CURVE('',#620,#621,#715,.T.);
#469=EDGE_CURVE('',#621,#618,#99,.T.);
#470=EDGE_CURVE('',#622,#623,#100,.F.);
#471=EDGE_CURVE('',#623,#624,#41,.T.);
#472=EDGE_CURVE('',#624,#625,#101,.T.);
#473=EDGE_CURVE('',#625,#626,#42,.T.);
#474=EDGE_CURVE('',#626,#622,#43,.T.);
#475=EDGE_CURVE('',#624,#627,#44,.T.);
#476=EDGE_CURVE('',#627,#628,#102,.T.);
#477=EDGE_CURVE('',#628,#625,#45,.T.);
#478=EDGE_CURVE('',#627,#629,#46,.T.);
#479=EDGE_CURVE('',#630,#629,#716,.F.);
#480=EDGE_CURVE('',#631,#630,#47,.F.);
#481=EDGE_CURVE('',#631,#632,#717,.T.);
#482=EDGE_CURVE('',#632,#633,#103,.T.);
#483=EDGE_CURVE('',#633,#628,#718,.T.);
#484=EDGE_CURVE('',#632,#634,#719,.T.);
#485=EDGE_CURVE('',#634,#635,#104,.T.);
#486=EDGE_CURVE('',#635,#633,#720,.T.);
#487=EDGE_CURVE('',#636,#637,#721,.T.);
#488=EDGE_CURVE('',#637,#638,#105,.T.);
#489=EDGE_CURVE('',#638,#639,#722,.T.);
#490=EDGE_CURVE('',#639,#636,#106,.F.);
#491=EDGE_CURVE('',#640,#641,#48,.T.);
#492=EDGE_CURVE('',#640,#642,#107,.F.);
#493=EDGE_CURVE('',#642,#643,#49,.T.);
#494=EDGE_CURVE('',#643,#644,#50,.T.);
#495=EDGE_CURVE('',#644,#641,#108,.T.);
#496=EDGE_CURVE('',#644,#645,#723,.T.);
#497=EDGE_CURVE('',#645,#646,#109,.T.);
#498=EDGE_CURVE('',#646,#641,#724,.T.);
#499=EDGE_CURVE('',#645,#647,#725,.T.);
#500=EDGE_CURVE('',#647,#648,#110,.T.);
#501=EDGE_CURVE('',#648,#646,#726,.T.);
#502=EDGE_CURVE('',#647,#649,#51,.T.);
#503=EDGE_CURVE('',#650,#649,#52,.T.);
#504=EDGE_CURVE('',#650,#651,#111,.T.);
#505=EDGE_CURVE('',#651,#648,#53,.T.);
#506=EDGE_CURVE('',#650,#652,#727,.T.);
#507=EDGE_CURVE('',#652,#653,#112,.T.);
#508=EDGE_CURVE('',#651,#653,#728,.T.);
#509=EDGE_CURVE('',#652,#654,#729,.T.);
#510=EDGE_CURVE('',#654,#655,#113,.T.);
#511=EDGE_CURVE('',#653,#655,#730,.T.);
#512=EDGE_CURVE('',#638,#640,#731,.T.);
#513=EDGE_CURVE('',#655,#656,#732,.T.);
#514=EDGE_CURVE('',#656,#657,#733,.T.);
#515=EDGE_CURVE('',#657,#626,#734,.F.);
#516=EDGE_CURVE('',#635,#639,#735,.F.);
#517=EDGE_CURVE('',#658,#659,#736,.F.);
#518=EDGE_CURVE('',#659,#660,#36,.T.);
#519=EDGE_CURVE('',#660,#661,#737,.F.);
#520=EDGE_CURVE('',#661,#662,#738,.F.);
#521=EDGE_CURVE('',#662,#630,#54,.T.);
#522=EDGE_CURVE('',#629,#663,#55,.T.);
#523=EDGE_CURVE('',#663,#664,#56,.T.);
#524=EDGE_CURVE('',#665,#664,#739,.F.);
#525=EDGE_CURVE('',#665,#666,#740,.F.);
#526=EDGE_CURVE('',#666,#654,#741,.F.);
#527=EDGE_CURVE('',#649,#667,#742,.F.);
#528=EDGE_CURVE('',#667,#668,#743,.F.);
#529=EDGE_CURVE('',#668,#658,#57,.T.);
#530=EDGE_CURVE('',#643,#658,#744,.T.);
#531=EDGE_CURVE('',#644,#668,#745,.T.);
#532=EDGE_CURVE('',#645,#667,#58,.T.);
#533=EDGE_CURVE('',#631,#662,#59,.T.);
#534=EDGE_CURVE('',#632,#661,#60,.T.);
#535=EDGE_CURVE('',#660,#634,#746,.T.);
#536=EDGE_CURVE('',#657,#618,#747,.T.);
#537=EDGE_CURVE('',#619,#656,#61,.F.);
#538=EDGE_CURVE('',#620,#666,#62,.F.);
#539=EDGE_CURVE('',#622,#618,#748,.T.);
#540=EDGE_CURVE('',#621,#665,#749,.T.);
#541=EDGE_CURVE('',#623,#621,#750,.T.);
#542=EDGE_CURVE('',#623,#664,#751,.F.);
#543=EDGE_CURVE('',#624,#663,#63,.T.);
#544=EDGE_CURVE('',#636,#634,#64,.F.);
#545=EDGE_CURVE('',#636,#659,#65,.T.);
#546=EDGE_CURVE('',#642,#637,#66,.T.);
#547=EDGE_CURVE('',#637,#669,#67,.F.);
#548=EDGE_CURVE('',#669,#658,#68,.F.);
#549=EDGE_CURVE('',#642,#669,#752,.T.);
#550=EDGE_CURVE('',#670,#671,#69,.F.);
#551=EDGE_CURVE('',#670,#672,#70,.T.);
#552=EDGE_CURVE('',#672,#671,#71,.T.);
#553=EDGE_CURVE('',#673,#674,#753,.F.);
#554=EDGE_CURVE('',#675,#673,#114,.T.);
#555=EDGE_CURVE('',#676,#675,#754,.T.);
#556=EDGE_CURVE('',#674,#676,#115,.F.);
#557=EDGE_CURVE('',#677,#678,#116,.F.);
#558=EDGE_CURVE('',#679,#677,#72,.T.);
#559=EDGE_CURVE('',#680,#679,#73,.T.);
#560=EDGE_CURVE('',#681,#680,#117,.T.);
#561=EDGE_CURVE('',#678,#681,#74,.T.);
#562=EDGE_CURVE('',#682,#680,#75,.T.);
#563=EDGE_CURVE('',#683,#682,#118,.T.);
#564=EDGE_CURVE('',#681,#683,#76,.F.);
#565=EDGE_CURVE('',#684,#682,#755,.F.);
#566=EDGE_CURVE('',#685,#684,#119,.T.);
#567=EDGE_CURVE('',#685,#686,#756,.F.);
#568=EDGE_CURVE('',#686,#687,#757,.F.);
#569=EDGE_CURVE('',#683,#687,#77,.T.);
#570=EDGE_CURVE('',#685,#688,#758,.T.);
#571=EDGE_CURVE('',#689,#684,#759,.F.);
#572=EDGE_CURVE('',#688,#689,#120,.T.);
#573=EDGE_CURVE('',#670,#690,#760,.T.);
#574=EDGE_CURVE('',#691,#670,#121,.F.);
#575=EDGE_CURVE('',#692,#691,#761,.F.);
#576=EDGE_CURVE('',#690,#692,#122,.T.);
#577=EDGE_CURVE('',#693,#694,#78,.T.);
#578=EDGE_CURVE('',#695,#694,#123,.T.);
#579=EDGE_CURVE('',#695,#696,#79,.T.);
#580=EDGE_CURVE('',#697,#696,#80,.T.);
#581=EDGE_CURVE('',#693,#697,#124,.F.);
#582=EDGE_CURVE('',#698,#694,#762,.F.);
#583=EDGE_CURVE('',#699,#698,#125,.T.);
#584=EDGE_CURVE('',#699,#695,#763,.F.);
#585=EDGE_CURVE('',#700,#698,#764,.F.);
#586=EDGE_CURVE('',#701,#700,#126,.T.);
#587=EDGE_CURVE('',#699,#701,#765,.T.);
#588=EDGE_CURVE('',#702,#700,#81,.T.);
#589=EDGE_CURVE('',#703,#702,#127,.T.);
#590=EDGE_CURVE('',#703,#701,#82,.T.);
#591=EDGE_CURVE('',#702,#704,#766,.F.);
#592=EDGE_CURVE('',#705,#704,#128,.T.);
#593=EDGE_CURVE('',#703,#705,#767,.F.);
#594=EDGE_CURVE('',#705,#706,#768,.F.);
#595=EDGE_CURVE('',#704,#707,#769,.F.);
#596=EDGE_CURVE('',#706,#707,#129,.T.);
#597=EDGE_CURVE('',#689,#691,#770,.F.);
#598=EDGE_CURVE('',#708,#679,#771,.F.);
#599=EDGE_CURVE('',#709,#708,#772,.T.);
#600=EDGE_CURVE('',#707,#709,#773,.T.);
#601=EDGE_CURVE('',#692,#693,#774,.T.);
#602=EDGE_CURVE('',#696,#672,#775,.F.);
#603=EDGE_CURVE('',#710,#706,#776,.F.);
#604=EDGE_CURVE('',#711,#710,#777,.F.);
#605=EDGE_CURVE('',#711,#712,#778,.F.);
#606=EDGE_CURVE('',#713,#712,#83,.T.);
#607=EDGE_CURVE('',#687,#713,#84,.T.);
#608=EDGE_CURVE('',#671,#688,#779,.T.);
#609=EDGE_CURVE('',#708,#673,#780,.T.);
#610=EDGE_CURVE('',#674,#709,#85,.F.);
#611=EDGE_CURVE('',#676,#710,#86,.F.);
#612=EDGE_CURVE('',#677,#673,#781,.T.);
#613=EDGE_CURVE('',#675,#711,#782,.T.);
#614=EDGE_CURVE('',#678,#675,#783,.T.);
#615=EDGE_CURVE('',#678,#712,#784,.T.);
#616=EDGE_CURVE('',#681,#713,#87,.T.);
#617=EDGE_CURVE('',#690,#697,#88,.F.);
#618=VERTEX_POINT('',#1379);
#619=VERTEX_POINT('',#1380);
#620=VERTEX_POINT('',#1382);
#621=VERTEX_POINT('',#1384);
#622=VERTEX_POINT('',#1395);
#623=VERTEX_POINT('',#1396);
#624=VERTEX_POINT('',#1405);
#625=VERTEX_POINT('',#1407);
#626=VERTEX_POINT('',#1412);
#627=VERTEX_POINT('',#1470);
#628=VERTEX_POINT('',#1472);
#629=VERTEX_POINT('',#1486);
#630=VERTEX_POINT('',#1488);
#631=VERTEX_POINT('',#1494);
#632=VERTEX_POINT('',#1496);
#633=VERTEX_POINT('',#1498);
#634=VERTEX_POINT('',#1502);
#635=VERTEX_POINT('',#1504);
#636=VERTEX_POINT('',#1508);
#637=VERTEX_POINT('',#1509);
#638=VERTEX_POINT('',#1511);
#639=VERTEX_POINT('',#1513);
#640=VERTEX_POINT('',#1566);
#641=VERTEX_POINT('',#1567);
#642=VERTEX_POINT('',#1569);
#643=VERTEX_POINT('',#1580);
#644=VERTEX_POINT('',#1604);
#645=VERTEX_POINT('',#1608);
#646=VERTEX_POINT('',#1610);
#647=VERTEX_POINT('',#1614);
#648=VERTEX_POINT('',#1616);
#649=VERTEX_POINT('',#1647);
#650=VERTEX_POINT('',#1656);
#651=VERTEX_POINT('',#1658);
#652=VERTEX_POINT('',#1666);
#653=VERTEX_POINT('',#1668);
#654=VERTEX_POINT('',#1672);
#655=VERTEX_POINT('',#1674);
#656=VERTEX_POINT('',#1679);
#657=VERTEX_POINT('',#1681);
#658=VERTEX_POINT('',#1686);
#659=VERTEX_POINT('',#1687);
#660=VERTEX_POINT('',#1698);
#661=VERTEX_POINT('',#1700);
#662=VERTEX_POINT('',#1702);
#663=VERTEX_POINT('',#1729);
#664=VERTEX_POINT('',#1738);
#665=VERTEX_POINT('',#1740);
#666=VERTEX_POINT('',#1742);
#667=VERTEX_POINT('',#1745);
#668=VERTEX_POINT('',#1747);
#669=VERTEX_POINT('',#2170);
#670=VERTEX_POINT('',#2319);
#671=VERTEX_POINT('',#2320);
#672=VERTEX_POINT('',#2325);
#673=VERTEX_POINT('',#2341);
#674=VERTEX_POINT('',#2342);
#675=VERTEX_POINT('',#2344);
#676=VERTEX_POINT('',#2346);
#677=VERTEX_POINT('',#2361);
#678=VERTEX_POINT('',#2362);
#679=VERTEX_POINT('',#2367);
#680=VERTEX_POINT('',#2375);
#681=VERTEX_POINT('',#2377);
#682=VERTEX_POINT('',#2468);
#683=VERTEX_POINT('',#2470);
#684=VERTEX_POINT('',#2495);
#685=VERTEX_POINT('',#2497);
#686=VERTEX_POINT('',#2499);
#687=VERTEX_POINT('',#2501);
#688=VERTEX_POINT('',#2508);
#689=VERTEX_POINT('',#2510);
#690=VERTEX_POINT('',#2514);
#691=VERTEX_POINT('',#2516);
#692=VERTEX_POINT('',#2518);
#693=VERTEX_POINT('',#2616);
#694=VERTEX_POINT('',#2617);
#695=VERTEX_POINT('',#2619);
#696=VERTEX_POINT('',#2643);
#697=VERTEX_POINT('',#2655);
#698=VERTEX_POINT('',#2659);
#699=VERTEX_POINT('',#2661);
#700=VERTEX_POINT('',#2665);
#701=VERTEX_POINT('',#2667);
#702=VERTEX_POINT('',#2714);
#703=VERTEX_POINT('',#2716);
#704=VERTEX_POINT('',#2728);
#705=VERTEX_POINT('',#2730);
#706=VERTEX_POINT('',#2734);
#707=VERTEX_POINT('',#2736);
#708=VERTEX_POINT('',#2741);
#709=VERTEX_POINT('',#2743);
#710=VERTEX_POINT('',#2749);
#711=VERTEX_POINT('',#2751);
#712=VERTEX_POINT('',#2753);
#713=VERTEX_POINT('',#2762);
#714=CIRCLE('',#1004,0.0609765773250312);
#715=CIRCLE('',#1005,0.0609765773250312);
#716=CIRCLE('',#1007,0.0136486445640111);
#717=CIRCLE('',#1008,0.0136486445640111);
#718=CIRCLE('',#1009,0.0136486445640111);
#719=CIRCLE('',#1011,0.00736452982288295);
#720=CIRCLE('',#1012,0.00736452982288295);
#721=CIRCLE('',#1014,0.0065384431025959);
#722=CIRCLE('',#1015,0.0065384431025959);
#723=CIRCLE('',#1017,0.0200725218713428);
#724=CIRCLE('',#1018,0.0200725218713428);
#725=CIRCLE('',#1020,0.0213637221168819);
#726=CIRCLE('',#1021,0.0213637221168819);
#727=CIRCLE('',#1023,0.00875809435944841);
#728=CIRCLE('',#1024,0.00875809435944841);
#729=CIRCLE('',#1026,0.0326296488874002);
#730=CIRCLE('',#1027,0.0326296488874002);
#731=CIRCLE('',#1029,0.0021);
#732=CIRCLE('',#1030,0.002);
#733=CIRCLE('',#1031,0.0589765773250312);
#734=CIRCLE('',#1032,0.004);
#735=CIRCLE('',#1033,0.0021);
#736=CIRCLE('',#1035,0.0044384431025959);
#737=CIRCLE('',#1036,0.00546452982288295);
#738=CIRCLE('',#1037,0.0117486445640111);
#739=CIRCLE('',#1038,0.004);
#740=CIRCLE('',#1039,0.0589765773250312);
#741=CIRCLE('',#1040,0.002);
#742=CIRCLE('',#1041,0.0194637221168819);
#743=CIRCLE('',#1042,0.0181725218713428);
#744=CIRCLE('',#1043,0.0019);
#745=CIRCLE('',#1044,0.0019);
#746=CIRCLE('',#1049,0.0019);
#747=CIRCLE('',#1051,0.002);
#748=CIRCLE('',#1054,0.002);
#749=CIRCLE('',#1056,0.002);
#750=CIRCLE('',#1058,0.002);
#751=CIRCLE('',#1060,0.002);
#752=CIRCLE('',#1064,0.0019);
#753=CIRCLE('',#1066,0.0590765773250312);
#754=CIRCLE('',#1067,0.0590765773250312);
#755=CIRCLE('',#1069,0.0117486445640111);
#756=CIRCLE('',#1070,0.0117486445640111);
#757=CIRCLE('',#1071,0.0117486445640111);
#758=CIRCLE('',#1073,0.00546452982288295);
#759=CIRCLE('',#1074,0.00546452982288295);
#760=CIRCLE('',#1076,0.0046384431025959);
#761=CIRCLE('',#1077,0.0046384431025959);
#762=CIRCLE('',#1079,0.0181725218713428);
#763=CIRCLE('',#1080,0.0181725218713428);
#764=CIRCLE('',#1082,0.0194637221168819);
#765=CIRCLE('',#1083,0.0194637221168819);
#766=CIRCLE('',#1085,0.0106580943594484);
#767=CIRCLE('',#1086,0.0106580943594484);
#768=CIRCLE('',#1088,0.0345296488874002);
#769=CIRCLE('',#1089,0.0345296488874002);
#770=CIRCLE('',#1091,0.004);
#771=CIRCLE('',#1092,0.004);
#772=CIRCLE('',#1093,0.0589765773250312);
#773=CIRCLE('',#1094,0.0001);
#774=CIRCLE('',#1095,0.0002);
#775=CIRCLE('',#1097,0.0044384431025959);
#776=CIRCLE('',#1098,0.0001);
#777=CIRCLE('',#1099,0.0589765773250312);
#778=CIRCLE('',#1100,0.004);
#779=CIRCLE('',#1101,0.004);
#780=CIRCLE('',#1103,0.0001);
#781=CIRCLE('',#1106,0.0039);
#782=CIRCLE('',#1108,0.0001);
#783=CIRCLE('',#1110,0.0039);
#784=CIRCLE('',#1112,0.0001);
#785=EDGE_LOOP('',(#162,#163,#164,#165));
#786=EDGE_LOOP('',(#166,#167,#168,#169,#170));
#787=EDGE_LOOP('',(#171,#172,#173,#174));
#788=EDGE_LOOP('',(#175,#176,#177,#178,#179,#180,#181));
#789=EDGE_LOOP('',(#182,#183,#184,#185));
#790=EDGE_LOOP('',(#186,#187,#188,#189));
#791=EDGE_LOOP('',(#190,#191,#192,#193,#194));
#792=EDGE_LOOP('',(#195,#196,#197,#198));
#793=EDGE_LOOP('',(#199,#200,#201,#202));
#794=EDGE_LOOP('',(#203,#204,#205,#206,#207));
#795=EDGE_LOOP('',(#208,#209,#210,#211));
#796=EDGE_LOOP('',(#212,#213,#214,#215));
#797=EDGE_LOOP('',(#216,#217,#218,#219,#220,#221,#222,#223,#224,#225,#226,
#227,#228,#229,#230,#231));
#798=EDGE_LOOP('',(#232,#233,#234,#235,#236,#237,#238,#239,#240,#241,#242,
#243,#244,#245,#246,#247,#248));
#799=EDGE_LOOP('',(#249,#250,#251,#252));
#800=EDGE_LOOP('',(#253,#254,#255,#256));
#801=EDGE_LOOP('',(#257,#258,#259,#260));
#802=EDGE_LOOP('',(#261,#262,#263));
#803=EDGE_LOOP('',(#264,#265,#266,#267));
#804=EDGE_LOOP('',(#268,#269,#270,#271));
#805=EDGE_LOOP('',(#272,#273,#274,#275));
#806=EDGE_LOOP('',(#276,#277,#278,#279,#280,#281));
#807=EDGE_LOOP('',(#282,#283,#284,#285));
#808=EDGE_LOOP('',(#286,#287,#288,#289));
#809=EDGE_LOOP('',(#290,#291,#292,#293));
#810=EDGE_LOOP('',(#294,#295,#296,#297));
#811=EDGE_LOOP('',(#298,#299,#300,#301));
#812=EDGE_LOOP('',(#302,#303,#304,#305));
#813=EDGE_LOOP('',(#306,#307,#308,#309));
#814=EDGE_LOOP('',(#310,#311,#312,#313));
#815=EDGE_LOOP('',(#314,#315,#316,#317));
#816=EDGE_LOOP('',(#318,#319,#320,#321,#322));
#817=EDGE_LOOP('',(#323,#324,#325));
#818=EDGE_LOOP('',(#326,#327,#328,#329));
#819=EDGE_LOOP('',(#330,#331,#332));
#820=EDGE_LOOP('',(#333,#334,#335,#336));
#821=EDGE_LOOP('',(#337,#338,#339,#340,#341));
#822=EDGE_LOOP('',(#342,#343,#344,#345));
#823=EDGE_LOOP('',(#346,#347,#348,#349,#350,#351));
#824=EDGE_LOOP('',(#352,#353,#354,#355));
#825=EDGE_LOOP('',(#356,#357,#358,#359));
#826=EDGE_LOOP('',(#360,#361,#362,#363,#364));
#827=EDGE_LOOP('',(#365,#366,#367,#368));
#828=EDGE_LOOP('',(#369,#370,#371,#372));
#829=EDGE_LOOP('',(#373,#374,#375,#376));
#830=EDGE_LOOP('',(#377,#378,#379,#380));
#831=EDGE_LOOP('',(#381,#382,#383,#384));
#832=EDGE_LOOP('',(#385,#386,#387,#388,#389,#390,#391,#392,#393,#394,#395,
#396,#397,#398,#399,#400));
#833=EDGE_LOOP('',(#401,#402,#403,#404,#405,#406,#407,#408,#409,#410,#411,
#412,#413,#414,#415,#416,#417));
#834=EDGE_LOOP('',(#418,#419,#420,#421));
#835=EDGE_LOOP('',(#422,#423,#424,#425,#426,#427));
#836=EDGE_LOOP('',(#428,#429,#430,#431));
#837=EDGE_LOOP('',(#432,#433,#434,#435));
#838=EDGE_LOOP('',(#436,#437,#438,#439));
#839=EDGE_LOOP('',(#440,#441,#442,#443));
#840=EDGE_LOOP('',(#444,#445,#446,#447));
#841=EDGE_LOOP('',(#448,#449,#450,#451));
#842=EDGE_LOOP('',(#452,#453,#454,#455,#456));
#843=EDGE_LOOP('',(#457,#458,#459,#460));
#844=EDGE_LOOP('',(#461,#462,#463,#464,#465));
#845=FACE_BOUND('',#785,.T.);
#846=FACE_BOUND('',#786,.T.);
#847=FACE_BOUND('',#787,.T.);
#848=FACE_BOUND('',#788,.T.);
#849=FACE_BOUND('',#789,.T.);
#850=FACE_BOUND('',#790,.T.);
#851=FACE_BOUND('',#791,.T.);
#852=FACE_BOUND('',#792,.T.);
#853=FACE_BOUND('',#793,.T.);
#854=FACE_BOUND('',#794,.T.);
#855=FACE_BOUND('',#795,.T.);
#856=FACE_BOUND('',#796,.T.);
#857=FACE_BOUND('',#797,.T.);
#858=FACE_BOUND('',#798,.T.);
#859=FACE_BOUND('',#799,.T.);
#860=FACE_BOUND('',#800,.T.);
#861=FACE_BOUND('',#801,.T.);
#862=FACE_BOUND('',#802,.T.);
#863=FACE_BOUND('',#803,.T.);
#864=FACE_BOUND('',#804,.T.);
#865=FACE_BOUND('',#805,.T.);
#866=FACE_BOUND('',#806,.T.);
#867=FACE_BOUND('',#807,.T.);
#868=FACE_BOUND('',#808,.T.);
#869=FACE_BOUND('',#809,.T.);
#870=FACE_BOUND('',#810,.T.);
#871=FACE_BOUND('',#811,.T.);
#872=FACE_BOUND('',#812,.T.);
#873=FACE_BOUND('',#813,.T.);
#874=FACE_BOUND('',#814,.T.);
#875=FACE_BOUND('',#815,.T.);
#876=FACE_BOUND('',#816,.T.);
#877=FACE_BOUND('',#817,.T.);
#878=FACE_BOUND('',#818,.T.);
#879=FACE_BOUND('',#819,.T.);
#880=FACE_BOUND('',#820,.T.);
#881=FACE_BOUND('',#821,.T.);
#882=FACE_BOUND('',#822,.T.);
#883=FACE_BOUND('',#823,.T.);
#884=FACE_BOUND('',#824,.T.);
#885=FACE_BOUND('',#825,.T.);
#886=FACE_BOUND('',#826,.T.);
#887=FACE_BOUND('',#827,.T.);
#888=FACE_BOUND('',#828,.T.);
#889=FACE_BOUND('',#829,.T.);
#890=FACE_BOUND('',#830,.T.);
#891=FACE_BOUND('',#831,.T.);
#892=FACE_BOUND('',#832,.T.);
#893=FACE_BOUND('',#833,.T.);
#894=FACE_BOUND('',#834,.T.);
#895=FACE_BOUND('',#835,.T.);
#896=FACE_BOUND('',#836,.T.);
#897=FACE_BOUND('',#837,.T.);
#898=FACE_BOUND('',#838,.T.);
#899=FACE_BOUND('',#839,.T.);
#900=FACE_BOUND('',#840,.T.);
#901=FACE_BOUND('',#841,.T.);
#902=FACE_BOUND('',#842,.T.);
#903=FACE_BOUND('',#843,.T.);
#904=FACE_BOUND('',#844,.T.);
#905=CYLINDRICAL_SURFACE('',#1003,0.0609765773250312);
#906=CYLINDRICAL_SURFACE('',#1006,0.0136486445640111);
#907=CYLINDRICAL_SURFACE('',#1010,0.00736452982288295);
#908=CYLINDRICAL_SURFACE('',#1013,0.0065384431025959);
#909=CYLINDRICAL_SURFACE('',#1016,0.0200725218713428);
#910=CYLINDRICAL_SURFACE('',#1019,0.0213637221168819);
#911=CYLINDRICAL_SURFACE('',#1022,0.00875809435944841);
#912=CYLINDRICAL_SURFACE('',#1025,0.0326296488874002);
#913=CYLINDRICAL_SURFACE('',#1052,0.002);
#914=CYLINDRICAL_SURFACE('',#1057,0.002);
#915=CYLINDRICAL_SURFACE('',#1061,0.0021);
#916=CYLINDRICAL_SURFACE('',#1062,0.0021);
#917=CYLINDRICAL_SURFACE('',#1065,0.0590765773250312);
#918=CYLINDRICAL_SURFACE('',#1068,0.0117486445640111);
#919=CYLINDRICAL_SURFACE('',#1072,0.00546452982288295);
#920=CYLINDRICAL_SURFACE('',#1075,0.0046384431025959);
#921=CYLINDRICAL_SURFACE('',#1078,0.0181725218713428);
#922=CYLINDRICAL_SURFACE('',#1081,0.0194637221168819);
#923=CYLINDRICAL_SURFACE('',#1084,0.0106580943594484);
#924=CYLINDRICAL_SURFACE('',#1087,0.0345296488874002);
#925=CYLINDRICAL_SURFACE('',#1104,0.0001);
#926=CYLINDRICAL_SURFACE('',#1109,0.0039);
#927=CYLINDRICAL_SURFACE('',#1113,0.004);
#928=CYLINDRICAL_SURFACE('',#1114,0.0002);
#929=ADVANCED_FACE('Face appearance 8',(#845),#905,.T.);
#930=ADVANCED_FACE('Face appearance 8',(#846),#89,.F.);
#931=ADVANCED_FACE('Face appearance 8',(#847),#90,.F.);
#932=ADVANCED_FACE('Face appearance 8',(#848),#906,.T.);
#933=ADVANCED_FACE('Face appearance 8',(#849),#907,.T.);
#934=ADVANCED_FACE('Face appearance 8',(#850),#908,.T.);
#935=ADVANCED_FACE('Face appearance 8',(#851),#91,.T.);
#936=ADVANCED_FACE('Face appearance 8',(#852),#909,.T.);
#937=ADVANCED_FACE('Face appearance 8',(#853),#910,.T.);
#938=ADVANCED_FACE('Face appearance 8',(#854),#92,.F.);
#939=ADVANCED_FACE('Face appearance 8',(#855),#911,.F.);
#940=ADVANCED_FACE('Face appearance 8',(#856),#912,.F.);
#941=ADVANCED_FACE('Face appearance 8',(#857),#37,.T.);
#942=ADVANCED_FACE('Face appearance 8',(#858),#38,.F.);
#943=ADVANCED_FACE('',(#859),#27,.T.);
#944=ADVANCED_FACE('',(#860),#13,.T.);
#945=ADVANCED_FACE('',(#861),#14,.T.);
#946=ADVANCED_FACE('',(#862),#28,.T.);
#947=ADVANCED_FACE('',(#863),#15,.T.);
#948=ADVANCED_FACE('',(#864),#16,.T.);
#949=ADVANCED_FACE('',(#865),#17,.T.);
#950=ADVANCED_FACE('',(#866),#913,.T.);
#951=ADVANCED_FACE('',(#867),#18,.T.);
#952=ADVANCED_FACE('',(#868),#19,.T.);
#953=ADVANCED_FACE('',(#869),#914,.F.);
#954=ADVANCED_FACE('',(#870),#20,.T.);
#955=ADVANCED_FACE('',(#871),#29,.T.);
#956=ADVANCED_FACE('',(#872),#30,.T.);
#957=ADVANCED_FACE('',(#873),#915,.F.);
#958=ADVANCED_FACE('',(#874),#31,.F.);
#959=ADVANCED_FACE('',(#875),#916,.T.);
#960=ADVANCED_FACE('',(#876),#21,.T.);
#961=ADVANCED_FACE('',(#877),#32,.T.);
#962=ADVANCED_FACE('',(#878),#33,.T.);
#963=ADVANCED_FACE('',(#879),#93,.T.);
#964=ADVANCED_FACE('',(#880),#917,.F.);
#965=ADVANCED_FACE('',(#881),#94,.T.);
#966=ADVANCED_FACE('',(#882),#95,.T.);
#967=ADVANCED_FACE('',(#883),#918,.F.);
#968=ADVANCED_FACE('',(#884),#919,.F.);
#969=ADVANCED_FACE('',(#885),#920,.F.);
#970=ADVANCED_FACE('',(#886),#96,.F.);
#971=ADVANCED_FACE('',(#887),#921,.F.);
#972=ADVANCED_FACE('',(#888),#922,.F.);
#973=ADVANCED_FACE('',(#889),#97,.T.);
#974=ADVANCED_FACE('',(#890),#923,.T.);
#975=ADVANCED_FACE('',(#891),#924,.T.);
#976=ADVANCED_FACE('',(#892),#39,.F.);
#977=ADVANCED_FACE('',(#893),#40,.T.);
#978=ADVANCED_FACE('',(#894),#22,.F.);
#979=ADVANCED_FACE('',(#895),#925,.F.);
#980=ADVANCED_FACE('',(#896),#23,.F.);
#981=ADVANCED_FACE('',(#897),#24,.F.);
#982=ADVANCED_FACE('',(#898),#926,.T.);
#983=ADVANCED_FACE('',(#899),#25,.F.);
#984=ADVANCED_FACE('',(#900),#34,.F.);
#985=ADVANCED_FACE('',(#901),#35,.F.);
#986=ADVANCED_FACE('',(#902),#927,.T.);
#987=ADVANCED_FACE('',(#903),#928,.F.);
#988=ADVANCED_FACE('',(#904),#26,.F.);
#989=CLOSED_SHELL('',(#929,#930,#931,#932,#933,#934,#935,#936,#937,#938,
#939,#940,#941,#942,#943,#944,#945,#946,#947,#948,#949,#950,#951,#952,#953,
#954,#955,#956,#957,#958,#959,#960,#961,#962));
#990=CLOSED_SHELL('',(#963,#964,#965,#966,#967,#968,#969,#970,#971,#972,
#973,#974,#975,#976,#977,#978,#979,#980,#981,#982,#983,#984,#985,#986,#987,
#988));
#991=STYLED_ITEM('',(#992),#999);
#992=PRESENTATION_STYLE_ASSIGNMENT((#993));
#993=SURFACE_STYLE_USAGE(.BOTH.,#994);
#994=SURFACE_SIDE_STYLE('',(#995));
#995=SURFACE_STYLE_FILL_AREA(#996);
#996=FILL_AREA_STYLE('',(#997));
#997=FILL_AREA_STYLE_COLOUR('',#998);
#998=DRAUGHTING_PRE_DEFINED_COLOUR('black');
#999=BREP_WITH_VOIDS('Body_Back Paw_ Left_Black',#989,(#12));
#1000=SHAPE_DEFINITION_REPRESENTATION(#2931,#1001);
#1001=SHAPE_REPRESENTATION('Body_Back Paw_ Left_Black',(#1002),#2926);
#1002=AXIS2_PLACEMENT_3D('',#1376,#1116,#1117);
#1003=AXIS2_PLACEMENT_3D('',#1377,#1118,#1119);
#1004=AXIS2_PLACEMENT_3D('',#1378,#1120,#1121);
#1005=AXIS2_PLACEMENT_3D('',#1383,#1123,#1124);
#1006=AXIS2_PLACEMENT_3D('',#1480,#1129,#1130);
#1007=AXIS2_PLACEMENT_3D('',#1487,#1131,#1132);
#1008=AXIS2_PLACEMENT_3D('',#1495,#1133,#1134);
#1009=AXIS2_PLACEMENT_3D('',#1499,#1136,#1137);
#1010=AXIS2_PLACEMENT_3D('',#1500,#1138,#1139);
#1011=AXIS2_PLACEMENT_3D('',#1501,#1140,#1141);
#1012=AXIS2_PLACEMENT_3D('',#1505,#1143,#1144);
#1013=AXIS2_PLACEMENT_3D('',#1506,#1145,#1146);
#1014=AXIS2_PLACEMENT_3D('',#1507,#1147,#1148);
#1015=AXIS2_PLACEMENT_3D('',#1512,#1150,#1151);
#1016=AXIS2_PLACEMENT_3D('',#1606,#1155,#1156);
#1017=AXIS2_PLACEMENT_3D('',#1607,#1157,#1158);
#1018=AXIS2_PLACEMENT_3D('',#1611,#1160,#1161);
#1019=AXIS2_PLACEMENT_3D('',#1612,#1162,#1163);
#1020=AXIS2_PLACEMENT_3D('',#1613,#1164,#1165);
#1021=AXIS2_PLACEMENT_3D('',#1617,#1167,#1168);
#1022=AXIS2_PLACEMENT_3D('',#1664,#1170,#1171);
#1023=AXIS2_PLACEMENT_3D('',#1665,#1172,#1173);
#1024=AXIS2_PLACEMENT_3D('',#1669,#1175,#1176);
#1025=AXIS2_PLACEMENT_3D('',#1670,#1177,#1178);
#1026=AXIS2_PLACEMENT_3D('',#1671,#1179,#1180);
#1027=AXIS2_PLACEMENT_3D('',#1675,#1182,#1183);
#1028=AXIS2_PLACEMENT_3D('',#1676,#1184,#1185);
#1029=AXIS2_PLACEMENT_3D('',#1677,#1186,#1187);
#1030=AXIS2_PLACEMENT_3D('',#1678,#1188,#1189);
#1031=AXIS2_PLACEMENT_3D('',#1680,#1190,#1191);
#1032=AXIS2_PLACEMENT_3D('',#1682,#1192,#1193);
#1033=AXIS2_PLACEMENT_3D('',#1683,#1194,#1195);
#1034=AXIS2_PLACEMENT_3D('',#1684,#1196,#1197);
#1035=AXIS2_PLACEMENT_3D('',#1685,#1198,#1199);
#1036=AXIS2_PLACEMENT_3D('',#1699,#1200,#1201);
#1037=AXIS2_PLACEMENT_3D('',#1701,#1202,#1203);
#1038=AXIS2_PLACEMENT_3D('',#1739,#1204,#1205);
#1039=AXIS2_PLACEMENT_3D('',#1741,#1206,#1207);
#1040=AXIS2_PLACEMENT_3D('',#1743,#1208,#1209);
#1041=AXIS2_PLACEMENT_3D('',#1744,#1210,#1211);
#1042=AXIS2_PLACEMENT_3D('',#1746,#1212,#1213);
#1043=AXIS2_PLACEMENT_3D('',#1888,#1214,#1215);
#1044=AXIS2_PLACEMENT_3D('',#1889,#1216,#1217);
#1045=AXIS2_PLACEMENT_3D('',#1890,#1218,#1219);
#1046=AXIS2_PLACEMENT_3D('',#1896,#1220,#1221);
#1047=AXIS2_PLACEMENT_3D('',#1931,#1222,#1223);
#1048=AXIS2_PLACEMENT_3D('',#1937,#1224,#1225);
#1049=AXIS2_PLACEMENT_3D('',#1938,#1226,#1227);
#1050=AXIS2_PLACEMENT_3D('',#1939,#1228,#1229);
#1051=AXIS2_PLACEMENT_3D('',#1940,#1230,#1231);
#1052=AXIS2_PLACEMENT_3D('',#1947,#1232,#1233);
#1053=AXIS2_PLACEMENT_3D('',#1954,#1234,#1235);
#1054=AXIS2_PLACEMENT_3D('',#1955,#1236,#1237);
#1055=AXIS2_PLACEMENT_3D('',#1956,#1238,#1239);
#1056=AXIS2_PLACEMENT_3D('',#1957,#1240,#1241);
#1057=AXIS2_PLACEMENT_3D('',#1958,#1242,#1243);
#1058=AXIS2_PLACEMENT_3D('',#1959,#1244,#1245);
#1059=AXIS2_PLACEMENT_3D('',#1960,#1246,#1247);
#1060=AXIS2_PLACEMENT_3D('',#1961,#1248,#1249);
#1061=AXIS2_PLACEMENT_3D('',#2117,#1250,#1251);
#1062=AXIS2_PLACEMENT_3D('',#2160,#1252,#1253);
#1063=AXIS2_PLACEMENT_3D('',#2165,#1254,#1255);
#1064=AXIS2_PLACEMENT_3D('',#2198,#1256,#1257);
#1065=AXIS2_PLACEMENT_3D('',#2339,#1258,#1259);
#1066=AXIS2_PLACEMENT_3D('',#2340,#1260,#1261);
#1067=AXIS2_PLACEMENT_3D('',#2345,#1263,#1264);
#1068=AXIS2_PLACEMENT_3D('',#2493,#1269,#1270);
#1069=AXIS2_PLACEMENT_3D('',#2494,#1271,#1272);
#1070=AXIS2_PLACEMENT_3D('',#2498,#1274,#1275);
#1071=AXIS2_PLACEMENT_3D('',#2500,#1276,#1277);
#1072=AXIS2_PLACEMENT_3D('',#2506,#1278,#1279);
#1073=AXIS2_PLACEMENT_3D('',#2507,#1280,#1281);
#1074=AXIS2_PLACEMENT_3D('',#2509,#1282,#1283);
#1075=AXIS2_PLACEMENT_3D('',#2512,#1285,#1286);
#1076=AXIS2_PLACEMENT_3D('',#2513,#1287,#1288);
#1077=AXIS2_PLACEMENT_3D('',#2517,#1290,#1291);
#1078=AXIS2_PLACEMENT_3D('',#2657,#1295,#1296);
#1079=AXIS2_PLACEMENT_3D('',#2658,#1297,#1298);
#1080=AXIS2_PLACEMENT_3D('',#2662,#1300,#1301);
#1081=AXIS2_PLACEMENT_3D('',#2663,#1302,#1303);
#1082=AXIS2_PLACEMENT_3D('',#2664,#1304,#1305);
#1083=AXIS2_PLACEMENT_3D('',#2668,#1307,#1308);
#1084=AXIS2_PLACEMENT_3D('',#2726,#1310,#1311);
#1085=AXIS2_PLACEMENT_3D('',#2727,#1312,#1313);
#1086=AXIS2_PLACEMENT_3D('',#2731,#1315,#1316);
#1087=AXIS2_PLACEMENT_3D('',#2732,#1317,#1318);
#1088=AXIS2_PLACEMENT_3D('',#2733,#1319,#1320);
#1089=AXIS2_PLACEMENT_3D('',#2735,#1321,#1322);
#1090=AXIS2_PLACEMENT_3D('',#2738,#1324,#1325);
#1091=AXIS2_PLACEMENT_3D('',#2739,#1326,#1327);
#1092=AXIS2_PLACEMENT_3D('',#2740,#1328,#1329);
#1093=AXIS2_PLACEMENT_3D('',#2742,#1330,#1331);
#1094=AXIS2_PLACEMENT_3D('',#2744,#1332,#1333);
#1095=AXIS2_PLACEMENT_3D('',#2745,#1334,#1335);
#1096=AXIS2_PLACEMENT_3D('',#2746,#1336,#1337);
#1097=AXIS2_PLACEMENT_3D('',#2747,#1338,#1339);
#1098=AXIS2_PLACEMENT_3D('',#2748,#1340,#1341);
#1099=AXIS2_PLACEMENT_3D('',#2750,#1342,#1343);
#1100=AXIS2_PLACEMENT_3D('',#2752,#1344,#1345);
#1101=AXIS2_PLACEMENT_3D('',#2786,#1346,#1347);
#1102=AXIS2_PLACEMENT_3D('',#2787,#1348,#1349);
#1103=AXIS2_PLACEMENT_3D('',#2788,#1350,#1351);
#1104=AXIS2_PLACEMENT_3D('',#2793,#1352,#1353);
#1105=AXIS2_PLACEMENT_3D('',#2798,#1354,#1355);
#1106=AXIS2_PLACEMENT_3D('',#2799,#1356,#1357);
#1107=AXIS2_PLACEMENT_3D('',#2800,#1358,#1359);
#1108=AXIS2_PLACEMENT_3D('',#2801,#1360,#1361);
#1109=AXIS2_PLACEMENT_3D('',#2802,#1362,#1363);
#1110=AXIS2_PLACEMENT_3D('',#2803,#1364,#1365);
#1111=AXIS2_PLACEMENT_3D('',#2804,#1366,#1367);
#1112=AXIS2_PLACEMENT_3D('',#2805,#1368,#1369);
#1113=AXIS2_PLACEMENT_3D('',#2918,#1370,#1371);
#1114=AXIS2_PLACEMENT_3D('',#2919,#1372,#1373);
#1115=AXIS2_PLACEMENT_3D('',#2924,#1374,#1375);
#1116=DIRECTION('',(0.,0.,1.));
#1117=DIRECTION('',(1.,0.,0.));
#1118=DIRECTION('',(0.,0.,1.));
#1119=DIRECTION('',(1.,0.,0.));
#1120=DIRECTION('',(0.,0.,1.));
#1121=DIRECTION('',(1.,0.,0.));
#1122=DIRECTION('',(0.,0.,1.));
#1123=DIRECTION('',(0.,0.,1.));
#1124=DIRECTION('',(1.,0.,0.));
#1125=DIRECTION('',(0.,0.,1.));
#1126=DIRECTION('',(0.,0.,1.));
#1127=DIRECTION('',(0.,0.,1.));
#1128=DIRECTION('',(0.,0.,1.));
#1129=DIRECTION('',(0.,0.,1.));
#1130=DIRECTION('',(1.,0.,0.));
#1131=DIRECTION('',(0.,0.,1.));
#1132=DIRECTION('',(1.,0.,0.));
#1133=DIRECTION('',(0.,0.,1.));
#1134=DIRECTION('',(1.,0.,0.));
#1135=DIRECTION('',(0.,0.,1.));
#1136=DIRECTION('',(0.,0.,-1.));
#1137=DIRECTION('',(-1.,0.,0.));
#1138=DIRECTION('',(0.,0.,1.));
#1139=DIRECTION('',(1.,0.,0.));
#1140=DIRECTION('',(0.,0.,1.));
#1141=DIRECTION('',(1.,0.,0.));
#1142=DIRECTION('',(0.,0.,1.));
#1143=DIRECTION('',(0.,0.,-1.));
#1144=DIRECTION('',(-1.,0.,0.));
#1145=DIRECTION('',(0.,0.,1.));
#1146=DIRECTION('',(1.,0.,0.));
#1147=DIRECTION('',(0.,0.,1.));
#1148=DIRECTION('',(1.,0.,0.));
#1149=DIRECTION('',(0.,0.,1.));
#1150=DIRECTION('',(0.,0.,-1.));
#1151=DIRECTION('',(-1.,0.,0.));
#1152=DIRECTION('',(0.,0.,1.));
#1153=DIRECTION('',(0.,0.,1.));
#1154=DIRECTION('',(0.,0.,1.));
#1155=DIRECTION('',(0.,0.,1.));
#1156=DIRECTION('',(1.,0.,0.));
#1157=DIRECTION('',(0.,0.,1.));
#1158=DIRECTION('',(1.,0.,0.));
#1159=DIRECTION('',(0.,0.,1.));
#1160=DIRECTION('',(0.,0.,-1.));
#1161=DIRECTION('',(-1.,0.,0.));
#1162=DIRECTION('',(0.,0.,1.));
#1163=DIRECTION('',(1.,0.,0.));
#1164=DIRECTION('',(0.,0.,1.));
#1165=DIRECTION('',(1.,0.,0.));
#1166=DIRECTION('',(0.,0.,1.));
#1167=DIRECTION('',(0.,0.,-1.));
#1168=DIRECTION('',(-1.,0.,0.));
#1169=DIRECTION('',(0.,0.,1.));
#1170=DIRECTION('',(0.,0.,1.));
#1171=DIRECTION('',(1.,0.,0.));
#1172=DIRECTION('',(0.,0.,-1.));
#1173=DIRECTION('',(-1.,0.,0.));
#1174=DIRECTION('',(0.,0.,1.));
#1175=DIRECTION('',(0.,0.,-1.));
#1176=DIRECTION('',(-1.,0.,0.));
#1177=DIRECTION('',(0.,0.,1.));
#1178=DIRECTION('',(1.,0.,0.));
#1179=DIRECTION('',(0.,0.,-1.));
#1180=DIRECTION('',(-1.,0.,0.));
#1181=DIRECTION('',(0.,0.,1.));
#1182=DIRECTION('',(0.,0.,-1.));
#1183=DIRECTION('',(-1.,0.,0.));
#1184=DIRECTION('',(0.,0.,1.));
#1185=DIRECTION('',(1.,0.,0.));
#1186=DIRECTION('',(0.,0.,1.));
#1187=DIRECTION('',(1.,0.,0.));
#1188=DIRECTION('',(0.,0.,1.));
#1189=DIRECTION('',(1.,0.,0.));
#1190=DIRECTION('',(0.,0.,1.));
#1191=DIRECTION('',(1.,0.,0.));
#1192=DIRECTION('',(0.,0.,1.));
#1193=DIRECTION('',(1.,0.,0.));
#1194=DIRECTION('',(0.,0.,1.));
#1195=DIRECTION('',(1.,0.,0.));
#1196=DIRECTION('',(0.,0.,1.));
#1197=DIRECTION('',(1.,0.,0.));
#1198=DIRECTION('',(0.,0.,1.));
#1199=DIRECTION('',(1.,0.,0.));
#1200=DIRECTION('',(0.,0.,1.));
#1201=DIRECTION('',(1.,0.,0.));
#1202=DIRECTION('',(0.,0.,1.));
#1203=DIRECTION('',(1.,0.,0.));
#1204=DIRECTION('',(0.,0.,1.));
#1205=DIRECTION('',(1.,0.,0.));
#1206=DIRECTION('',(0.,0.,1.));
#1207=DIRECTION('',(1.,0.,0.));
#1208=DIRECTION('',(0.,0.,1.));
#1209=DIRECTION('',(1.,0.,0.));
#1210=DIRECTION('',(0.,0.,1.));
#1211=DIRECTION('',(1.,0.,0.));
#1212=DIRECTION('',(0.,0.,1.));
#1213=DIRECTION('',(1.,0.,0.));
#1214=DIRECTION('',(0.790875110492693,-0.611977580964507,0.));
#1215=DIRECTION('',(0.611977580964507,0.790875110492693,0.));
#1216=DIRECTION('',(0.903203330947858,-0.429212934293334,0.));
#1217=DIRECTION('',(0.429212934293334,0.903203330947858,0.));
#1218=DIRECTION('',(0.,0.,1.));
#1219=DIRECTION('',(1.,0.,0.));
#1220=DIRECTION('',(0.,0.,1.));
#1221=DIRECTION('',(1.,0.,0.));
#1222=DIRECTION('',(0.,0.,1.));
#1223=DIRECTION('',(1.,0.,0.));
#1224=DIRECTION('',(0.,0.,1.));
#1225=DIRECTION('',(1.,0.,0.));
#1226=DIRECTION('',(-0.0795066439757835,0.996834336067788,0.));
#1227=DIRECTION('',(-0.996834336067788,-0.0795066439757835,0.));
#1228=DIRECTION('',(0.,0.,1.));
#1229=DIRECTION('',(1.,0.,0.));
#1230=DIRECTION('',(-0.675408188618025,0.737444085166949,0.));
#1231=DIRECTION('',(-0.737444085166949,-0.675408188618025,0.));
#1232=DIRECTION('',(0.,0.,-1.));
#1233=DIRECTION('',(-1.,0.,0.));
#1234=DIRECTION('',(0.,0.,1.));
#1235=DIRECTION('',(1.,0.,0.));
#1236=DIRECTION('',(0.,0.,1.));
#1237=DIRECTION('',(1.,0.,0.));
#1238=DIRECTION('',(0.,0.,1.));
#1239=DIRECTION('',(1.,0.,0.));
#1240=DIRECTION('',(-0.675408188618023,0.737444085166951,0.));
#1241=DIRECTION('',(-0.737444085166951,-0.675408188618023,0.));
#1242=DIRECTION('',(0.,0.,1.));
#1243=DIRECTION('',(1.,0.,0.));
#1244=DIRECTION('',(0.,0.,1.));
#1245=DIRECTION('',(1.,0.,0.));
#1246=DIRECTION('',(0.,0.,1.));
#1247=DIRECTION('',(1.,0.,0.));
#1248=DIRECTION('',(0.628591401508278,-0.777735719862383,0.));
#1249=DIRECTION('',(0.777735719862383,0.628591401508278,0.));
#1250=DIRECTION('',(0.,0.,-1.));
#1251=DIRECTION('',(-1.,0.,0.));
#1252=DIRECTION('',(0.,0.,1.));
#1253=DIRECTION('',(1.,0.,0.));
#1254=DIRECTION('',(0.,0.,1.));
#1255=DIRECTION('',(1.,0.,0.));
#1256=DIRECTION('',(0.086163815985486,-0.71119500644004,-0.697694388417716));
#1257=DIRECTION('',(0.,0.700298811699322,-0.713849826176709));
#1258=DIRECTION('',(0.,0.,1.));
#1259=DIRECTION('',(1.,0.,0.));
#1260=DIRECTION('',(0.,0.,1.));
#1261=DIRECTION('',(1.,0.,0.));
#1262=DIRECTION('',(0.,0.,1.));
#1263=DIRECTION('',(0.,0.,1.));
#1264=DIRECTION('',(1.,0.,0.));
#1265=DIRECTION('',(0.,0.,1.));
#1266=DIRECTION('',(0.,0.,1.));
#1267=DIRECTION('',(0.,0.,1.));
#1268=DIRECTION('',(0.,0.,1.));
#1269=DIRECTION('',(0.,0.,1.));
#1270=DIRECTION('',(1.,0.,0.));
#1271=DIRECTION('',(0.,0.,1.));
#1272=DIRECTION('',(1.,0.,0.));
#1273=DIRECTION('',(0.,0.,1.));
#1274=DIRECTION('',(0.,0.,1.));
#1275=DIRECTION('',(1.,0.,0.));
#1276=DIRECTION('',(0.,0.,1.));
#1277=DIRECTION('',(1.,0.,0.));
#1278=DIRECTION('',(0.,0.,1.));
#1279=DIRECTION('',(1.,0.,0.));
#1280=DIRECTION('',(0.,0.,1.));
#1281=DIRECTION('',(1.,0.,0.));
#1282=DIRECTION('',(0.,0.,1.));
#1283=DIRECTION('',(1.,0.,0.));
#1284=DIRECTION('',(0.,0.,1.));
#1285=DIRECTION('',(0.,0.,1.));
#1286=DIRECTION('',(1.,0.,0.));
#1287=DIRECTION('',(0.,0.,1.));
#1288=DIRECTION('',(1.,0.,0.));
#1289=DIRECTION('',(0.,0.,1.));
#1290=DIRECTION('',(0.,0.,1.));
#1291=DIRECTION('',(1.,0.,0.));
#1292=DIRECTION('',(0.,0.,1.));
#1293=DIRECTION('',(0.,0.,1.));
#1294=DIRECTION('',(0.,0.,1.));
#1295=DIRECTION('',(0.,0.,1.));
#1296=DIRECTION('',(1.,0.,0.));
#1297=DIRECTION('',(0.,0.,1.));
#1298=DIRECTION('',(1.,0.,0.));
#1299=DIRECTION('',(0.,0.,1.));
#1300=DIRECTION('',(0.,0.,1.));
#1301=DIRECTION('',(1.,0.,0.));
#1302=DIRECTION('',(0.,0.,1.));
#1303=DIRECTION('',(1.,0.,0.));
#1304=DIRECTION('',(0.,0.,1.));
#1305=DIRECTION('',(1.,0.,0.));
#1306=DIRECTION('',(0.,0.,1.));
#1307=DIRECTION('',(0.,0.,1.));
#1308=DIRECTION('',(1.,0.,0.));
#1309=DIRECTION('',(0.,0.,1.));
#1310=DIRECTION('',(0.,0.,1.));
#1311=DIRECTION('',(1.,0.,0.));
#1312=DIRECTION('',(0.,0.,1.));
#1313=DIRECTION('',(1.,0.,0.));
#1314=DIRECTION('',(0.,0.,1.));
#1315=DIRECTION('',(0.,0.,1.));
#1316=DIRECTION('',(1.,0.,0.));
#1317=DIRECTION('',(0.,0.,1.));
#1318=DIRECTION('',(1.,0.,0.));
#1319=DIRECTION('',(0.,0.,1.));
#1320=DIRECTION('',(1.,0.,0.));
#1321=DIRECTION('',(0.,0.,1.));
#1322=DIRECTION('',(1.,0.,0.));
#1323=DIRECTION('',(0.,0.,1.));
#1324=DIRECTION('',(0.,0.,1.));
#1325=DIRECTION('',(1.,0.,0.));
#1326=DIRECTION('',(0.,0.,1.));
#1327=DIRECTION('',(1.,0.,0.));
#1328=DIRECTION('',(0.,0.,1.));
#1329=DIRECTION('',(1.,0.,0.));
#1330=DIRECTION('',(0.,0.,1.));
#1331=DIRECTION('',(1.,0.,0.));
#1332=DIRECTION('',(0.,0.,1.));
#1333=DIRECTION('',(1.,0.,0.));
#1334=DIRECTION('',(0.,0.,1.));
#1335=DIRECTION('',(1.,0.,0.));
#1336=DIRECTION('',(0.,0.,1.));
#1337=DIRECTION('',(1.,0.,0.));
#1338=DIRECTION('',(0.,0.,1.));
#1339=DIRECTION('',(1.,0.,0.));
#1340=DIRECTION('',(0.,0.,1.));
#1341=DIRECTION('',(1.,0.,0.));
#1342=DIRECTION('',(0.,0.,1.));
#1343=DIRECTION('',(1.,0.,0.));
#1344=DIRECTION('',(0.,0.,1.));
#1345=DIRECTION('',(1.,0.,0.));
#1346=DIRECTION('',(0.,0.,1.));
#1347=DIRECTION('',(1.,0.,0.));
#1348=DIRECTION('',(0.,0.,1.));
#1349=DIRECTION('',(1.,0.,0.));
#1350=DIRECTION('',(-0.675408188618024,0.73744408516695,0.));
#1351=DIRECTION('',(-0.73744408516695,-0.675408188618024,0.));
#1352=DIRECTION('',(0.,0.,-1.));
#1353=DIRECTION('',(-1.,0.,0.));
#1354=DIRECTION('',(0.,0.,1.));
#1355=DIRECTION('',(1.,0.,0.));
#1356=DIRECTION('',(0.,0.,1.));
#1357=DIRECTION('',(1.,0.,0.));
#1358=DIRECTION('',(0.,0.,1.));
#1359=DIRECTION('',(1.,0.,0.));
#1360=DIRECTION('',(-0.675408188618024,0.73744408516695,0.));
#1361=DIRECTION('',(-0.73744408516695,-0.675408188618024,0.));
#1362=DIRECTION('',(0.,0.,1.));
#1363=DIRECTION('',(1.,0.,0.));
#1364=DIRECTION('',(0.,0.,1.));
#1365=DIRECTION('',(1.,0.,0.));
#1366=DIRECTION('',(0.,0.,1.));
#1367=DIRECTION('',(1.,0.,0.));
#1368=DIRECTION('',(-0.628591401508245,0.77773571986241,0.));
#1369=DIRECTION('',(-0.77773571986241,-0.628591401508245,0.));
#1370=DIRECTION('',(0.,0.,-1.));
#1371=DIRECTION('',(-1.,0.,0.));
#1372=DIRECTION('',(0.,0.,1.));
#1373=DIRECTION('',(1.,0.,0.));
#1374=DIRECTION('',(0.,0.,1.));
#1375=DIRECTION('',(1.,0.,0.));
#1376=CARTESIAN_POINT('',(0.,0.,0.));
#1377=CARTESIAN_POINT('',(0.128267382959801,-0.0750124910804946,0.));
#1378=CARTESIAN_POINT('',(0.128267382959801,-0.0750124910804946,0.018));
#1379=CARTESIAN_POINT('',(0.173234199241871,-0.0338284114412686,0.018));
#1380=CARTESIAN_POINT('',(0.187564090527316,-0.0607982920552889,0.018));
#1381=CARTESIAN_POINT('',(0.187564090527316,-0.0607982920552889,0.));
#1382=CARTESIAN_POINT('',(0.187564090527316,-0.0607982920552889,-0.033));
#1383=CARTESIAN_POINT('',(0.128267382959801,-0.0750124910804946,-0.033));
#1384=CARTESIAN_POINT('',(0.173234199241871,-0.0338284114412686,-0.033));
#1385=CARTESIAN_POINT('',(0.173234199241871,-0.0338284114412686,0.));
#1386=CARTESIAN_POINT('',(0.158061328237594,-0.0231744261908263,-0.033));
#1387=CARTESIAN_POINT('',(0.158061328237594,-0.0231744261908263,0.02));
#1388=CARTESIAN_POINT('',(0.164613031186159,-0.0270375628061325,-0.033));
#1389=CARTESIAN_POINT('',(0.164613031186159,-0.0270375628061325,0.02));
#1390=CARTESIAN_POINT('',(0.17068227714146,-0.0306770706185047,-0.033));
#1391=CARTESIAN_POINT('',(0.17068227714146,-0.0306770706185047,0.02));
#1392=CARTESIAN_POINT('',(0.173153615972475,-0.0337347778670443,-0.033));
#1393=CARTESIAN_POINT('',(0.173153615972475,-0.0337347778670443,0.02));
#1394=CARTESIAN_POINT('',(0.173153615972479,-0.0337347778670493,0.018));
#1395=CARTESIAN_POINT('',(0.173153615972479,-0.0337347778670493,0.018));
#1396=CARTESIAN_POINT('',(0.173153615972479,-0.0337347778670493,-0.033));
#1397=CARTESIAN_POINT('',(0.173153615972479,-0.0337347778670494,-0.033));
#1398=CARTESIAN_POINT('',(0.172666743242578,-0.0331323860555116,-0.033));
#1399=CARTESIAN_POINT('',(0.171570747595763,-0.0320519096624167,-0.033));
#1400=CARTESIAN_POINT('',(0.169165049620926,-0.0301116559763032,-0.033));
#1401=CARTESIAN_POINT('',(0.165978938965435,-0.0279542025350594,-0.033));
#1402=CARTESIAN_POINT('',(0.162041710053802,-0.0255253860623403,-0.033));
#1403=CARTESIAN_POINT('',(0.159388888639319,-0.023957206978844,-0.033));
#1404=CARTESIAN_POINT('',(0.158061328242363,-0.0231744261936383,-0.033));
#1405=CARTESIAN_POINT('',(0.158061328242363,-0.0231744261936383,-0.033));
#1406=CARTESIAN_POINT('',(0.158061328242363,-0.0231744261936383,0.));
#1407=CARTESIAN_POINT('',(0.158061328242363,-0.0231744261936383,0.02));
#1408=CARTESIAN_POINT('',(0.158061328242363,-0.0231744261936383,0.02));
#1409=CARTESIAN_POINT('',(0.164646105743497,-0.0270570648401063,0.02));
#1410=CARTESIAN_POINT('',(0.170743542839879,-0.030713811121598,0.02));
#1411=CARTESIAN_POINT('',(0.173190768214813,-0.0337810414394103,0.02));
#1412=CARTESIAN_POINT('',(0.170837482371855,-0.0314722720256317,0.02));
#1413=CARTESIAN_POINT('',(0.170837482371855,-0.0314722720256317,0.02));
#1414=CARTESIAN_POINT('',(0.171348392407999,-0.0318955245573028,0.02));
#1415=CARTESIAN_POINT('',(0.172270611268259,-0.0327266605492806,0.0194621042930666));
#1416=CARTESIAN_POINT('',(0.172878416024636,-0.0333942819120803,0.0184815134219958));
#1417=CARTESIAN_POINT('',(0.173153615972479,-0.0337347778670493,0.018));
#1418=CARTESIAN_POINT('',(0.137214004652434,-0.00704893053749951,-0.033));
#1419=CARTESIAN_POINT('',(0.137214004652434,-0.00704893053749951,0.02));
#1420=CARTESIAN_POINT('',(0.137966648618672,-0.00576069280393883,-0.033));
#1421=CARTESIAN_POINT('',(0.137966648618672,-0.00576069280393883,0.02));
#1422=CARTESIAN_POINT('',(0.13931573147179,-0.00444697485725277,-0.033));
#1423=CARTESIAN_POINT('',(0.13931573147179,-0.00444697485725277,0.02));
#1424=CARTESIAN_POINT('',(0.141249740317196,-0.00422662022158985,-0.033));
#1425=CARTESIAN_POINT('',(0.141249740317196,-0.00422662022158985,0.02));
#1426=CARTESIAN_POINT('',(0.142681017346549,-0.00493556650039197,-0.033));
#1427=CARTESIAN_POINT('',(0.142681017346549,-0.00493556650039197,0.02));
#1428=CARTESIAN_POINT('',(0.144070982002764,-0.00641288629175594,-0.033));
#1429=CARTESIAN_POINT('',(0.144070982002764,-0.00641288629175594,0.02));
#1430=CARTESIAN_POINT('',(0.145445940808683,-0.00839267423776487,-0.033));
#1431=CARTESIAN_POINT('',(0.145445940808683,-0.00839267423776487,0.02));
#1432=CARTESIAN_POINT('',(0.146821776987062,-0.0106430901565401,-0.033));
#1433=CARTESIAN_POINT('',(0.146821776987062,-0.0106430901565401,0.02));
#1434=CARTESIAN_POINT('',(0.148215219909981,-0.0129311325265628,-0.033));
#1435=CARTESIAN_POINT('',(0.148215219909981,-0.0129311325265628,0.02));
#1436=CARTESIAN_POINT('',(0.149650037652313,-0.014994380008837,-0.033));
#1437=CARTESIAN_POINT('',(0.149650037652313,-0.014994380008837,0.02));
#1438=CARTESIAN_POINT('',(0.151605438779314,-0.0172782131481617,-0.033));
#1439=CARTESIAN_POINT('',(0.151605438779314,-0.0172782131481617,0.02));
#1440=CARTESIAN_POINT('',(0.153498378254723,-0.0190436264028932,-0.033));
#1441=CARTESIAN_POINT('',(0.153498378254723,-0.0190436264028932,0.02));
#1442=CARTESIAN_POINT('',(0.155111252816503,-0.0205230262837043,-0.033));
#1443=CARTESIAN_POINT('',(0.155111252816503,-0.0205230262837043,0.02));
#1444=CARTESIAN_POINT('',(0.15645865019281,-0.0218988760750125,-0.033));
#1445=CARTESIAN_POINT('',(0.15645865019281,-0.0218988760750125,0.02));
#1446=CARTESIAN_POINT('',(0.157351860147288,-0.0227489205350996,-0.033));
#1447=CARTESIAN_POINT('',(0.157351860147288,-0.0227489205350996,0.02));
#1448=CARTESIAN_POINT('',(0.158061328242363,-0.0231744261936383,-0.033));
#1449=CARTESIAN_POINT('',(0.158061328242363,-0.0231744261936383,0.02));
#1450=CARTESIAN_POINT('',(0.158061328242363,-0.0231744261936383,-0.033));
#1451=CARTESIAN_POINT('',(0.157515825837387,-0.0228472555662467,-0.033));
#1452=CARTESIAN_POINT('',(0.156535253082631,-0.0219968380583891,-0.033));
#1453=CARTESIAN_POINT('',(0.155224638062379,-0.0206208990248381,-0.033));
#1454=CARTESIAN_POINT('',(0.153811354099585,-0.0193330804880029,-0.033));
#1455=CARTESIAN_POINT('',(0.151953218672547,-0.0175986596133567,-0.033));
#1456=CARTESIAN_POINT('',(0.149772254085907,-0.0152554592791059,-0.033));
#1457=CARTESIAN_POINT('',(0.148003902285867,-0.0125894392390121,-0.033));
#1458=CARTESIAN_POINT('',(0.146677665654316,-0.0104055437026515,-0.033));
#1459=CARTESIAN_POINT('',(0.145673700474969,-0.00877129066328572,-0.033));
#1460=CARTESIAN_POINT('',(0.144618221157209,-0.00717749338708844,-0.033));
#1461=CARTESIAN_POINT('',(0.143621299368654,-0.00591051930688364,-0.033));
#1462=CARTESIAN_POINT('',(0.142690407557342,-0.00504001083993925,-0.033));
#1463=CARTESIAN_POINT('',(0.141868648682255,-0.00450861089455399,-0.033));
#1464=CARTESIAN_POINT('',(0.140916953729842,-0.00426966011098321,-0.033));
#1465=CARTESIAN_POINT('',(0.139941417848025,-0.00441554306449164,-0.033));
#1466=CARTESIAN_POINT('',(0.139076385208444,-0.0048664382636177,-0.033));
#1467=CARTESIAN_POINT('',(0.138100463960517,-0.00570657832281605,-0.033));
#1468=CARTESIAN_POINT('',(0.137536066479213,-0.00649768424256106,-0.033));
#1469=CARTESIAN_POINT('',(0.137214004652434,-0.00704893053749951,-0.033));
#1470=CARTESIAN_POINT('',(0.137214004652434,-0.00704893053749949,-0.033));
#1471=CARTESIAN_POINT('',(0.137214004652434,-0.00704893053749949,0.));
#1472=CARTESIAN_POINT('',(0.137214004652434,-0.00704893053749949,0.02));
#1473=CARTESIAN_POINT('',(0.137214004652434,-0.00704893053749951,0.02));
#1474=CARTESIAN_POINT('',(0.138504603767075,-0.004839919965489,0.02));
#1475=CARTESIAN_POINT('',(0.142830929663049,-0.00232634764448882,0.02));
#1476=CARTESIAN_POINT('',(0.148545309760982,-0.0150000679117398,0.02));
#1477=CARTESIAN_POINT('',(0.15501031205557,-0.0201955974904505,0.02));
#1478=CARTESIAN_POINT('',(0.157007876464608,-0.0225426152700124,0.02));
#1479=CARTESIAN_POINT('',(0.158061328242363,-0.0231744261936383,0.02));
#1480=CARTESIAN_POINT('',(0.127057647780284,-0.0161667106138252,0.));
#1481=CARTESIAN_POINT('',(0.137214004652434,-0.00704893053749945,-0.033));
#1482=CARTESIAN_POINT('',(0.137214004652434,-0.00704893053749945,-0.0335519584741545));
#1483=CARTESIAN_POINT('',(0.13756183728049,-0.00742048856657883,-0.0346224342774786));
#1484=CARTESIAN_POINT('',(0.13822930825647,-0.00830669371851529,-0.035));
#1485=CARTESIAN_POINT('',(0.138526431789377,-0.00876721794287307,-0.035));
#1486=CARTESIAN_POINT('',(0.138526431789377,-0.00876721794287302,-0.035));
#1487=CARTESIAN_POINT('',(0.127057647780284,-0.0161667106138252,-0.035));
#1488=CARTESIAN_POINT('',(0.138465393872808,-0.00867345848119236,-0.035));
#1489=CARTESIAN_POINT('',(0.138465393872808,-0.00867345848119237,-0.035));
#1490=CARTESIAN_POINT('',(0.138178115615889,-0.00823610533267565,-0.035));
#1491=CARTESIAN_POINT('',(0.137544288173727,-0.0074029265410237,-0.034643297186181));
#1492=CARTESIAN_POINT('',(0.137214004652434,-0.00704893053749954,-0.0336170598540081));
#1493=CARTESIAN_POINT('',(0.137214004652434,-0.00704893053749954,-0.0331));
#1494=CARTESIAN_POINT('',(0.137214004652434,-0.00704893053749949,-0.0331));
#1495=CARTESIAN_POINT('',(0.127057647780284,-0.0161667106138252,-0.0331));
#1496=CARTESIAN_POINT('',(0.128804096110702,-0.00263026290167084,-0.0331));
#1497=CARTESIAN_POINT('',(0.128804096110702,-0.00263026290167084,0.));
#1498=CARTESIAN_POINT('',(0.128804096110702,-0.00263026290167084,0.02));
#1499=CARTESIAN_POINT('',(0.127057647780284,-0.0161667106138252,0.02));
#1500=CARTESIAN_POINT('',(0.131057147478075,-0.00964168636970567,0.));
#1501=CARTESIAN_POINT('',(0.131057147478075,-0.00964168636970567,-0.0331));
#1502=CARTESIAN_POINT('',(0.12371593128163,-0.0102272154203827,-0.0331));
#1503=CARTESIAN_POINT('',(0.12371593128163,-0.0102272154203827,0.));
#1504=CARTESIAN_POINT('',(0.12371593128163,-0.0102272154203827,0.02));
#1505=CARTESIAN_POINT('',(0.131057147478075,-0.00964168636970567,0.02));
#1506=CARTESIAN_POINT('',(0.123400002993683,-0.018847785929032,0.));
#1507=CARTESIAN_POINT('',(0.123400002993683,-0.018847785929032,-0.0329));
#1508=CARTESIAN_POINT('',(0.122054669770575,-0.012449245726401,-0.0329));
#1509=CARTESIAN_POINT('',(0.116863375726512,-0.019001870892513,-0.0329));
#1510=CARTESIAN_POINT('',(0.116863375726512,-0.019001870892513,0.));
#1511=CARTESIAN_POINT('',(0.116863375726512,-0.019001870892513,0.02));
#1512=CARTESIAN_POINT('',(0.123400002993683,-0.018847785929032,0.02));
#1513=CARTESIAN_POINT('',(0.122054669770575,-0.012449245726401,0.02));
#1514=CARTESIAN_POINT('',(0.122054669770575,-0.012449245726401,0.));
#1515=CARTESIAN_POINT('',(0.116878037001635,-0.0192049578678377,-0.0331));
#1516=CARTESIAN_POINT('',(0.116878037001635,-0.0192049578678377,0.02));
#1517=CARTESIAN_POINT('',(0.116950963465355,-0.0198068919423945,-0.0331));
#1518=CARTESIAN_POINT('',(0.116950963465355,-0.0198068919423945,0.02));
#1519=CARTESIAN_POINT('',(0.117123675802104,-0.0207575428916555,-0.0331));
#1520=CARTESIAN_POINT('',(0.117123675802104,-0.0207575428916555,0.02));
#1521=CARTESIAN_POINT('',(0.117501490564563,-0.0216783086252916,-0.0331));
#1522=CARTESIAN_POINT('',(0.117501490564563,-0.0216783086252916,0.02));
#1523=CARTESIAN_POINT('',(0.118031190963441,-0.0223810938088083,-0.0331));
#1524=CARTESIAN_POINT('',(0.118031190963441,-0.0223810938088083,0.02));
#1525=CARTESIAN_POINT('',(0.118767011141396,-0.0230200712663435,-0.0331));
#1526=CARTESIAN_POINT('',(0.118767011141396,-0.0230200712663435,0.02));
#1527=CARTESIAN_POINT('',(0.119819599042894,-0.0235380751495283,-0.0331));
#1528=CARTESIAN_POINT('',(0.119819599042894,-0.0235380751495283,0.02));
#1529=CARTESIAN_POINT('',(0.121228695106505,-0.023933403378368,-0.0331));
#1530=CARTESIAN_POINT('',(0.121228695106505,-0.023933403378368,0.02));
#1531=CARTESIAN_POINT('',(0.122087272358401,-0.0243215292013471,-0.0331));
#1532=CARTESIAN_POINT('',(0.122087272358401,-0.0243215292013471,0.02));
#1533=CARTESIAN_POINT('',(0.122223251924234,-0.0247622829922954,-0.0331));
#1534=CARTESIAN_POINT('',(0.122223251924234,-0.0247622829922954,0.02));
#1535=CARTESIAN_POINT('',(0.121923551049846,-0.0253116319571484,-0.0331));
#1536=CARTESIAN_POINT('',(0.121923551049846,-0.0253116319571484,0.02));
#1537=CARTESIAN_POINT('',(0.121006104165815,-0.0261658916932167,-0.0331));
#1538=CARTESIAN_POINT('',(0.121006104165815,-0.0261658916932167,0.02));
#1539=CARTESIAN_POINT('',(0.119966565345885,-0.0271716689304596,-0.0331));
#1540=CARTESIAN_POINT('',(0.119966565345885,-0.0271716689304596,0.02));
#1541=CARTESIAN_POINT('',(0.119435737289664,-0.0280223903633486,-0.0331));
#1542=CARTESIAN_POINT('',(0.119435737289664,-0.0280223903633486,0.02));
#1543=CARTESIAN_POINT('',(0.119216640026053,-0.0288890531730979,-0.0331));
#1544=CARTESIAN_POINT('',(0.119216640026053,-0.0288890531730979,0.02));
#1545=CARTESIAN_POINT('',(0.119416270634821,-0.0299682699442648,-0.0331));
#1546=CARTESIAN_POINT('',(0.119416270634821,-0.0299682699442648,0.02));
#1547=CARTESIAN_POINT('',(0.120128689656079,-0.031156429116874,-0.0331));
#1548=CARTESIAN_POINT('',(0.120128689656079,-0.031156429116874,0.02));
#1549=CARTESIAN_POINT('',(0.120981495637193,-0.0321170900421064,-0.0331));
#1550=CARTESIAN_POINT('',(0.120981495637193,-0.0321170900421064,0.02));
#1551=CARTESIAN_POINT('',(0.12191637678462,-0.0328620653023267,-0.0331));
#1552=CARTESIAN_POINT('',(0.12191637678462,-0.0328620653023267,0.02));
#1553=CARTESIAN_POINT('',(0.122619084962705,-0.0332538435006346,-0.0331));
#1554=CARTESIAN_POINT('',(0.122619084962705,-0.0332538435006346,0.02));
#1555=CARTESIAN_POINT('',(0.122992256312332,-0.0334311789515561,-0.0331));
#1556=CARTESIAN_POINT('',(0.122992256312332,-0.0334311789515561,0.02));
#1557=CARTESIAN_POINT('',(0.116866847825071,-0.019110696082365,0.02));
#1558=CARTESIAN_POINT('',(0.117056561547218,-0.0207418428610691,0.02));
#1559=CARTESIAN_POINT('',(0.117585628233527,-0.0220943804472428,0.02));
#1560=CARTESIAN_POINT('',(0.119463429334057,-0.0236262087756121,0.02));
#1561=CARTESIAN_POINT('',(0.123876824127438,-0.0244176599363284,0.02));
#1562=CARTESIAN_POINT('',(0.118209404259844,-0.0277752818425717,0.02));
#1563=CARTESIAN_POINT('',(0.120239799557064,-0.0316858840526828,0.02));
#1564=CARTESIAN_POINT('',(0.121975269721865,-0.0329478948629408,0.02));
#1565=CARTESIAN_POINT('',(0.122992256312332,-0.0334311789515561,0.02));
#1566=CARTESIAN_POINT('',(0.116878037001635,-0.0192049578678404,0.02));
#1567=CARTESIAN_POINT('',(0.122992256312332,-0.0334311789515561,0.02));
#1568=CARTESIAN_POINT('',(0.116878037001635,-0.0192049578678431,0.02));
#1569=CARTESIAN_POINT('',(0.116878037001635,-0.0192049578678434,-0.0329189488500285));
#1570=CARTESIAN_POINT('',(0.116878037001635,-0.0192049578678434,-0.0329189488500285));
#1571=CARTESIAN_POINT('',(0.116885990155026,-0.0192706030915618,-0.0329769835457565));
#1572=CARTESIAN_POINT('',(0.116909326651228,-0.019454952601912,-0.032977873857997));
#1573=CARTESIAN_POINT('',(0.116956821270813,-0.0197845814410409,-0.0330131908699873));
#1574=CARTESIAN_POINT('',(0.117030036141338,-0.0202102915262294,-0.0330058264332938));
#1575=CARTESIAN_POINT('',(0.117145391705719,-0.0207068883121096,-0.0329863062036562));
#1576=CARTESIAN_POINT('',(0.117354473157747,-0.0213586759558287,-0.0329655091278166));
#1577=CARTESIAN_POINT('',(0.11777777626386,-0.0221006737722809,-0.0330527502430851));
#1578=CARTESIAN_POINT('',(0.118263181088022,-0.0225879421974441,-0.0331));
#1579=CARTESIAN_POINT('',(0.118534640500772,-0.0227979969488717,-0.0331));
#1580=CARTESIAN_POINT('',(0.118534640500772,-0.0227979969488717,-0.0331));
#1581=CARTESIAN_POINT('',(0.118534640500772,-0.0227979969488717,-0.0331));
#1582=CARTESIAN_POINT('',(0.118788894001126,-0.022994737799651,-0.0331));
#1583=CARTESIAN_POINT('',(0.1193499964217,-0.0233306631981382,-0.0331));
#1584=CARTESIAN_POINT('',(0.120111865581517,-0.0236047829905427,-0.0331));
#1585=CARTESIAN_POINT('',(0.120730864006051,-0.0237990763407983,-0.0331));
#1586=CARTESIAN_POINT('',(0.121194127732801,-0.0239499297959372,-0.0331));
#1587=CARTESIAN_POINT('',(0.121643027485486,-0.0241280400739509,-0.0331));
#1588=CARTESIAN_POINT('',(0.122009558309854,-0.0243274761126525,-0.0331));
#1589=CARTESIAN_POINT('',(0.122197603656491,-0.0246182105888026,-0.0331));
#1590=CARTESIAN_POINT('',(0.122157728752682,-0.0248744479388439,-0.0331));
#1591=CARTESIAN_POINT('',(0.12203681708686,-0.025088432888087,-0.0331));
#1592=CARTESIAN_POINT('',(0.121838265278614,-0.0253508746449111,-0.0331));
#1593=CARTESIAN_POINT('',(0.121558440589284,-0.0256449747182597,-0.0331));
#1594=CARTESIAN_POINT('',(0.121089185066047,-0.0260965712332205,-0.0331));
#1595=CARTESIAN_POINT('',(0.120494996664976,-0.0266535675037146,-0.0331));
#1596=CARTESIAN_POINT('',(0.119831422569299,-0.027368721323501,-0.0331));
#1597=CARTESIAN_POINT('',(0.119321927106873,-0.0282151590563886,-0.0331));
#1598=CARTESIAN_POINT('',(0.119244554034828,-0.029208227569846,-0.0331));
#1599=CARTESIAN_POINT('',(0.119535615786868,-0.0301487425011352,-0.0331));
#1600=CARTESIAN_POINT('',(0.120199123440818,-0.03127211849311,-0.0331));
#1601=CARTESIAN_POINT('',(0.121313537260845,-0.0324848630820087,-0.0331));
#1602=CARTESIAN_POINT('',(0.122405658665487,-0.0331524207930941,-0.0331));
#1603=CARTESIAN_POINT('',(0.122992256312332,-0.0334311789515561,-0.0331));
#1604=CARTESIAN_POINT('',(0.122992256312332,-0.0334311789515561,-0.0331));
#1605=CARTESIAN_POINT('',(0.122992256312332,-0.0334311789515561,0.));
#1606=CARTESIAN_POINT('',(0.131607642323398,-0.0153016103368356,0.));
#1607=CARTESIAN_POINT('',(0.131607642323398,-0.0153016103368356,-0.0331));
#1608=CARTESIAN_POINT('',(0.129275469953808,-0.035238187433069,-0.0331));
#1609=CARTESIAN_POINT('',(0.129275469953808,-0.035238187433069,0.));
#1610=CARTESIAN_POINT('',(0.129275469953808,-0.035238187433069,0.02));
#1611=CARTESIAN_POINT('',(0.131607642323398,-0.0153016103368356,0.02));
#1612=CARTESIAN_POINT('',(0.133324744593662,-0.0142617244905617,0.));
#1613=CARTESIAN_POINT('',(0.133324744593662,-0.0142617244905617,-0.0331));
#1614=CARTESIAN_POINT('',(0.137955852005388,-0.0351174543226344,-0.0331));
#1615=CARTESIAN_POINT('',(0.137955852005388,-0.0351174543226344,0.));
#1616=CARTESIAN_POINT('',(0.137955852005388,-0.0351174543226344,0.02));
#1617=CARTESIAN_POINT('',(0.133324744593662,-0.0142617244905617,0.02));
#1618=CARTESIAN_POINT('',(0.157902647633726,-0.0507179652807558,-0.035));
#1619=CARTESIAN_POINT('',(0.157902647633726,-0.0507179652807558,0.02));
#1620=CARTESIAN_POINT('',(0.156075440879197,-0.049357805075325,-0.035));
#1621=CARTESIAN_POINT('',(0.156075440879197,-0.049357805075325,0.02));
#1622=CARTESIAN_POINT('',(0.152539484353549,-0.0452128432933394,-0.035));
#1623=CARTESIAN_POINT('',(0.152539484353549,-0.0452128432933394,0.02));
#1624=CARTESIAN_POINT('',(0.147878385040474,-0.0402931314123787,-0.035));
#1625=CARTESIAN_POINT('',(0.147878385040474,-0.0402931314123787,0.02));
#1626=CARTESIAN_POINT('',(0.143528073945428,-0.0372173005737187,-0.035));
#1627=CARTESIAN_POINT('',(0.143528073945428,-0.0372173005737187,0.02));
#1628=CARTESIAN_POINT('',(0.14047069258097,-0.0357712641019319,-0.035));
#1629=CARTESIAN_POINT('',(0.14047069258097,-0.0357712641019319,0.02));
#1630=CARTESIAN_POINT('',(0.137719238612759,-0.0350493366700361,-0.035));
#1631=CARTESIAN_POINT('',(0.137719238612759,-0.0350493366700361,0.02));
#1632=CARTESIAN_POINT('',(0.134903066028011,-0.0344198258664274,-0.035));
#1633=CARTESIAN_POINT('',(0.134903066028011,-0.0344198258664274,0.02));
#1634=CARTESIAN_POINT('',(0.132805498278171,-0.0339268990223562,-0.035));
#1635=CARTESIAN_POINT('',(0.132805498278171,-0.0339268990223562,0.02));
#1636=CARTESIAN_POINT('',(0.13140388384745,-0.0336029019577231,-0.035));
#1637=CARTESIAN_POINT('',(0.13140388384745,-0.0336029019577231,0.02));
#1638=CARTESIAN_POINT('',(0.137955852005388,-0.0351174543226344,-0.0331));
#1639=CARTESIAN_POINT('',(0.137955852005388,-0.0351174543226344,-0.0334088576576411));
#1640=CARTESIAN_POINT('',(0.137602010777665,-0.035035660416539,-0.0339532697466883));
#1641=CARTESIAN_POINT('',(0.136818199902837,-0.0348544747658307,-0.0343904564839474));
#1642=CARTESIAN_POINT('',(0.135970177255168,-0.0346584459275395,-0.0346657637563736));
#1643=CARTESIAN_POINT('',(0.134821314606565,-0.0343928749419271,-0.0348830509481268));
#1644=CARTESIAN_POINT('',(0.133364506492758,-0.0340561193105199,-0.0349899502066179));
#1645=CARTESIAN_POINT('',(0.132190708066231,-0.0337847841727457,-0.035));
#1646=CARTESIAN_POINT('',(0.131604512553239,-0.0336492792711497,-0.035));
#1647=CARTESIAN_POINT('',(0.131604512553239,-0.0336492792711497,-0.035));
#1648=CARTESIAN_POINT('',(0.157902647633725,-0.0507179652807558,-0.035));
#1649=CARTESIAN_POINT('',(0.156074860185959,-0.0493573728112523,-0.035));
#1650=CARTESIAN_POINT('',(0.150381480717637,-0.0426800551508471,-0.035));
#1651=CARTESIAN_POINT('',(0.144180658326966,-0.0365563799871369,-0.035));
#1652=CARTESIAN_POINT('',(0.137955852005388,-0.0351174543226344,-0.035));
#1653=CARTESIAN_POINT('',(0.101840147766252,-0.0267689514075907,-0.035));
#1654=CARTESIAN_POINT('',(0.0657244435271159,-0.0184204484925471,-0.035));
#1655=CARTESIAN_POINT('',(0.0296087392879797,-0.0100719455775035,-0.035));
#1656=CARTESIAN_POINT('',(0.157902647633725,-0.0507179652807558,-0.035));
#1657=CARTESIAN_POINT('',(0.157902647633725,-0.0507179652807558,0.));
#1658=CARTESIAN_POINT('',(0.157902647633725,-0.0507179652807558,0.02));
#1659=CARTESIAN_POINT('',(0.157902647633725,-0.0507179652807558,0.02));
#1660=CARTESIAN_POINT('',(0.156074860185959,-0.0493573728112523,0.02));
#1661=CARTESIAN_POINT('',(0.150381480717637,-0.0426800551508471,0.02));
#1662=CARTESIAN_POINT('',(0.144180658326966,-0.0365563799871369,0.02));
#1663=CARTESIAN_POINT('',(0.137955852005388,-0.0351174543226344,0.02));
#1664=CARTESIAN_POINT('',(0.151656166762173,-0.0568568327276337,0.));
#1665=CARTESIAN_POINT('',(0.151656166762173,-0.0568568327276337,-0.035));
#1666=CARTESIAN_POINT('',(0.159847655344281,-0.0537578439218762,-0.035));
#1667=CARTESIAN_POINT('',(0.159847655344281,-0.0537578439218762,0.));
#1668=CARTESIAN_POINT('',(0.159847655344281,-0.0537578439218762,0.02));
#1669=CARTESIAN_POINT('',(0.151656166762173,-0.0568568327276337,0.02));
#1670=CARTESIAN_POINT('',(0.161728374622395,-0.0863332469356832,0.));
#1671=CARTESIAN_POINT('',(0.161728374622395,-0.0863332469356832,-0.035));
#1672=CARTESIAN_POINT('',(0.184239399777268,-0.0627123296590058,-0.035));
#1673=CARTESIAN_POINT('',(0.184239399777268,-0.0627123296590058,0.));
#1674=CARTESIAN_POINT('',(0.184239399777268,-0.0627123296590058,0.02));
#1675=CARTESIAN_POINT('',(0.161728374622395,-0.0863332469356832,0.02));
#1676=CARTESIAN_POINT('',(0.15286256535621,-0.0354211932120257,0.02));
#1677=CARTESIAN_POINT('',(0.118962792521255,-0.0189523822882332,0.02));
#1678=CARTESIAN_POINT('',(0.185619189381046,-0.0612645103853023,0.02));
#1679=CARTESIAN_POINT('',(0.18605236316879,-0.063217037073881,0.02));
#1680=CARTESIAN_POINT('',(0.128267382959801,-0.0750124910804946,0.02));
#1681=CARTESIAN_POINT('',(0.171759311071536,-0.0351792278185047,0.02));
#1682=CARTESIAN_POINT('',(0.174709087412204,-0.032477595064033,0.02));
#1683=CARTESIAN_POINT('',(0.121622579175888,-0.0103941793727318,0.02));
#1684=CARTESIAN_POINT('',(0.15286256535621,-0.0354211932120257,-0.035));
#1685=CARTESIAN_POINT('',(0.123400002993683,-0.018847785929032,-0.035));
#1686=CARTESIAN_POINT('',(0.119697397904604,-0.0212953342389357,-0.035));
#1687=CARTESIAN_POINT('',(0.122486760365262,-0.0145043120800702,-0.035));
#1688=CARTESIAN_POINT('',(0.122486760365262,-0.0145043120800702,-0.035));
#1689=CARTESIAN_POINT('',(0.12308722314945,-0.0143780609423453,-0.035));
#1690=CARTESIAN_POINT('',(0.123545141352524,-0.0141446907029716,-0.035));
#1691=CARTESIAN_POINT('',(0.124318448445085,-0.0135851374280151,-0.035));
#1692=CARTESIAN_POINT('',(0.124630311301697,-0.0132528936168825,-0.035));
#1693=CARTESIAN_POINT('',(0.125136835024218,-0.0125057440810329,-0.035));
#1694=CARTESIAN_POINT('',(0.12533120203947,-0.0120906311053879,-0.035));
#1695=CARTESIAN_POINT('',(0.125588887125162,-0.0111674124920089,-0.035));
#1696=CARTESIAN_POINT('',(0.125656489506061,-0.010660073759559,-0.035));
#1697=CARTESIAN_POINT('',(0.125609916520159,-0.0100761527968287,-0.035));
#1698=CARTESIAN_POINT('',(0.125609916520159,-0.0100761527968287,-0.035));
#1699=CARTESIAN_POINT('',(0.131057147478075,-0.00964168636970567,-0.035));
#1700=CARTESIAN_POINT('',(0.128998981973722,-0.00457956814292867,-0.035));
#1701=CARTESIAN_POINT('',(0.127057647780284,-0.0161667106138252,-0.035));
#1702=CARTESIAN_POINT('',(0.137373012168861,-0.0105431968881958,-0.035));
#1703=CARTESIAN_POINT('',(0.137373012168861,-0.0105431968881958,-0.035));
#1704=CARTESIAN_POINT('',(0.13773713940351,-0.00991995075252797,-0.035));
#1705=CARTESIAN_POINT('',(0.138101266638159,-0.00929670461686019,-0.035));
#1706=CARTESIAN_POINT('',(0.138465393872808,-0.00867345848119236,-0.035));
#1707=CARTESIAN_POINT('',(0.138526431789377,-0.00876721794287302,-0.035));
#1708=CARTESIAN_POINT('',(0.138674723052228,-0.00851340018981719,-0.035));
#1709=CARTESIAN_POINT('',(0.138962291194489,-0.00800094966050727,-0.035));
#1710=CARTESIAN_POINT('',(0.139448915881878,-0.00726186210252226,-0.035));
#1711=CARTESIAN_POINT('',(0.13996436274202,-0.00671922902060749,-0.035));
#1712=CARTESIAN_POINT('',(0.140460649524678,-0.00638162094644332,-0.035));
#1713=CARTESIAN_POINT('',(0.140923320396989,-0.00628714584295466,-0.035));
#1714=CARTESIAN_POINT('',(0.141323538645682,-0.00654042962250054,-0.035));
#1715=CARTESIAN_POINT('',(0.141777509513079,-0.00690938767681638,-0.035));
#1716=CARTESIAN_POINT('',(0.142283674835471,-0.00745767972444439,-0.035));
#1717=CARTESIAN_POINT('',(0.142832728404012,-0.00815631455096536,-0.035));
#1718=CARTESIAN_POINT('',(0.143513942715258,-0.00912117432665003,-0.035));
#1719=CARTESIAN_POINT('',(0.14430914460258,-0.0103650789829812,-0.035));
#1720=CARTESIAN_POINT('',(0.145231151711921,-0.0118790892788713,-0.035));
#1721=CARTESIAN_POINT('',(0.146158129841783,-0.0133901987224229,-0.035));
#1722=CARTESIAN_POINT('',(0.147438553910646,-0.0153725605056645,-0.035));
#1723=CARTESIAN_POINT('',(0.149264939717375,-0.0177107302717177,-0.035));
#1724=CARTESIAN_POINT('',(0.151345567495887,-0.0197891317895222,-0.035));
#1725=CARTESIAN_POINT('',(0.153088449884116,-0.0213689182089001,-0.035));
#1726=CARTESIAN_POINT('',(0.154774773037053,-0.0230079210744641,-0.035));
#1727=CARTESIAN_POINT('',(0.156004925499225,-0.0242732190566317,-0.035));
#1728=CARTESIAN_POINT('',(0.157039056060043,-0.0248934420213435,-0.035));
#1729=CARTESIAN_POINT('',(0.157039056060043,-0.0248934420213435,-0.035));
#1730=CARTESIAN_POINT('',(0.157039056060043,-0.0248934420213435,-0.035));
#1731=CARTESIAN_POINT('',(0.158316605923859,-0.0256467346683903,-0.035));
#1732=CARTESIAN_POINT('',(0.160869587864708,-0.0271556086921703,-0.035));
#1733=CARTESIAN_POINT('',(0.164661374475181,-0.0294885117447158,-0.035));
#1734=CARTESIAN_POINT('',(0.167736144974663,-0.0315506797868019,-0.035));
#1735=CARTESIAN_POINT('',(0.170068308863311,-0.0333980051451908,-0.035));
#1736=CARTESIAN_POINT('',(0.171134799937345,-0.0344186794549704,-0.035));
#1737=CARTESIAN_POINT('',(0.171598144532755,-0.0349919606700658,-0.035));
#1738=CARTESIAN_POINT('',(0.171598144532754,-0.0349919606700658,-0.035));
#1739=CARTESIAN_POINT('',(0.174709087412204,-0.032477595064033,-0.035));
#1740=CARTESIAN_POINT('',(0.171759311071536,-0.0351792278185046,-0.035));
#1741=CARTESIAN_POINT('',(0.128267382959801,-0.0750124910804946,-0.035));
#1742=CARTESIAN_POINT('',(0.18605236316879,-0.063217037073881,-0.035));
#1743=CARTESIAN_POINT('',(0.185619189381046,-0.0612645103853023,-0.035));
#1744=CARTESIAN_POINT('',(0.133324744593662,-0.0142617244905617,-0.035));
#1745=CARTESIAN_POINT('',(0.12956622163377,-0.0333591060860361,-0.035));
#1746=CARTESIAN_POINT('',(0.131607642323398,-0.0153016103368356,-0.035));
#1747=CARTESIAN_POINT('',(0.123807760887489,-0.0317150926227552,-0.035));
#1748=CARTESIAN_POINT('',(0.123807760887489,-0.0317150926227552,-0.035));
#1749=CARTESIAN_POINT('',(0.123522402366075,-0.0315794868692055,-0.035));
#1750=CARTESIAN_POINT('',(0.122973831505763,-0.0312769172291995,-0.035));
#1751=CARTESIAN_POINT('',(0.122366243959788,-0.0307864451859481,-0.035));
#1752=CARTESIAN_POINT('',(0.121933647717677,-0.0303199024257204,-0.035));
#1753=CARTESIAN_POINT('',(0.121639725692426,-0.0299465207403166,-0.035));
#1754=CARTESIAN_POINT('',(0.121382125040616,-0.0295438286207325,-0.035));
#1755=CARTESIAN_POINT('',(0.121224253362768,-0.0291853950154889,-0.035));
#1756=CARTESIAN_POINT('',(0.12116551228842,-0.0288592048721519,-0.035));
#1757=CARTESIAN_POINT('',(0.121330225082244,-0.0285752940118325,-0.035));
#1758=CARTESIAN_POINT('',(0.121682673189324,-0.0281571100331121,-0.035));
#1759=CARTESIAN_POINT('',(0.122254313320125,-0.0276042521697022,-0.035));
#1760=CARTESIAN_POINT('',(0.122945797796664,-0.0269576129248671,-0.035));
#1761=CARTESIAN_POINT('',(0.12358538137713,-0.0262519111995011,-0.035));
#1762=CARTESIAN_POINT('',(0.12403522742252,-0.0253955233403967,-0.035));
#1763=CARTESIAN_POINT('',(0.124127951049435,-0.0244298693809462,-0.035));
#1764=CARTESIAN_POINT('',(0.123814049770437,-0.0235087023415018,-0.035));
#1765=CARTESIAN_POINT('',(0.12316139908415,-0.0227903761273049,-0.035));
#1766=CARTESIAN_POINT('',(0.122319561437296,-0.0223299831314863,-0.035));
#1767=CARTESIAN_POINT('',(0.121429891813413,-0.0220209271674074,-0.035));
#1768=CARTESIAN_POINT('',(0.120523361856618,-0.0217554844384972,-0.035));
#1769=CARTESIAN_POINT('',(0.119944874594475,-0.0214868312072973,-0.035));
#1770=CARTESIAN_POINT('',(0.119697397904606,-0.0212953342389368,-0.035));
#1771=CARTESIAN_POINT('',(0.122992256312332,-0.0334311789515561,-0.0331));
#1772=CARTESIAN_POINT('',(0.122992256312332,-0.0334311789515561,-0.035));
#1773=CARTESIAN_POINT('',(0.123807760887489,-0.0317150926227552,-0.035));
#1774=CARTESIAN_POINT('',(0.122638301256255,-0.0332629753112227,-0.0331));
#1775=CARTESIAN_POINT('',(0.122638301251703,-0.0332629753208102,-0.035));
#1776=CARTESIAN_POINT('',(0.123522402362627,-0.0315794868741398,-0.035));
#1777=CARTESIAN_POINT('',(0.122100825773082,-0.0329684425177765,-0.0331));
#1778=CARTESIAN_POINT('',(0.122100825774109,-0.0329684425156146,-0.035));
#1779=CARTESIAN_POINT('',(0.123110978285978,-0.0313523597955417,-0.035));
#1780=CARTESIAN_POINT('',(0.121411001407843,-0.0324611414117851,-0.0331));
#1781=CARTESIAN_POINT('',(0.121411001407649,-0.0324611414121923,-0.035));
#1782=CARTESIAN_POINT('',(0.122609272204099,-0.0309829670743695,-0.035));
#1783=CARTESIAN_POINT('',(0.120924537895374,-0.0320271023020402,-0.0331));
#1784=CARTESIAN_POINT('',(0.120924537895426,-0.0320271023019309,-0.035));
#1785=CARTESIAN_POINT('',(0.122258077296296,-0.030669685079496,-0.035));
#1786=CARTESIAN_POINT('',(0.120484364125985,-0.0315516980707489,-0.0331));
#1787=CARTESIAN_POINT('',(0.120484364125971,-0.0315516980707789,-0.035));
#1788=CARTESIAN_POINT('',(0.121933724903609,-0.0303200670201801,-0.035));
#1789=CARTESIAN_POINT('',(0.120161706847048,-0.0311422395016835,-0.0331));
#1790=CARTESIAN_POINT('',(0.12016170684705,-0.0311422395016798,-0.035));
#1791=CARTESIAN_POINT('',(0.121688482943651,-0.030008333485757,-0.035));
#1792=CARTESIAN_POINT('',(0.119905406703212,-0.0307635922407184,-0.0331));
#1793=CARTESIAN_POINT('',(0.119905406703211,-0.0307635922407191,-0.035));
#1794=CARTESIAN_POINT('',(0.121511323484705,-0.0297458933254606,-0.035));
#1795=CARTESIAN_POINT('',(0.119717532160229,-0.0304449843384904,-0.0331));
#1796=CARTESIAN_POINT('',(0.119717532160229,-0.0304449843384902,-0.035));
#1797=CARTESIAN_POINT('',(0.121390687826811,-0.0295407375418165,-0.035));
#1798=CARTESIAN_POINT('',(0.119565655059824,-0.0301350501893122,-0.0331));
#1799=CARTESIAN_POINT('',(0.119565655059824,-0.0301350501893122,-0.035));
#1800=CARTESIAN_POINT('',(0.121304139712918,-0.0293623729444359,-0.035));
#1801=CARTESIAN_POINT('',(0.119450298715392,-0.0298364046377062,-0.0331));
#1802=CARTESIAN_POINT('',(0.119450298715392,-0.0298364046377062,-0.035));
#1803=CARTESIAN_POINT('',(0.121247640697473,-0.0292150623484288,-0.035));
#1804=CARTESIAN_POINT('',(0.119369050867064,-0.0295694815418018,-0.0331));
#1805=CARTESIAN_POINT('',(0.119369050867064,-0.0295694815418018,-0.035));
#1806=CARTESIAN_POINT('',(0.121213297230833,-0.0291012447586081,-0.035));
#1807=CARTESIAN_POINT('',(0.119309355319653,-0.029280898355982,-0.0331));
#1808=CARTESIAN_POINT('',(0.119309355319653,-0.029280898355982,-0.035));
#1809=CARTESIAN_POINT('',(0.121194180437008,-0.0290029756810138,-0.035));
#1810=CARTESIAN_POINT('',(0.119285292337947,-0.0289616790791353,-0.0331));
#1811=CARTESIAN_POINT('',(0.119285292337947,-0.0289616790791353,-0.035));
#1812=CARTESIAN_POINT('',(0.121188695741017,-0.0289243355293524,-0.035));
#1813=CARTESIAN_POINT('',(0.119295221539139,-0.028616294620672,-0.0331));
#1814=CARTESIAN_POINT('',(0.119295221539139,-0.028616294620672,-0.035));
#1815=CARTESIAN_POINT('',(0.121191515385492,-0.0288642802290518,-0.035));
#1816=CARTESIAN_POINT('',(0.119408307589651,-0.0281531632511148,-0.0331));
#1817=CARTESIAN_POINT('',(0.119408307589651,-0.0281531632511148,-0.035));
#1818=CARTESIAN_POINT('',(0.121205906848664,-0.0288054822496141,-0.035));
#1819=CARTESIAN_POINT('',(0.119552574509987,-0.0278563909989562,-0.0331));
#1820=CARTESIAN_POINT('',(0.119552574509987,-0.0278563909989562,-0.035));
#1821=CARTESIAN_POINT('',(0.121230469065842,-0.0287519550443242,-0.035));
#1822=CARTESIAN_POINT('',(0.119631706460888,-0.0277200594298325,-0.0331));
#1823=CARTESIAN_POINT('',(0.119631706460888,-0.0277200594298325,-0.035));
#1824=CARTESIAN_POINT('',(0.121259932053585,-0.0287001806832445,-0.035));
#1825=CARTESIAN_POINT('',(0.119731357613273,-0.0275624782593588,-0.0331));
#1826=CARTESIAN_POINT('',(0.119731357613273,-0.0275624782593588,-0.035));
#1827=CARTESIAN_POINT('',(0.121302477132683,-0.0286329885188789,-0.035));
#1828=CARTESIAN_POINT('',(0.11983663098946,-0.0274156769538488,-0.0331));
#1829=CARTESIAN_POINT('',(0.11983663098946,-0.0274156769538488,-0.035));
#1830=CARTESIAN_POINT('',(0.121359606450382,-0.0285524615510055,-0.035));
#1831=CARTESIAN_POINT('',(0.119954499981354,-0.0272642744172778,-0.0331));
#1832=CARTESIAN_POINT('',(0.119954499981354,-0.0272642744172778,-0.035));
#1833=CARTESIAN_POINT('',(0.121432302384828,-0.0284590877678456,-0.035));
#1834=CARTESIAN_POINT('',(0.120065692360315,-0.0271311667156439,-0.0331));
#1835=CARTESIAN_POINT('',(0.120065692360315,-0.0271311667156439,-0.035));
#1836=CARTESIAN_POINT('',(0.121508059302518,-0.0283682276452886,-0.035));
#1837=CARTESIAN_POINT('',(0.12020858415064,-0.0269686422108777,-0.0331));
#1838=CARTESIAN_POINT('',(0.12020858415064,-0.0269686422108777,-0.035));
#1839=CARTESIAN_POINT('',(0.121612240334649,-0.0282496688856134,-0.035));
#1840=CARTESIAN_POINT('',(0.120379627875551,-0.0267860421010213,-0.0331));
#1841=CARTESIAN_POINT('',(0.120379627875551,-0.0267860421010212,-0.035));
#1842=CARTESIAN_POINT('',(0.121747289262923,-0.0281052571718492,-0.035));
#1843=CARTESIAN_POINT('',(0.12064152054132,-0.0265211084441501,-0.0331));
#1844=CARTESIAN_POINT('',(0.12064152054132,-0.0265211084441502,-0.035));
#1845=CARTESIAN_POINT('',(0.121969536179951,-0.0278802787983154,-0.035));
#1846=CARTESIAN_POINT('',(0.120950375953178,-0.0262251037450577,-0.0331));
#1847=CARTESIAN_POINT('',(0.120950375953178,-0.0262251037450577,-0.035));
#1848=CARTESIAN_POINT('',(0.122254755470783,-0.0276065897038509,-0.035));
#1849=CARTESIAN_POINT('',(0.121290970047894,-0.0259036492620553,-0.0331));
#1850=CARTESIAN_POINT('',(0.121290970047894,-0.0259036492620553,-0.035));
#1851=CARTESIAN_POINT('',(0.122599882035415,-0.0272809277768559,-0.035));
#1852=CARTESIAN_POINT('',(0.121591543500407,-0.0256105138985257,-0.0331));
#1853=CARTESIAN_POINT('',(0.121591543500407,-0.0256105138985256,-0.035));
#1854=CARTESIAN_POINT('',(0.122939735113515,-0.0269501021975333,-0.035));
#1855=CARTESIAN_POINT('',(0.121836075330337,-0.0253491317788438,-0.0331));
#1856=CARTESIAN_POINT('',(0.121836075330336,-0.0253491317788442,-0.035));
#1857=CARTESIAN_POINT('',(0.123264063394439,-0.0266052785016795,-0.035));
#1858=CARTESIAN_POINT('',(0.122068172465076,-0.0250537350993315,-0.0331));
#1859=CARTESIAN_POINT('',(0.122068172465077,-0.0250537350993297,-0.035));
#1860=CARTESIAN_POINT('',(0.123661236865656,-0.0261088817231671,-0.035));
#1861=CARTESIAN_POINT('',(0.122174427168317,-0.0248145977715865,-0.0331));
#1862=CARTESIAN_POINT('',(0.122174427168305,-0.024814597771601,-0.035));
#1863=CARTESIAN_POINT('',(0.124034928056166,-0.025395624641259,-0.035));
#1864=CARTESIAN_POINT('',(0.122182024069834,-0.0246561789526051,-0.0331));
#1865=CARTESIAN_POINT('',(0.122182024069875,-0.0246561789525522,-0.035));
#1866=CARTESIAN_POINT('',(0.124128031264428,-0.0244298422374436,-0.035));
#1867=CARTESIAN_POINT('',(0.122136193729902,-0.0245125720753853,-0.0331));
#1868=CARTESIAN_POINT('',(0.12213619372975,-0.0245125720755824,-0.0349999999999999));
#1869=CARTESIAN_POINT('',(0.123814028276817,-0.0235087096146425,-0.035));
#1870=CARTESIAN_POINT('',(0.121997240041825,-0.0243363279135565,-0.0331));
#1871=CARTESIAN_POINT('',(0.121997240042395,-0.024336327912821,-0.0350000000000003));
#1872=CARTESIAN_POINT('',(0.123161404843632,-0.0227903741782377,-0.035));
#1873=CARTESIAN_POINT('',(0.121599237907754,-0.0240971694499568,-0.0331));
#1874=CARTESIAN_POINT('',(0.121599237905625,-0.0240971694527015,-0.0349999999999987));
#1875=CARTESIAN_POINT('',(0.122319559892979,-0.0223299836546084,-0.035));
#1876=CARTESIAN_POINT('',(0.1208687013225,-0.0238340215450116,-0.0331));
#1877=CARTESIAN_POINT('',(0.120868701330447,-0.0238340215347679,-0.0350000000000049));
#1878=CARTESIAN_POINT('',(0.12142989223119,-0.0220209270239822,-0.035));
#1879=CARTESIAN_POINT('',(0.119962973620834,-0.0235770937466046,-0.0331));
#1880=CARTESIAN_POINT('',(0.119962973591178,-0.0235770937848344,-0.0349999999999818));
#1881=CARTESIAN_POINT('',(0.120523361729816,-0.0217554844890725,-0.035));
#1882=CARTESIAN_POINT('',(0.119003169743082,-0.0231605439408258,-0.0331));
#1883=CARTESIAN_POINT('',(0.119003169806982,-0.023160543858452,-0.0350000000000391));
#1884=CARTESIAN_POINT('',(0.119944874611822,-0.0214868311849023,-0.035));
#1885=CARTESIAN_POINT('',(0.118534640500772,-0.0227979969488716,-0.0331));
#1886=CARTESIAN_POINT('',(0.118534640500772,-0.0227979969488716,-0.035));
#1887=CARTESIAN_POINT('',(0.119697397904604,-0.0212953342389356,-0.035));
#1888=CARTESIAN_POINT('',(0.119697397904604,-0.0212953342389357,-0.0331));
#1889=CARTESIAN_POINT('',(0.123807760887489,-0.0317150926227552,-0.0331));
#1890=CARTESIAN_POINT('',(0.131607642323398,-0.0153016103368356,-0.0331));
#1891=CARTESIAN_POINT('',(0.129275469953808,-0.035238187433069,-0.0331));
#1892=CARTESIAN_POINT('',(0.129275469953808,-0.035238187433069,-0.0336020156426785));
#1893=CARTESIAN_POINT('',(0.12933821819136,-0.0348328628030204,-0.0345856373438829));
#1894=CARTESIAN_POINT('',(0.129490576203119,-0.0338481951038336,-0.035));
#1895=CARTESIAN_POINT('',(0.12956622163377,-0.0333591060860361,-0.035));
#1896=CARTESIAN_POINT('',(0.133324744593662,-0.0142617244905617,-0.0331));
#1897=CARTESIAN_POINT('',(0.138863440367459,-0.0079921937183071,-0.035));
#1898=CARTESIAN_POINT('',(0.13722500913014,-0.00703014222250351,-0.035));
#1899=CARTESIAN_POINT('',(0.13722500913014,-0.00703014222250351,-0.0331));
#1900=CARTESIAN_POINT('',(0.138832088092474,-0.00804558851953801,-0.035));
#1901=CARTESIAN_POINT('',(0.137186245697493,-0.00709615866974656,-0.035));
#1902=CARTESIAN_POINT('',(0.137186245696175,-0.00709615866897339,-0.0331));
#1903=CARTESIAN_POINT('',(0.138769762715614,-0.00815259968451087,-0.035));
#1904=CARTESIAN_POINT('',(0.137131631129779,-0.0071900508721113,-0.035));
#1905=CARTESIAN_POINT('',(0.137131631130374,-0.00719005087246036,-0.0331));
#1906=CARTESIAN_POINT('',(0.138644749942231,-0.00836641047523756,-0.035));
#1907=CARTESIAN_POINT('',(0.137002852891276,-0.00741026812358285,-0.035));
#1908=CARTESIAN_POINT('',(0.137002852890937,-0.00741026812338388,-0.0331));
#1909=CARTESIAN_POINT('',(0.138426146267347,-0.00874067792306381,-0.035));
#1910=CARTESIAN_POINT('',(0.13678659963411,-0.00778053663412885,-0.0349999999999999));
#1911=CARTESIAN_POINT('',(0.136786599634354,-0.00778053663427202,-0.0331));
#1912=CARTESIAN_POINT('',(0.138113767060935,-0.00927529414298915,-0.035));
#1913=CARTESIAN_POINT('',(0.136472901315715,-0.00831739715558911,-0.0350000000000006));
#1914=CARTESIAN_POINT('',(0.136472901315629,-0.00831739715553982,-0.0331));
#1915=CARTESIAN_POINT('',(0.137738950025302,-0.00991685581851452,-0.035));
#1916=CARTESIAN_POINT('',(0.136098515989448,-0.00895822433242999,-0.0349999999999977));
#1917=CARTESIAN_POINT('',(0.136098515989482,-0.00895822433244549,-0.0331));
#1918=CARTESIAN_POINT('',(0.13748906476116,-0.0103445593714206,-0.035));
#1919=CARTESIAN_POINT('',(0.135848534789915,-0.00938609110726682,-0.0350000000000049));
#1920=CARTESIAN_POINT('',(0.135848534789894,-0.00938609110726351,-0.0331));
#1921=CARTESIAN_POINT('',(0.137364123034132,-0.0105584116767153,-0.035));
#1922=CARTESIAN_POINT('',(0.13572359306287,-0.00959994341256082,-0.035));
#1923=CARTESIAN_POINT('',(0.13572359306287,-0.00959994341256082,-0.0331));
#1924=CARTESIAN_POINT('',(0.137214004652434,-0.00704893053749949,-0.0331));
#1925=CARTESIAN_POINT('',(0.137214004652434,-0.00704893053749949,-0.0334693236090437));
#1926=CARTESIAN_POINT('',(0.137254238976861,-0.00743338905966395,-0.0341442440556132));
#1927=CARTESIAN_POINT('',(0.137329090799409,-0.00839858147395514,-0.0346824792153008));
#1928=CARTESIAN_POINT('',(0.137374434470534,-0.00945709318870474,-0.0349512558298988));
#1929=CARTESIAN_POINT('',(0.137378312731575,-0.0101812234951599,-0.035));
#1930=CARTESIAN_POINT('',(0.137373012168861,-0.0105431968881958,-0.035));
#1931=CARTESIAN_POINT('',(0.127057647780284,-0.0161667106138252,-0.0331));
#1932=CARTESIAN_POINT('',(0.128804096110702,-0.00263026290167084,-0.0331));
#1933=CARTESIAN_POINT('',(0.128804096110702,-0.00263026290167084,-0.0336099683981352));
#1934=CARTESIAN_POINT('',(0.128842946194555,-0.00306569036345978,-0.0346044010168791));
#1935=CARTESIAN_POINT('',(0.128943797909052,-0.00407993551442072,-0.035));
#1936=CARTESIAN_POINT('',(0.128998981973722,-0.00457956814292867,-0.035));
#1937=CARTESIAN_POINT('',(0.131057147478075,-0.00964168636970567,-0.0331));
#1938=CARTESIAN_POINT('',(0.125609916520159,-0.0100761527968287,-0.0331));
#1939=CARTESIAN_POINT('',(0.128267382959801,-0.0750124910804946,0.018));
#1940=CARTESIAN_POINT('',(0.171759311071536,-0.0351792278185047,0.018));
#1941=CARTESIAN_POINT('',(0.18605236316879,-0.063217037073881,0.02));
#1942=CARTESIAN_POINT('',(0.186369634676132,-0.0631466494569627,0.02));
#1943=CARTESIAN_POINT('',(0.186943975768267,-0.0628499000087442,0.0198350894030652));
#1944=CARTESIAN_POINT('',(0.187614757115484,-0.0619659311773956,0.0191283079057357));
#1945=CARTESIAN_POINT('',(0.187670245233622,-0.0612411326659767,0.0184478557989851));
#1946=CARTESIAN_POINT('',(0.187564090527316,-0.0607982920552889,0.018));
#1947=CARTESIAN_POINT('',(0.185619189381046,-0.0612645103853023,0.));
#1948=CARTESIAN_POINT('',(0.18605236316879,-0.063217037073881,-0.035));
#1949=CARTESIAN_POINT('',(0.186369634676132,-0.0631466494569627,-0.035));
#1950=CARTESIAN_POINT('',(0.186943975768267,-0.0628499000087442,-0.0348350894030652));
#1951=CARTESIAN_POINT('',(0.187614757115484,-0.0619659311773956,-0.0341283079057357));
#1952=CARTESIAN_POINT('',(0.187670245233622,-0.0612411326659766,-0.0334478557989852));
#1953=CARTESIAN_POINT('',(0.187564090527316,-0.0607982920552889,-0.033));
#1954=CARTESIAN_POINT('',(0.174709087412204,-0.032477595064033,0.018));
#1955=CARTESIAN_POINT('',(0.174709087412204,-0.032477595064033,0.018));
#1956=CARTESIAN_POINT('',(0.128267382959801,-0.0750124910804946,-0.033));
#1957=CARTESIAN_POINT('',(0.171759311071536,-0.0351792278185046,-0.033));
#1958=CARTESIAN_POINT('',(0.174709087412204,-0.032477595064033,-0.0075));
#1959=CARTESIAN_POINT('',(0.174709087412204,-0.032477595064033,-0.033));
#1960=CARTESIAN_POINT('',(0.174709087412204,-0.032477595064033,-0.033));
#1961=CARTESIAN_POINT('',(0.171598144532754,-0.0349919606700658,-0.033));
#1962=CARTESIAN_POINT('',(0.157962908216899,-0.0231163939527028,-0.033));
#1963=CARTESIAN_POINT('',(0.157962908216899,-0.0231163939527028,-0.035));
#1964=CARTESIAN_POINT('',(0.156947072448486,-0.0248392049381599,-0.035));
#1965=CARTESIAN_POINT('',(0.159248123678299,-0.0238742065315802,-0.033));
#1966=CARTESIAN_POINT('',(0.15924812367819,-0.0238742065316159,-0.0349999999999817));
#1967=CARTESIAN_POINT('',(0.158232287909862,-0.0255970175170773,-0.035));
#1968=CARTESIAN_POINT('',(0.161828736764257,-0.025399423111756,-0.033));
#1969=CARTESIAN_POINT('',(0.161828736764531,-0.0253994231115618,-0.0350000000000091));
#1970=CARTESIAN_POINT('',(0.16080090071156,-0.0271150897539264,-0.035));
#1971=CARTESIAN_POINT('',(0.165045180194353,-0.0273727419738231,-0.033));
#1972=CARTESIAN_POINT('',(0.165045180193736,-0.0273727419743127,-0.0349999999999978));
#1973=CARTESIAN_POINT('',(0.163980763475602,-0.0290665725949424,-0.035));
#1974=CARTESIAN_POINT('',(0.167596167663106,-0.029052033596035,-0.033));
#1975=CARTESIAN_POINT('',(0.167596167664162,-0.0290520335951925,-0.0350000000000022));
#1976=CARTESIAN_POINT('',(0.166472843840417,-0.0307068859744771,-0.035));
#1977=CARTESIAN_POINT('',(0.169487779841074,-0.0303857111044349,-0.033));
#1978=CARTESIAN_POINT('',(0.169487779837047,-0.0303857111076483,-0.0349999999999923));
#1979=CARTESIAN_POINT('',(0.168297975723118,-0.0319954425988751,-0.035));
#1980=CARTESIAN_POINT('',(0.171360688709615,-0.0318717665268886,-0.033));
#1981=CARTESIAN_POINT('',(0.171360688724668,-0.0318717665148775,-0.0350000000000287));
#1982=CARTESIAN_POINT('',(0.170058357088817,-0.0333893156315828,-0.035));
#1983=CARTESIAN_POINT('',(0.172563712739116,-0.0330049097607593,-0.033));
#1984=CARTESIAN_POINT('',(0.172563712706679,-0.0330049097866429,-0.0349999999999382));
#1985=CARTESIAN_POINT('',(0.171132019900531,-0.0344152398426516,-0.035));
#1986=CARTESIAN_POINT('',(0.173153615972479,-0.0337347778670494,-0.033));
#1987=CARTESIAN_POINT('',(0.173153615972479,-0.0337347778670494,-0.035));
#1988=CARTESIAN_POINT('',(0.171598144532755,-0.0349919606700658,-0.035));
#1989=CARTESIAN_POINT('',(0.158061328242362,-0.0231744261936376,-0.033));
#1990=CARTESIAN_POINT('',(0.158061328242362,-0.0231744261936376,-0.0335282985308004));
#1991=CARTESIAN_POINT('',(0.157840831380581,-0.0235452057197727,-0.0345636051914193));
#1992=CARTESIAN_POINT('',(0.157305343092112,-0.0244456634054935,-0.0350000000001569));
#1993=CARTESIAN_POINT('',(0.157039056059738,-0.0248934420218626,-0.035));
#1994=CARTESIAN_POINT('',(0.157187947735764,-0.0249827402589502,-0.035));
#1995=CARTESIAN_POINT('',(0.15821662779533,-0.0232675675752096,-0.035));
#1996=CARTESIAN_POINT('',(0.15821662779533,-0.0232675675752096,-0.033));
#1997=CARTESIAN_POINT('',(0.156926353333298,-0.0248258482164965,-0.035));
#1998=CARTESIAN_POINT('',(0.157955033392846,-0.0231106755327539,-0.0349999999999963));
#1999=CARTESIAN_POINT('',(0.157955033392864,-0.023110675532757,-0.033));
#2000=CARTESIAN_POINT('',(0.156414172797651,-0.0245005812398053,-0.035));
#2001=CARTESIAN_POINT('',(0.157613365389273,-0.0228929175920434,-0.0350000000000017));
#2002=CARTESIAN_POINT('',(0.157613365389265,-0.022892917592042,-0.033));
#2003=CARTESIAN_POINT('',(0.155720338051361,-0.0239350358716237,-0.035));
#2004=CARTESIAN_POINT('',(0.157039682211057,-0.0224308596958255,-0.0349999999999995));
#2005=CARTESIAN_POINT('',(0.157039682211059,-0.0224308596958259,-0.033));
#2006=CARTESIAN_POINT('',(0.155068034480733,-0.0233261680720003,-0.035));
#2007=CARTESIAN_POINT('',(0.156471023919777,-0.0218999809054899,-0.0350000000000001));
#2008=CARTESIAN_POINT('',(0.156471023919777,-0.0218999809054898,-0.033));
#2009=CARTESIAN_POINT('',(0.154231395013255,-0.0224798226106389,-0.035));
#2010=CARTESIAN_POINT('',(0.155667116864599,-0.0210872975463645,-0.0349999999999999));
#2011=CARTESIAN_POINT('',(0.155667116864599,-0.0210872975463645,-0.033));
#2012=CARTESIAN_POINT('',(0.153167334894022,-0.0214409119802594,-0.035));
#2013=CARTESIAN_POINT('',(0.154506783931588,-0.0199542452253714,-0.035));
#2014=CARTESIAN_POINT('',(0.154506783931588,-0.0199542452253713,-0.033));
#2015=CARTESIAN_POINT('',(0.151844001556794,-0.0202428065292229,-0.035));
#2016=CARTESIAN_POINT('',(0.153206576514094,-0.0187788835708136,-0.035));
#2017=CARTESIAN_POINT('',(0.153206576514094,-0.0187788835708136,-0.033));
#2018=CARTESIAN_POINT('',(0.150559507350376,-0.0190037381185769,-0.035));
#2019=CARTESIAN_POINT('',(0.151977189127432,-0.0175917787881037,-0.035));
#2020=CARTESIAN_POINT('',(0.151977189127432,-0.0175917787881037,-0.033));
#2021=CARTESIAN_POINT('',(0.149333503696095,-0.0177053320644008,-0.035));
#2022=CARTESIAN_POINT('',(0.150827552945996,-0.0163740905359106,-0.035));
#2023=CARTESIAN_POINT('',(0.150827552945996,-0.0163740905359106,-0.033));
#2024=CARTESIAN_POINT('',(0.14817819963655,-0.016326929689498,-0.035));
#2025=CARTESIAN_POINT('',(0.149751764777788,-0.0150898379794929,-0.035));
#2026=CARTESIAN_POINT('',(0.149751764777788,-0.0150898379794929,-0.033));
#2027=CARTESIAN_POINT('',(0.147120994446038,-0.01487936136435,-0.035));
#2028=CARTESIAN_POINT('',(0.148777050530915,-0.0137560005480016,-0.035));
#2029=CARTESIAN_POINT('',(0.148777050530915,-0.0137560005480016,-0.033));
#2030=CARTESIAN_POINT('',(0.14614800081595,-0.0133748648659696,-0.035));
#2031=CARTESIAN_POINT('',(0.147844532133942,-0.0123155238534203,-0.035));
#2032=CARTESIAN_POINT('',(0.147844532133941,-0.0123155238534203,-0.033));
#2033=CARTESIAN_POINT('',(0.145210912865112,-0.0118456753492705,-0.035));
#2034=CARTESIAN_POINT('',(0.146921535291706,-0.0108094810092721,-0.035));
#2035=CARTESIAN_POINT('',(0.146921535291706,-0.0108094810092721,-0.033));
#2036=CARTESIAN_POINT('',(0.144433388762933,-0.0105691313649453,-0.035));
#2037=CARTESIAN_POINT('',(0.14613611086857,-0.00951976275814798,-0.035));
#2038=CARTESIAN_POINT('',(0.14613611086857,-0.00951976275814798,-0.033));
#2039=CARTESIAN_POINT('',(0.143793659089651,-0.00955969464388648,-0.035));
#2040=CARTESIAN_POINT('',(0.145473662244962,-0.00847426405308344,-0.035));
#2041=CARTESIAN_POINT('',(0.145473662244962,-0.00847426405308344,-0.033));
#2042=CARTESIAN_POINT('',(0.143298296630278,-0.00881306302304951,-0.035));
#2043=CARTESIAN_POINT('',(0.144949356757306,-0.00768376997575107,-0.035));
#2044=CARTESIAN_POINT('',(0.144949356757306,-0.00768376997575107,-0.033));
#2045=CARTESIAN_POINT('',(0.14286485197837,-0.00820448291639898,-0.035));
#2046=CARTESIAN_POINT('',(0.14447627141425,-0.00701888387645463,-0.035));
#2047=CARTESIAN_POINT('',(0.14447627141425,-0.00701888387645463,-0.033));
#2048=CARTESIAN_POINT('',(0.14249827727754,-0.00773122944626206,-0.035));
#2049=CARTESIAN_POINT('',(0.144059864864402,-0.00648099494415231,-0.035));
#2050=CARTESIAN_POINT('',(0.144059864864402,-0.00648099494415231,-0.033));
#2051=CARTESIAN_POINT('',(0.142209518929863,-0.00738448663553543,-0.035));
#2052=CARTESIAN_POINT('',(0.143719384516786,-0.00607182123646658,-0.035));
#2053=CARTESIAN_POINT('',(0.143719384516786,-0.00607182123646659,-0.033));
#2054=CARTESIAN_POINT('',(0.141956102210198,-0.00710790186673073,-0.035));
#2055=CARTESIAN_POINT('',(0.14340411851491,-0.00572699669364749,-0.035));
#2056=CARTESIAN_POINT('',(0.14340411851491,-0.00572699669364749,-0.033));
#2057=CARTESIAN_POINT('',(0.141743189595326,-0.00689784861282793,-0.035));
#2058=CARTESIAN_POINT('',(0.143120230184377,-0.00544660892495887,-0.035));
#2059=CARTESIAN_POINT('',(0.143120230184377,-0.00544660892495886,-0.033));
#2060=CARTESIAN_POINT('',(0.141576990486171,-0.00674714844730823,-0.035));
#2061=CARTESIAN_POINT('',(0.142884626054749,-0.00523266478966936,-0.035));
#2062=CARTESIAN_POINT('',(0.142884626054749,-0.00523266478966937,-0.033));
#2063=CARTESIAN_POINT('',(0.141402803286594,-0.00660540163284077,-0.035));
#2064=CARTESIAN_POINT('',(0.142613881948961,-0.0050113604783636,-0.035));
#2065=CARTESIAN_POINT('',(0.142613881948961,-0.0050113604783636,-0.033));
#2066=CARTESIAN_POINT('',(0.141216170421605,-0.00647553529596653,-0.035));
#2067=CARTESIAN_POINT('',(0.142283747333149,-0.00478085999715759,-0.035));
#2068=CARTESIAN_POINT('',(0.142283747333149,-0.00478085999715759,-0.033));
#2069=CARTESIAN_POINT('',(0.141048708702532,-0.00638493158548449,-0.035));
#2070=CARTESIAN_POINT('',(0.141887812322437,-0.00455582823113121,-0.035));
#2071=CARTESIAN_POINT('',(0.141887812322437,-0.00455582823113121,-0.033));
#2072=CARTESIAN_POINT('',(0.140903189127274,-0.00633915906555373,-0.035));
#2073=CARTESIAN_POINT('',(0.141342816372585,-0.00437412941954692,-0.035));
#2074=CARTESIAN_POINT('',(0.141342816372585,-0.00437412941954692,-0.033));
#2075=CARTESIAN_POINT('',(0.140789419485635,-0.00632660414944539,-0.035));
#2076=CARTESIAN_POINT('',(0.14077517918971,-0.00430961124849452,-0.035));
#2077=CARTESIAN_POINT('',(0.14077517918971,-0.00430961124849452,-0.033));
#2078=CARTESIAN_POINT('',(0.140675797212149,-0.00633939553349976,-0.035));
#2079=CARTESIAN_POINT('',(0.140268266708211,-0.00437242254335823,-0.035));
#2080=CARTESIAN_POINT('',(0.140268266708211,-0.00437242254335823,-0.033));
#2081=CARTESIAN_POINT('',(0.140528667262495,-0.00638080722063336,-0.035));
#2082=CARTESIAN_POINT('',(0.139784230674806,-0.00451414188238047,-0.035));
#2083=CARTESIAN_POINT('',(0.139784230674806,-0.00451414188238047,-0.033));
#2084=CARTESIAN_POINT('',(0.140358139767952,-0.00646124528586257,-0.035));
#2085=CARTESIAN_POINT('',(0.139370492166931,-0.00471617733443561,-0.035));
#2086=CARTESIAN_POINT('',(0.139370492166931,-0.00471617733443561,-0.033));
#2087=CARTESIAN_POINT('',(0.140166398068959,-0.00658520279781423,-0.035));
#2088=CARTESIAN_POINT('',(0.13899014188962,-0.00496375470812419,-0.035));
#2089=CARTESIAN_POINT('',(0.13899014188962,-0.00496375470812419,-0.033));
#2090=CARTESIAN_POINT('',(0.139931094024339,-0.00677225129467931,-0.035));
#2091=CARTESIAN_POINT('',(0.138581312333773,-0.00529060067121803,-0.035));
#2092=CARTESIAN_POINT('',(0.138581312333773,-0.00529060067121803,-0.033));
#2093=CARTESIAN_POINT('',(0.139664542650257,-0.00703688172188835,-0.035));
#2094=CARTESIAN_POINT('',(0.138175766623078,-0.00569643886997104,-0.035));
#2095=CARTESIAN_POINT('',(0.138175766623078,-0.00569643886997104,-0.033));
#2096=CARTESIAN_POINT('',(0.139377088704271,-0.00738768723140829,-0.035));
#2097=CARTESIAN_POINT('',(0.137775324640886,-0.00618680444023992,-0.035));
#2098=CARTESIAN_POINT('',(0.137775324640886,-0.00618680444023992,-0.033));
#2099=CARTESIAN_POINT('',(0.139164125831077,-0.00769420679871678,-0.035));
#2100=CARTESIAN_POINT('',(0.137498198993177,-0.00658590983315631,-0.035));
#2101=CARTESIAN_POINT('',(0.137498198993177,-0.00658590983315632,-0.033));
#2102=CARTESIAN_POINT('',(0.139005388533415,-0.00794707456284036,-0.035));
#2103=CARTESIAN_POINT('',(0.137292069099112,-0.0069148398652456,-0.035));
#2104=CARTESIAN_POINT('',(0.137292069099112,-0.00691483986524559,-0.033));
#2105=CARTESIAN_POINT('',(0.138855009795685,-0.00820502291887889,-0.035));
#2106=CARTESIAN_POINT('',(0.137120288961923,-0.00720961043495824,-0.035));
#2107=CARTESIAN_POINT('',(0.137120288961923,-0.0072096104349583,-0.033));
#2108=CARTESIAN_POINT('',(0.138666605287166,-0.008527220336481,-0.035));
#2109=CARTESIAN_POINT('',(0.136942585153133,-0.00751339674572327,-0.035));
#2110=CARTESIAN_POINT('',(0.136942585153133,-0.00751339674572274,-0.033));
#2111=CARTESIAN_POINT('',(0.138516013059039,-0.00878505081227203,-0.035));
#2112=CARTESIAN_POINT('',(0.13678913940508,-0.00777613685000425,-0.035));
#2113=CARTESIAN_POINT('',(0.136789139405081,-0.00777613685000537,-0.033));
#2114=CARTESIAN_POINT('',(0.138440700522649,-0.0089139569824438,-0.035));
#2115=CARTESIAN_POINT('',(0.136713826868689,-0.00790504302017597,-0.035));
#2116=CARTESIAN_POINT('',(0.136713826868689,-0.00790504302017597,-0.033));
#2117=CARTESIAN_POINT('',(0.121622579175888,-0.0103941793727318,0.));
#2118=CARTESIAN_POINT('',(0.12371593128163,-0.0102272154203827,-0.0331));
#2119=CARTESIAN_POINT('',(0.12373213396831,-0.0104303606370689,-0.0331));
#2120=CARTESIAN_POINT('',(0.123715450377644,-0.0108888868869961,-0.0330857142857143));
#2121=CARTESIAN_POINT('',(0.123345634133693,-0.0117094629939582,-0.033));
#2122=CARTESIAN_POINT('',(0.122659079420249,-0.0122755952761099,-0.0329142857142857));
#2123=CARTESIAN_POINT('',(0.122241490020075,-0.0124099655968022,-0.0329));
#2124=CARTESIAN_POINT('',(0.122054669770575,-0.012449245726401,-0.0329));
#2125=CARTESIAN_POINT('',(0.122054669770575,-0.012449245726401,-0.0329));
#2126=CARTESIAN_POINT('',(0.122354681836955,-0.012386166307119,-0.0329000000022475));
#2127=CARTESIAN_POINT('',(0.122585834203017,-0.0122756286692731,-0.0329125000011342));
#2128=CARTESIAN_POINT('',(0.122985850334366,-0.0120094822703974,-0.0329499999988657));
#2129=CARTESIAN_POINT('',(0.123152940355226,-0.011850637422978,-0.032975000001134));
#2130=CARTESIAN_POINT('',(0.123432748422328,-0.0114834739566682,-0.033024999998866));
#2131=CARTESIAN_POINT('',(0.123545215029577,-0.0112749204287873,-0.0330500000011343));
#2132=CARTESIAN_POINT('',(0.123698046815407,-0.0107999718209391,-0.0330874999988657));
#2133=CARTESIAN_POINT('',(0.123740401694766,-0.0105340193151518,-0.033099999997739));
#2134=CARTESIAN_POINT('',(0.12371593128163,-0.0102272154203827,-0.0331));
#2135=CARTESIAN_POINT('',(0.122054669770575,-0.012449245726401,-0.035));
#2136=CARTESIAN_POINT('',(0.122354681831101,-0.012386166274553,-0.0350000000000016));
#2137=CARTESIAN_POINT('',(0.122585834201559,-0.0122756286670873,-0.0349999999999984));
#2138=CARTESIAN_POINT('',(0.122985850335824,-0.0120094822725832,-0.0350000000000016));
#2139=CARTESIAN_POINT('',(0.123152940355628,-0.0118506374232839,-0.035));
#2140=CARTESIAN_POINT('',(0.123432748421926,-0.0114834739563624,-0.035));
#2141=CARTESIAN_POINT('',(0.123545215032625,-0.0112749204297688,-0.035));
#2142=CARTESIAN_POINT('',(0.12369804681236,-0.0107999718199577,-0.035));
#2143=CARTESIAN_POINT('',(0.123740401670292,-0.0105340193181394,-0.035));
#2144=CARTESIAN_POINT('',(0.12371593128163,-0.0102272154203827,-0.035));
#2145=CARTESIAN_POINT('',(0.122486760365262,-0.0145043120800702,-0.035));
#2146=CARTESIAN_POINT('',(0.12308722314945,-0.0143780609423453,-0.035));
#2147=CARTESIAN_POINT('',(0.123545141352524,-0.0141446907029716,-0.035));
#2148=CARTESIAN_POINT('',(0.124318448445085,-0.0135851374280151,-0.035));
#2149=CARTESIAN_POINT('',(0.124630311301697,-0.0132528936168825,-0.035));
#2150=CARTESIAN_POINT('',(0.125136835024218,-0.0125057440810329,-0.035));
#2151=CARTESIAN_POINT('',(0.12533120203947,-0.0120906311053879,-0.035));
#2152=CARTESIAN_POINT('',(0.125588887125162,-0.0111674124920089,-0.035));
#2153=CARTESIAN_POINT('',(0.125656489506061,-0.010660073759559,-0.035));
#2154=CARTESIAN_POINT('',(0.125609916520159,-0.0100761527968287,-0.035));
#2155=CARTESIAN_POINT('',(0.122054669770575,-0.012449245726401,-0.0329));
#2156=CARTESIAN_POINT('',(0.122054669770575,-0.012449245726401,-0.0334497787143782));
#2157=CARTESIAN_POINT('',(0.122148297810006,-0.0128945501046078,-0.0345449591237944));
#2158=CARTESIAN_POINT('',(0.122373639312099,-0.013966296966793,-0.035));
#2159=CARTESIAN_POINT('',(0.122486760365261,-0.0145043120800702,-0.035));
#2160=CARTESIAN_POINT('',(0.118962792521255,-0.0189523822882332,-0.00655));
#2161=CARTESIAN_POINT('',(0.116878037001635,-0.0192049578678431,-0.0329189488500289));
#2162=CARTESIAN_POINT('',(0.116869864455147,-0.019137501776379,-0.0329126464145837));
#2163=CARTESIAN_POINT('',(0.116864975265019,-0.0190697268778017,-0.032906323372917));
#2164=CARTESIAN_POINT('',(0.116863375726513,-0.019001870892513,-0.0329));
#2165=CARTESIAN_POINT('',(0.123400002993683,-0.018847785929032,-0.0329));
#2166=CARTESIAN_POINT('',(0.11687351919784,-0.0190289083486456,-0.033098962925302));
#2167=CARTESIAN_POINT('',(0.116866972210961,-0.0190200154684516,-0.033032790697169));
#2168=CARTESIAN_POINT('',(0.116863590469129,-0.0190109807524884,-0.0329663970651105));
#2169=CARTESIAN_POINT('',(0.116863375726512,-0.019001870892513,-0.0329));
#2170=CARTESIAN_POINT('',(0.11687351919784,-0.0190289083486454,-0.033098962925302));
#2171=CARTESIAN_POINT('',(0.119697397904604,-0.0212953342389357,-0.035));
#2172=CARTESIAN_POINT('',(0.119478205262666,-0.0213658683165561,-0.035));
#2173=CARTESIAN_POINT('',(0.119039255158283,-0.0214783868478752,-0.0349302760571231));
#2174=CARTESIAN_POINT('',(0.118515340000497,-0.0215219754354759,-0.0346921369727804));
#2175=CARTESIAN_POINT('',(0.118139732935436,-0.0214975279219981,-0.0344288744393578));
#2176=CARTESIAN_POINT('',(0.117888541101337,-0.0214544976025383,-0.0342003211265456));
#2177=CARTESIAN_POINT('',(0.117668597046212,-0.0213743365938817,-0.0339562946598379));
#2178=CARTESIAN_POINT('',(0.11746110162896,-0.0212027779794125,-0.0336905055404447));
#2179=CARTESIAN_POINT('',(0.117352213318586,-0.0208472213821302,-0.0337338247947985));
#2180=CARTESIAN_POINT('',(0.1173346927436,-0.0205371407958151,-0.0338885954138831));
#2181=CARTESIAN_POINT('',(0.117318637226812,-0.020209282714199,-0.0339986174134472));
#2182=CARTESIAN_POINT('',(0.117261530721159,-0.0197378814444539,-0.034051011336903));
#2183=CARTESIAN_POINT('',(0.117029206773392,-0.0192246609361014,-0.0337725287957698));
#2184=CARTESIAN_POINT('',(0.116896516846513,-0.0190601464339159,-0.0333314065948415));
#2185=CARTESIAN_POINT('',(0.11687351919784,-0.019028908348644,-0.033098962925303));
#2186=CARTESIAN_POINT('',(0.116863375726513,-0.0190018708925129,-0.0329));
#2187=CARTESIAN_POINT('',(0.116863375726513,-0.019001870892513,-0.0329));
#2188=CARTESIAN_POINT('',(0.116863375726513,-0.019001870892513,-0.0329));
#2189=CARTESIAN_POINT('',(0.116863590355676,-0.019010975939558,-0.0329663618112486));
#2190=CARTESIAN_POINT('',(0.116864282399615,-0.0190403340532084,-0.032936340850145));
#2191=CARTESIAN_POINT('',(0.116864974453994,-0.0190696924723148,-0.0329063201724998));
#2192=CARTESIAN_POINT('',(0.116866965166357,-0.0190200058667209,-0.0330327195049805));
#2193=CARTESIAN_POINT('',(0.116865625967335,-0.0190788412541992,-0.0329727329337015));
#2194=CARTESIAN_POINT('',(0.116869856073797,-0.0191374325968257,-0.0329126399523625));
#2195=CARTESIAN_POINT('',(0.11687351919784,-0.0190289083486454,-0.0330989629253025));
#2196=CARTESIAN_POINT('',(0.116867447574274,-0.0191175528733645,-0.0330093529325735));
#2197=CARTESIAN_POINT('',(0.116878037001635,-0.0192049578678424,-0.0329189488500288));
#2198=CARTESIAN_POINT('',(0.118764244376529,-0.0189764371053389,-0.0329189488500288));
#2199=CARTESIAN_POINT('',(0.11687351919784,-0.0190289083486458,-0.0330989629252999));
#2200=CARTESIAN_POINT('',(0.116867447574274,-0.0191175528733652,-0.0330093529325721));
#2201=CARTESIAN_POINT('',(0.116878037001635,-0.0192049578678434,-0.0329189488500286));
#2202=CARTESIAN_POINT('',(0.116893746343499,-0.0190564046944469,-0.0333033980845192));
#2203=CARTESIAN_POINT('',(0.116870432022037,-0.0191430338587533,-0.0331223725352639));
#2204=CARTESIAN_POINT('',(0.116880707316362,-0.0192269986105567,-0.0329384187227813));
#2205=CARTESIAN_POINT('',(0.116946003691558,-0.0191297637999303,-0.0334717570494562));
#2206=CARTESIAN_POINT('',(0.116878580962563,-0.0192115118024229,-0.0332182612371041));
#2207=CARTESIAN_POINT('',(0.116888003637817,-0.0192863732091706,-0.0329544531184137));
#2208=CARTESIAN_POINT('',(0.117013416256173,-0.0192349350816503,-0.0336635304101687));
#2209=CARTESIAN_POINT('',(0.11689094127749,-0.0193107042635107,-0.0333303347110487));
#2210=CARTESIAN_POINT('',(0.116899174058212,-0.0193735643908141,-0.0329727171642414));
#2211=CARTESIAN_POINT('',(0.117075001513142,-0.019342376058852,-0.0337842296157282));
#2212=CARTESIAN_POINT('',(0.116904276227278,-0.0194131203481491,-0.033403880834841));
#2213=CARTESIAN_POINT('',(0.116911276706953,-0.0194643249229108,-0.0329842123489925));
#2214=CARTESIAN_POINT('',(0.117145821209485,-0.0194837919742871,-0.0339021132686844));
#2215=CARTESIAN_POINT('',(0.116922862862181,-0.0195492345143305,-0.033477859546564));
#2216=CARTESIAN_POINT('',(0.116928197018664,-0.0195858186431777,-0.0329954393562449));
#2217=CARTESIAN_POINT('',(0.117215372894126,-0.0196600292719782,-0.0339855097231148));
#2218=CARTESIAN_POINT('',(0.116947899263919,-0.0197199431742786,-0.0335324994441414));
#2219=CARTESIAN_POINT('',(0.116951162589821,-0.0197403112305259,-0.0330033818793016));
#2220=CARTESIAN_POINT('',(0.117271462516969,-0.019872688160014,-0.0340239763027873));
#2221=CARTESIAN_POINT('',(0.116981429605132,-0.0199261160562208,-0.033558298518912));
#2222=CARTESIAN_POINT('',(0.116982198256952,-0.0199300693611567,-0.0330070453619262));
#2223=CARTESIAN_POINT('',(0.117305205407542,-0.0200890931210723,-0.0340139564635656));
#2224=CARTESIAN_POINT('',(0.117019437610116,-0.0201352892493851,-0.0335515661863371));
#2225=CARTESIAN_POINT('',(0.117017687964429,-0.0201256564458231,-0.0330060910918345));
#2226=CARTESIAN_POINT('',(0.1173292035288,-0.0203834079846882,-0.0339493165968));
#2227=CARTESIAN_POINT('',(0.117077544635635,-0.0204185409462682,-0.033508390421553));
#2228=CARTESIAN_POINT('',(0.117072602261807,-0.0203959516620158,-0.0329999349139306));
#2229=CARTESIAN_POINT('',(0.117340970146352,-0.0207606155368363,-0.033780073807217));
#2230=CARTESIAN_POINT('',(0.117167297415581,-0.0207819158121062,-0.033400637260476));
#2231=CARTESIAN_POINT('',(0.117160254471352,-0.0207555315784717,-0.0329838165531898));
#2232=CARTESIAN_POINT('',(0.117416496964723,-0.0211339880442082,-0.0336509369796367));
#2233=CARTESIAN_POINT('',(0.117300280928774,-0.021179142754893,-0.0333223017061151));
#2234=CARTESIAN_POINT('',(0.117297271542558,-0.0211803877668103,-0.0329715178072875));
#2235=CARTESIAN_POINT('',(0.117641561555084,-0.0213647328648827,-0.0339203944183698));
#2236=CARTESIAN_POINT('',(0.117464789865098,-0.0215389057726204,-0.0334884699373943));
#2237=CARTESIAN_POINT('',(0.117499863067988,-0.0216082114570423,-0.0329971804213073));
#2238=CARTESIAN_POINT('',(0.118019148659972,-0.0215020400868621,-0.0343537291097999));
#2239=CARTESIAN_POINT('',(0.117671153633806,-0.0218989628241379,-0.0337938446931178));
#2240=CARTESIAN_POINT('',(0.117757918838908,-0.022018209257007,-0.0330384503886453));
#2241=CARTESIAN_POINT('',(0.118672583287157,-0.0215419142373376,-0.0348192225997467));
#2242=CARTESIAN_POINT('',(0.117959441366743,-0.0222795104057358,-0.0342495672113023));
#2243=CARTESIAN_POINT('',(0.118047774276765,-0.02237168666507,-0.0330827831270652));
#2244=CARTESIAN_POINT('',(0.119332864393269,-0.0214126375640661,-0.035));
#2245=CARTESIAN_POINT('',(0.118305468928722,-0.0226206643655508,-0.034708380926081));
#2246=CARTESIAN_POINT('',(0.118371466654563,-0.0226717333525663,-0.0330999999530909));
#2247=CARTESIAN_POINT('',(0.119697397904604,-0.0212953342389355,-0.035));
#2248=CARTESIAN_POINT('',(0.118534640500772,-0.0227979969488718,-0.0350000000000002));
#2249=CARTESIAN_POINT('',(0.118534640500772,-0.0227979969488717,-0.0331));
#2250=CARTESIAN_POINT('',(0.122445608880053,-0.0143085914749588,-0.0329));
#2251=CARTESIAN_POINT('',(0.122716799263644,-0.0142519144775919,-0.0329000000159605));
#2252=CARTESIAN_POINT('',(0.123103425022239,-0.0141271776211775,-0.0329046316088808));
#2253=CARTESIAN_POINT('',(0.123587195337336,-0.0138871698141196,-0.0329188630156247));
#2254=CARTESIAN_POINT('',(0.123956135885963,-0.0136543171370959,-0.0329365187995878));
#2255=CARTESIAN_POINT('',(0.124396408115487,-0.0132991353521947,-0.0329639330888387));
#2256=CARTESIAN_POINT('',(0.124806985333097,-0.0128427607869907,-0.0329990843253108));
#2257=CARTESIAN_POINT('',(0.125167503214483,-0.0122890830505248,-0.0330364140932587));
#2258=CARTESIAN_POINT('',(0.125424464738839,-0.0116894995532287,-0.0330674265268673));
#2259=CARTESIAN_POINT('',(0.125602583720041,-0.010995263969574,-0.0330919243520484));
#2260=CARTESIAN_POINT('',(0.125636802115054,-0.0104438451128935,-0.0330996338764219));
#2261=CARTESIAN_POINT('',(0.125612956391138,-0.0101167914717297,-0.0330999786205205));
#2262=CARTESIAN_POINT('',(0.122445353753875,-0.0143073777947085,-0.0329466513222481));
#2263=CARTESIAN_POINT('',(0.122722916277728,-0.0142494358575512,-0.0329466053420702));
#2264=CARTESIAN_POINT('',(0.12311956721049,-0.01412037391964,-0.032949811447904));
#2265=CARTESIAN_POINT('',(0.123614230029949,-0.0138707466970004,-0.0329609541365532));
#2266=CARTESIAN_POINT('',(0.123990073294398,-0.013629047382212,-0.0329746104517957));
#2267=CARTESIAN_POINT('',(0.124433204966815,-0.0132627374181563,-0.0329953463863489));
#2268=CARTESIAN_POINT('',(0.124839631876367,-0.0127983699498424,-0.0330224787802893));
#2269=CARTESIAN_POINT('',(0.12519020214454,-0.0122439530080591,-0.0330509242427736));
#2270=CARTESIAN_POINT('',(0.12543599249936,-0.0116519250493794,-0.0330750272458206));
#2271=CARTESIAN_POINT('',(0.125604731723993,-0.0109729147386583,-0.0330934561573809));
#2272=CARTESIAN_POINT('',(0.125636182076579,-0.0104350865081192,-0.0330996273409846));
#2273=CARTESIAN_POINT('',(0.125612889115939,-0.0101158307535275,-0.033099981814619));
#2274=CARTESIAN_POINT('',(0.12245406631537,-0.0143488150080311,-0.0330588969487152));
#2275=CARTESIAN_POINT('',(0.122742551436038,-0.0142883862522547,-0.0330587568919305));
#2276=CARTESIAN_POINT('',(0.123147978567368,-0.0141532677266129,-0.0330590528019661));
#2277=CARTESIAN_POINT('',(0.123651034535139,-0.0138941152601028,-0.0330634145860034));
#2278=CARTESIAN_POINT('',(0.124038442987003,-0.0136370240011868,-0.0330675029999682));
#2279=CARTESIAN_POINT('',(0.124480932066648,-0.0132557330921826,-0.0330734462923295));
#2280=CARTESIAN_POINT('',(0.124882400071007,-0.0127764272561944,-0.0330813292797959));
#2281=CARTESIAN_POINT('',(0.125219783265559,-0.0122138791124092,-0.0330882247438485));
#2282=CARTESIAN_POINT('',(0.125451824827462,-0.0116242929098766,-0.0330945368811092));
#2283=CARTESIAN_POINT('',(0.12560767936233,-0.010953206455965,-0.0330978116775063));
#2284=CARTESIAN_POINT('',(0.125635588106476,-0.010429992842502,-0.0330998196168233));
#2285=CARTESIAN_POINT('',(0.125612852068274,-0.0101152689509409,-0.0330999931886289));
#2286=CARTESIAN_POINT('',(0.122477161555809,-0.0144586589451878,-0.0331012402052708));
#2287=CARTESIAN_POINT('',(0.122771999857666,-0.0143966759225487,-0.0331012494916485));
#2288=CARTESIAN_POINT('',(0.123168843488609,-0.0142629475904998,-0.0331012632832882));
#2289=CARTESIAN_POINT('',(0.123657559484793,-0.0140079309658659,-0.0331010766953412));
#2290=CARTESIAN_POINT('',(0.124050537215637,-0.0137424277388075,-0.0331009423550272));
#2291=CARTESIAN_POINT('',(0.12448346857499,-0.0133609395693102,-0.0331007492906687));
#2292=CARTESIAN_POINT('',(0.124884270447952,-0.0128706528087768,-0.0331004923099712));
#2293=CARTESIAN_POINT('',(0.125221904712204,-0.0122912459720789,-0.0331003126313328));
#2294=CARTESIAN_POINT('',(0.125453450902908,-0.0116824714361489,-0.0331001249122385));
#2295=CARTESIAN_POINT('',(0.125610893517632,-0.0109795595662598,-0.0331000847700394));
#2296=CARTESIAN_POINT('',(0.125636612932829,-0.0104480191007084,-0.0331000087044939));
#2297=CARTESIAN_POINT('',(0.125613007565916,-0.0101172369411188,-0.0331000002865089));
#2298=CARTESIAN_POINT('',(0.122486760365262,-0.0145043120800702,-0.0331));
#2299=CARTESIAN_POINT('',(0.122785175177095,-0.0144415366151146,-0.0331));
#2300=CARTESIAN_POINT('',(0.123180074163157,-0.0143078065147101,-0.0331));
#2301=CARTESIAN_POINT('',(0.123664286218774,-0.0140526012879983,-0.0331));
#2302=CARTESIAN_POINT('',(0.124060302005875,-0.0137821437787498,-0.0331));
#2303=CARTESIAN_POINT('',(0.124489399426721,-0.0133988122022015,-0.0331));
#2304=CARTESIAN_POINT('',(0.124888894427095,-0.0129028818015527,-0.0331));
#2305=CARTESIAN_POINT('',(0.125225275035437,-0.0123167373397565,-0.0331));
#2306=CARTESIAN_POINT('',(0.125455158620029,-0.0117013577623589,-0.0331));
#2307=CARTESIAN_POINT('',(0.125612567641251,-0.0109874520977976,-0.0331));
#2308=CARTESIAN_POINT('',(0.125636969534021,-0.0104544143520652,-0.0331));
#2309=CARTESIAN_POINT('',(0.125613064053715,-0.0101179339981711,-0.0331));
#2310=CARTESIAN_POINT('',(0.125612798140349,-0.0101146214795247,-0.0330999727949007));
#2311=CARTESIAN_POINT('',(0.125639929943903,-0.0105018823643364,-0.0330994275301376));
#2312=CARTESIAN_POINT('',(0.125599979619642,-0.0111676452496539,-0.0330859571649807));
#2313=CARTESIAN_POINT('',(0.125258110238967,-0.0121278179981148,-0.0330448384968272));
#2314=CARTESIAN_POINT('',(0.124810093703015,-0.0128628153575603,-0.0329981268955791));
#2315=CARTESIAN_POINT('',(0.124219911416793,-0.0134709787503855,-0.0329527983474725));
#2316=CARTESIAN_POINT('',(0.123398755529711,-0.0140327997904584,-0.0329125818235127));
#2317=CARTESIAN_POINT('',(0.122798522300731,-0.0142343892140239,-0.0329));
#2318=CARTESIAN_POINT('',(0.122445608880053,-0.0143085914749588,-0.0329));
#2319=CARTESIAN_POINT('',(0.122445608880053,-0.0143085914749588,-0.0329));
#2320=CARTESIAN_POINT('',(0.125613064053715,-0.0101179339981711,-0.0331));
#2321=CARTESIAN_POINT('',(0.122445608880053,-0.0143085914749588,-0.0329));
#2322=CARTESIAN_POINT('',(0.122445608880053,-0.0143085914749588,-0.0330047197551197));
#2323=CARTESIAN_POINT('',(0.122465213497992,-0.0144018330108745,-0.0331));
#2324=CARTESIAN_POINT('',(0.122486760365261,-0.0145043120800702,-0.0331));
#2325=CARTESIAN_POINT('',(0.122486760365262,-0.0145043120800702,-0.0331));
#2326=CARTESIAN_POINT('',(0.122486760365262,-0.0145043120800702,-0.0331));
#2327=CARTESIAN_POINT('',(0.12274877035752,-0.0144492228047831,-0.0331));
#2328=CARTESIAN_POINT('',(0.123127032793357,-0.0143270057457699,-0.0331));
#2329=CARTESIAN_POINT('',(0.123588885984459,-0.0140952355245932,-0.0331));
#2330=CARTESIAN_POINT('',(0.12394001075261,-0.0138662964881194,-0.0331));
#2331=CARTESIAN_POINT('',(0.124191937449595,-0.0136650632784346,-0.0331));
#2332=CARTESIAN_POINT('',(0.124525850733592,-0.0133522857236474,-0.0331));
#2333=CARTESIAN_POINT('',(0.124889784753033,-0.0129043340340161,-0.0331));
#2334=CARTESIAN_POINT('',(0.125228766803522,-0.0123054663366697,-0.0331));
#2335=CARTESIAN_POINT('',(0.125465451367787,-0.0116835729283738,-0.0331));
#2336=CARTESIAN_POINT('',(0.125625800090155,-0.0108897844439755,-0.0331));
#2337=CARTESIAN_POINT('',(0.125631500892264,-0.0103778834596066,-0.0331));
#2338=CARTESIAN_POINT('',(0.125612943193087,-0.0101163178977037,-0.0331));
#2339=CARTESIAN_POINT('',(0.128267382959801,-0.0750124910804946,0.));
#2340=CARTESIAN_POINT('',(0.128267382959801,-0.0750124910804946,0.018));
#2341=CARTESIAN_POINT('',(0.171833055480053,-0.0351116869996429,0.018));
#2342=CARTESIAN_POINT('',(0.18571643443836,-0.0612411994688016,0.018));
#2343=CARTESIAN_POINT('',(0.171833055480053,-0.0351116869996429,0.));
#2344=CARTESIAN_POINT('',(0.171833055480053,-0.0351116869996434,-0.033));
#2345=CARTESIAN_POINT('',(0.128267382959801,-0.0750124910804946,-0.033));
#2346=CARTESIAN_POINT('',(0.18571643443836,-0.0612411994688016,-0.033));
#2347=CARTESIAN_POINT('',(0.18571643443836,-0.0612411994688017,0.));
#2348=CARTESIAN_POINT('',(0.157090169669159,-0.024807491229958,-0.033));
#2349=CARTESIAN_POINT('',(0.157090169669159,-0.024807491229958,0.0181));
#2350=CARTESIAN_POINT('',(0.160367040241516,-0.0267396604371209,-0.033));
#2351=CARTESIAN_POINT('',(0.160367040241516,-0.0267396604371209,0.0181));
#2352=CARTESIAN_POINT('',(0.165062178728536,-0.0295342537889223,-0.033));
#2353=CARTESIAN_POINT('',(0.165062178728536,-0.0295342537889223,0.0181));
#2354=CARTESIAN_POINT('',(0.169670244390704,-0.0328612426459437,-0.033));
#2355=CARTESIAN_POINT('',(0.169670244390704,-0.0328612426459437,0.0181));
#2356=CARTESIAN_POINT('',(0.171181087004428,-0.0343168630852136,-0.033));
#2357=CARTESIAN_POINT('',(0.171181087004428,-0.0343168630852136,0.0181));
#2358=CARTESIAN_POINT('',(0.171675918104741,-0.034929101529915,-0.033));
#2359=CARTESIAN_POINT('',(0.171675918104741,-0.034929101529915,0.0181));
#2360=CARTESIAN_POINT('',(0.171675918104737,-0.034929101529911,0.));
#2361=CARTESIAN_POINT('',(0.171675918104741,-0.0349291015299152,0.018));
#2362=CARTESIAN_POINT('',(0.171675918104741,-0.0349291015299152,-0.033));
#2363=CARTESIAN_POINT('',(0.171186830463441,-0.0343733023164568,0.0181));
#2364=CARTESIAN_POINT('',(0.171358674868136,-0.0345548226500532,0.0181000000000001));
#2365=CARTESIAN_POINT('',(0.17152199383975,-0.034738656037423,0.0180481792311055));
#2366=CARTESIAN_POINT('',(0.171675918104741,-0.0349291015299151,0.018));
#2367=CARTESIAN_POINT('',(0.171186830463441,-0.0343733023164568,0.0181));
#2368=CARTESIAN_POINT('',(0.157090169669159,-0.0248074912299579,0.0181));
#2369=CARTESIAN_POINT('',(0.158316540035185,-0.0255306064722269,0.0181));
#2370=CARTESIAN_POINT('',(0.160766878788864,-0.0269799125288287,0.0181));
#2371=CARTESIAN_POINT('',(0.164411592723693,-0.0292100473676606,0.0181));
#2372=CARTESIAN_POINT('',(0.167959079575352,-0.0315819971316969,0.0181));
#2373=CARTESIAN_POINT('',(0.170197452768036,-0.0333282163874674,0.0181));
#2374=CARTESIAN_POINT('',(0.171186830463441,-0.0343733023164568,0.0181));
#2375=CARTESIAN_POINT('',(0.157090169669159,-0.0248074912299579,0.0181));
#2376=CARTESIAN_POINT('',(0.157090169669159,-0.0248074912299581,-0.0065));
#2377=CARTESIAN_POINT('',(0.157090169669174,-0.0248074912299674,-0.033));
#2378=CARTESIAN_POINT('',(0.171675918104741,-0.034929101529915,-0.033));
#2379=CARTESIAN_POINT('',(0.171206360901187,-0.0343481336565929,-0.033));
#2380=CARTESIAN_POINT('',(0.170133634854818,-0.0333224830043563,-0.033));
#2381=CARTESIAN_POINT('',(0.167800556768958,-0.0314737598152867,-0.033));
#2382=CARTESIAN_POINT('',(0.164721478921592,-0.029408144480841,-0.033));
#2383=CARTESIAN_POINT('',(0.160925418018162,-0.027072461935928,-0.033));
#2384=CARTESIAN_POINT('',(0.158369274771127,-0.0255617009053708,-0.033));
#2385=CARTESIAN_POINT('',(0.157090169669175,-0.0248074912299676,-0.033));
#2386=CARTESIAN_POINT('',(0.137373012168861,-0.0105431968881954,-0.033));
#2387=CARTESIAN_POINT('',(0.137373012168861,-0.0105431968881954,0.0181));
#2388=CARTESIAN_POINT('',(0.137576672956277,-0.0101946077504818,-0.033));
#2389=CARTESIAN_POINT('',(0.137576672956277,-0.0101946077504818,0.0181));
#2390=CARTESIAN_POINT('',(0.137984816062834,-0.00949467374254471,-0.033));
#2391=CARTESIAN_POINT('',(0.137984816062834,-0.00949467374254471,0.0181));
#2392=CARTESIAN_POINT('',(0.138490887287409,-0.00863353489517528,-0.033));
#2393=CARTESIAN_POINT('',(0.138490887287409,-0.00863353489517528,0.0181));
#2394=CARTESIAN_POINT('',(0.138904370350174,-0.0079156886259189,-0.033));
#2395=CARTESIAN_POINT('',(0.138904370350174,-0.0079156886259189,0.0181));
#2396=CARTESIAN_POINT('',(0.139217170845713,-0.00742676543372228,-0.033));
#2397=CARTESIAN_POINT('',(0.139217170845713,-0.00742676543372228,0.0181));
#2398=CARTESIAN_POINT('',(0.139816969696209,-0.00667626967071526,-0.033));
#2399=CARTESIAN_POINT('',(0.139816969696209,-0.00667626967071526,0.0181));
#2400=CARTESIAN_POINT('',(0.140395448761669,-0.0063018337700579,-0.033));
#2401=CARTESIAN_POINT('',(0.140395448761669,-0.0063018337700579,0.0181));
#2402=CARTESIAN_POINT('',(0.140724774860235,-0.0062243774810173,-0.033));
#2403=CARTESIAN_POINT('',(0.140724774860235,-0.0062243774810173,0.0181));
#2404=CARTESIAN_POINT('',(0.140902910009493,-0.00623277030238966,-0.033));
#2405=CARTESIAN_POINT('',(0.140902910009493,-0.00623277030238966,0.0181));
#2406=CARTESIAN_POINT('',(0.141130398226631,-0.00629971857350243,-0.033));
#2407=CARTESIAN_POINT('',(0.141130398226631,-0.00629971857350243,0.0181));
#2408=CARTESIAN_POINT('',(0.141574380122408,-0.00659054256342685,-0.033));
#2409=CARTESIAN_POINT('',(0.141574380122408,-0.00659054256342685,0.0181));
#2410=CARTESIAN_POINT('',(0.142153194042442,-0.00715143116418993,-0.033));
#2411=CARTESIAN_POINT('',(0.142153194042442,-0.00715143116418993,0.0181));
#2412=CARTESIAN_POINT('',(0.143017208740957,-0.00820175969669684,-0.033));
#2413=CARTESIAN_POINT('',(0.143017208740957,-0.00820175969669684,0.0181));
#2414=CARTESIAN_POINT('',(0.144191014919859,-0.00996251219669428,-0.033));
#2415=CARTESIAN_POINT('',(0.144191014919859,-0.00996251219669428,0.0181));
#2416=CARTESIAN_POINT('',(0.145672523229549,-0.0124220612347121,-0.033));
#2417=CARTESIAN_POINT('',(0.145672523229549,-0.0124220612347121,0.0181));
#2418=CARTESIAN_POINT('',(0.147245240749244,-0.0149362069813864,-0.033));
#2419=CARTESIAN_POINT('',(0.147245240749244,-0.0149362069813864,0.0181));
#2420=CARTESIAN_POINT('',(0.148956149636711,-0.0171556277221211,-0.033));
#2421=CARTESIAN_POINT('',(0.148956149636711,-0.0171556277221211,0.0181));
#2422=CARTESIAN_POINT('',(0.150632535534032,-0.0189482047001277,-0.033));
#2423=CARTESIAN_POINT('',(0.150632535534032,-0.0189482047001277,0.0181));
#2424=CARTESIAN_POINT('',(0.152197464037223,-0.0204326089822551,-0.033));
#2425=CARTESIAN_POINT('',(0.152197464037223,-0.0204326089822551,0.0181));
#2426=CARTESIAN_POINT('',(0.153329257639124,-0.0214612531631697,-0.033));
#2427=CARTESIAN_POINT('',(0.153329257639124,-0.0214612531631697,0.0181));
#2428=CARTESIAN_POINT('',(0.154068900675195,-0.0221766378002441,-0.033));
#2429=CARTESIAN_POINT('',(0.154068900675195,-0.0221766378002441,0.0181));
#2430=CARTESIAN_POINT('',(0.15460546872045,-0.0227187655998326,-0.033));
#2431=CARTESIAN_POINT('',(0.15460546872045,-0.0227187655998326,0.0181));
#2432=CARTESIAN_POINT('',(0.15514708365578,-0.0232609421362995,-0.033));
#2433=CARTESIAN_POINT('',(0.15514708365578,-0.0232609421362995,0.0181));
#2434=CARTESIAN_POINT('',(0.155722689235728,-0.0238016596443888,-0.033));
#2435=CARTESIAN_POINT('',(0.155722689235728,-0.0238016596443888,0.0181));
#2436=CARTESIAN_POINT('',(0.156248198777317,-0.0242383577412554,-0.033));
#2437=CARTESIAN_POINT('',(0.156248198777317,-0.0242383577412554,0.0181));
#2438=CARTESIAN_POINT('',(0.156661561060783,-0.0245339726652527,-0.033));
#2439=CARTESIAN_POINT('',(0.156661561060783,-0.0245339726652527,0.0181));
#2440=CARTESIAN_POINT('',(0.156895806781493,-0.0246887227235166,-0.033));
#2441=CARTESIAN_POINT('',(0.156895806781493,-0.0246887227235166,0.0181));
#2442=CARTESIAN_POINT('',(0.157042175253033,-0.0247787064321896,-0.033));
#2443=CARTESIAN_POINT('',(0.157042175253033,-0.0247787064321896,0.0181));
#2444=CARTESIAN_POINT('',(0.157090169669175,-0.0248074912299676,-0.033));
#2445=CARTESIAN_POINT('',(0.157090169669175,-0.0248074912299676,0.0181));
#2446=CARTESIAN_POINT('',(0.137373012168861,-0.0105431968881958,0.0181));
#2447=CARTESIAN_POINT('',(0.137696346793229,-0.00998977205206772,0.0181));
#2448=CARTESIAN_POINT('',(0.138185253774779,-0.00916151296308768,0.0181));
#2449=CARTESIAN_POINT('',(0.138821509570193,-0.00804965485026673,0.0181));
#2450=CARTESIAN_POINT('',(0.139337751866716,-0.00723454291776966,0.0181));
#2451=CARTESIAN_POINT('',(0.139891361481758,-0.00664494939502449,0.0181));
#2452=CARTESIAN_POINT('',(0.140431396930719,-0.00628297728734609,0.0181));
#2453=CARTESIAN_POINT('',(0.14092678680393,-0.00618400426768844,0.0181));
#2454=CARTESIAN_POINT('',(0.141364854304209,-0.00644342018791063,0.0181));
#2455=CARTESIAN_POINT('',(0.141855698108828,-0.00684384659228118,0.0181));
#2456=CARTESIAN_POINT('',(0.142403070151137,-0.00744137324349966,0.0181));
#2457=CARTESIAN_POINT('',(0.142988144953773,-0.00819749178962912,0.0181));
#2458=CARTESIAN_POINT('',(0.143717253518581,-0.00924539850343608,0.0181));
#2459=CARTESIAN_POINT('',(0.144569107958616,-0.0105954752706568,0.0181));
#2460=CARTESIAN_POINT('',(0.145564465755147,-0.012236045978594,0.0181));
#2461=CARTESIAN_POINT('',(0.146573750740238,-0.0138654817122968,0.0181));
#2462=CARTESIAN_POINT('',(0.147638283783103,-0.0154489471721552,0.0181));
#2463=CARTESIAN_POINT('',(0.149195220719894,-0.0174458951908106,0.0181));
#2464=CARTESIAN_POINT('',(0.151393603608111,-0.019733608150797,0.0181));
#2465=CARTESIAN_POINT('',(0.154259676706472,-0.0222849522304596,0.0181));
#2466=CARTESIAN_POINT('',(0.155989367801917,-0.0241472819454351,0.0181));
#2467=CARTESIAN_POINT('',(0.157090169669159,-0.0248074912299579,0.0181));
#2468=CARTESIAN_POINT('',(0.137373012168861,-0.0105431968881958,0.0181));
#2469=CARTESIAN_POINT('',(0.137373012168861,-0.0105431968881958,-0.033));
#2470=CARTESIAN_POINT('',(0.137373012168861,-0.0105431968881958,-0.033));
#2471=CARTESIAN_POINT('',(0.137373012168861,-0.0105431968881958,-0.033));
#2472=CARTESIAN_POINT('',(0.137694480188366,-0.00999296696350823,-0.033));
#2473=CARTESIAN_POINT('',(0.138180032122558,-0.00916957837201491,-0.033));
#2474=CARTESIAN_POINT('',(0.138814035081746,-0.00806390173453918,-0.033));
#2475=CARTESIAN_POINT('',(0.139323036350475,-0.00725420721181071,-0.033));
#2476=CARTESIAN_POINT('',(0.139873950790385,-0.00666086368012601,-0.033));
#2477=CARTESIAN_POINT('',(0.140407525040956,-0.00629596431860428,-0.033));
#2478=CARTESIAN_POINT('',(0.140903560935666,-0.0061779356884904,-0.033));
#2479=CARTESIAN_POINT('',(0.141346675648865,-0.00642973064489822,-0.033));
#2480=CARTESIAN_POINT('',(0.14183959074524,-0.00682843787726485,-0.033));
#2481=CARTESIAN_POINT('',(0.142385494952868,-0.00742021347780412,-0.033));
#2482=CARTESIAN_POINT('',(0.142973999514663,-0.00817800602372882,-0.033));
#2483=CARTESIAN_POINT('',(0.143703369658549,-0.00922420747183939,-0.033));
#2484=CARTESIAN_POINT('',(0.144555024004685,-0.0105724715960552,-0.033));
#2485=CARTESIAN_POINT('',(0.145548234548036,-0.0122093418942235,-0.033));
#2486=CARTESIAN_POINT('',(0.146555752853324,-0.0138370558856878,-0.033));
#2487=CARTESIAN_POINT('',(0.14761999091947,-0.0154241767898711,-0.033));
#2488=CARTESIAN_POINT('',(0.149192686305521,-0.0174444666431624,-0.033));
#2489=CARTESIAN_POINT('',(0.151396833915436,-0.0197372913409745,-0.033));
#2490=CARTESIAN_POINT('',(0.154246238598941,-0.0222686382358346,-0.033));
#2491=CARTESIAN_POINT('',(0.155973173183185,-0.0241375691733509,-0.033));
#2492=CARTESIAN_POINT('',(0.157090169669175,-0.0248074912299679,-0.033));
#2493=CARTESIAN_POINT('',(0.127057647780284,-0.0161667106138252,0.));
#2494=CARTESIAN_POINT('',(0.127057647780284,-0.0161667106138252,0.0181));
#2495=CARTESIAN_POINT('',(0.128998981973722,-0.00457956814292868,0.0181));
#2496=CARTESIAN_POINT('',(0.128998981973722,-0.00457956814292867,-0.0331));
#2497=CARTESIAN_POINT('',(0.128998981973722,-0.00457956814292866,-0.0331));
#2498=CARTESIAN_POINT('',(0.127057647780284,-0.0161667106138252,-0.0331));
#2499=CARTESIAN_POINT('',(0.136742381385284,-0.00951565174386748,-0.0331));
#2500=CARTESIAN_POINT('',(0.127057647780284,-0.0161667106138252,-0.0331));
#2501=CARTESIAN_POINT('',(0.13742857220047,-0.0106463323874483,-0.0331));
#2502=CARTESIAN_POINT('',(0.137373012168861,-0.0105431968881958,-0.033));
#2503=CARTESIAN_POINT('',(0.137373012168861,-0.0105431968881958,-0.0330575437967546));
#2504=CARTESIAN_POINT('',(0.137401637806427,-0.0105957317667176,-0.0331));
#2505=CARTESIAN_POINT('',(0.13742857220047,-0.0106463323874483,-0.0331));
#2506=CARTESIAN_POINT('',(0.131057147478075,-0.00964168636970567,0.));
#2507=CARTESIAN_POINT('',(0.131057147478075,-0.00964168636970567,-0.0331));
#2508=CARTESIAN_POINT('',(0.125609916520159,-0.0100761527968287,-0.0331));
#2509=CARTESIAN_POINT('',(0.131057147478075,-0.00964168636970567,0.0181));
#2510=CARTESIAN_POINT('',(0.125609916520159,-0.0100761527968287,0.0181));
#2511=CARTESIAN_POINT('',(0.125609916520159,-0.0100761527968287,0.));
#2512=CARTESIAN_POINT('',(0.123400002993683,-0.018847785929032,0.));
#2513=CARTESIAN_POINT('',(0.123400002993683,-0.018847785929032,-0.0329));
#2514=CARTESIAN_POINT('',(0.118762848064613,-0.0189570954886408,-0.0329));
#2515=CARTESIAN_POINT('',(0.122445608880053,-0.0143085914749588,0.));
#2516=CARTESIAN_POINT('',(0.122445608880053,-0.0143085914749588,0.0181));
#2517=CARTESIAN_POINT('',(0.123400002993683,-0.018847785929032,0.0181));
#2518=CARTESIAN_POINT('',(0.118762848064613,-0.0189570954886408,0.0181));
#2519=CARTESIAN_POINT('',(0.118762848064613,-0.0189570954886408,0.));
#2520=CARTESIAN_POINT('',(0.118764244377328,-0.0189764371119306,-0.0331));
#2521=CARTESIAN_POINT('',(0.118764244377328,-0.0189764371119306,0.0181));
#2522=CARTESIAN_POINT('',(0.118829963718756,-0.0195188836919239,-0.0331));
#2523=CARTESIAN_POINT('',(0.118829963718756,-0.0195188836919239,0.0181));
#2524=CARTESIAN_POINT('',(0.118983542275047,-0.0203001278824138,-0.0331));
#2525=CARTESIAN_POINT('',(0.118983542275047,-0.0203001278824138,0.0181));
#2526=CARTESIAN_POINT('',(0.119144642920518,-0.0206587634724664,-0.0331));
#2527=CARTESIAN_POINT('',(0.119144642920518,-0.0206587634724664,0.0181));
#2528=CARTESIAN_POINT('',(0.119288574663622,-0.0208807551061752,-0.0331));
#2529=CARTESIAN_POINT('',(0.119288574663622,-0.0208807551061752,0.0181));
#2530=CARTESIAN_POINT('',(0.119508659085928,-0.0211458655001346,-0.0331));
#2531=CARTESIAN_POINT('',(0.119508659085928,-0.0211458655001346,0.0181));
#2532=CARTESIAN_POINT('',(0.119742684222383,-0.0213477957467017,-0.0331));
#2533=CARTESIAN_POINT('',(0.119742684222383,-0.0213477957467017,0.0181));
#2534=CARTESIAN_POINT('',(0.120131109400268,-0.0215703771366298,-0.0331));
#2535=CARTESIAN_POINT('',(0.120131109400268,-0.0215703771366298,0.0181));
#2536=CARTESIAN_POINT('',(0.120497090041258,-0.0217285991852554,-0.0331));
#2537=CARTESIAN_POINT('',(0.120497090041258,-0.0217285991852554,0.0181));
#2538=CARTESIAN_POINT('',(0.121082336351792,-0.0219189854226129,-0.0331));
#2539=CARTESIAN_POINT('',(0.121082336351792,-0.0219189854226129,0.0181));
#2540=CARTESIAN_POINT('',(0.121671228202012,-0.0221035808473788,-0.0331));
#2541=CARTESIAN_POINT('',(0.121671228202012,-0.0221035808473788,0.0181));
#2542=CARTESIAN_POINT('',(0.122177568375369,-0.0222931373441729,-0.0331));
#2543=CARTESIAN_POINT('',(0.122177568375369,-0.0222931373441729,0.0181));
#2544=CARTESIAN_POINT('',(0.122583005974347,-0.0224751707283057,-0.0331));
#2545=CARTESIAN_POINT('',(0.122583005974347,-0.0224751707283057,0.0181));
#2546=CARTESIAN_POINT('',(0.123030511862981,-0.0227379314198009,-0.0331));
#2547=CARTESIAN_POINT('',(0.123030511862981,-0.0227379314198009,0.0181));
#2548=CARTESIAN_POINT('',(0.123547855422905,-0.0231742012584946,-0.0331));
#2549=CARTESIAN_POINT('',(0.123547855422905,-0.0231742012584946,0.0181));
#2550=CARTESIAN_POINT('',(0.123972788398805,-0.0238683724203336,-0.0331));
#2551=CARTESIAN_POINT('',(0.123972788398805,-0.0238683724203336,0.0181));
#2552=CARTESIAN_POINT('',(0.124096577883613,-0.0246110575370513,-0.0331));
#2553=CARTESIAN_POINT('',(0.124096577883613,-0.0246110575370513,0.0181));
#2554=CARTESIAN_POINT('',(0.124035773760991,-0.0252963062961034,-0.0331));
#2555=CARTESIAN_POINT('',(0.124035773760991,-0.0252963062961034,0.0181));
#2556=CARTESIAN_POINT('',(0.123791598407497,-0.0258786490039293,-0.0331));
#2557=CARTESIAN_POINT('',(0.123791598407497,-0.0258786490039293,0.0181));
#2558=CARTESIAN_POINT('',(0.123485156986357,-0.0263377394375139,-0.0331));
#2559=CARTESIAN_POINT('',(0.123485156986357,-0.0263377394375139,0.0181));
#2560=CARTESIAN_POINT('',(0.123182047323206,-0.026695712395987,-0.0331));
#2561=CARTESIAN_POINT('',(0.123182047323206,-0.026695712395987,0.0181));
#2562=CARTESIAN_POINT('',(0.122781015301632,-0.027111451706254,-0.0331));
#2563=CARTESIAN_POINT('',(0.122781015301632,-0.027111451706254,0.0181));
#2564=CARTESIAN_POINT('',(0.122281788372877,-0.0275793098467235,-0.0331));
#2565=CARTESIAN_POINT('',(0.122281788372877,-0.0275793098467235,0.0181));
#2566=CARTESIAN_POINT('',(0.121734955342655,-0.0281059896618436,-0.0331));
#2567=CARTESIAN_POINT('',(0.121734955342655,-0.0281059896618436,0.0181));
#2568=CARTESIAN_POINT('',(0.121401475839003,-0.0284861528370577,-0.0331));
#2569=CARTESIAN_POINT('',(0.121401475839003,-0.0284861528370577,0.0181));
#2570=CARTESIAN_POINT('',(0.121252742959616,-0.0287073964438992,-0.0331));
#2571=CARTESIAN_POINT('',(0.121252742959616,-0.0287073964438992,0.0181));
#2572=CARTESIAN_POINT('',(0.121200882294081,-0.0288130577229576,-0.0331));
#2573=CARTESIAN_POINT('',(0.121200882294081,-0.0288130577229576,0.0181));
#2574=CARTESIAN_POINT('',(0.121190504424061,-0.0288631807760602,-0.0331));
#2575=CARTESIAN_POINT('',(0.121190504424061,-0.0288631807760602,0.0181));
#2576=CARTESIAN_POINT('',(0.121187210374374,-0.0289990801670833,-0.0331));
#2577=CARTESIAN_POINT('',(0.121187210374374,-0.0289990801670833,0.0181));
#2578=CARTESIAN_POINT('',(0.121273316050668,-0.0293419757342398,-0.0331));
#2579=CARTESIAN_POINT('',(0.121273316050668,-0.0293419757342398,0.0181));
#2580=CARTESIAN_POINT('',(0.121650779984576,-0.0300051541023447,-0.0331));
#2581=CARTESIAN_POINT('',(0.121650779984576,-0.0300051541023447,0.0181));
#2582=CARTESIAN_POINT('',(0.12230740422632,-0.030743401678935,-0.0331));
#2583=CARTESIAN_POINT('',(0.12230740422632,-0.030743401678935,0.0181));
#2584=CARTESIAN_POINT('',(0.122969713232412,-0.031269137788008,-0.0331));
#2585=CARTESIAN_POINT('',(0.122969713232412,-0.031269137788008,0.0181));
#2586=CARTESIAN_POINT('',(0.12350691019318,-0.0315721248049184,-0.0331));
#2587=CARTESIAN_POINT('',(0.12350691019318,-0.0315721248049184,0.0181));
#2588=CARTESIAN_POINT('',(0.123807760887489,-0.0317150926227553,-0.0331));
#2589=CARTESIAN_POINT('',(0.123807760887489,-0.0317150926227553,0.0181));
#2590=CARTESIAN_POINT('',(0.118764244377328,-0.0189764371119306,0.0181));
#2591=CARTESIAN_POINT('',(0.11880884662838,-0.0193445835056334,0.0181));
#2592=CARTESIAN_POINT('',(0.118890844080079,-0.019895188115632,0.0181));
#2593=CARTESIAN_POINT('',(0.119096728238107,-0.020608494922814,0.0181));
#2594=CARTESIAN_POINT('',(0.119526634117965,-0.0212312428282828,0.0181));
#2595=CARTESIAN_POINT('',(0.12034044503009,-0.0217110082272957,0.0181));
#2596=CARTESIAN_POINT('',(0.121419637066213,-0.0220132903706951,0.0181));
#2597=CARTESIAN_POINT('',(0.122474972967856,-0.0223827409780484,0.0181));
#2598=CARTESIAN_POINT('',(0.123438782072497,-0.0229963044585852,0.0181));
#2599=CARTESIAN_POINT('',(0.124054073772282,-0.0239705998454395,0.0181));
#2600=CARTESIAN_POINT('',(0.124131103355525,-0.0251230737495851,0.0181));
#2601=CARTESIAN_POINT('',(0.123659935975112,-0.0261782729903177,0.0181));
#2602=CARTESIAN_POINT('',(0.123035363354784,-0.0268604731618649,0.0181));
#2603=CARTESIAN_POINT('',(0.122503269170044,-0.0273727161398013,0.0181));
#2604=CARTESIAN_POINT('',(0.122100575888555,-0.0277529044375329,0.0181));
#2605=CARTESIAN_POINT('',(0.121702517132057,-0.0281416280557539,0.0181));
#2606=CARTESIAN_POINT('',(0.121408287728137,-0.028486767752984,0.0181));
#2607=CARTESIAN_POINT('',(0.121176402085305,-0.0287938885214934,0.0181));
#2608=CARTESIAN_POINT('',(0.121196891550543,-0.0290787475307188,0.0181));
#2609=CARTESIAN_POINT('',(0.121290147364423,-0.0293362075506789,0.0181));
#2610=CARTESIAN_POINT('',(0.121451131955826,-0.0296607358262649,0.0181));
#2611=CARTESIAN_POINT('',(0.121706842705838,-0.030040161948778,0.0181));
#2612=CARTESIAN_POINT('',(0.122164823782536,-0.0305955404166098,0.0181));
#2613=CARTESIAN_POINT('',(0.122848895581263,-0.0312051265886287,0.0181));
#2614=CARTESIAN_POINT('',(0.123479206819957,-0.0315589598334181,0.0181));
#2615=CARTESIAN_POINT('',(0.123807760887489,-0.0317150926227552,0.0181));
#2616=CARTESIAN_POINT('',(0.118764244377328,-0.0189764371119306,0.0181));
#2617=CARTESIAN_POINT('',(0.123807760887489,-0.0317150926227552,0.0181));
#2618=CARTESIAN_POINT('',(0.123807760887489,-0.0317150926227552,0.));
#2619=CARTESIAN_POINT('',(0.123807760887489,-0.0317150926227552,-0.0331));
#2620=CARTESIAN_POINT('',(0.123807760887489,-0.0317150926227552,-0.0331));
#2621=CARTESIAN_POINT('',(0.12352266184756,-0.0315796101778842,-0.0331));
#2622=CARTESIAN_POINT('',(0.122974564321308,-0.0312773407024149,-0.0331));
#2623=CARTESIAN_POINT('',(0.122367432840434,-0.0307874943326828,-0.0331));
#2624=CARTESIAN_POINT('',(0.121935050898044,-0.0303215462938398,-0.0331));
#2625=CARTESIAN_POINT('',(0.121641284802223,-0.0299486079399054,-0.0331));
#2626=CARTESIAN_POINT('',(0.12138351153272,-0.029546511280315,-0.0331));
#2627=CARTESIAN_POINT('',(0.121225728795136,-0.0291885263735534,-0.0331));
#2628=CARTESIAN_POINT('',(0.121165095070897,-0.0288631502017802,-0.0331));
#2629=CARTESIAN_POINT('',(0.121327201617751,-0.0285781630447498,-0.0331));
#2630=CARTESIAN_POINT('',(0.121680030433779,-0.0281605204168332,-0.0331));
#2631=CARTESIAN_POINT('',(0.122250352748654,-0.0276077090048121,-0.0331));
#2632=CARTESIAN_POINT('',(0.122941519879269,-0.0269617995024836,-0.0331));
#2633=CARTESIAN_POINT('',(0.123581072538269,-0.0262575124130943,-0.0331));
#2634=CARTESIAN_POINT('',(0.124032721348725,-0.0254031338951459,-0.0331));
#2635=CARTESIAN_POINT('',(0.12412885209156,-0.0244387644514141,-0.0331));
#2636=CARTESIAN_POINT('',(0.12381890571552,-0.0235171222799391,-0.0331));
#2637=CARTESIAN_POINT('',(0.123169900089129,-0.022796943188558,-0.0331));
#2638=CARTESIAN_POINT('',(0.12232953058225,-0.0223339037437221,-0.0331));
#2639=CARTESIAN_POINT('',(0.121438507278806,-0.0220239198341318,-0.0331));
#2640=CARTESIAN_POINT('',(0.120526213861191,-0.0217549780664233,-0.0331));
#2641=CARTESIAN_POINT('',(0.119954072429752,-0.0214939484738645,-0.0331));
#2642=CARTESIAN_POINT('',(0.119697397904604,-0.0212953342389357,-0.0331));
#2643=CARTESIAN_POINT('',(0.119697397904604,-0.0212953342389357,-0.0331));
#2644=CARTESIAN_POINT('',(0.118764244377328,-0.0189764371119305,-0.0329189488564949));
#2645=CARTESIAN_POINT('',(0.11876905579396,-0.0190161504815452,-0.0329579083331853));
#2646=CARTESIAN_POINT('',(0.11878328606561,-0.0191302260525076,-0.0329709247245422));
#2647=CARTESIAN_POINT('',(0.118811858116687,-0.0193395862069645,-0.0330022718821507));
#2648=CARTESIAN_POINT('',(0.118853438215199,-0.0196083892046403,-0.0330083272669841));
#2649=CARTESIAN_POINT('',(0.118914188579453,-0.0199275742013433,-0.0330032845450987));
#2650=CARTESIAN_POINT('',(0.118991031561492,-0.0202411803820039,-0.0329840090529887));
#2651=CARTESIAN_POINT('',(0.119093637636583,-0.0205519731824082,-0.0329681621103213));
#2652=CARTESIAN_POINT('',(0.119300585871862,-0.0209271422928614,-0.0330488713723862));
#2653=CARTESIAN_POINT('',(0.11952502136316,-0.0211619496154366,-0.0331));
#2654=CARTESIAN_POINT('',(0.119697397904604,-0.0212953342389356,-0.0331));
#2655=CARTESIAN_POINT('',(0.118764244377328,-0.0189764371119306,-0.0329189488564948));
#2656=CARTESIAN_POINT('',(0.118764244377328,-0.0189764371119306,0.));
#2657=CARTESIAN_POINT('',(0.131607642323398,-0.0153016103368356,0.));
#2658=CARTESIAN_POINT('',(0.131607642323398,-0.0153016103368356,0.0181));
#2659=CARTESIAN_POINT('',(0.12956622163377,-0.0333591060860361,0.0181));
#2660=CARTESIAN_POINT('',(0.12956622163377,-0.0333591060860361,-0.0331));
#2661=CARTESIAN_POINT('',(0.12956622163377,-0.0333591060860361,-0.0331));
#2662=CARTESIAN_POINT('',(0.131607642323398,-0.0153016103368356,-0.0331));
#2663=CARTESIAN_POINT('',(0.133324744593662,-0.0142617244905617,0.));
#2664=CARTESIAN_POINT('',(0.133324744593662,-0.0142617244905617,0.0181));
#2665=CARTESIAN_POINT('',(0.137953995428573,-0.0331669225945407,0.0181));
#2666=CARTESIAN_POINT('',(0.137953995428573,-0.0331669225945404,-0.0331));
#2667=CARTESIAN_POINT('',(0.137953995428573,-0.0331669225945404,-0.0331));
#2668=CARTESIAN_POINT('',(0.133324744593662,-0.0142617244905617,-0.0331));
#2669=CARTESIAN_POINT('',(0.159149094270519,-0.0492771880968094,-0.0331));
#2670=CARTESIAN_POINT('',(0.159149094270519,-0.0492771880968094,0.0181));
#2671=CARTESIAN_POINT('',(0.158961096107952,-0.0491372435509696,-0.0331));
#2672=CARTESIAN_POINT('',(0.158961096107952,-0.0491372435509696,0.0181));
#2673=CARTESIAN_POINT('',(0.158655107644084,-0.0489038872429485,-0.0331));
#2674=CARTESIAN_POINT('',(0.158655107644084,-0.0489038872429485,0.0181));
#2675=CARTESIAN_POINT('',(0.157982663752336,-0.0483328372335249,-0.0331));
#2676=CARTESIAN_POINT('',(0.157982663752336,-0.0483328372335249,0.0181));
#2677=CARTESIAN_POINT('',(0.157130561589262,-0.0475218865612836,-0.0331));
#2678=CARTESIAN_POINT('',(0.157130561589262,-0.0475218865612836,0.0181));
#2679=CARTESIAN_POINT('',(0.15606977693617,-0.0464078269120999,-0.0331));
#2680=CARTESIAN_POINT('',(0.15606977693617,-0.0464078269120999,0.0181));
#2681=CARTESIAN_POINT('',(0.154619496388601,-0.0447988298725399,-0.0331));
#2682=CARTESIAN_POINT('',(0.154619496388601,-0.0447988298725399,0.0181));
#2683=CARTESIAN_POINT('',(0.152728062397042,-0.0426702365032569,-0.0331));
#2684=CARTESIAN_POINT('',(0.152728062397042,-0.0426702365032569,0.0181));
#2685=CARTESIAN_POINT('',(0.150336270611608,-0.040196558677217,-0.0331));
#2686=CARTESIAN_POINT('',(0.150336270611608,-0.040196558677217,0.0181));
#2687=CARTESIAN_POINT('',(0.147737110502465,-0.0378769190661066,-0.0331));
#2688=CARTESIAN_POINT('',(0.147737110502465,-0.0378769190661066,0.0181));
#2689=CARTESIAN_POINT('',(0.145335742133884,-0.0361710202929402,-0.0331));
#2690=CARTESIAN_POINT('',(0.145335742133884,-0.0361710202929402,0.0181));
#2691=CARTESIAN_POINT('',(0.143236677054471,-0.035003494088023,-0.0331));
#2692=CARTESIAN_POINT('',(0.143236677054471,-0.035003494088023,0.0181));
#2693=CARTESIAN_POINT('',(0.141570196610347,-0.0342438636357307,-0.0331));
#2694=CARTESIAN_POINT('',(0.141570196610347,-0.0342438636357307,0.0181));
#2695=CARTESIAN_POINT('',(0.140088783376009,-0.0337192751028866,-0.0331));
#2696=CARTESIAN_POINT('',(0.140088783376009,-0.0337192751028866,0.0181));
#2697=CARTESIAN_POINT('',(0.139024237243871,-0.03341965819211,-0.0331));
#2698=CARTESIAN_POINT('',(0.139024237243871,-0.03341965819211,0.0181));
#2699=CARTESIAN_POINT('',(0.138374915773051,-0.0332631551814814,-0.0331));
#2700=CARTESIAN_POINT('',(0.138374915773051,-0.0332631551814814,0.0181));
#2701=CARTESIAN_POINT('',(0.138098205128403,-0.0332002580956686,-0.0331));
#2702=CARTESIAN_POINT('',(0.138098205128403,-0.0332002580956686,0.0181));
#2703=CARTESIAN_POINT('',(0.137953995428573,-0.0331669225945404,-0.0331));
#2704=CARTESIAN_POINT('',(0.137953995428573,-0.0331669225945404,0.0181));
#2705=CARTESIAN_POINT('',(0.159149094270519,-0.0492771880968093,0.0181));
#2706=CARTESIAN_POINT('',(0.158231063327953,-0.048593812144779,0.0181));
#2707=CARTESIAN_POINT('',(0.156599034603058,-0.0470278707272809,0.0181));
#2708=CARTESIAN_POINT('',(0.153606165344518,-0.0436380193568758,0.0181));
#2709=CARTESIAN_POINT('',(0.149763351003113,-0.0394614908232718,0.0181));
#2710=CARTESIAN_POINT('',(0.145368026591962,-0.0360330807199911,0.0181));
#2711=CARTESIAN_POINT('',(0.141249356994411,-0.0340383790011279,0.0181));
#2712=CARTESIAN_POINT('',(0.139063903127256,-0.0334234887574631,0.0181));
#2713=CARTESIAN_POINT('',(0.137953995428573,-0.0331669225945406,0.0181));
#2714=CARTESIAN_POINT('',(0.159149094270519,-0.0492771880968093,0.0181));
#2715=CARTESIAN_POINT('',(0.159149094270519,-0.0492771880968093,-0.0331));
#2716=CARTESIAN_POINT('',(0.159149094270519,-0.0492771880968093,-0.0331));
#2717=CARTESIAN_POINT('',(0.159149094270519,-0.0492771880968093,-0.0331));
#2718=CARTESIAN_POINT('',(0.158231063327953,-0.0485938121447789,-0.0331));
#2719=CARTESIAN_POINT('',(0.156599034603058,-0.0470278707272808,-0.0331));
#2720=CARTESIAN_POINT('',(0.153606165344518,-0.0436380193568758,-0.0331));
#2721=CARTESIAN_POINT('',(0.149763351003113,-0.0394614908232716,-0.0331));
#2722=CARTESIAN_POINT('',(0.145368026591962,-0.0360330807199909,-0.0331));
#2723=CARTESIAN_POINT('',(0.141249356994411,-0.0340383790011278,-0.0331));
#2724=CARTESIAN_POINT('',(0.139063903127256,-0.033423488757463,-0.0331));
#2725=CARTESIAN_POINT('',(0.137953995428573,-0.0331669225945404,-0.0331));
#2726=CARTESIAN_POINT('',(0.151656166762173,-0.0568568327276337,0.));
#2727=CARTESIAN_POINT('',(0.151656166762173,-0.0568568327276337,0.0181));
#2728=CARTESIAN_POINT('',(0.161043835883493,-0.0518103840908657,0.0181));
#2729=CARTESIAN_POINT('',(0.161043835883493,-0.0518103840908657,-0.0331));
#2730=CARTESIAN_POINT('',(0.161043835883493,-0.0518103840908657,-0.0331));
#2731=CARTESIAN_POINT('',(0.151656166762173,-0.0568568327276337,-0.0331));
#2732=CARTESIAN_POINT('',(0.161728374622395,-0.0863332469356832,0.));
#2733=CARTESIAN_POINT('',(0.161728374622395,-0.0863332469356832,-0.0331));
#2734=CARTESIAN_POINT('',(0.185550199900857,-0.0613369013489875,-0.0331));
#2735=CARTESIAN_POINT('',(0.161728374622395,-0.0863332469356832,0.0181));
#2736=CARTESIAN_POINT('',(0.185550199900857,-0.0613369013489875,0.0181));
#2737=CARTESIAN_POINT('',(0.185550199900857,-0.0613369013489875,0.));
#2738=CARTESIAN_POINT('',(0.15286256535621,-0.0354211932120257,0.0181));
#2739=CARTESIAN_POINT('',(0.121622579175888,-0.0103941793727318,0.0181));
#2740=CARTESIAN_POINT('',(0.174709087412204,-0.032477595064033,0.0181));
#2741=CARTESIAN_POINT('',(0.171759311071536,-0.0351792278185047,0.0181));
#2742=CARTESIAN_POINT('',(0.128267382959801,-0.0750124910804946,0.0181));
#2743=CARTESIAN_POINT('',(0.185642417845374,-0.0613617751705278,0.0181));
#2744=CARTESIAN_POINT('',(0.185619189381046,-0.0612645103853023,0.0181));
#2745=CARTESIAN_POINT('',(0.118962792521255,-0.0189523822882332,0.0181));
#2746=CARTESIAN_POINT('',(0.15286256535621,-0.0354211932120257,-0.0331));
#2747=CARTESIAN_POINT('',(0.123400002993683,-0.018847785929032,-0.0331));
#2748=CARTESIAN_POINT('',(0.185619189381046,-0.0612645103853023,-0.0331));
#2749=CARTESIAN_POINT('',(0.185642417845374,-0.0613617751705278,-0.0331));
#2750=CARTESIAN_POINT('',(0.128267382959801,-0.0750124910804946,-0.0331));
#2751=CARTESIAN_POINT('',(0.171759311071536,-0.0351792278185046,-0.0331));
#2752=CARTESIAN_POINT('',(0.174709087412204,-0.032477595064033,-0.0331));
#2753=CARTESIAN_POINT('',(0.171598144532754,-0.0349919606700658,-0.0331));
#2754=CARTESIAN_POINT('',(0.157039056060043,-0.0248934420213435,-0.0331));
#2755=CARTESIAN_POINT('',(0.158315612919524,-0.0256461491547556,-0.0331));
#2756=CARTESIAN_POINT('',(0.160866673293846,-0.0271538910200279,-0.0331));
#2757=CARTESIAN_POINT('',(0.164655296234074,-0.0294846884560737,-0.0331));
#2758=CARTESIAN_POINT('',(0.167728743896846,-0.0315455029914875,-0.0331));
#2759=CARTESIAN_POINT('',(0.17005794086463,-0.0333894493569188,-0.0331));
#2760=CARTESIAN_POINT('',(0.171129507691815,-0.0344121315315075,-0.0331));
#2761=CARTESIAN_POINT('',(0.171598144532754,-0.0349919606700659,-0.0331));
#2762=CARTESIAN_POINT('',(0.157039056060043,-0.0248934420213435,-0.0331));
#2763=CARTESIAN_POINT('',(0.13742857220047,-0.0106463323874483,-0.0331));
#2764=CARTESIAN_POINT('',(0.137748447767177,-0.0100988281310391,-0.0331));
#2765=CARTESIAN_POINT('',(0.138230357848258,-0.00927881055655151,-0.0331));
#2766=CARTESIAN_POINT('',(0.138864517698953,-0.00818049855006327,-0.0331));
#2767=CARTESIAN_POINT('',(0.139361104897172,-0.007369152646459,-0.0331));
#2768=CARTESIAN_POINT('',(0.13990196952871,-0.00677273173285082,-0.0331));
#2769=CARTESIAN_POINT('',(0.140423988969781,-0.00639677546711328,-0.0331));
#2770=CARTESIAN_POINT('',(0.140919753221014,-0.0062775827806251,-0.0331));
#2771=CARTESIAN_POINT('',(0.141348614490564,-0.00655767674745804,-0.0331));
#2772=CARTESIAN_POINT('',(0.141709965381515,-0.00685778178702086,-0.0331));
#2773=CARTESIAN_POINT('',(0.142044968921366,-0.00719979697218123,-0.0331));
#2774=CARTESIAN_POINT('',(0.142464824314167,-0.0076812670781704,-0.0331));
#2775=CARTESIAN_POINT('',(0.142948037085402,-0.00831291871382632,-0.0331));
#2776=CARTESIAN_POINT('',(0.143670192359717,-0.00935646171274429,-0.0331));
#2777=CARTESIAN_POINT('',(0.144515477672062,-0.0106996225584628,-0.0331));
#2778=CARTESIAN_POINT('',(0.14550373857047,-0.0123286011357866,-0.0331));
#2779=CARTESIAN_POINT('',(0.146507609812489,-0.0139474123682067,-0.0331));
#2780=CARTESIAN_POINT('',(0.14756983195606,-0.0155249572622214,-0.0331));
#2781=CARTESIAN_POINT('',(0.149137246365529,-0.0175320315407186,-0.0331));
#2782=CARTESIAN_POINT('',(0.15134050098718,-0.0198200133674332,-0.0331));
#2783=CARTESIAN_POINT('',(0.154190711215596,-0.0223581717248552,-0.0331));
#2784=CARTESIAN_POINT('',(0.155928709590718,-0.0242275083325479,-0.0331));
#2785=CARTESIAN_POINT('',(0.157039056060043,-0.0248934420213435,-0.0331));
#2786=CARTESIAN_POINT('',(0.121622579175888,-0.0103941793727318,-0.0331));
#2787=CARTESIAN_POINT('',(0.128267382959801,-0.0750124910804946,0.018));
#2788=CARTESIAN_POINT('',(0.171759311071536,-0.0351792278185051,0.018));
#2789=CARTESIAN_POINT('',(0.185642417845374,-0.0613617751705278,0.0181));
#2790=CARTESIAN_POINT('',(0.185705210422911,-0.0613467792483758,0.0180999999999999));
#2791=CARTESIAN_POINT('',(0.18572689650949,-0.061284843600365,0.0180448425553157));
#2792=CARTESIAN_POINT('',(0.18571643443836,-0.0612411994688016,0.018));
#2793=CARTESIAN_POINT('',(0.185619189381046,-0.0612645103853023,0.));
#2794=CARTESIAN_POINT('',(0.185642417845374,-0.0613617751705278,-0.0331));
#2795=CARTESIAN_POINT('',(0.185705210422911,-0.0613467792483758,-0.0330999999999999));
#2796=CARTESIAN_POINT('',(0.18572689650949,-0.0612848436003651,-0.0330448425553156));
#2797=CARTESIAN_POINT('',(0.18571643443836,-0.0612411994688016,-0.033));
#2798=CARTESIAN_POINT('',(0.174709087412204,-0.032477595064033,0.018));
#2799=CARTESIAN_POINT('',(0.174709087412204,-0.032477595064033,0.018));
#2800=CARTESIAN_POINT('',(0.128267382959801,-0.0750124910804946,-0.033));
#2801=CARTESIAN_POINT('',(0.171759311071536,-0.0351792278185051,-0.033));
#2802=CARTESIAN_POINT('',(0.174709087412204,-0.032477595064033,-0.0075));
#2803=CARTESIAN_POINT('',(0.174709087412204,-0.032477595064033,-0.033));
#2804=CARTESIAN_POINT('',(0.174709087412204,-0.032477595064033,-0.033));
#2805=CARTESIAN_POINT('',(0.171598144532754,-0.0349919606700659,-0.033));
#2806=CARTESIAN_POINT('',(0.156997864236906,-0.0247530643888871,-0.033));
#2807=CARTESIAN_POINT('',(0.156997864236906,-0.0247530643888871,-0.0331));
#2808=CARTESIAN_POINT('',(0.156947072448486,-0.0248392049381599,-0.0331));
#2809=CARTESIAN_POINT('',(0.158283079698306,-0.0255108769677645,-0.033));
#2810=CARTESIAN_POINT('',(0.158283079696572,-0.025510876967522,-0.033099999999634));
#2811=CARTESIAN_POINT('',(0.158232287909862,-0.0255970175170773,-0.0331));
#2812=CARTESIAN_POINT('',(0.160852347308668,-0.0270284911235038,-0.033));
#2813=CARTESIAN_POINT('',(0.160852347308997,-0.0270284911240023,-0.0331000000001702));
#2814=CARTESIAN_POINT('',(0.160800977956909,-0.0271143103947573,-0.0331));
#2815=CARTESIAN_POINT('',(0.164670130890319,-0.0293752495364565,-0.033));
#2816=CARTESIAN_POINT('',(0.16467013089177,-0.0293752495350757,-0.0330999999999534));
#2817=CARTESIAN_POINT('',(0.164616465669691,-0.0294595969202375,-0.0331));
#2818=CARTESIAN_POINT('',(0.167768696582035,-0.0314502847898247,-0.033));
#2819=CARTESIAN_POINT('',(0.167768696577168,-0.0314502847937816,-0.0331000000000058));
#2820=CARTESIAN_POINT('',(0.167711040813243,-0.0315322420838812,-0.0331));
#2821=CARTESIAN_POINT('',(0.17012349368301,-0.0333131402852822,-0.033));
#2822=CARTESIAN_POINT('',(0.170123493691482,-0.0333131402784362,-0.0330999999999988));
#2823=CARTESIAN_POINT('',(0.170058385313079,-0.0333890308657468,-0.0331));
#2824=CARTESIAN_POINT('',(0.171203604559594,-0.0343447233246867,-0.033));
#2825=CARTESIAN_POINT('',(0.171203604540849,-0.0343447233398235,-0.0331));
#2826=CARTESIAN_POINT('',(0.171132019900531,-0.0344152398426207,-0.0331));
#2827=CARTESIAN_POINT('',(0.171675918104741,-0.034929101529915,-0.033));
#2828=CARTESIAN_POINT('',(0.171675918104741,-0.034929101529915,-0.0331));
#2829=CARTESIAN_POINT('',(0.171598144532755,-0.0349919606700658,-0.0331));
#2830=CARTESIAN_POINT('',(0.157090008780148,-0.0248073963635957,-0.033));
#2831=CARTESIAN_POINT('',(0.157090008780148,-0.0248073963635957,-0.0330523598775598));
#2832=CARTESIAN_POINT('',(0.157065811509955,-0.0248484338267399,-0.0331));
#2833=CARTESIAN_POINT('',(0.157039216991728,-0.0248935369128685,-0.0331));
#2834=CARTESIAN_POINT('',(0.157199387820116,-0.0249896014845077,-0.0331));
#2835=CARTESIAN_POINT('',(0.157250821823094,-0.0249038428503206,-0.0331));
#2836=CARTESIAN_POINT('',(0.157250821823094,-0.0249038428503206,-0.033));
#2837=CARTESIAN_POINT('',(0.156635999829842,-0.0246517078153314,-0.0331));
#2838=CARTESIAN_POINT('',(0.156687433832048,-0.0245659491810246,-0.0330999999998388));
#2839=CARTESIAN_POINT('',(0.156687433832824,-0.0245659491811381,-0.033));
#2840=CARTESIAN_POINT('',(0.15559543853776,-0.0238859835858263,-0.0331));
#2841=CARTESIAN_POINT('',(0.155666705382474,-0.0238143426922815,-0.0331000000000748));
#2842=CARTESIAN_POINT('',(0.155666705382114,-0.0238143426922288,-0.033));
#2843=CARTESIAN_POINT('',(0.154265803463296,-0.0224962546784765,-0.0331));
#2844=CARTESIAN_POINT('',(0.154337553687141,-0.0224269386641244,-0.03309999999998));
#2845=CARTESIAN_POINT('',(0.154337553687237,-0.0224269386641385,-0.033));
#2846=CARTESIAN_POINT('',(0.152871585340584,-0.0211737810047546,-0.0331));
#2847=CARTESIAN_POINT('',(0.152938227691994,-0.021099068894981,-0.0331000000000053));
#2848=CARTESIAN_POINT('',(0.152938227691969,-0.0210990688949773,-0.033));
#2849=CARTESIAN_POINT('',(0.150979070857889,-0.0194460416291333,-0.0331));
#2850=CARTESIAN_POINT('',(0.151048612486055,-0.0193741961603874,-0.0330999999999969));
#2851=CARTESIAN_POINT('',(0.15104861248607,-0.0193741961603895,-0.033));
#2852=CARTESIAN_POINT('',(0.14919667350389,-0.0176003309652285,-0.0331));
#2853=CARTESIAN_POINT('',(0.149271652271318,-0.0175338502804822,-0.0331000000000005));
#2854=CARTESIAN_POINT('',(0.149271652271316,-0.0175338502804819,-0.033));
#2855=CARTESIAN_POINT('',(0.147600772347317,-0.0155689880100804,-0.0331));
#2856=CARTESIAN_POINT('',(0.147681743045432,-0.0155101634204588,-0.0330999999999999));
#2857=CARTESIAN_POINT('',(0.147681743045433,-0.0155101634204589,-0.033));
#2858=CARTESIAN_POINT('',(0.146522344700763,-0.0139710958966899,-0.0331));
#2859=CARTESIAN_POINT('',(0.146606677145708,-0.0139173033455346,-0.0331));
#2860=CARTESIAN_POINT('',(0.146606677145708,-0.0139173033455346,-0.033));
#2861=CARTESIAN_POINT('',(0.145504513892307,-0.0123300303890208,-0.0331));
#2862=CARTESIAN_POINT('',(0.145589961100762,-0.0122780830588014,-0.0331));
#2863=CARTESIAN_POINT('',(0.145589961100762,-0.0122780830588014,-0.033));
#2864=CARTESIAN_POINT('',(0.144502772010626,-0.0106785853265418,-0.0331));
#2865=CARTESIAN_POINT('',(0.144588084353784,-0.0106264226362781,-0.0331));
#2866=CARTESIAN_POINT('',(0.144588084353784,-0.0106264226362781,-0.033));
#2867=CARTESIAN_POINT('',(0.143645150989073,-0.00931737622156915,-0.0331));
#2868=CARTESIAN_POINT('',(0.14372901523568,-0.00926282119977589,-0.0331));
#2869=CARTESIAN_POINT('',(0.14372901523568,-0.00926282119977589,-0.033));
#2870=CARTESIAN_POINT('',(0.142910759283264,-0.0082610697030008,-0.0331));
#2871=CARTESIAN_POINT('',(0.142991654276748,-0.00820224302979193,-0.0331));
#2872=CARTESIAN_POINT('',(0.142991654276748,-0.00820224302979193,-0.033));
#2873=CARTESIAN_POINT('',(0.142417702135467,-0.00762270273730338,-0.0331));
#2874=CARTESIAN_POINT('',(0.142495415578,-0.00755958515048489,-0.0331));
#2875=CARTESIAN_POINT('',(0.142495415578,-0.00755958515048489,-0.033));
#2876=CARTESIAN_POINT('',(0.141987803339337,-0.00713777543524207,-0.0331));
#2877=CARTESIAN_POINT('',(0.142060694646736,-0.00706929723351745,-0.0331));
#2878=CARTESIAN_POINT('',(0.142060694646736,-0.00706929723351745,-0.033));
#2879=CARTESIAN_POINT('',(0.141644680261739,-0.00679832434640184,-0.0331));
#2880=CARTESIAN_POINT('',(0.141712288592838,-0.00672416409841044,-0.0331));
#2881=CARTESIAN_POINT('',(0.141712288592838,-0.00672416409841044,-0.033));
#2882=CARTESIAN_POINT('',(0.141329905621135,-0.00654414713504074,-0.0331));
#2883=CARTESIAN_POINT('',(0.141388158341248,-0.00646315627340161,-0.0331));
#2884=CARTESIAN_POINT('',(0.141388158341248,-0.00646315627340161,-0.033));
#2885=CARTESIAN_POINT('',(0.141046530306842,-0.00637882725091729,-0.0331));
#2886=CARTESIAN_POINT('',(0.141091444736858,-0.00628777630265931,-0.0331));
#2887=CARTESIAN_POINT('',(0.141091444736858,-0.00628777630265931,-0.033));
#2888=CARTESIAN_POINT('',(0.140805819336951,-0.00631077216745907,-0.0331));
#2889=CARTESIAN_POINT('',(0.140807946011942,-0.00620714537092428,-0.0331));
#2890=CARTESIAN_POINT('',(0.140807946011942,-0.00620714537092428,-0.033));
#2891=CARTESIAN_POINT('',(0.140559885095804,-0.00636423480224242,-0.0331));
#2892=CARTESIAN_POINT('',(0.140522955794076,-0.00627001962979697,-0.0331));
#2893=CARTESIAN_POINT('',(0.140522955794076,-0.00627001962979697,-0.033));
#2894=CARTESIAN_POINT('',(0.140267487977494,-0.00650611728032905,-0.0331));
#2895=CARTESIAN_POINT('',(0.140212953737425,-0.00642193332512083,-0.0331));
#2896=CARTESIAN_POINT('',(0.140212953737425,-0.00642193332512083,-0.033));
#2897=CARTESIAN_POINT('',(0.139942285160267,-0.00675462940183893,-0.0331));
#2898=CARTESIAN_POINT('',(0.139874607387221,-0.00668038189979645,-0.0331));
#2899=CARTESIAN_POINT('',(0.139874607387221,-0.00668038189979647,-0.033));
#2900=CARTESIAN_POINT('',(0.139604801627335,-0.00710322517764888,-0.0331));
#2901=CARTESIAN_POINT('',(0.139529094612333,-0.00703767909129996,-0.0331000000000002));
#2902=CARTESIAN_POINT('',(0.139529094612333,-0.00703767909129989,-0.033));
#2903=CARTESIAN_POINT('',(0.139202267172358,-0.00761327427389417,-0.0331));
#2904=CARTESIAN_POINT('',(0.139118970512918,-0.00755744272782744,-0.033099999999999));
#2905=CARTESIAN_POINT('',(0.139118970512922,-0.0075574427278278,-0.033));
#2906=CARTESIAN_POINT('',(0.138795794707854,-0.00830522955004516,-0.0331));
#2907=CARTESIAN_POINT('',(0.138708435350768,-0.0082565791345852,-0.0331000000000077));
#2908=CARTESIAN_POINT('',(0.138708435350734,-0.00825657913458231,-0.033));
#2909=CARTESIAN_POINT('',(0.138147391980522,-0.00941655413188566,-0.0331));
#2910=CARTESIAN_POINT('',(0.138061657702303,-0.00936503126416908,-0.0330999999999601));
#2911=CARTESIAN_POINT('',(0.13806165770248,-0.00936503126418412,-0.033));
#2912=CARTESIAN_POINT('',(0.137660650461485,-0.0102491034367663,-0.0331));
#2913=CARTESIAN_POINT('',(0.137574306779553,-0.0101986577387085,-0.0331000000001767));
#2914=CARTESIAN_POINT('',(0.137574306778768,-0.010198657738642,-0.033));
#2915=CARTESIAN_POINT('',(0.137336253776209,-0.0108043461136867,-0.0331));
#2916=CARTESIAN_POINT('',(0.137249910093511,-0.0107539004155733,-0.0331));
#2917=CARTESIAN_POINT('',(0.137249910093511,-0.0107539004155733,-0.033));
#2918=CARTESIAN_POINT('',(0.121622579175888,-0.0103941793727318,0.));
#2919=CARTESIAN_POINT('',(0.118962792521255,-0.0189523822882332,-0.00655));
#2920=CARTESIAN_POINT('',(0.118764244377328,-0.0189764371119303,-0.0329189488564951));
#2921=CARTESIAN_POINT('',(0.118763465240923,-0.0189700061320534,-0.032912639955932));
#2922=CARTESIAN_POINT('',(0.118763000324425,-0.0189635546889238,-0.0329063201746593));
#2923=CARTESIAN_POINT('',(0.118762848064613,-0.0189570954886408,-0.0329));
#2924=CARTESIAN_POINT('',(0.123400002993683,-0.018847785929032,-0.0329));
#2925=MECHANICAL_DESIGN_GEOMETRIC_PRESENTATION_REPRESENTATION('',(#991),
#2926);
#2926=(
GEOMETRIC_REPRESENTATION_CONTEXT(3)
GLOBAL_UNCERTAINTY_ASSIGNED_CONTEXT((#2927))
GLOBAL_UNIT_ASSIGNED_CONTEXT((#2930,#2929,#2928))
REPRESENTATION_CONTEXT('Body_Back Paw_ Left_Black',
'TOP_LEVEL_ASSEMBLY_PART')
);
#2927=UNCERTAINTY_MEASURE_WITH_UNIT(LENGTH_MEASURE(2.E-5),#2930,
'DISTANCE_ACCURACY_VALUE','Maximum Tolerance applied to model');
#2928=(
NAMED_UNIT(*)
SI_UNIT($,.STERADIAN.)
SOLID_ANGLE_UNIT()
);
#2929=(
NAMED_UNIT(*)
PLANE_ANGLE_UNIT()
SI_UNIT($,.RADIAN.)
);
#2930=(
LENGTH_UNIT()
NAMED_UNIT(*)
SI_UNIT($,.METRE.)
);
#2931=PRODUCT_DEFINITION_SHAPE('','',#2932);
#2932=PRODUCT_DEFINITION('','',#2934,#2933);
#2933=PRODUCT_DEFINITION_CONTEXT('',#2940,'design');
#2934=PRODUCT_DEFINITION_FORMATION_WITH_SPECIFIED_SOURCE('','',#2936,
 .NOT_KNOWN.);
#2935=PRODUCT_RELATED_PRODUCT_CATEGORY('','',(#2936));
#2936=PRODUCT('Body_Back Paw_ Left_Black','Body_Back Paw_ Left_Black',
'Body_Back Paw_ Left_Black',(#2938));
#2937=PRODUCT_CATEGORY('','');
#2938=PRODUCT_CONTEXT('',#2940,'mechanical');
#2939=APPLICATION_PROTOCOL_DEFINITION('international standard',
'ap242_managed_model_based_3d_engineering',2020,#2940);
#2940=APPLICATION_CONTEXT('managed model based 3d engineering');
ENDSEC;
END-ISO-10303-21;
