ISO-10303-21;
HEADER;
/* Generated by software containing ST-Developer
 * from STEP Tools, Inc. (www.steptools.com) 
 */
/* OPTION: using custom renumber hook */

FILE_DESCRIPTION(
/* description */ ('STEP AP242 Edition 2',
'CAx-IF Rec.Pracs.---Representation and Presentation of Product Manufa
cturing Information (PMI)---4.0---2014-10-13',
'CAx-IF Rec.Pracs.---3D Tessellated Geometry---0.4---2014-09-14','2;1',
'CAx-IF Rec.Pracs.---User Defined Attributes---1.5---2016-08-15'),
/* implementation_level */ '2;1');

FILE_NAME(
/* name */ 'Part Studio 1 - Part 14',
/* time_stamp */ '2026-06-18T16:33:49Z',
/* author */ (''),
/* organization */ (''),
/* preprocessor_version */ 'ST-DEVELOPER v20',
/* originating_system */ 'ONSHAPE BY PTC INC, 1.216',
/* authorisation */ '  ');

FILE_SCHEMA (('AP242_MANAGED_MODEL_BASED_3D_ENGINEERING_MIM_LF { 1 0 10303 442 3 1 4 }'));
ENDSEC;

DATA;
#10=SHAPE_REPRESENTATION_RELATIONSHIP('','',#1061,#11);
#11=ADVANCED_BREP_SHAPE_REPRESENTATION('',(#1059),#3233);
#12=ORIENTED_CLOSED_SHELL('',*,#1050,.F.);
#13=(
BOUNDED_SURFACE()
B_SPLINE_SURFACE(3,2,((#1857,#1858,#1859),(#1860,#1861,#1862),(#1863,#1864,
#1865),(#1866,#1867,#1868),(#1869,#1870,#1871),(#1872,#1873,#1874),(#1875,
#1876,#1877),(#1878,#1879,#1880),(#1881,#1882,#1883),(#1884,#1885,#1886),
(#1887,#1888,#1889),(#1890,#1891,#1892),(#1893,#1894,#1895),(#1896,#1897,
#1898),(#1899,#1900,#1901),(#1902,#1903,#1904),(#1905,#1906,#1907),(#1908,
#1909,#1910),(#1911,#1912,#1913),(#1914,#1915,#1916),(#1917,#1918,#1919),
(#1920,#1921,#1922),(#1923,#1924,#1925),(#1926,#1927,#1928),(#1929,#1930,
#1931),(#1932,#1933,#1934),(#1935,#1936,#1937),(#1938,#1939,#1940),(#1941,
#1942,#1943),(#1944,#1945,#1946),(#1947,#1948,#1949),(#1950,#1951,#1952),
(#1953,#1954,#1955),(#1956,#1957,#1958),(#1959,#1960,#1961),(#1962,#1963,
#1964),(#1965,#1966,#1967),(#1968,#1969,#1970),(#1971,#1972,#1973),(#1974,
#1975,#1976)),.UNSPECIFIED.,.F.,.F.,.F.)
B_SPLINE_SURFACE_WITH_KNOTS((4,1,1,1,1,1,1,1,1,1,1,1,1,1,1,1,1,1,1,1,1,
1,1,1,1,1,1,1,1,1,1,1,1,1,1,1,1,4),(3,3),(0.0627762718818608,0.0639551152529973,
0.0651339586241338,0.0674916453664067,0.0722070188509525,0.0769223923354984,
0.0792800790777713,0.0816377658200442,0.0839954525623171,0.08635313930459,
0.0875319826757265,0.0887108260468629,0.0898896694179994,0.0910685127891359,
0.0916579344747041,0.0922473561602723,0.0928367778458405,0.0931314886886247,
0.0934261995314088,0.0937209103741929,0.094015621216977,0.0941629766383691,
0.0943103320597611,0.0944576874811532,0.0946050429025452,0.0948997537453294,
0.0951944645881135,0.0954891754308976,0.0957838862736817,0.0963733079592499,
0.096668018802034,0.0969627296448182,0.0971100850662102,0.0972574404876023,
0.0975521513303864,0.0981415730159546,0.0993204163870911,0.100499259758228),
(0.,1.),.UNSPECIFIED.)
GEOMETRIC_REPRESENTATION_ITEM()
RATIONAL_B_SPLINE_SURFACE(((1.,0.707106781186548,1.),(1.,0.707106781186548,
1.),(1.,0.707106781186547,1.),(1.,0.707106781186548,1.),(1.,0.707106781186547,
1.),(1.,0.707106781186547,1.),(1.,0.707106781186548,1.),(1.,0.707106781186547,
1.),(1.,0.707106781186548,1.),(1.,0.707106781186548,1.),(1.,0.707106781186549,
1.),(1.,0.707106781186547,1.),(1.,0.707106781186548,1.),(1.,0.707106781186548,
1.),(1.,0.707106781186548,1.),(1.,0.707106781186548,1.),(1.,0.707106781186547,
1.),(1.,0.707106781186548,1.),(1.,0.707106781186548,1.),(1.,0.707106781186547,
1.),(1.,0.707106781186548,1.),(1.,0.707106781186547,1.),(1.,0.707106781186548,
1.),(1.,0.707106781186548,1.),(1.,0.707106781186548,1.),(1.,0.707106781186547,
1.),(1.,0.707106781186548,1.),(1.,0.707106781186548,1.),(1.,0.707106781186547,
1.),(1.,0.707106781186548,1.),(1.,0.707106781186548,1.),(1.,0.707106781186547,
1.),(1.,0.707106781186548,1.),(1.,0.707106781186548,1.),(1.,0.707106781186548,
1.),(1.,0.707106781186548,1.),(1.,0.707106781186548,1.),(1.,0.707106781186548,
1.),(1.,0.707106781186548,1.),(1.,0.707106781186548,1.)))
REPRESENTATION_ITEM('')
SURFACE()
);
#14=(
BOUNDED_SURFACE()
B_SPLINE_SURFACE(3,2,((#1982,#1983,#1984),(#1985,#1986,#1987),(#1988,#1989,
#1990),(#1991,#1992,#1993),(#1994,#1995,#1996),(#1997,#1998,#1999),(#2000,
#2001,#2002),(#2003,#2004,#2005),(#2006,#2007,#2008),(#2009,#2010,#2011),
(#2012,#2013,#2014),(#2015,#2016,#2017),(#2018,#2019,#2020),(#2021,#2022,
#2023),(#2024,#2025,#2026),(#2027,#2028,#2029),(#2030,#2031,#2032),(#2033,
#2034,#2035),(#2036,#2037,#2038),(#2039,#2040,#2041),(#2042,#2043,#2044),
(#2045,#2046,#2047),(#2048,#2049,#2050),(#2051,#2052,#2053),(#2054,#2055,
#2056),(#2057,#2058,#2059),(#2060,#2061,#2062),(#2063,#2064,#2065),(#2066,
#2067,#2068),(#2069,#2070,#2071),(#2072,#2073,#2074),(#2075,#2076,#2077),
(#2078,#2079,#2080),(#2081,#2082,#2083),(#2084,#2085,#2086),(#2087,#2088,
#2089),(#2090,#2091,#2092),(#2093,#2094,#2095),(#2096,#2097,#2098),(#2099,
#2100,#2101),(#2102,#2103,#2104),(#2105,#2106,#2107)),.UNSPECIFIED.,.F.,
 .F.,.F.)
B_SPLINE_SURFACE_WITH_KNOTS((4,1,1,1,1,1,1,1,1,1,1,1,1,1,1,1,1,1,1,1,1,
1,1,1,1,1,1,1,1,1,1,1,1,1,1,1,1,1,1,4),(3,3),(2.08166817117217E-17,0.000948735508246355,
0.00142310326236952,0.00189747101649269,0.00237183877061586,0.00284620652473902,
0.00308339040180061,0.00332057427886219,0.00343916621739298,0.00355775815592377,
0.00361705412518917,0.00367635009445457,0.00373564606371996,0.00379494203298536,
0.00385423800225075,0.00388388598688345,0.00391353397151615,0.00397282994078155,
0.00403212591004694,0.00415071784857773,0.00426930978710852,0.00438790172563932,
0.00450649366417011,0.00474367754123169,0.00498086141829328,0.00521804529535486,
0.00569241304947803,0.00616678080360119,0.00664114855772436,0.00758988406597069,
0.00853861957421703,0.00948735508246336,0.0104360905907097,0.011384826098956,
0.0123335616072024,0.0132822971154487,0.0137566648695719,0.014231032623695,
0.0147054003778182,0.0151797681319414),(0.,1.),.UNSPECIFIED.)
GEOMETRIC_REPRESENTATION_ITEM()
RATIONAL_B_SPLINE_SURFACE(((1.,0.707106781186547,1.),(1.,0.707106781186547,
1.),(1.,0.707106781186548,1.),(1.,0.707106781186546,1.),(1.,0.707106781186547,
1.),(1.,0.707106781186549,1.),(1.,0.707106781186548,1.),(1.,0.707106781186547,
1.),(1.,0.707106781186548,1.),(1.,0.707106781186547,1.),(1.,0.707106781186548,
1.),(1.,0.707106781186547,1.),(1.,0.707106781186548,1.),(1.,0.707106781186547,
1.),(1.,0.707106781186548,1.),(1.,0.707106781186547,1.),(1.,0.707106781186548,
1.),(1.,0.707106781186548,1.),(1.,0.707106781186546,1.),(1.,0.707106781186548,
1.),(1.,0.707106781186548,1.),(1.,0.707106781186546,1.),(1.,0.707106781186548,
1.),(1.,0.707106781186547,1.),(1.,0.707106781186547,1.),(1.,0.707106781186548,
1.),(1.,0.707106781186547,1.),(1.,0.707106781186548,1.),(1.,0.707106781186548,
1.),(1.,0.707106781186547,1.),(1.,0.707106781186548,1.),(1.,0.707106781186547,
1.),(1.,0.707106781186548,1.),(1.,0.707106781186547,1.),(1.,0.707106781186548,
1.),(1.,0.707106781186547,1.),(1.,0.707106781186548,1.),(1.,0.707106781186547,
1.),(1.,0.707106781186548,1.),(1.,0.707106781186548,1.),(1.,0.707106781186548,
1.),(1.,0.707106781186548,1.)))
REPRESENTATION_ITEM('')
SURFACE()
);
#15=(
BOUNDED_SURFACE()
B_SPLINE_SURFACE(3,2,((#2114,#2115,#2116),(#2117,#2118,#2119),(#2120,#2121,
#2122),(#2123,#2124,#2125),(#2126,#2127,#2128),(#2129,#2130,#2131),(#2132,
#2133,#2134)),.UNSPECIFIED.,.F.,.F.,.F.)
B_SPLINE_SURFACE_WITH_KNOTS((4,1,1,1,4),(3,3),(6.28837260041593E-18,5.78547293256176E-5,
0.000115709458651229,0.00017356418797684,0.000231418917302452),(0.,1.),
 .UNSPECIFIED.)
GEOMETRIC_REPRESENTATION_ITEM()
RATIONAL_B_SPLINE_SURFACE(((1.,0.962130299118757,1.),(1.,0.962128869523662,
1.),(1.,0.935435934777395,1.),(1.,0.871482072338793,1.),(1.,0.795476041916588,
1.),(1.,0.738174224870584,1.),(1.,0.707106781186548,1.)))
REPRESENTATION_ITEM('')
SURFACE()
);
#16=(
BOUNDED_SURFACE()
B_SPLINE_SURFACE(3,2,((#2142,#2143,#2144),(#2145,#2146,#2147),(#2148,#2149,
#2150),(#2151,#2152,#2153),(#2154,#2155,#2156),(#2157,#2158,#2159),(#2160,
#2161,#2162),(#2163,#2164,#2165),(#2166,#2167,#2168),(#2169,#2170,#2171),
(#2172,#2173,#2174),(#2175,#2176,#2177),(#2178,#2179,#2180),(#2181,#2182,
#2183),(#2184,#2185,#2186),(#2187,#2188,#2189),(#2190,#2191,#2192),(#2193,
#2194,#2195),(#2196,#2197,#2198),(#2199,#2200,#2201),(#2202,#2203,#2204),
(#2205,#2206,#2207),(#2208,#2209,#2210),(#2211,#2212,#2213),(#2214,#2215,
#2216),(#2217,#2218,#2219),(#2220,#2221,#2222),(#2223,#2224,#2225),(#2226,
#2227,#2228),(#2229,#2230,#2231),(#2232,#2233,#2234),(#2235,#2236,#2237),
(#2238,#2239,#2240),(#2241,#2242,#2243)),.UNSPECIFIED.,.F.,.F.,.F.)
B_SPLINE_SURFACE_WITH_KNOTS((4,1,1,1,1,1,1,1,1,1,1,1,1,1,1,1,1,1,1,1,1,
1,1,1,1,1,1,1,1,1,1,4),(3,3),(0.0920287909495985,0.0933755156558987,0.0947222403621989,
0.0974156897747993,0.1001091391874,0.1028025886,0.105496038012601,0.106842762718901,
0.108189487425201,0.109536212131501,0.110209574484651,0.110882936837801,
0.111556299190952,0.111892980367527,0.112229661544102,0.112566342720677,
0.112903023897252,0.113071364485539,0.113239705073827,0.113323875367971,
0.113365960515042,0.113408045662114,0.11342908823565,0.113439609522418,
0.113444870165802,0.113447500487494,0.113450130809186,0.113460652095954,
0.113471173382722,0.113492215956258,0.11353430110333,0.113576386250402),
(0.,1.),.UNSPECIFIED.)
GEOMETRIC_REPRESENTATION_ITEM()
RATIONAL_B_SPLINE_SURFACE(((1.,0.707106781186548,1.),(1.,0.707106781186548,
1.),(1.,0.707106781186548,1.),(1.,0.707106781186548,1.),(1.,0.707106781186548,
1.),(1.,0.707106781186548,1.),(1.,0.707106781186548,1.),(1.,0.707106781186548,
1.),(1.,0.707106781186548,1.),(1.,0.707106781186547,1.),(1.,0.707106781186548,
1.),(1.,0.707106781186548,1.),(1.,0.707106781186547,1.),(1.,0.707106781186549,
1.),(1.,0.707106781186546,1.),(1.,0.707106781186549,1.),(1.,0.707106781186548,
1.),(1.,0.707106781186548,1.),(1.,0.707106781186547,1.),(1.,0.707106781186549,
1.),(1.,0.707106781186546,1.),(1.,0.707106781186548,1.),(1.,0.707106781186548,
1.),(1.,0.707106781186547,1.),(1.,0.707106781186548,1.),(1.,0.707106781186547,
1.),(1.,0.707106781186548,1.),(1.,0.707106781186544,1.),(1.,0.707106781186549,
1.),(1.,0.707106781186547,1.),(1.,0.707106781186548,1.),(1.,0.707106781186547,
1.),(1.,0.707106781186548,1.),(1.,0.707106781186548,1.)))
REPRESENTATION_ITEM('')
SURFACE()
);
#17=(
BOUNDED_SURFACE()
B_SPLINE_SURFACE(3,2,((#2267,#2268,#2269),(#2270,#2271,#2272),(#2273,#2274,
#2275),(#2276,#2277,#2278)),.UNSPECIFIED.,.F.,.F.,.F.)
B_SPLINE_SURFACE_WITH_KNOTS((4,4),(3,3),(-2.02243135893487E-6,1.1607451498479E-5),
(0.,1.),.PIECEWISE_BEZIER_KNOTS.)
GEOMETRIC_REPRESENTATION_ITEM()
RATIONAL_B_SPLINE_SURFACE(((1.,1.,1.),(1.,0.999999999346108,1.),(1.,0.99924299455448,
1.),(1.,0.997729228797711,1.)))
REPRESENTATION_ITEM('')
SURFACE()
);
#18=(
BOUNDED_SURFACE()
B_SPLINE_SURFACE(3,2,((#2285,#2286,#2287),(#2288,#2289,#2290),(#2291,#2292,
#2293),(#2294,#2295,#2296),(#2297,#2298,#2299),(#2300,#2301,#2302),(#2303,
#2304,#2305),(#2306,#2307,#2308),(#2309,#2310,#2311),(#2312,#2313,#2314),
(#2315,#2316,#2317),(#2318,#2319,#2320),(#2321,#2322,#2323),(#2324,#2325,
#2326),(#2327,#2328,#2329),(#2330,#2331,#2332),(#2333,#2334,#2335),(#2336,
#2337,#2338),(#2339,#2340,#2341)),.UNSPECIFIED.,.F.,.F.,.F.)
B_SPLINE_SURFACE_WITH_KNOTS((4,1,1,1,1,1,1,1,1,1,1,1,1,1,1,1,4),(3,3),(-1.67653231250044E-17,
3.40900708796046E-5,6.8180141759226E-5,0.000136360283518469,0.000204540425277712,
0.000272720567036954,0.00040908085055544,0.000545441134073926,0.000681801417592411,
0.000818161701110897,0.00109088226814787,0.00136360283518484,0.00163632340222181,
0.0017726836857403,0.00190904396925878,0.00204540425277727,0.00218176453629575),
(0.,1.),.UNSPECIFIED.)
GEOMETRIC_REPRESENTATION_ITEM()
RATIONAL_B_SPLINE_SURFACE(((1.,0.997729228797707,1.),(1.,0.995791220386722,
1.),(1.,0.990792895224683,1.),(1.,0.981370797192769,1.),(1.,0.970095318064257,
1.),(1.,0.958209713273118,1.),(1.,0.944462778202788,1.),(1.,0.931380413371155,
1.),(1.,0.922202186862295,1.),(1.,0.919169220845251,1.),(1.,0.922269839760269,
1.),(1.,0.937084048250425,1.),(1.,0.959554276309671,1.),(1.,0.963948163122152,
1.),(1.,0.93040920193381,1.),(1.,0.878867310216472,1.),(1.,0.805518208102469,
1.),(1.,0.743725734035817,1.),(1.,0.707106781186534,1.)))
REPRESENTATION_ITEM('')
SURFACE()
);
#19=(
BOUNDED_SURFACE()
B_SPLINE_SURFACE(2,3,((#2374,#2375,#2376,#2377,#2378,#2379,#2380,#2381,
#2382,#2383),(#2384,#2385,#2386,#2387,#2388,#2389,#2390,#2391,#2392,#2393),
(#2394,#2395,#2396,#2397,#2398,#2399,#2400,#2401,#2402,#2403)),
 .UNSPECIFIED.,.F.,.F.,.F.)
B_SPLINE_SURFACE_WITH_KNOTS((3,3),(4,2,2,2,4),(0.,1.),(0.,0.0013556063911962,
0.00271121278239239,0.00406681917358859,0.00542242556478478),
 .UNSPECIFIED.)
GEOMETRIC_REPRESENTATION_ITEM()
RATIONAL_B_SPLINE_SURFACE(((1.,1.,1.,1.,1.,1.,1.,1.,1.,1.),(0.707106781186547,
0.707106781186547,0.707106781186548,0.707106781186548,0.707106781186547,
0.707106781186547,0.707106781186548,0.707106781186548,0.707106781186548,
0.707106781186548),(1.,1.,1.,1.,1.,1.,1.,1.,1.,1.)))
REPRESENTATION_ITEM('')
SURFACE()
);
#20=(
BOUNDED_SURFACE()
B_SPLINE_SURFACE(3,2,((#3018,#3019,#3020),(#3021,#3022,#3023),(#3024,#3025,
#3026),(#3027,#3028,#3029),(#3030,#3031,#3032),(#3033,#3034,#3035),(#3036,
#3037,#3038),(#3039,#3040,#3041),(#3042,#3043,#3044),(#3045,#3046,#3047),
(#3048,#3049,#3050),(#3051,#3052,#3053),(#3054,#3055,#3056),(#3057,#3058,
#3059),(#3060,#3061,#3062),(#3063,#3064,#3065),(#3066,#3067,#3068),(#3069,
#3070,#3071),(#3072,#3073,#3074),(#3075,#3076,#3077),(#3078,#3079,#3080),
(#3081,#3082,#3083),(#3084,#3085,#3086),(#3087,#3088,#3089),(#3090,#3091,
#3092),(#3093,#3094,#3095)),.UNSPECIFIED.,.F.,.F.,.F.)
B_SPLINE_SURFACE_WITH_KNOTS((4,1,1,1,1,1,1,1,1,1,1,1,1,1,1,1,1,1,1,1,1,
1,1,4),(3,3),(2.08166817117217E-17,0.000948735508246354,0.00189747101649269,
0.00237183877061585,0.00284620652473902,0.00332057427886219,0.00355775815592377,
0.00379494203298535,0.00391353397151615,0.00403212591004694,0.00426930978710852,
0.00474367754123169,0.00521804529535485,0.00569241304947802,0.00664114855772435,
0.00758988406597069,0.00853861957421702,0.00948735508246335,0.0104360905907097,
0.011384826098956,0.0123335616072024,0.0132822971154487,0.014231032623695,
0.0151797681319414),(0.,1.),.UNSPECIFIED.)
GEOMETRIC_REPRESENTATION_ITEM()
RATIONAL_B_SPLINE_SURFACE(((1.,0.707106781186535,1.),(1.,0.707106781186535,
1.),(1.,0.707106781186566,1.),(1.,0.707106781186523,1.),(1.,0.707106781186553,
1.),(1.,0.707106781186545,1.),(1.,0.707106781186553,1.),(1.,0.707106781186539,
1.),(1.,0.707106781186528,1.),(1.,0.707106781186569,1.),(1.,0.707106781186537,
1.),(1.,0.707106781186535,1.),(1.,0.707106781186576,1.),(1.,0.707106781186522,
1.),(1.,0.707106781186562,1.),(1.,0.707106781186543,1.),(1.,0.707106781186549,
1.),(1.,0.707106781186547,1.),(1.,0.707106781186548,1.),(1.,0.707106781186548,
1.),(1.,0.707106781186548,1.),(1.,0.707106781186546,1.),(1.,0.707106781186548,
1.),(1.,0.707106781186547,1.),(1.,0.707106781186548,1.),(1.,0.707106781186548,
1.)))
REPRESENTATION_ITEM('')
SURFACE()
);
#21=(
BOUNDED_SURFACE()
B_SPLINE_SURFACE(3,2,((#3104,#3105,#3106),(#3107,#3108,#3109),(#3110,#3111,
#3112),(#3113,#3114,#3115),(#3116,#3117,#3118),(#3119,#3120,#3121),(#3122,
#3123,#3124),(#3125,#3126,#3127),(#3128,#3129,#3130),(#3131,#3132,#3133),
(#3134,#3135,#3136),(#3137,#3138,#3139),(#3140,#3141,#3142),(#3143,#3144,
#3145)),.UNSPECIFIED.,.F.,.F.,.F.)
B_SPLINE_SURFACE_WITH_KNOTS((4,1,1,1,1,1,1,1,1,1,1,4),(3,3),(0.0920287942583199,
0.0974155535657675,0.100108933219491,0.102802312873215,0.105495692526939,
0.108189072180663,0.109535762007525,0.110882451834386,0.112229141661248,
0.112902486574679,0.113239159031395,0.11357583148811),(0.,1.),
 .UNSPECIFIED.)
GEOMETRIC_REPRESENTATION_ITEM()
RATIONAL_B_SPLINE_SURFACE(((1.,0.707106781186548,1.),(1.,0.707106781186548,
1.),(1.,0.707106781186548,1.),(1.,0.707106781186548,1.),(1.,0.707106781186548,
1.),(1.,0.707106781186547,1.),(1.,0.707106781186549,1.),(1.,0.707106781186546,
1.),(1.,0.707106781186553,1.),(1.,0.707106781186531,1.),(1.,0.707106781186578,
1.),(1.,0.707106781186542,1.),(1.,0.707106781186548,1.),(1.,0.707106781186548,
1.)))
REPRESENTATION_ITEM('')
SURFACE()
);
#22=(
BOUNDED_SURFACE()
B_SPLINE_SURFACE(3,2,((#3172,#3173,#3174),(#3175,#3176,#3177),(#3178,#3179,
#3180),(#3181,#3182,#3183)),.UNSPECIFIED.,.F.,.F.,.F.)
B_SPLINE_SURFACE_WITH_KNOTS((4,4),(3,3),(-2.02243135893487E-6,1.1607451498479E-5),
(0.,1.),.PIECEWISE_BEZIER_KNOTS.)
GEOMETRIC_REPRESENTATION_ITEM()
RATIONAL_B_SPLINE_SURFACE(((1.,1.,1.),(1.,0.999999999346107,1.),(1.,0.999242994554483,
1.),(1.,0.997729228797711,1.)))
REPRESENTATION_ITEM('')
SURFACE()
);
#23=(
BOUNDED_SURFACE()
B_SPLINE_SURFACE(3,2,((#3190,#3191,#3192),(#3193,#3194,#3195),(#3196,#3197,
#3198),(#3199,#3200,#3201),(#3202,#3203,#3204),(#3205,#3206,#3207),(#3208,
#3209,#3210),(#3211,#3212,#3213),(#3214,#3215,#3216),(#3217,#3218,#3219)),
 .UNSPECIFIED.,.F.,.F.,.F.)
B_SPLINE_SURFACE_WITH_KNOTS((4,1,1,1,1,1,1,4),(3,3),(-1.67653231250044E-17,
0.000136360283518469,0.000272720567036954,0.000545441134073926,0.000818161701110897,
0.00109088226814787,0.00163632340222181,0.00218176453629575),(0.,1.),
 .UNSPECIFIED.)
GEOMETRIC_REPRESENTATION_ITEM()
RATIONAL_B_SPLINE_SURFACE(((1.,0.997729228797707,1.),(1.,0.989977195153741,
1.),(1.,0.968580892175897,1.),(1.,0.940096986877853,1.),(1.,0.918816640781662,
1.),(1.,0.919738762441834,1.),(1.,0.940849470624233,1.),(1.,1.00165462060672,
1.),(1.,0.853582592586666,1.),(1.,0.707106781186536,1.)))
REPRESENTATION_ITEM('')
SURFACE()
);
#24=TOROIDAL_SURFACE('',#1096,0.0116486445640111,0.002);
#25=TOROIDAL_SURFACE('',#1099,0.0180725218713428,0.002);
#26=TOROIDAL_SURFACE('',#1100,0.00546452982288295,0.0019);
#27=TOROIDAL_SURFACE('',#1105,0.004,0.002);
#28=TOROIDAL_SURFACE('',#1111,0.0223829726803794,0.002);
#29=TOROIDAL_SURFACE('',#1112,0.004,0.002);
#30=TOROIDAL_SURFACE('',#1115,0.0223829726803794,0.002);
#31=TOROIDAL_SURFACE('',#1119,0.00443844310259589,0.0021);
#32=TOROIDAL_SURFACE('',#1154,0.0116486445640111,0.0001);
#33=TOROIDAL_SURFACE('',#1157,0.0180725218713428,0.0001);
#34=TOROIDAL_SURFACE('',#1158,0.004,0.0001);
#35=TOROIDAL_SURFACE('',#1163,0.0223829726803794,0.0001);
#36=TOROIDAL_SURFACE('',#1164,0.004,0.0001);
#37=TOROIDAL_SURFACE('',#1167,0.0223829726803794,0.0001);
#38=TOROIDAL_SURFACE('',#1171,0.00443844310259589,0.0002);
#39=(
BOUNDED_CURVE()
B_SPLINE_CURVE(3,(#1758,#1759,#1760,#1761,#1762,#1763,#1764,#1765,#1766,
#1767),.UNSPECIFIED.,.F.,.F.)
B_SPLINE_CURVE_WITH_KNOTS((4,2,2,2,4),(0.,0.0013556063911962,0.00271121278239239,
0.00406681917358859,0.00542242556478478),.UNSPECIFIED.)
CURVE()
GEOMETRIC_REPRESENTATION_ITEM()
RATIONAL_B_SPLINE_CURVE((1.,1.,1.,1.,1.,1.,1.,1.,1.,1.))
REPRESENTATION_ITEM('')
);
#40=PLANE('',#1081);
#41=PLANE('',#1088);
#42=PLANE('',#1140);
#43=PLANE('',#1146);
#44=CIRCLE('',#1064,0.0136486445640111);
#45=CIRCLE('',#1065,0.0136486445640111);
#46=CIRCLE('',#1067,0.00736452982288295);
#47=CIRCLE('',#1068,0.00736452982288295);
#48=CIRCLE('',#1070,0.00653844310259589);
#49=CIRCLE('',#1071,0.00653844310259589);
#50=CIRCLE('',#1073,0.0200725218713428);
#51=CIRCLE('',#1074,0.0200725218713428);
#52=CIRCLE('',#1076,0.0213637221168819);
#53=CIRCLE('',#1077,0.0213637221168819);
#54=CIRCLE('',#1079,0.0243829726803794);
#55=CIRCLE('',#1080,0.0243829726803794);
#56=CIRCLE('',#1082,0.0021);
#57=CIRCLE('',#1083,0.002);
#58=CIRCLE('',#1084,0.0223829726803794);
#59=CIRCLE('',#1085,0.004);
#60=CIRCLE('',#1086,0.0019);
#61=CIRCLE('',#1087,0.0021);
#62=CIRCLE('',#1089,0.00443844310259589);
#63=CIRCLE('',#1090,0.00546452982288295);
#64=CIRCLE('',#1091,0.0116486445640111);
#65=CIRCLE('',#1092,0.004);
#66=CIRCLE('',#1093,0.0223829726803794);
#67=CIRCLE('',#1094,0.002);
#68=CIRCLE('',#1095,0.0180725218713428);
#69=CIRCLE('',#1097,0.002);
#70=CIRCLE('',#1098,0.002);
#71=CIRCLE('',#1101,0.0019);
#72=CIRCLE('',#1102,0.0019);
#73=CIRCLE('',#1103,0.0019);
#74=CIRCLE('',#1106,0.002);
#75=CIRCLE('',#1107,0.002);
#76=CIRCLE('',#1109,0.002);
#77=CIRCLE('',#1110,0.002);
#78=CIRCLE('',#1113,0.002);
#79=CIRCLE('',#1117,0.002);
#80=CIRCLE('',#1121,0.0117486445640111);
#81=CIRCLE('',#1123,0.0117486445640111);
#82=CIRCLE('',#1124,0.0117486445640111);
#83=CIRCLE('',#1126,0.00546452982288295);
#84=CIRCLE('',#1127,0.00546452982288295);
#85=CIRCLE('',#1129,0.00463844310259589);
#86=CIRCLE('',#1130,0.00463844310259589);
#87=CIRCLE('',#1132,0.0181725218713428);
#88=CIRCLE('',#1133,0.0181725218713428);
#89=CIRCLE('',#1135,0.0194637221168819);
#90=CIRCLE('',#1136,0.0194637221168819);
#91=CIRCLE('',#1138,0.0224829726803795);
#92=CIRCLE('',#1139,0.0224829726803795);
#93=CIRCLE('',#1141,0.004);
#94=CIRCLE('',#1142,0.004);
#95=CIRCLE('',#1143,0.0223829726803794);
#96=CIRCLE('',#1144,0.0001);
#97=CIRCLE('',#1145,0.0002);
#98=CIRCLE('',#1147,0.00443844310259589);
#99=CIRCLE('',#1148,0.0180725218713428);
#100=CIRCLE('',#1149,0.0001);
#101=CIRCLE('',#1150,0.0223829726803794);
#102=CIRCLE('',#1151,0.004);
#103=CIRCLE('',#1152,0.0116486445640111);
#104=CIRCLE('',#1153,0.004);
#105=CIRCLE('',#1155,0.0001);
#106=CIRCLE('',#1156,0.0001);
#107=CIRCLE('',#1159,0.0001);
#108=CIRCLE('',#1160,0.0039);
#109=CIRCLE('',#1162,0.0039);
#110=CIRCLE('',#1165,0.0001);
#111=CIRCLE('',#1169,0.0001);
#112=CYLINDRICAL_SURFACE('',#1063,0.0136486445640111);
#113=CYLINDRICAL_SURFACE('',#1066,0.00736452982288295);
#114=CYLINDRICAL_SURFACE('',#1069,0.00653844310259589);
#115=CYLINDRICAL_SURFACE('',#1072,0.0200725218713428);
#116=CYLINDRICAL_SURFACE('',#1075,0.0213637221168819);
#117=CYLINDRICAL_SURFACE('',#1078,0.0243829726803794);
#118=CYLINDRICAL_SURFACE('',#1104,0.0019);
#119=CYLINDRICAL_SURFACE('',#1108,0.002);
#120=CYLINDRICAL_SURFACE('',#1114,0.002);
#121=CYLINDRICAL_SURFACE('',#1116,0.0021);
#122=CYLINDRICAL_SURFACE('',#1118,0.0021);
#123=CYLINDRICAL_SURFACE('',#1120,0.0117486445640111);
#124=CYLINDRICAL_SURFACE('',#1122,0.0117486445640111);
#125=CYLINDRICAL_SURFACE('',#1125,0.00546452982288295);
#126=CYLINDRICAL_SURFACE('',#1128,0.00463844310259589);
#127=CYLINDRICAL_SURFACE('',#1131,0.0181725218713428);
#128=CYLINDRICAL_SURFACE('',#1134,0.0194637221168819);
#129=CYLINDRICAL_SURFACE('',#1137,0.0224829726803795);
#130=CYLINDRICAL_SURFACE('',#1161,0.0039);
#131=CYLINDRICAL_SURFACE('',#1166,0.0001);
#132=CYLINDRICAL_SURFACE('',#1168,0.0002);
#133=CYLINDRICAL_SURFACE('',#1170,0.004);
#134=B_SPLINE_CURVE_WITH_KNOTS('',3,(#1463,#1464,#1465,#1466,#1467,#1468,
#1469,#1470,#1471,#1472,#1473,#1474,#1475,#1476,#1477,#1478,#1479,#1480,
#1481),.UNSPECIFIED.,.F.,.F.,(4,1,1,1,1,1,1,1,1,1,1,1,1,1,1,1,4),(-5.99999999779688E-8,
0.00465385007130481,0.0093077601426096,0.0139616702139144,0.0162886252495668,
0.0186155802852192,0.0209425353208716,0.023269490356524,0.0255964453921764,
0.0279234004278288,0.029086877945655,0.0302503554634812,0.0314138329813074,
0.0325773104991336,0.0337407880169598,0.034904265534786,0.0372312205704384),
 .UNSPECIFIED.);
#135=B_SPLINE_CURVE_WITH_KNOTS('',3,(#1485,#1486,#1487,#1488,#1489,#1490,
#1491),.UNSPECIFIED.,.F.,.F.,(4,1,1,1,4),(0.,0.191458305839056,0.480564051154657,
0.727439756806502,1.),.UNSPECIFIED.);
#136=B_SPLINE_CURVE_WITH_KNOTS('',3,(#1508,#1509,#1510,#1511,#1512),
 .UNSPECIFIED.,.F.,.F.,(4,1,4),(0.,0.000145589562465455,0.00029117912493091),
 .UNSPECIFIED.);
#137=B_SPLINE_CURVE_WITH_KNOTS('',3,(#1564,#1565,#1566,#1567,#1568,#1569,
#1570,#1571,#1572),.UNSPECIFIED.,.F.,.F.,(4,1,1,1,1,1,4),(0.,0.165187463910662,
0.309483441331806,0.462360665737831,0.65430233607149,0.830219540757525,
1.),.UNSPECIFIED.);
#138=B_SPLINE_CURVE_WITH_KNOTS('',3,(#1577,#1578,#1579,#1580,#1581,#1582,
#1583,#1584,#1585,#1586,#1587),.UNSPECIFIED.,.F.,.F.,(4,1,1,1,1,1,1,1,4),
(0.,0.000106810100860087,0.000213620201720174,0.000427240403440348,0.000854480806880696,
0.00128172121032104,0.00170896161376139,0.00256344242064209,0.00341792322752279),
 .UNSPECIFIED.);
#139=B_SPLINE_CURVE_WITH_KNOTS('',3,(#1589,#1590,#1591,#1592,#1593,#1594,
#1595,#1596,#1597,#1598,#1599,#1600,#1601,#1602,#1603,#1604,#1605,#1606,
#1607,#1608,#1609,#1610,#1611,#1612),.UNSPECIFIED.,.F.,.F.,(4,1,1,1,1,1,
1,1,1,1,1,1,1,1,1,1,1,1,1,1,1,4),(0.00350163424897343,0.00451691892834663,
0.00553220360771983,0.00654748828709303,0.00705513062677963,0.00756277296646623,
0.00781659413630953,0.00807041530615282,0.00832423647599612,0.00857805764583942,
0.00883187881568272,0.00908569998552602,0.00959334232521262,0.0101009846648992,
0.0106086270045858,0.011623911683959,0.0126391963633322,0.0136544810427054,
0.0146697657220786,0.0156850504014518,0.0177156197601982,0.0197461891189446),
 .UNSPECIFIED.);
#140=B_SPLINE_CURVE_WITH_KNOTS('',3,(#1622,#1623,#1624,#1625,#1626,#1627,
#1628,#1629),.UNSPECIFIED.,.F.,.F.,(4,1,1,1,1,4),(0.,0.000693417814831701,
0.0013868356296634,0.00277367125932681,0.00416050688899021,0.00554734251865361),
 .UNSPECIFIED.);
#141=B_SPLINE_CURVE_WITH_KNOTS('',3,(#1650,#1651,#1652,#1653,#1654),
 .UNSPECIFIED.,.F.,.F.,(4,1,4),(0.736672917819184,0.77572261878206,1.),
 .UNSPECIFIED.);
#142=B_SPLINE_CURVE_WITH_KNOTS('',3,(#1658,#1659,#1660,#1661,#1662),
 .UNSPECIFIED.,.F.,.F.,(4,1,4),(0.736672917819184,0.77572261878206,1.),
 .UNSPECIFIED.);
#143=B_SPLINE_CURVE_WITH_KNOTS('',3,(#1671,#1672,#1673,#1674),
 .UNSPECIFIED.,.F.,.F.,(4,4),(0.581592912750173,1.),.UNSPECIFIED.);
#144=B_SPLINE_CURVE_WITH_KNOTS('',3,(#1678,#1679,#1680,#1681),
 .UNSPECIFIED.,.F.,.F.,(4,4),(0.581592912750173,1.),.UNSPECIFIED.);
#145=B_SPLINE_CURVE_WITH_KNOTS('',3,(#1690,#1691,#1692,#1693,#1694),
 .UNSPECIFIED.,.F.,.F.,(4,1,4),(0.,0.578680230951684,0.581592912750173),
 .UNSPECIFIED.);
#146=B_SPLINE_CURVE_WITH_KNOTS('',3,(#1698,#1699,#1700,#1701,#1702),
 .UNSPECIFIED.,.F.,.F.,(4,1,4),(0.,0.578680230951684,0.581592912750173),
 .UNSPECIFIED.);
#147=B_SPLINE_CURVE_WITH_KNOTS('',3,(#1720,#1721,#1722,#1723),
 .UNSPECIFIED.,.F.,.F.,(4,4),(0.,0.249455050508897),.UNSPECIFIED.);
#148=B_SPLINE_CURVE_WITH_KNOTS('',3,(#1725,#1726,#1727,#1728,#1729),
 .UNSPECIFIED.,.F.,.F.,(4,1,4),(5.19326175111064E-15,0.00182719479563294,
0.00365438959126069),.UNSPECIFIED.);
#149=B_SPLINE_CURVE_WITH_KNOTS('',3,(#1733,#1734,#1735,#1736,#1737,#1738,
#1739,#1740,#1741,#1742,#1743,#1744),.UNSPECIFIED.,.F.,.F.,(4,1,1,1,1,1,
1,1,1,4),(-4.22303470776853E-5,0.0013623345513153,0.00276689944970829,0.00417146434810128,
0.00557602924649427,0.00838515904328025,0.0111942888400662,0.0140034186368522,
0.0168125484336382,0.0224308080272102),.UNSPECIFIED.);
#150=B_SPLINE_CURVE_WITH_KNOTS('',3,(#1773,#1774,#1775,#1776,#1777,#1778,
#1779,#1780,#1781,#1782,#1783,#1784,#1785,#1786,#1787,#1788,#1789,#1790,
#1791,#1792,#1793,#1794,#1795,#1796),.UNSPECIFIED.,.F.,.F.,(4,1,1,1,1,1,
1,1,1,1,1,1,1,1,1,1,1,1,1,1,1,4),(0.,0.00116333550983818,0.00232667101967637,
0.00349000652951455,0.00465334203935274,0.00523500979427183,0.00581667754919092,
0.00639834530411001,0.00698001305902911,0.0075616808139482,0.00814334856886729,
0.00930668407870548,0.0104700195885437,0.0116333550983818,0.0139600261180582,
0.0162866971377346,0.018613368157411,0.0209400391770873,0.0232667101967637,
0.0279200522361164,0.0325733942754692,0.0372267363148219),.UNSPECIFIED.);
#151=B_SPLINE_CURVE_WITH_KNOTS('',3,(#1798,#1799,#1800,#1801,#1802,#1803,
#1804,#1805,#1806,#1807,#1808,#1809,#1810,#1811),.UNSPECIFIED.,.F.,.F.,
(4,1,1,1,1,1,1,1,1,1,1,4),(0.042361701654484,0.0476756004865099,0.0503325499025229,
0.0529894993185359,0.0556464487345489,0.0583033981505619,0.0596318728585684,
0.0609603475665749,0.0622888222745813,0.0629530596285846,0.0632851783055862,
0.0636172969825878),.UNSPECIFIED.);
#152=B_SPLINE_CURVE_WITH_KNOTS('',3,(#1820,#1821,#1822,#1823,#1824,#1825,
#1826,#1827,#1828,#1829,#1830,#1831,#1832,#1833,#1834,#1835,#1836,#1837,
#1838,#1839,#1840,#1841,#1842,#1843),.UNSPECIFIED.,.F.,.F.,(4,1,1,1,1,1,
1,1,1,1,1,1,1,1,1,1,1,1,1,1,1,4),(0.,0.000948735508246019,0.00189747101649204,
0.00237183877061505,0.00284620652473806,0.00332057427886107,0.00355775815592257,
0.00379494203298408,0.00426930978710708,0.00474367754123009,0.0052180452953531,
0.00569241304947611,0.00664114855772213,0.00758988406596815,0.00853861957421417,
0.00948735508246019,0.0104360905907062,0.0113848260989522,0.0123335616071982,
0.0132822971154443,0.0142310326236903,0.0151797681319363),.UNSPECIFIED.);
#153=B_SPLINE_CURVE_WITH_KNOTS('',3,(#1845,#1846,#1847,#1848,#1849),
 .UNSPECIFIED.,.F.,.F.,(4,1,4),(0.,0.00156303229528425,0.00312606459056851),
 .UNSPECIFIED.);
#154=B_SPLINE_CURVE_WITH_KNOTS('',3,(#1850,#1851,#1852,#1853,#1854,#1855,
#1856),.UNSPECIFIED.,.F.,.F.,(4,1,1,1,4),(0.,0.00114825313983131,0.00229650627966263,
0.00344475941949394,0.00459301255932526),.UNSPECIFIED.);
#155=B_SPLINE_CURVE_WITH_KNOTS('',3,(#1977,#1978,#1979,#1980,#1981),
 .UNSPECIFIED.,.F.,.F.,(4,1,4),(0.,0.00156240208623036,0.00312480417246071),
 .UNSPECIFIED.);
#156=B_SPLINE_CURVE_WITH_KNOTS('',3,(#2246,#2247,#2248,#2249,#2250,#2251),
 .UNSPECIFIED.,.F.,.F.,(4,1,1,4),(0.,0.000969177571036035,0.00193835514207207,
0.00387671028414414),.UNSPECIFIED.);
#157=B_SPLINE_CURVE_WITH_KNOTS('',3,(#2255,#2256,#2257,#2258,#2259,#2260),
 .UNSPECIFIED.,.F.,.F.,(4,1,1,4),(0.,0.000969177571036034,0.00193835514207207,
0.00387671028414414),.UNSPECIFIED.);
#158=B_SPLINE_CURVE_WITH_KNOTS('',3,(#2263,#2264,#2265,#2266),
 .UNSPECIFIED.,.F.,.F.,(4,4),(0.,0.000203853459202645),.UNSPECIFIED.);
#159=B_SPLINE_CURVE_WITH_KNOTS('',3,(#2281,#2282,#2283,#2284),
 .UNSPECIFIED.,.F.,.F.,(4,4),(3.46944695195361E-18,0.000201859659370572),
 .UNSPECIFIED.);
#160=B_SPLINE_CURVE_WITH_KNOTS('',3,(#2342,#2343,#2344,#2345,#2346,#2347,
#2348,#2349,#2350,#2351,#2352,#2353,#2354,#2355,#2356,#2357,#2358,#2359),
 .UNSPECIFIED.,.F.,.F.,(4,1,1,1,1,1,1,1,1,1,1,1,1,1,1,4),(0.,0.000673126871241958,
0.00100969030686294,0.00134625374248392,0.00168281717810489,0.00201938061372587,
0.00218766233153636,0.00235594404934685,0.00252422576715734,0.00269250748496783,
0.00302907092058881,0.00336563435620979,0.00370219779183077,0.00403876122745175,
0.0047118880986937,0.00538501496993566),.UNSPECIFIED.);
#161=B_SPLINE_CURVE_WITH_KNOTS('',3,(#2361,#2362,#2363,#2364,#2365,#2366,
#2367),.UNSPECIFIED.,.F.,.F.,(4,1,1,1,4),(0.,0.25,0.5,0.75,1.),
 .UNSPECIFIED.);
#162=B_SPLINE_CURVE_WITH_KNOTS('',3,(#2369,#2370,#2371,#2372,#2373),
 .UNSPECIFIED.,.F.,.F.,(4,1,4),(0.,0.5,1.),.UNSPECIFIED.);
#163=B_SPLINE_CURVE_WITH_KNOTS('',3,(#2408,#2409,#2410,#2411,#2412),
 .UNSPECIFIED.,.F.,.F.,(4,1,4),(0.,0.000170339579147315,0.00034067915829463),
 .UNSPECIFIED.);
#164=B_SPLINE_CURVE_WITH_KNOTS('',3,(#2473,#2474,#2475,#2476,#2477,#2478,
#2479,#2480,#2481),.UNSPECIFIED.,.F.,.F.,(4,1,1,1,1,1,4),(0.00824698419546307,
0.256185238146597,0.380154365122164,0.504123492097732,0.628092619073299,
0.752061746048866,1.),.UNSPECIFIED.);
#165=B_SPLINE_CURVE_WITH_KNOTS('',3,(#2484,#2485,#2486,#2487),
 .UNSPECIFIED.,.F.,.F.,(4,4),(0.,1.),.UNSPECIFIED.);
#166=B_SPLINE_CURVE_WITH_KNOTS('',3,(#2489,#2490,#2491,#2492,#2493,#2494,
#2495,#2496,#2497,#2498,#2499,#2500,#2501),.UNSPECIFIED.,.F.,.F.,(4,1,1,
1,1,1,1,1,1,1,4),(0.,0.124205666421518,0.186308499632277,0.248411332843036,
0.310514166053796,0.372616999264555,0.496822665686073,0.621028332107591,
0.745233998529109,0.869439664950628,0.993645331372146),.UNSPECIFIED.);
#167=B_SPLINE_CURVE_WITH_KNOTS('',3,(#2555,#2556,#2557,#2558,#2559,#2560,
#2561,#2562,#2563,#2564,#2565,#2566,#2567,#2568,#2569,#2570,#2571,#2572,
#2573,#2574,#2575,#2576,#2577),.UNSPECIFIED.,.F.,.F.,(4,1,1,1,1,1,1,1,1,
1,1,1,1,1,1,1,1,1,1,1,4),(0.,0.00115883468036438,0.00231766936072876,0.00347650404109314,
0.00463533872145752,0.0052147560616397,0.00579417340182189,0.00637359074200408,
0.00695300808218627,0.00811184276255065,0.00927067744291503,0.0104295121232794,
0.0115883468036438,0.0139060161643725,0.0162236855251013,0.0185413548858301,
0.0208590242465588,0.0231766936072876,0.0278120323287451,0.0324473710502026,
0.0370827097716601),.UNSPECIFIED.);
#168=B_SPLINE_CURVE_WITH_KNOTS('',3,(#2580,#2581,#2582,#2583,#2584,#2585,
#2586,#2587,#2588,#2589,#2590,#2591,#2592,#2593,#2594,#2595,#2596,#2597,
#2598,#2599,#2600,#2601,#2602,#2603),.UNSPECIFIED.,.F.,.F.,(4,1,1,1,1,1,
1,1,1,1,1,1,1,1,1,1,1,1,1,1,1,4),(0.0794123148556221,0.0840686139251115,
0.0887249129946009,0.0933812120640903,0.0957093615988349,0.0980375111335796,
0.100365660668324,0.102693810203069,0.105021959737814,0.106186034505186,
0.107350109272558,0.108514184039931,0.109096221423617,0.109678258807303,
0.110260296190989,0.110842333574675,0.111424370958362,0.112006408342048,
0.11317048310942,0.114334557876793,0.115498632644165,0.116662707411537),
 .UNSPECIFIED.);
#169=B_SPLINE_CURVE_WITH_KNOTS('',3,(#2614,#2615,#2616,#2617,#2618),
 .UNSPECIFIED.,.F.,.F.,(4,1,4),(0.,0.000115709458651218,0.000231418917302435),
 .UNSPECIFIED.);
#170=B_SPLINE_CURVE_WITH_KNOTS('',3,(#2700,#2701,#2702,#2703,#2704,#2705,
#2706,#2707,#2708,#2709,#2710,#2711,#2712,#2713,#2714,#2715,#2716,#2717,
#2718,#2719,#2720,#2721,#2722,#2723,#2724,#2725),.UNSPECIFIED.,.F.,.F.,
(4,1,1,1,1,1,1,1,1,1,1,1,1,1,1,1,1,1,1,1,1,1,1,4),(0.,0.00111103295274375,
0.00166654942911563,0.0022220659054875,0.00333309885823126,0.00444413181097501,
0.00555516476371876,0.00666619771646251,0.00777723066920626,0.00888826362195001,
0.00999929657469377,0.0111103295274375,0.0116658460038094,0.0122213624801813,
0.0127768789565531,0.013332395432925,0.013610153671111,0.0138879119092969,
0.0141656701474828,0.0144434283856688,0.0149989448620407,0.0155544613384125,
0.0166654942911563,0.0177765272439),.UNSPECIFIED.);
#171=B_SPLINE_CURVE_WITH_KNOTS('',3,(#2730,#2731,#2732,#2733,#2734,#2735,
#2736,#2737,#2738,#2739,#2740,#2741,#2742,#2743,#2744,#2745,#2746,#2747,
#2748,#2749,#2750,#2751,#2752,#2753),.UNSPECIFIED.,.F.,.F.,(4,1,1,1,1,1,
1,1,1,1,1,1,1,1,1,1,1,1,1,1,1,4),(0.,0.000978076192267924,0.00195615238453585,
0.00293422857680377,0.0039123047690717,0.00489038096133962,0.00586845715360754,
0.00684653334587547,0.00782460953814339,0.00880268573041131,0.00978076192267924,
0.0107588381149472,0.0112478762110811,0.0114923952591481,0.0117369143072151,
0.0119814333552821,0.012225952403349,0.012714990499483,0.013204028595617,
0.0136930666917509,0.0146711428840189,0.0156492190762868),.UNSPECIFIED.);
#172=B_SPLINE_CURVE_WITH_KNOTS('',3,(#2755,#2756,#2757,#2758,#2759,#2760,
#2761,#2762,#2763,#2764),.UNSPECIFIED.,.F.,.F.,(4,1,1,1,1,1,1,4),(0.,0.000140073736565695,
0.00028014747313139,0.000560294946262781,0.000840442419394171,0.00112058989252556,
0.00168088483878834,0.00224117978505112),.UNSPECIFIED.);
#173=B_SPLINE_CURVE_WITH_KNOTS('',3,(#2780,#2781,#2782,#2783,#2784),
 .UNSPECIFIED.,.F.,.F.,(4,1,4),(0.,0.000129132337600574,0.000258264675201147),
 .UNSPECIFIED.);
#174=B_SPLINE_CURVE_WITH_KNOTS('',3,(#2807,#2808,#2809,#2810,#2811,#2812,
#2813,#2814),.UNSPECIFIED.,.F.,.F.,(4,1,1,1,1,4),(0.,0.005707881418904,
0.011415762837808,0.017123644256712,0.019977584966164,0.022831525675616),
 .UNSPECIFIED.);
#175=B_SPLINE_CURVE_WITH_KNOTS('',3,(#2818,#2819,#2820,#2821,#2822,#2823,
#2824,#2825),.UNSPECIFIED.,.F.,.F.,(4,1,1,1,1,4),(0.,0.005707881418904,
0.011415762837808,0.017123644256712,0.019977584966164,0.022831525675616),
 .UNSPECIFIED.);
#176=B_SPLINE_CURVE_WITH_KNOTS('',3,(#2834,#2835,#2836,#2837),
 .UNSPECIFIED.,.F.,.F.,(4,4),(0.,0.00932564151917866),.UNSPECIFIED.);
#177=B_SPLINE_CURVE_WITH_KNOTS('',3,(#2841,#2842,#2843,#2844),
 .UNSPECIFIED.,.F.,.F.,(4,4),(0.,0.00932564151917866),.UNSPECIFIED.);
#178=B_SPLINE_CURVE_WITH_KNOTS('',3,(#2853,#2854,#2855,#2856),
 .UNSPECIFIED.,.F.,.F.,(4,4),(0.,0.01611627168535),.UNSPECIFIED.);
#179=B_SPLINE_CURVE_WITH_KNOTS('',3,(#2858,#2859,#2860,#2861),
 .UNSPECIFIED.,.F.,.F.,(4,4),(0.,0.01611627168535),.UNSPECIFIED.);
#180=B_SPLINE_CURVE_WITH_KNOTS('',3,(#2897,#2898,#2899,#2900,#2901,#2902,
#2903,#2904,#2905,#2906),.UNSPECIFIED.,.F.,.F.,(4,1,1,1,1,1,1,4),(0.,0.00522426126869195,
0.0104485225373839,0.0130606531717299,0.0156727838060759,0.0182849144404218,
0.0195909797575948,0.0208970450747678),.UNSPECIFIED.);
#181=B_SPLINE_CURVE_WITH_KNOTS('',3,(#2908,#2909,#2910,#2911,#2912,#2913,
#2914,#2915,#2916,#2917,#2918,#2919,#2920),.UNSPECIFIED.,.F.,.F.,(4,1,1,
1,1,1,1,1,1,1,4),(0.0687891691857749,0.0694689934266168,0.0701488176674588,
0.0715084661491426,0.0728681146308265,0.0742277631125103,0.076947060075878,
0.0796663570392458,0.0823856540026135,0.0851049509659812,0.0905435448927166),
 .UNSPECIFIED.);
#182=B_SPLINE_CURVE_WITH_KNOTS('',3,(#2924,#2925,#2926,#2927),
 .UNSPECIFIED.,.F.,.F.,(4,4),(0.,0.000425409806317606),.UNSPECIFIED.);
#183=B_SPLINE_CURVE_WITH_KNOTS('',3,(#2939,#2940,#2941,#2942,#2943,#2944,
#2945,#2946,#2947,#2948,#2949,#2950,#2951,#2952,#2953,#2954,#2955,#2956,
#2957,#2958,#2959,#2960,#2961,#2962),.UNSPECIFIED.,.F.,.F.,(4,1,1,1,1,1,
1,1,1,1,1,1,1,1,1,1,1,1,1,1,1,4),(0.,0.000948707091296411,0.00189741418259282,
0.00237176772824103,0.00284612127388923,0.00332047481953744,0.00355765159236154,
0.00379482836518564,0.00426918191083385,0.00474353545648205,0.00521788900213026,
0.00569224254777846,0.00664094963907487,0.00758965673037129,0.0085383638216677,
0.00948707091296411,0.0104357780042605,0.0113844850955569,0.0123331921868533,
0.0132818992781497,0.0142306063694462,0.0151793134607426),.UNSPECIFIED.);
#184=B_SPLINE_CURVE_WITH_KNOTS('',3,(#2971,#2972,#2973,#2974,#2975,#2976,
#2977,#2978,#2979,#2980,#2981,#2982,#2983,#2984),.UNSPECIFIED.,.F.,.F.,
(4,1,1,1,1,1,1,1,1,1,1,4),(0.,0.00531461442516692,0.00797192163775039,0.0106292288503338,
0.0132865360629173,0.0159438432755008,0.0172724968817925,0.0186011504880842,
0.019929804094376,0.0205941308975218,0.0209262942990948,0.0212584577006677),
 .UNSPECIFIED.);
#185=B_SPLINE_CURVE_WITH_KNOTS('',3,(#2986,#2987,#2988,#2989,#2990,#2991,
#2992,#2993,#2994,#2995,#2996,#2997,#2998,#2999,#3000,#3001,#3002,#3003,
#3004,#3005,#3006,#3007,#3008,#3009),.UNSPECIFIED.,.F.,.F.,(4,1,1,1,1,1,
1,1,1,1,1,1,1,1,1,1,1,1,1,1,1,4),(0.,0.00116342971943605,0.00232685943887209,
0.00349028915830814,0.00465371887774419,0.00523543373746221,0.00581714859718023,
0.00639886345689826,0.00698057831661628,0.00756229317633431,0.00814400803605233,
0.00930743775548837,0.0104708674749244,0.0116342971943605,0.0139611566332326,
0.0162880160721047,0.0186148755109767,0.0209417349498488,0.0232685943887209,
0.0279223132664651,0.0325760321442093,0.0372297510219535),.UNSPECIFIED.);
#186=B_SPLINE_CURVE_WITH_KNOTS('',3,(#3014,#3015,#3016,#3017),
 .UNSPECIFIED.,.F.,.F.,(4,4),(0.000167571379199424,0.000336713444946141),
 .UNSPECIFIED.);
#187=B_SPLINE_CURVE_WITH_KNOTS('',3,(#3146,#3147,#3148,#3149),
 .UNSPECIFIED.,.F.,.F.,(4,4),(0.,1.),.UNSPECIFIED.);
#188=B_SPLINE_CURVE_WITH_KNOTS('',3,(#3150,#3151,#3152,#3153),
 .UNSPECIFIED.,.F.,.F.,(4,4),(0.,1.),.UNSPECIFIED.);
#189=B_SPLINE_CURVE_WITH_KNOTS('',3,(#3155,#3156,#3157,#3158),
 .UNSPECIFIED.,.F.,.F.,(4,4),(0.,0.00019043811505638),.UNSPECIFIED.);
#190=B_SPLINE_CURVE_WITH_KNOTS('',3,(#3162,#3163,#3164,#3165),
 .UNSPECIFIED.,.F.,.F.,(4,4),(0.,0.00019043811505639),.UNSPECIFIED.);
#191=B_SPLINE_CURVE_WITH_KNOTS('',3,(#3168,#3169,#3170,#3171),
 .UNSPECIFIED.,.F.,.F.,(4,4),(0.,2.16329359378281E-5),.UNSPECIFIED.);
#192=B_SPLINE_CURVE_WITH_KNOTS('',3,(#3186,#3187,#3188,#3189),
 .UNSPECIFIED.,.F.,.F.,(4,4),(0.,2.158582646833E-5),.UNSPECIFIED.);
#193=B_SPLINE_CURVE_WITH_KNOTS('',3,(#3220,#3221,#3222,#3223,#3224,#3225,
#3226,#3227,#3228,#3229),.UNSPECIFIED.,.F.,.F.,(4,1,1,1,1,1,1,4),(1.09713545893022E-17,
0.000569515661796412,0.00113903132359281,0.00142378915449101,0.00170854698538921,
0.00199330481628741,0.00213568373173651,0.00227806264718561),
 .UNSPECIFIED.);
#194=ORIENTED_EDGE('',*,*,#513,.F.);
#195=ORIENTED_EDGE('',*,*,#514,.T.);
#196=ORIENTED_EDGE('',*,*,#515,.T.);
#197=ORIENTED_EDGE('',*,*,#516,.T.);
#198=ORIENTED_EDGE('',*,*,#517,.T.);
#199=ORIENTED_EDGE('',*,*,#518,.T.);
#200=ORIENTED_EDGE('',*,*,#519,.T.);
#201=ORIENTED_EDGE('',*,*,#515,.F.);
#202=ORIENTED_EDGE('',*,*,#520,.T.);
#203=ORIENTED_EDGE('',*,*,#521,.T.);
#204=ORIENTED_EDGE('',*,*,#522,.T.);
#205=ORIENTED_EDGE('',*,*,#523,.T.);
#206=ORIENTED_EDGE('',*,*,#524,.T.);
#207=ORIENTED_EDGE('',*,*,#525,.T.);
#208=ORIENTED_EDGE('',*,*,#526,.T.);
#209=ORIENTED_EDGE('',*,*,#527,.T.);
#210=ORIENTED_EDGE('',*,*,#528,.T.);
#211=ORIENTED_EDGE('',*,*,#529,.F.);
#212=ORIENTED_EDGE('',*,*,#530,.T.);
#213=ORIENTED_EDGE('',*,*,#531,.T.);
#214=ORIENTED_EDGE('',*,*,#532,.T.);
#215=ORIENTED_EDGE('',*,*,#533,.T.);
#216=ORIENTED_EDGE('',*,*,#533,.F.);
#217=ORIENTED_EDGE('',*,*,#534,.T.);
#218=ORIENTED_EDGE('',*,*,#535,.T.);
#219=ORIENTED_EDGE('',*,*,#536,.T.);
#220=ORIENTED_EDGE('',*,*,#535,.F.);
#221=ORIENTED_EDGE('',*,*,#537,.T.);
#222=ORIENTED_EDGE('',*,*,#538,.F.);
#223=ORIENTED_EDGE('',*,*,#539,.T.);
#224=ORIENTED_EDGE('',*,*,#540,.T.);
#225=ORIENTED_EDGE('',*,*,#539,.F.);
#226=ORIENTED_EDGE('',*,*,#541,.F.);
#227=ORIENTED_EDGE('',*,*,#542,.T.);
#228=ORIENTED_EDGE('',*,*,#543,.T.);
#229=ORIENTED_EDGE('',*,*,#542,.F.);
#230=ORIENTED_EDGE('',*,*,#544,.F.);
#231=ORIENTED_EDGE('',*,*,#545,.T.);
#232=ORIENTED_EDGE('',*,*,#546,.T.);
#233=ORIENTED_EDGE('',*,*,#547,.F.);
#234=ORIENTED_EDGE('',*,*,#548,.T.);
#235=ORIENTED_EDGE('',*,*,#549,.T.);
#236=ORIENTED_EDGE('',*,*,#545,.F.);
#237=ORIENTED_EDGE('',*,*,#550,.T.);
#238=ORIENTED_EDGE('',*,*,#551,.T.);
#239=ORIENTED_EDGE('',*,*,#552,.T.);
#240=ORIENTED_EDGE('',*,*,#553,.T.);
#241=ORIENTED_EDGE('',*,*,#554,.T.);
#242=ORIENTED_EDGE('',*,*,#555,.T.);
#243=ORIENTED_EDGE('',*,*,#556,.T.);
#244=ORIENTED_EDGE('',*,*,#557,.T.);
#245=ORIENTED_EDGE('',*,*,#513,.T.);
#246=ORIENTED_EDGE('',*,*,#525,.F.);
#247=ORIENTED_EDGE('',*,*,#558,.T.);
#248=ORIENTED_EDGE('',*,*,#529,.T.);
#249=ORIENTED_EDGE('',*,*,#536,.F.);
#250=ORIENTED_EDGE('',*,*,#540,.F.);
#251=ORIENTED_EDGE('',*,*,#543,.F.);
#252=ORIENTED_EDGE('',*,*,#546,.F.);
#253=ORIENTED_EDGE('',*,*,#549,.F.);
#254=ORIENTED_EDGE('',*,*,#559,.T.);
#255=ORIENTED_EDGE('',*,*,#560,.T.);
#256=ORIENTED_EDGE('',*,*,#561,.T.);
#257=ORIENTED_EDGE('',*,*,#554,.F.);
#258=ORIENTED_EDGE('',*,*,#516,.F.);
#259=ORIENTED_EDGE('',*,*,#519,.F.);
#260=ORIENTED_EDGE('',*,*,#562,.T.);
#261=ORIENTED_EDGE('',*,*,#522,.F.);
#262=ORIENTED_EDGE('',*,*,#563,.T.);
#263=ORIENTED_EDGE('',*,*,#564,.T.);
#264=ORIENTED_EDGE('',*,*,#565,.T.);
#265=ORIENTED_EDGE('',*,*,#566,.T.);
#266=ORIENTED_EDGE('',*,*,#567,.T.);
#267=ORIENTED_EDGE('',*,*,#568,.T.);
#268=ORIENTED_EDGE('',*,*,#569,.T.);
#269=ORIENTED_EDGE('',*,*,#570,.F.);
#270=ORIENTED_EDGE('',*,*,#571,.T.);
#271=ORIENTED_EDGE('',*,*,#572,.T.);
#272=ORIENTED_EDGE('',*,*,#547,.T.);
#273=ORIENTED_EDGE('',*,*,#544,.T.);
#274=ORIENTED_EDGE('',*,*,#541,.T.);
#275=ORIENTED_EDGE('',*,*,#538,.T.);
#276=ORIENTED_EDGE('',*,*,#573,.T.);
#277=ORIENTED_EDGE('',*,*,#574,.T.);
#278=ORIENTED_EDGE('',*,*,#567,.F.);
#279=ORIENTED_EDGE('',*,*,#575,.T.);
#280=ORIENTED_EDGE('',*,*,#517,.F.);
#281=ORIENTED_EDGE('',*,*,#576,.F.);
#282=ORIENTED_EDGE('',*,*,#576,.T.);
#283=ORIENTED_EDGE('',*,*,#514,.F.);
#284=ORIENTED_EDGE('',*,*,#577,.T.);
#285=ORIENTED_EDGE('',*,*,#568,.F.);
#286=ORIENTED_EDGE('',*,*,#532,.F.);
#287=ORIENTED_EDGE('',*,*,#578,.T.);
#288=ORIENTED_EDGE('',*,*,#574,.F.);
#289=ORIENTED_EDGE('',*,*,#579,.F.);
#290=ORIENTED_EDGE('',*,*,#537,.F.);
#291=ORIENTED_EDGE('',*,*,#534,.F.);
#292=ORIENTED_EDGE('',*,*,#579,.T.);
#293=ORIENTED_EDGE('',*,*,#573,.F.);
#294=ORIENTED_EDGE('',*,*,#566,.F.);
#295=ORIENTED_EDGE('',*,*,#580,.T.);
#296=ORIENTED_EDGE('',*,*,#520,.F.);
#297=ORIENTED_EDGE('',*,*,#581,.F.);
#298=ORIENTED_EDGE('',*,*,#581,.T.);
#299=ORIENTED_EDGE('',*,*,#524,.F.);
#300=ORIENTED_EDGE('',*,*,#582,.F.);
#301=ORIENTED_EDGE('',*,*,#575,.F.);
#302=ORIENTED_EDGE('',*,*,#582,.T.);
#303=ORIENTED_EDGE('',*,*,#523,.F.);
#304=ORIENTED_EDGE('',*,*,#562,.F.);
#305=ORIENTED_EDGE('',*,*,#518,.F.);
#306=ORIENTED_EDGE('',*,*,#583,.F.);
#307=ORIENTED_EDGE('',*,*,#584,.F.);
#308=ORIENTED_EDGE('',*,*,#555,.F.);
#309=ORIENTED_EDGE('',*,*,#561,.F.);
#310=ORIENTED_EDGE('',*,*,#584,.T.);
#311=ORIENTED_EDGE('',*,*,#551,.F.);
#312=ORIENTED_EDGE('',*,*,#585,.F.);
#313=ORIENTED_EDGE('',*,*,#556,.F.);
#314=ORIENTED_EDGE('',*,*,#577,.F.);
#315=ORIENTED_EDGE('',*,*,#557,.F.);
#316=ORIENTED_EDGE('',*,*,#586,.F.);
#317=ORIENTED_EDGE('',*,*,#569,.F.);
#318=ORIENTED_EDGE('',*,*,#583,.T.);
#319=ORIENTED_EDGE('',*,*,#560,.F.);
#320=ORIENTED_EDGE('',*,*,#587,.F.);
#321=ORIENTED_EDGE('',*,*,#552,.F.);
#322=ORIENTED_EDGE('',*,*,#586,.T.);
#323=ORIENTED_EDGE('',*,*,#585,.T.);
#324=ORIENTED_EDGE('',*,*,#588,.F.);
#325=ORIENTED_EDGE('',*,*,#570,.T.);
#326=ORIENTED_EDGE('',*,*,#548,.F.);
#327=ORIENTED_EDGE('',*,*,#572,.F.);
#328=ORIENTED_EDGE('',*,*,#589,.F.);
#329=ORIENTED_EDGE('',*,*,#553,.F.);
#330=ORIENTED_EDGE('',*,*,#587,.T.);
#331=ORIENTED_EDGE('',*,*,#559,.F.);
#332=ORIENTED_EDGE('',*,*,#588,.T.);
#333=ORIENTED_EDGE('',*,*,#550,.F.);
#334=ORIENTED_EDGE('',*,*,#589,.T.);
#335=ORIENTED_EDGE('',*,*,#571,.F.);
#336=ORIENTED_EDGE('',*,*,#590,.F.);
#337=ORIENTED_EDGE('',*,*,#530,.F.);
#338=ORIENTED_EDGE('',*,*,#558,.F.);
#339=ORIENTED_EDGE('',*,*,#528,.F.);
#340=ORIENTED_EDGE('',*,*,#591,.F.);
#341=ORIENTED_EDGE('',*,*,#590,.T.);
#342=ORIENTED_EDGE('',*,*,#592,.F.);
#343=ORIENTED_EDGE('',*,*,#531,.F.);
#344=ORIENTED_EDGE('',*,*,#591,.T.);
#345=ORIENTED_EDGE('',*,*,#593,.F.);
#346=ORIENTED_EDGE('',*,*,#578,.F.);
#347=ORIENTED_EDGE('',*,*,#563,.F.);
#348=ORIENTED_EDGE('',*,*,#521,.F.);
#349=ORIENTED_EDGE('',*,*,#594,.F.);
#350=ORIENTED_EDGE('',*,*,#526,.F.);
#351=ORIENTED_EDGE('',*,*,#592,.T.);
#352=ORIENTED_EDGE('',*,*,#527,.F.);
#353=ORIENTED_EDGE('',*,*,#595,.F.);
#354=ORIENTED_EDGE('',*,*,#564,.F.);
#355=ORIENTED_EDGE('',*,*,#593,.T.);
#356=ORIENTED_EDGE('',*,*,#580,.F.);
#357=ORIENTED_EDGE('',*,*,#565,.F.);
#358=ORIENTED_EDGE('',*,*,#595,.T.);
#359=ORIENTED_EDGE('',*,*,#594,.T.);
#360=ORIENTED_EDGE('',*,*,#596,.F.);
#361=ORIENTED_EDGE('',*,*,#597,.F.);
#362=ORIENTED_EDGE('',*,*,#598,.F.);
#363=ORIENTED_EDGE('',*,*,#599,.F.);
#364=ORIENTED_EDGE('',*,*,#600,.T.);
#365=ORIENTED_EDGE('',*,*,#601,.T.);
#366=ORIENTED_EDGE('',*,*,#602,.F.);
#367=ORIENTED_EDGE('',*,*,#603,.F.);
#368=ORIENTED_EDGE('',*,*,#604,.F.);
#369=ORIENTED_EDGE('',*,*,#603,.T.);
#370=ORIENTED_EDGE('',*,*,#605,.F.);
#371=ORIENTED_EDGE('',*,*,#606,.T.);
#372=ORIENTED_EDGE('',*,*,#607,.F.);
#373=ORIENTED_EDGE('',*,*,#608,.F.);
#374=ORIENTED_EDGE('',*,*,#609,.F.);
#375=ORIENTED_EDGE('',*,*,#606,.F.);
#376=ORIENTED_EDGE('',*,*,#610,.F.);
#377=ORIENTED_EDGE('',*,*,#611,.F.);
#378=ORIENTED_EDGE('',*,*,#612,.F.);
#379=ORIENTED_EDGE('',*,*,#613,.F.);
#380=ORIENTED_EDGE('',*,*,#614,.F.);
#381=ORIENTED_EDGE('',*,*,#615,.F.);
#382=ORIENTED_EDGE('',*,*,#616,.T.);
#383=ORIENTED_EDGE('',*,*,#617,.F.);
#384=ORIENTED_EDGE('',*,*,#618,.F.);
#385=ORIENTED_EDGE('',*,*,#619,.F.);
#386=ORIENTED_EDGE('',*,*,#620,.F.);
#387=ORIENTED_EDGE('',*,*,#617,.T.);
#388=ORIENTED_EDGE('',*,*,#621,.F.);
#389=ORIENTED_EDGE('',*,*,#622,.F.);
#390=ORIENTED_EDGE('',*,*,#623,.F.);
#391=ORIENTED_EDGE('',*,*,#622,.T.);
#392=ORIENTED_EDGE('',*,*,#624,.F.);
#393=ORIENTED_EDGE('',*,*,#625,.F.);
#394=ORIENTED_EDGE('',*,*,#626,.T.);
#395=ORIENTED_EDGE('',*,*,#627,.F.);
#396=ORIENTED_EDGE('',*,*,#625,.T.);
#397=ORIENTED_EDGE('',*,*,#628,.F.);
#398=ORIENTED_EDGE('',*,*,#629,.F.);
#399=ORIENTED_EDGE('',*,*,#630,.T.);
#400=ORIENTED_EDGE('',*,*,#629,.T.);
#401=ORIENTED_EDGE('',*,*,#631,.F.);
#402=ORIENTED_EDGE('',*,*,#632,.F.);
#403=ORIENTED_EDGE('',*,*,#633,.T.);
#404=ORIENTED_EDGE('',*,*,#634,.T.);
#405=ORIENTED_EDGE('',*,*,#632,.T.);
#406=ORIENTED_EDGE('',*,*,#635,.F.);
#407=ORIENTED_EDGE('',*,*,#636,.F.);
#408=ORIENTED_EDGE('',*,*,#637,.F.);
#409=ORIENTED_EDGE('',*,*,#638,.F.);
#410=ORIENTED_EDGE('',*,*,#639,.F.);
#411=ORIENTED_EDGE('',*,*,#640,.F.);
#412=ORIENTED_EDGE('',*,*,#641,.F.);
#413=ORIENTED_EDGE('',*,*,#601,.F.);
#414=ORIENTED_EDGE('',*,*,#642,.F.);
#415=ORIENTED_EDGE('',*,*,#643,.F.);
#416=ORIENTED_EDGE('',*,*,#644,.F.);
#417=ORIENTED_EDGE('',*,*,#612,.T.);
#418=ORIENTED_EDGE('',*,*,#645,.F.);
#419=ORIENTED_EDGE('',*,*,#610,.T.);
#420=ORIENTED_EDGE('',*,*,#605,.T.);
#421=ORIENTED_EDGE('',*,*,#602,.T.);
#422=ORIENTED_EDGE('',*,*,#641,.T.);
#423=ORIENTED_EDGE('',*,*,#646,.F.);
#424=ORIENTED_EDGE('',*,*,#647,.F.);
#425=ORIENTED_EDGE('',*,*,#648,.F.);
#426=ORIENTED_EDGE('',*,*,#635,.T.);
#427=ORIENTED_EDGE('',*,*,#631,.T.);
#428=ORIENTED_EDGE('',*,*,#628,.T.);
#429=ORIENTED_EDGE('',*,*,#624,.T.);
#430=ORIENTED_EDGE('',*,*,#621,.T.);
#431=ORIENTED_EDGE('',*,*,#616,.F.);
#432=ORIENTED_EDGE('',*,*,#649,.F.);
#433=ORIENTED_EDGE('',*,*,#650,.F.);
#434=ORIENTED_EDGE('',*,*,#651,.F.);
#435=ORIENTED_EDGE('',*,*,#652,.F.);
#436=ORIENTED_EDGE('',*,*,#626,.F.);
#437=ORIENTED_EDGE('',*,*,#630,.F.);
#438=ORIENTED_EDGE('',*,*,#633,.F.);
#439=ORIENTED_EDGE('',*,*,#634,.F.);
#440=ORIENTED_EDGE('',*,*,#653,.F.);
#441=ORIENTED_EDGE('',*,*,#654,.F.);
#442=ORIENTED_EDGE('',*,*,#655,.T.);
#443=ORIENTED_EDGE('',*,*,#656,.F.);
#444=ORIENTED_EDGE('',*,*,#657,.F.);
#445=ORIENTED_EDGE('',*,*,#658,.F.);
#446=ORIENTED_EDGE('',*,*,#608,.T.);
#447=ORIENTED_EDGE('',*,*,#659,.F.);
#448=ORIENTED_EDGE('',*,*,#600,.F.);
#449=ORIENTED_EDGE('',*,*,#658,.T.);
#450=ORIENTED_EDGE('',*,*,#660,.T.);
#451=ORIENTED_EDGE('',*,*,#596,.T.);
#452=ORIENTED_EDGE('',*,*,#607,.T.);
#453=ORIENTED_EDGE('',*,*,#609,.T.);
#454=ORIENTED_EDGE('',*,*,#618,.T.);
#455=ORIENTED_EDGE('',*,*,#661,.T.);
#456=ORIENTED_EDGE('',*,*,#651,.T.);
#457=ORIENTED_EDGE('',*,*,#662,.F.);
#458=ORIENTED_EDGE('',*,*,#627,.T.);
#459=ORIENTED_EDGE('',*,*,#652,.T.);
#460=ORIENTED_EDGE('',*,*,#661,.F.);
#461=ORIENTED_EDGE('',*,*,#623,.T.);
#462=ORIENTED_EDGE('',*,*,#663,.T.);
#463=ORIENTED_EDGE('',*,*,#646,.T.);
#464=ORIENTED_EDGE('',*,*,#644,.T.);
#465=ORIENTED_EDGE('',*,*,#664,.T.);
#466=ORIENTED_EDGE('',*,*,#664,.F.);
#467=ORIENTED_EDGE('',*,*,#643,.T.);
#468=ORIENTED_EDGE('',*,*,#665,.T.);
#469=ORIENTED_EDGE('',*,*,#640,.T.);
#470=ORIENTED_EDGE('',*,*,#666,.T.);
#471=ORIENTED_EDGE('',*,*,#656,.T.);
#472=ORIENTED_EDGE('',*,*,#667,.T.);
#473=ORIENTED_EDGE('',*,*,#642,.T.);
#474=ORIENTED_EDGE('',*,*,#663,.F.);
#475=ORIENTED_EDGE('',*,*,#639,.T.);
#476=ORIENTED_EDGE('',*,*,#668,.T.);
#477=ORIENTED_EDGE('',*,*,#647,.T.);
#478=ORIENTED_EDGE('',*,*,#667,.F.);
#479=ORIENTED_EDGE('',*,*,#655,.F.);
#480=ORIENTED_EDGE('',*,*,#669,.T.);
#481=ORIENTED_EDGE('',*,*,#665,.F.);
#482=ORIENTED_EDGE('',*,*,#636,.T.);
#483=ORIENTED_EDGE('',*,*,#648,.T.);
#484=ORIENTED_EDGE('',*,*,#668,.F.);
#485=ORIENTED_EDGE('',*,*,#638,.T.);
#486=ORIENTED_EDGE('',*,*,#670,.T.);
#487=ORIENTED_EDGE('',*,*,#653,.T.);
#488=ORIENTED_EDGE('',*,*,#669,.F.);
#489=ORIENTED_EDGE('',*,*,#654,.T.);
#490=ORIENTED_EDGE('',*,*,#670,.F.);
#491=ORIENTED_EDGE('',*,*,#637,.T.);
#492=ORIENTED_EDGE('',*,*,#671,.T.);
#493=ORIENTED_EDGE('',*,*,#613,.T.);
#494=ORIENTED_EDGE('',*,*,#649,.T.);
#495=ORIENTED_EDGE('',*,*,#620,.T.);
#496=ORIENTED_EDGE('',*,*,#672,.T.);
#497=ORIENTED_EDGE('',*,*,#673,.T.);
#498=ORIENTED_EDGE('',*,*,#671,.F.);
#499=ORIENTED_EDGE('',*,*,#619,.T.);
#500=ORIENTED_EDGE('',*,*,#662,.T.);
#501=ORIENTED_EDGE('',*,*,#674,.T.);
#502=ORIENTED_EDGE('',*,*,#672,.F.);
#503=ORIENTED_EDGE('',*,*,#645,.T.);
#504=ORIENTED_EDGE('',*,*,#615,.T.);
#505=ORIENTED_EDGE('',*,*,#598,.T.);
#506=ORIENTED_EDGE('',*,*,#659,.T.);
#507=ORIENTED_EDGE('',*,*,#611,.T.);
#508=ORIENTED_EDGE('',*,*,#673,.F.);
#509=ORIENTED_EDGE('',*,*,#674,.F.);
#510=ORIENTED_EDGE('',*,*,#650,.T.);
#511=ORIENTED_EDGE('',*,*,#599,.T.);
#512=ORIENTED_EDGE('',*,*,#614,.T.);
#513=EDGE_CURVE('',#675,#676,#775,.T.);
#514=EDGE_CURVE('',#675,#677,#134,.T.);
#515=EDGE_CURVE('',#677,#678,#776,.T.);
#516=EDGE_CURVE('',#678,#676,#135,.T.);
#517=EDGE_CURVE('',#677,#679,#44,.T.);
#518=EDGE_CURVE('',#679,#680,#777,.T.);
#519=EDGE_CURVE('',#680,#678,#45,.T.);
#520=EDGE_CURVE('',#681,#682,#46,.T.);
#521=EDGE_CURVE('',#682,#683,#778,.T.);
#522=EDGE_CURVE('',#683,#684,#47,.T.);
#523=EDGE_CURVE('',#684,#685,#779,.F.);
#524=EDGE_CURVE('',#685,#681,#136,.T.);
#525=EDGE_CURVE('',#686,#687,#48,.T.);
#526=EDGE_CURVE('',#687,#688,#780,.F.);
#527=EDGE_CURVE('',#688,#689,#49,.T.);
#528=EDGE_CURVE('',#689,#686,#781,.T.);
#529=EDGE_CURVE('',#690,#691,#137,.T.);
#530=EDGE_CURVE('',#690,#692,#782,.F.);
#531=EDGE_CURVE('',#692,#693,#138,.T.);
#532=EDGE_CURVE('',#693,#694,#139,.T.);
#533=EDGE_CURVE('',#694,#691,#783,.T.);
#534=EDGE_CURVE('',#694,#695,#50,.T.);
#535=EDGE_CURVE('',#695,#696,#784,.T.);
#536=EDGE_CURVE('',#696,#691,#51,.T.);
#537=EDGE_CURVE('',#695,#697,#140,.T.);
#538=EDGE_CURVE('',#698,#697,#52,.T.);
#539=EDGE_CURVE('',#698,#699,#785,.T.);
#540=EDGE_CURVE('',#699,#696,#53,.T.);
#541=EDGE_CURVE('',#700,#698,#141,.T.);
#542=EDGE_CURVE('',#700,#701,#786,.T.);
#543=EDGE_CURVE('',#701,#699,#142,.T.);
#544=EDGE_CURVE('',#702,#700,#143,.T.);
#545=EDGE_CURVE('',#702,#703,#787,.T.);
#546=EDGE_CURVE('',#703,#701,#144,.T.);
#547=EDGE_CURVE('',#704,#702,#145,.T.);
#548=EDGE_CURVE('',#704,#705,#788,.T.);
#549=EDGE_CURVE('',#705,#703,#146,.T.);
#550=EDGE_CURVE('',#706,#707,#54,.T.);
#551=EDGE_CURVE('',#707,#708,#789,.T.);
#552=EDGE_CURVE('',#708,#709,#55,.F.);
#553=EDGE_CURVE('',#709,#706,#790,.F.);
#554=EDGE_CURVE('',#676,#710,#147,.T.);
#555=EDGE_CURVE('',#710,#711,#148,.T.);
#556=EDGE_CURVE('',#711,#712,#791,.F.);
#557=EDGE_CURVE('',#712,#675,#149,.T.);
#558=EDGE_CURVE('',#686,#690,#56,.T.);
#559=EDGE_CURVE('',#705,#713,#57,.T.);
#560=EDGE_CURVE('',#713,#714,#58,.T.);
#561=EDGE_CURVE('',#714,#710,#59,.F.);
#562=EDGE_CURVE('',#680,#684,#60,.T.);
#563=EDGE_CURVE('',#683,#687,#61,.F.);
#564=EDGE_CURVE('',#715,#716,#62,.F.);
#565=EDGE_CURVE('',#716,#717,#39,.T.);
#566=EDGE_CURVE('',#717,#718,#63,.F.);
#567=EDGE_CURVE('',#718,#719,#64,.F.);
#568=EDGE_CURVE('',#719,#720,#150,.T.);
#569=EDGE_CURVE('',#720,#721,#151,.T.);
#570=EDGE_CURVE('',#722,#721,#65,.F.);
#571=EDGE_CURVE('',#722,#723,#66,.F.);
#572=EDGE_CURVE('',#723,#704,#67,.F.);
#573=EDGE_CURVE('',#697,#724,#68,.F.);
#574=EDGE_CURVE('',#724,#715,#152,.T.);
#575=EDGE_CURVE('',#718,#679,#153,.T.);
#576=EDGE_CURVE('',#719,#677,#154,.F.);
#577=EDGE_CURVE('',#675,#720,#155,.T.);
#578=EDGE_CURVE('',#693,#715,#69,.T.);
#579=EDGE_CURVE('',#694,#724,#70,.T.);
#580=EDGE_CURVE('',#717,#682,#71,.T.);
#581=EDGE_CURVE('',#718,#681,#72,.T.);
#582=EDGE_CURVE('',#679,#685,#73,.T.);
#583=EDGE_CURVE('',#708,#714,#74,.T.);
#584=EDGE_CURVE('',#711,#708,#75,.T.);
#585=EDGE_CURVE('',#712,#707,#76,.T.);
#586=EDGE_CURVE('',#721,#712,#77,.T.);
#587=EDGE_CURVE('',#709,#713,#156,.F.);
#588=EDGE_CURVE('',#722,#707,#78,.F.);
#589=EDGE_CURVE('',#706,#723,#157,.F.);
#590=EDGE_CURVE('',#692,#689,#158,.T.);
#591=EDGE_CURVE('',#692,#725,#79,.T.);
#592=EDGE_CURVE('',#725,#689,#159,.T.);
#593=EDGE_CURVE('',#715,#725,#160,.T.);
#594=EDGE_CURVE('',#688,#682,#161,.F.);
#595=EDGE_CURVE('',#716,#688,#162,.F.);
#596=EDGE_CURVE('',#726,#727,#80,.T.);
#597=EDGE_CURVE('',#727,#726,#163,.T.);
#598=EDGE_CURVE('',#728,#729,#164,.F.);
#599=EDGE_CURVE('',#730,#728,#165,.F.);
#600=EDGE_CURVE('',#730,#729,#166,.T.);
#601=EDGE_CURVE('',#731,#732,#792,.T.);
#602=EDGE_CURVE('',#733,#732,#167,.T.);
#603=EDGE_CURVE('',#727,#733,#793,.T.);
#604=EDGE_CURVE('',#731,#727,#168,.T.);
#605=EDGE_CURVE('',#734,#733,#81,.F.);
#606=EDGE_CURVE('',#734,#735,#794,.F.);
#607=EDGE_CURVE('',#727,#735,#82,.T.);
#608=EDGE_CURVE('',#736,#737,#83,.T.);
#609=EDGE_CURVE('',#735,#736,#169,.T.);
#610=EDGE_CURVE('',#738,#734,#84,.F.);
#611=EDGE_CURVE('',#737,#738,#795,.T.);
#612=EDGE_CURVE('',#739,#740,#85,.F.);
#613=EDGE_CURVE('',#741,#739,#796,.T.);
#614=EDGE_CURVE('',#728,#741,#86,.T.);
#615=EDGE_CURVE('',#740,#728,#797,.F.);
#616=EDGE_CURVE('',#742,#743,#170,.T.);
#617=EDGE_CURVE('',#744,#743,#798,.T.);
#618=EDGE_CURVE('',#745,#744,#171,.T.);
#619=EDGE_CURVE('',#746,#745,#172,.T.);
#620=EDGE_CURVE('',#742,#746,#799,.F.);
#621=EDGE_CURVE('',#747,#743,#87,.F.);
#622=EDGE_CURVE('',#748,#747,#800,.T.);
#623=EDGE_CURVE('',#744,#748,#88,.T.);
#624=EDGE_CURVE('',#749,#747,#89,.F.);
#625=EDGE_CURVE('',#750,#749,#801,.T.);
#626=EDGE_CURVE('',#750,#751,#90,.F.);
#627=EDGE_CURVE('',#748,#751,#173,.T.);
#628=EDGE_CURVE('',#752,#749,#174,.T.);
#629=EDGE_CURVE('',#753,#752,#802,.T.);
#630=EDGE_CURVE('',#753,#750,#175,.T.);
#631=EDGE_CURVE('',#754,#752,#176,.T.);
#632=EDGE_CURVE('',#755,#754,#803,.T.);
#633=EDGE_CURVE('',#755,#753,#177,.T.);
#634=EDGE_CURVE('',#756,#755,#178,.T.);
#635=EDGE_CURVE('',#757,#754,#179,.T.);
#636=EDGE_CURVE('',#756,#757,#804,.T.);
#637=EDGE_CURVE('',#758,#759,#91,.T.);
#638=EDGE_CURVE('',#760,#758,#805,.F.);
#639=EDGE_CURVE('',#761,#760,#92,.F.);
#640=EDGE_CURVE('',#759,#761,#806,.T.);
#641=EDGE_CURVE('',#732,#762,#180,.T.);
#642=EDGE_CURVE('',#763,#731,#181,.T.);
#643=EDGE_CURVE('',#764,#763,#807,.F.);
#644=EDGE_CURVE('',#762,#764,#182,.T.);
#645=EDGE_CURVE('',#738,#740,#93,.F.);
#646=EDGE_CURVE('',#765,#762,#94,.F.);
#647=EDGE_CURVE('',#766,#765,#95,.T.);
#648=EDGE_CURVE('',#757,#766,#96,.T.);
#649=EDGE_CURVE('',#739,#742,#97,.T.);
#650=EDGE_CURVE('',#767,#730,#98,.F.);
#651=EDGE_CURVE('',#768,#767,#183,.T.);
#652=EDGE_CURVE('',#751,#768,#99,.F.);
#653=EDGE_CURVE('',#769,#756,#100,.F.);
#654=EDGE_CURVE('',#770,#769,#101,.F.);
#655=EDGE_CURVE('',#770,#771,#102,.F.);
#656=EDGE_CURVE('',#772,#771,#184,.T.);
#657=EDGE_CURVE('',#773,#772,#185,.T.);
#658=EDGE_CURVE('',#736,#773,#103,.F.);
#659=EDGE_CURVE('',#729,#737,#104,.T.);
#660=EDGE_CURVE('',#773,#726,#186,.F.);
#661=EDGE_CURVE('',#744,#768,#105,.F.);
#662=EDGE_CURVE('',#745,#767,#106,.T.);
#663=EDGE_CURVE('',#761,#765,#107,.T.);
#664=EDGE_CURVE('',#764,#761,#108,.T.);
#665=EDGE_CURVE('',#763,#759,#109,.T.);
#666=EDGE_CURVE('',#731,#772,#187,.T.);
#667=EDGE_CURVE('',#771,#763,#188,.T.);
#668=EDGE_CURVE('',#760,#766,#189,.F.);
#669=EDGE_CURVE('',#770,#759,#110,.T.);
#670=EDGE_CURVE('',#758,#769,#190,.F.);
#671=EDGE_CURVE('',#746,#741,#191,.T.);
#672=EDGE_CURVE('',#746,#774,#111,.T.);
#673=EDGE_CURVE('',#774,#741,#192,.T.);
#674=EDGE_CURVE('',#767,#774,#193,.T.);
#675=VERTEX_POINT('',#1461);
#676=VERTEX_POINT('',#1462);
#677=VERTEX_POINT('',#1482);
#678=VERTEX_POINT('',#1484);
#679=VERTEX_POINT('',#1494);
#680=VERTEX_POINT('',#1496);
#681=VERTEX_POINT('',#1500);
#682=VERTEX_POINT('',#1501);
#683=VERTEX_POINT('',#1503);
#684=VERTEX_POINT('',#1505);
#685=VERTEX_POINT('',#1507);
#686=VERTEX_POINT('',#1515);
#687=VERTEX_POINT('',#1516);
#688=VERTEX_POINT('',#1518);
#689=VERTEX_POINT('',#1520);
#690=VERTEX_POINT('',#1573);
#691=VERTEX_POINT('',#1574);
#692=VERTEX_POINT('',#1576);
#693=VERTEX_POINT('',#1588);
#694=VERTEX_POINT('',#1613);
#695=VERTEX_POINT('',#1617);
#696=VERTEX_POINT('',#1619);
#697=VERTEX_POINT('',#1630);
#698=VERTEX_POINT('',#1632);
#699=VERTEX_POINT('',#1634);
#700=VERTEX_POINT('',#1655);
#701=VERTEX_POINT('',#1657);
#702=VERTEX_POINT('',#1675);
#703=VERTEX_POINT('',#1677);
#704=VERTEX_POINT('',#1695);
#705=VERTEX_POINT('',#1697);
#706=VERTEX_POINT('',#1705);
#707=VERTEX_POINT('',#1706);
#708=VERTEX_POINT('',#1708);
#709=VERTEX_POINT('',#1710);
#710=VERTEX_POINT('',#1724);
#711=VERTEX_POINT('',#1730);
#712=VERTEX_POINT('',#1732);
#713=VERTEX_POINT('',#1748);
#714=VERTEX_POINT('',#1750);
#715=VERTEX_POINT('',#1756);
#716=VERTEX_POINT('',#1757);
#717=VERTEX_POINT('',#1768);
#718=VERTEX_POINT('',#1770);
#719=VERTEX_POINT('',#1772);
#720=VERTEX_POINT('',#1797);
#721=VERTEX_POINT('',#1812);
#722=VERTEX_POINT('',#1814);
#723=VERTEX_POINT('',#1816);
#724=VERTEX_POINT('',#1819);
#725=VERTEX_POINT('',#2280);
#726=VERTEX_POINT('',#2406);
#727=VERTEX_POINT('',#2407);
#728=VERTEX_POINT('',#2482);
#729=VERTEX_POINT('',#2483);
#730=VERTEX_POINT('',#2488);
#731=VERTEX_POINT('',#2553);
#732=VERTEX_POINT('',#2554);
#733=VERTEX_POINT('',#2578);
#734=VERTEX_POINT('',#2606);
#735=VERTEX_POINT('',#2608);
#736=VERTEX_POINT('',#2612);
#737=VERTEX_POINT('',#2613);
#738=VERTEX_POINT('',#2620);
#739=VERTEX_POINT('',#2624);
#740=VERTEX_POINT('',#2625);
#741=VERTEX_POINT('',#2627);
#742=VERTEX_POINT('',#2726);
#743=VERTEX_POINT('',#2727);
#744=VERTEX_POINT('',#2729);
#745=VERTEX_POINT('',#2754);
#746=VERTEX_POINT('',#2765);
#747=VERTEX_POINT('',#2769);
#748=VERTEX_POINT('',#2771);
#749=VERTEX_POINT('',#2775);
#750=VERTEX_POINT('',#2777);
#751=VERTEX_POINT('',#2779);
#752=VERTEX_POINT('',#2815);
#753=VERTEX_POINT('',#2817);
#754=VERTEX_POINT('',#2838);
#755=VERTEX_POINT('',#2840);
#756=VERTEX_POINT('',#2857);
#757=VERTEX_POINT('',#2862);
#758=VERTEX_POINT('',#2866);
#759=VERTEX_POINT('',#2867);
#760=VERTEX_POINT('',#2869);
#761=VERTEX_POINT('',#2871);
#762=VERTEX_POINT('',#2907);
#763=VERTEX_POINT('',#2921);
#764=VERTEX_POINT('',#2923);
#765=VERTEX_POINT('',#2931);
#766=VERTEX_POINT('',#2933);
#767=VERTEX_POINT('',#2938);
#768=VERTEX_POINT('',#2963);
#769=VERTEX_POINT('',#2966);
#770=VERTEX_POINT('',#2968);
#771=VERTEX_POINT('',#2970);
#772=VERTEX_POINT('',#2985);
#773=VERTEX_POINT('',#3010);
#774=VERTEX_POINT('',#3185);
#775=LINE('',#1460,#808);
#776=LINE('',#1483,#809);
#777=LINE('',#1495,#810);
#778=LINE('',#1502,#811);
#779=LINE('',#1506,#812);
#780=LINE('',#1517,#813);
#781=LINE('',#1521,#814);
#782=LINE('',#1575,#815);
#783=LINE('',#1614,#816);
#784=LINE('',#1618,#817);
#785=LINE('',#1633,#818);
#786=LINE('',#1656,#819);
#787=LINE('',#1676,#820);
#788=LINE('',#1696,#821);
#789=LINE('',#1707,#822);
#790=LINE('',#1711,#823);
#791=LINE('',#1731,#824);
#792=LINE('',#2552,#825);
#793=LINE('',#2579,#826);
#794=LINE('',#2607,#827);
#795=LINE('',#2621,#828);
#796=LINE('',#2626,#829);
#797=LINE('',#2629,#830);
#798=LINE('',#2728,#831);
#799=LINE('',#2766,#832);
#800=LINE('',#2770,#833);
#801=LINE('',#2776,#834);
#802=LINE('',#2816,#835);
#803=LINE('',#2839,#836);
#804=LINE('',#2863,#837);
#805=LINE('',#2868,#838);
#806=LINE('',#2872,#839);
#807=LINE('',#2922,#840);
#808=VECTOR('',#1174,1.);
#809=VECTOR('',#1175,1.);
#810=VECTOR('',#1180,1.);
#811=VECTOR('',#1187,1.);
#812=VECTOR('',#1190,1.);
#813=VECTOR('',#1195,1.);
#814=VECTOR('',#1198,1.);
#815=VECTOR('',#1199,1.);
#816=VECTOR('',#1200,1.);
#817=VECTOR('',#1205,1.);
#818=VECTOR('',#1212,1.);
#819=VECTOR('',#1215,1.);
#820=VECTOR('',#1216,1.);
#821=VECTOR('',#1217,1.);
#822=VECTOR('',#1222,1.);
#823=VECTOR('',#1225,1.);
#824=VECTOR('',#1226,1.);
#825=VECTOR('',#1309,1.);
#826=VECTOR('',#1310,1.);
#827=VECTOR('',#1315,1.);
#828=VECTOR('',#1324,1.);
#829=VECTOR('',#1329,1.);
#830=VECTOR('',#1332,1.);
#831=VECTOR('',#1333,1.);
#832=VECTOR('',#1334,1.);
#833=VECTOR('',#1339,1.);
#834=VECTOR('',#1346,1.);
#835=VECTOR('',#1349,1.);
#836=VECTOR('',#1350,1.);
#837=VECTOR('',#1351,1.);
#838=VECTOR('',#1356,1.);
#839=VECTOR('',#1359,1.);
#840=VECTOR('',#1360,1.);
#841=EDGE_LOOP('',(#194,#195,#196,#197));
#842=EDGE_LOOP('',(#198,#199,#200,#201));
#843=EDGE_LOOP('',(#202,#203,#204,#205,#206));
#844=EDGE_LOOP('',(#207,#208,#209,#210));
#845=EDGE_LOOP('',(#211,#212,#213,#214,#215));
#846=EDGE_LOOP('',(#216,#217,#218,#219));
#847=EDGE_LOOP('',(#220,#221,#222,#223,#224));
#848=EDGE_LOOP('',(#225,#226,#227,#228));
#849=EDGE_LOOP('',(#229,#230,#231,#232));
#850=EDGE_LOOP('',(#233,#234,#235,#236));
#851=EDGE_LOOP('',(#237,#238,#239,#240));
#852=EDGE_LOOP('',(#241,#242,#243,#244,#245));
#853=EDGE_LOOP('',(#246,#247,#248,#249,#250,#251,#252,#253,#254,#255,#256,
#257,#258,#259,#260,#261,#262));
#854=EDGE_LOOP('',(#263,#264,#265,#266,#267,#268,#269,#270,#271,#272,#273,
#274,#275,#276,#277));
#855=EDGE_LOOP('',(#278,#279,#280,#281));
#856=EDGE_LOOP('',(#282,#283,#284,#285));
#857=EDGE_LOOP('',(#286,#287,#288,#289));
#858=EDGE_LOOP('',(#290,#291,#292,#293));
#859=EDGE_LOOP('',(#294,#295,#296,#297));
#860=EDGE_LOOP('',(#298,#299,#300,#301));
#861=EDGE_LOOP('',(#302,#303,#304,#305));
#862=EDGE_LOOP('',(#306,#307,#308,#309));
#863=EDGE_LOOP('',(#310,#311,#312,#313));
#864=EDGE_LOOP('',(#314,#315,#316,#317));
#865=EDGE_LOOP('',(#318,#319,#320,#321));
#866=EDGE_LOOP('',(#322,#323,#324,#325));
#867=EDGE_LOOP('',(#326,#327,#328,#329,#330,#331));
#868=EDGE_LOOP('',(#332,#333,#334,#335));
#869=EDGE_LOOP('',(#336,#337,#338,#339));
#870=EDGE_LOOP('',(#340,#341,#342));
#871=EDGE_LOOP('',(#343,#344,#345,#346));
#872=EDGE_LOOP('',(#347,#348,#349,#350));
#873=EDGE_LOOP('',(#351,#352,#353,#354,#355));
#874=EDGE_LOOP('',(#356,#357,#358,#359));
#875=EDGE_LOOP('',(#360,#361));
#876=EDGE_LOOP('',(#362,#363,#364));
#877=EDGE_LOOP('',(#365,#366,#367,#368));
#878=EDGE_LOOP('',(#369,#370,#371,#372));
#879=EDGE_LOOP('',(#373,#374,#375,#376,#377));
#880=EDGE_LOOP('',(#378,#379,#380,#381));
#881=EDGE_LOOP('',(#382,#383,#384,#385,#386));
#882=EDGE_LOOP('',(#387,#388,#389,#390));
#883=EDGE_LOOP('',(#391,#392,#393,#394,#395));
#884=EDGE_LOOP('',(#396,#397,#398,#399));
#885=EDGE_LOOP('',(#400,#401,#402,#403));
#886=EDGE_LOOP('',(#404,#405,#406,#407));
#887=EDGE_LOOP('',(#408,#409,#410,#411));
#888=EDGE_LOOP('',(#412,#413,#414,#415,#416));
#889=EDGE_LOOP('',(#417,#418,#419,#420,#421,#422,#423,#424,#425,#426,#427,
#428,#429,#430,#431,#432));
#890=EDGE_LOOP('',(#433,#434,#435,#436,#437,#438,#439,#440,#441,#442,#443,
#444,#445,#446,#447,#448));
#891=EDGE_LOOP('',(#449,#450,#451,#452,#453));
#892=EDGE_LOOP('',(#454,#455,#456,#457));
#893=EDGE_LOOP('',(#458,#459,#460,#461));
#894=EDGE_LOOP('',(#462,#463,#464,#465));
#895=EDGE_LOOP('',(#466,#467,#468,#469));
#896=EDGE_LOOP('',(#470,#471,#472,#473));
#897=EDGE_LOOP('',(#474,#475,#476,#477));
#898=EDGE_LOOP('',(#478,#479,#480,#481));
#899=EDGE_LOOP('',(#482,#483,#484,#485,#486,#487));
#900=EDGE_LOOP('',(#488,#489,#490,#491));
#901=EDGE_LOOP('',(#492,#493,#494,#495));
#902=EDGE_LOOP('',(#496,#497,#498));
#903=EDGE_LOOP('',(#499,#500,#501,#502));
#904=EDGE_LOOP('',(#503,#504,#505,#506,#507));
#905=EDGE_LOOP('',(#508,#509,#510,#511,#512));
#906=FACE_BOUND('',#841,.T.);
#907=FACE_BOUND('',#842,.T.);
#908=FACE_BOUND('',#843,.T.);
#909=FACE_BOUND('',#844,.T.);
#910=FACE_BOUND('',#845,.T.);
#911=FACE_BOUND('',#846,.T.);
#912=FACE_BOUND('',#847,.T.);
#913=FACE_BOUND('',#848,.T.);
#914=FACE_BOUND('',#849,.T.);
#915=FACE_BOUND('',#850,.T.);
#916=FACE_BOUND('',#851,.T.);
#917=FACE_BOUND('',#852,.T.);
#918=FACE_BOUND('',#853,.T.);
#919=FACE_BOUND('',#854,.T.);
#920=FACE_BOUND('',#855,.T.);
#921=FACE_BOUND('',#856,.T.);
#922=FACE_BOUND('',#857,.T.);
#923=FACE_BOUND('',#858,.T.);
#924=FACE_BOUND('',#859,.T.);
#925=FACE_BOUND('',#860,.T.);
#926=FACE_BOUND('',#861,.T.);
#927=FACE_BOUND('',#862,.T.);
#928=FACE_BOUND('',#863,.T.);
#929=FACE_BOUND('',#864,.T.);
#930=FACE_BOUND('',#865,.T.);
#931=FACE_BOUND('',#866,.T.);
#932=FACE_BOUND('',#867,.T.);
#933=FACE_BOUND('',#868,.T.);
#934=FACE_BOUND('',#869,.T.);
#935=FACE_BOUND('',#870,.T.);
#936=FACE_BOUND('',#871,.T.);
#937=FACE_BOUND('',#872,.T.);
#938=FACE_BOUND('',#873,.T.);
#939=FACE_BOUND('',#874,.T.);
#940=FACE_BOUND('',#875,.T.);
#941=FACE_BOUND('',#876,.T.);
#942=FACE_BOUND('',#877,.T.);
#943=FACE_BOUND('',#878,.T.);
#944=FACE_BOUND('',#879,.T.);
#945=FACE_BOUND('',#880,.T.);
#946=FACE_BOUND('',#881,.T.);
#947=FACE_BOUND('',#882,.T.);
#948=FACE_BOUND('',#883,.T.);
#949=FACE_BOUND('',#884,.T.);
#950=FACE_BOUND('',#885,.T.);
#951=FACE_BOUND('',#886,.T.);
#952=FACE_BOUND('',#887,.T.);
#953=FACE_BOUND('',#888,.T.);
#954=FACE_BOUND('',#889,.T.);
#955=FACE_BOUND('',#890,.T.);
#956=FACE_BOUND('',#891,.T.);
#957=FACE_BOUND('',#892,.T.);
#958=FACE_BOUND('',#893,.T.);
#959=FACE_BOUND('',#894,.T.);
#960=FACE_BOUND('',#895,.T.);
#961=FACE_BOUND('',#896,.T.);
#962=FACE_BOUND('',#897,.T.);
#963=FACE_BOUND('',#898,.T.);
#964=FACE_BOUND('',#899,.T.);
#965=FACE_BOUND('',#900,.T.);
#966=FACE_BOUND('',#901,.T.);
#967=FACE_BOUND('',#902,.T.);
#968=FACE_BOUND('',#903,.T.);
#969=FACE_BOUND('',#904,.T.);
#970=FACE_BOUND('',#905,.T.);
#971=B_SPLINE_SURFACE_WITH_KNOTS('',3,1,((#1426,#1427),(#1428,#1429),(#1430,
#1431),(#1432,#1433),(#1434,#1435),(#1436,#1437),(#1438,#1439),(#1440,#1441),
(#1442,#1443),(#1444,#1445),(#1446,#1447),(#1448,#1449),(#1450,#1451),(#1452,
#1453),(#1454,#1455),(#1456,#1457),(#1458,#1459)),
 .SURF_OF_LINEAR_EXTRUSION.,.F.,.F.,.F.,(4,1,1,1,1,1,1,1,1,1,1,1,1,1,4),
(2,2),(0.,0.0625,0.125,0.1875,0.25,0.3125,0.375,0.4375,0.5,0.625,0.6875,
0.75,0.8125,0.875,1.),(0.,1.),.UNSPECIFIED.);
#972=B_SPLINE_SURFACE_WITH_KNOTS('',3,1,((#1522,#1523),(#1524,#1525),(#1526,
#1527),(#1528,#1529),(#1530,#1531),(#1532,#1533),(#1534,#1535),(#1536,#1537),
(#1538,#1539),(#1540,#1541),(#1542,#1543),(#1544,#1545),(#1546,#1547),(#1548,
#1549),(#1550,#1551),(#1552,#1553),(#1554,#1555),(#1556,#1557),(#1558,#1559),
(#1560,#1561),(#1562,#1563)),.SURF_OF_LINEAR_EXTRUSION.,.F.,.F.,.F.,(4,
1,1,1,1,1,1,1,1,1,1,1,1,1,1,1,1,1,4),(2,2),(0.00321669985234035,0.0655156561115691,
0.127814612370798,0.190113568630027,0.252412524889255,0.314711481148484,
0.377010437407713,0.439309393666941,0.470458871796556,0.50160834992617,
0.563907306185399,0.626206262444628,0.657355740574242,0.688505218703856,
0.750804174963085,0.813103131222314,0.875402087481543,0.937701043740771,
1.),(0.,1.),.UNSPECIFIED.);
#973=B_SPLINE_SURFACE_WITH_KNOTS('',3,1,((#1636,#1637),(#1638,#1639),(#1640,
#1641),(#1642,#1643),(#1644,#1645),(#1646,#1647),(#1648,#1649)),
 .SURF_OF_LINEAR_EXTRUSION.,.F.,.F.,.F.,(4,1,1,1,4),(2,2),(0.736672917819184,
0.80250468836439,0.868336458909597,0.934168229454803,1.00000000000001),
(0.,1.),.UNSPECIFIED.);
#974=B_SPLINE_SURFACE_WITH_KNOTS('',3,1,((#1663,#1664),(#1665,#1666),(#1667,
#1668),(#1669,#1670)),.SURF_OF_LINEAR_EXTRUSION.,.F.,.F.,.F.,(4,4),(2,2),
(0.581592912750173,1.),(0.,1.),.PIECEWISE_BEZIER_KNOTS.);
#975=B_SPLINE_SURFACE_WITH_KNOTS('',3,1,((#1682,#1683),(#1684,#1685),(#1686,
#1687),(#1688,#1689)),.SURF_OF_LINEAR_EXTRUSION.,.F.,.F.,.F.,(4,4),(2,2),
(0.0707917065273393,0.581592912750173),(0.,1.),.PIECEWISE_BEZIER_KNOTS.);
#976=B_SPLINE_SURFACE_WITH_KNOTS('',3,1,((#1712,#1713),(#1714,#1715),(#1716,
#1717),(#1718,#1719)),.SURF_OF_LINEAR_EXTRUSION.,.F.,.F.,.F.,(4,4),(2,2),
(-1.17605709079257E-14,0.245597695532556),(0.,1.),
 .PIECEWISE_BEZIER_KNOTS.);
#977=B_SPLINE_SURFACE_WITH_KNOTS('',3,3,((#2413,#2414,#2415,#2416,#2417,
#2418,#2419,#2420,#2421,#2422,#2423,#2424),(#2425,#2426,#2427,#2428,#2429,
#2430,#2431,#2432,#2433,#2434,#2435,#2436),(#2437,#2438,#2439,#2440,#2441,
#2442,#2443,#2444,#2445,#2446,#2447,#2448),(#2449,#2450,#2451,#2452,#2453,
#2454,#2455,#2456,#2457,#2458,#2459,#2460),(#2461,#2462,#2463,#2464,#2465,
#2466,#2467,#2468,#2469,#2470,#2471,#2472)),.UNSPECIFIED.,.F.,.F.,.F.,(4,
1,4),(4,1,1,1,1,1,1,1,1,4),(0.,0.5,1.),(0.,0.00067374895285099,0.00101062342927649,
0.00145978939784381,0.00202124685855297,0.00269499581140396,0.00336874476425495,
0.00404249371710594,0.0046039511778151,0.00538999162280792),
 .UNSPECIFIED.);
#978=B_SPLINE_SURFACE_WITH_KNOTS('',3,1,((#2502,#2503),(#2504,#2505),(#2506,
#2507),(#2508,#2509),(#2510,#2511),(#2512,#2513),(#2514,#2515),(#2516,#2517),
(#2518,#2519),(#2520,#2521),(#2522,#2523),(#2524,#2525),(#2526,#2527),(#2528,
#2529),(#2530,#2531),(#2532,#2533),(#2534,#2535),(#2536,#2537),(#2538,#2539),
(#2540,#2541),(#2542,#2543),(#2544,#2545),(#2546,#2547),(#2548,#2549),(#2550,
#2551)),.SURF_OF_LINEAR_EXTRUSION.,.F.,.F.,.F.,(4,1,1,1,1,1,1,1,1,1,1,1,
1,1,1,1,1,1,1,1,1,1,4),(2,2),(-0.0820176671225647,-0.0481935655743193,-0.0312815148001966,
-0.0143694640260739,0.00254258674804876,0.0194546375221715,0.0532787390704168,
0.120926942166908,0.154751043715153,0.188575145263398,0.222399246811644,
0.256223348359889,0.290047449908135,0.32387155145638,0.391519754552871,
0.459167957649362,0.526816160745852,0.594464363842343,0.729760770035325,
0.865057176228306,0.932705379324797,0.966529480873042,1.00035358242129),
(0.,1.),.UNSPECIFIED.);
#979=B_SPLINE_SURFACE_WITH_KNOTS('',3,1,((#2630,#2631),(#2632,#2633),(#2634,
#2635),(#2636,#2637),(#2638,#2639),(#2640,#2641),(#2642,#2643),(#2644,#2645),
(#2646,#2647),(#2648,#2649),(#2650,#2651),(#2652,#2653),(#2654,#2655),(#2656,
#2657),(#2658,#2659),(#2660,#2661),(#2662,#2663),(#2664,#2665),(#2666,#2667),
(#2668,#2669),(#2670,#2671),(#2672,#2673),(#2674,#2675),(#2676,#2677),(#2678,
#2679),(#2680,#2681),(#2682,#2683),(#2684,#2685),(#2686,#2687),(#2688,#2689),
(#2690,#2691),(#2692,#2693),(#2694,#2695),(#2696,#2697),(#2698,#2699)),
 .SURF_OF_LINEAR_EXTRUSION.,.F.,.F.,.F.,(4,1,1,1,1,1,1,1,1,1,1,1,1,1,1,
1,1,1,1,1,1,1,1,1,1,1,1,1,1,1,1,1,4),(2,2),(0.00321669985252563,0.065515656111743,
0.12781461237096,0.158964090500569,0.190113568630178,0.252412524889395,
0.283562003019004,0.314711481148612,0.345860959278221,0.37701043740783,
0.392585176472634,0.408159915537438,0.423734654602243,0.439309393667047,
0.454884132731851,0.462671502264254,0.470458871796656,0.48603361086146,
0.501608349926264,0.517183088991069,0.532757828055873,0.563907306185482,
0.59505678431509,0.626206262444699,0.641781001509503,0.657355740574308,
0.688505218703916,0.719654696833525,0.750804174963134,0.813103131222351,
0.875402087481568,0.937701043740786,1.),(0.,1.),.UNSPECIFIED.);
#980=B_SPLINE_SURFACE_WITH_KNOTS('',3,1,((#2785,#2786),(#2787,#2788),(#2789,
#2790),(#2791,#2792),(#2793,#2794),(#2795,#2796),(#2797,#2798),(#2799,#2800),
(#2801,#2802),(#2803,#2804),(#2805,#2806)),.SURF_OF_LINEAR_EXTRUSION.,.F.,
 .F.,.F.,(4,1,1,1,1,1,1,1,4),(2,2),(0.740576804520293,0.773587726080481,
0.806598647640669,0.872620490761045,0.905631412321233,0.938642333881422,
0.97165325544161,0.988158716221704,1.0046641770018),(0.,1.),
 .UNSPECIFIED.);
#981=B_SPLINE_SURFACE_WITH_KNOTS('',3,1,((#2826,#2827),(#2828,#2829),(#2830,
#2831),(#2832,#2833)),.SURF_OF_LINEAR_EXTRUSION.,.F.,.F.,.F.,(4,4),(2,2),
(0.581592912750172,0.985619564532681),(0.,1.),.PIECEWISE_BEZIER_KNOTS.);
#982=B_SPLINE_SURFACE_WITH_KNOTS('',3,1,((#2845,#2846),(#2847,#2848),(#2849,
#2850),(#2851,#2852)),.SURF_OF_LINEAR_EXTRUSION.,.F.,.F.,.F.,(4,4),(2,2),
(0.0707917065273395,0.581592912750161),(0.,1.),.PIECEWISE_BEZIER_KNOTS.);
#983=B_SPLINE_SURFACE_WITH_KNOTS('',3,1,((#2873,#2874),(#2875,#2876),(#2877,
#2878),(#2879,#2880),(#2881,#2882),(#2883,#2884),(#2885,#2886),(#2887,#2888),
(#2889,#2890),(#2891,#2892),(#2893,#2894),(#2895,#2896)),
 .SURF_OF_LINEAR_EXTRUSION.,.F.,.F.,.F.,(4,1,1,1,1,1,1,1,1,4),(2,2),(-7.09722266706719E-5,
0.0152833195073938,0.0306376112414583,0.0613461947095874,0.0920547781777164,
0.122763361645845,0.153471945113974,0.184180528582103,0.214889112050232,
0.245597695518361),(0.,1.),.UNSPECIFIED.);
#984=ADVANCED_FACE('Face appearance 9',(#906),#971,.F.);
#985=ADVANCED_FACE('Face appearance 9',(#907),#112,.T.);
#986=ADVANCED_FACE('Face appearance 9',(#908),#113,.T.);
#987=ADVANCED_FACE('Face appearance 9',(#909),#114,.T.);
#988=ADVANCED_FACE('Face appearance 9',(#910),#972,.T.);
#989=ADVANCED_FACE('Face appearance 9',(#911),#115,.T.);
#990=ADVANCED_FACE('Face appearance 9',(#912),#116,.T.);
#991=ADVANCED_FACE('Face appearance 9',(#913),#973,.F.);
#992=ADVANCED_FACE('Face appearance 9',(#914),#974,.F.);
#993=ADVANCED_FACE('Face appearance 9',(#915),#975,.F.);
#994=ADVANCED_FACE('Face appearance 9',(#916),#117,.T.);
#995=ADVANCED_FACE('Face appearance 9',(#917),#976,.F.);
#996=ADVANCED_FACE('Face appearance 9',(#918),#40,.T.);
#997=ADVANCED_FACE('Face appearance 9',(#919),#41,.F.);
#998=ADVANCED_FACE('',(#920),#24,.T.);
#999=ADVANCED_FACE('',(#921),#13,.T.);
#1000=ADVANCED_FACE('',(#922),#14,.T.);
#1001=ADVANCED_FACE('',(#923),#25,.T.);
#1002=ADVANCED_FACE('',(#924),#26,.T.);
#1003=ADVANCED_FACE('',(#925),#15,.T.);
#1004=ADVANCED_FACE('',(#926),#118,.T.);
#1005=ADVANCED_FACE('',(#927),#27,.T.);
#1006=ADVANCED_FACE('',(#928),#119,.F.);
#1007=ADVANCED_FACE('',(#929),#16,.T.);
#1008=ADVANCED_FACE('',(#930),#28,.T.);
#1009=ADVANCED_FACE('',(#931),#29,.T.);
#1010=ADVANCED_FACE('',(#932),#120,.T.);
#1011=ADVANCED_FACE('',(#933),#30,.T.);
#1012=ADVANCED_FACE('',(#934),#121,.T.);
#1013=ADVANCED_FACE('',(#935),#17,.T.);
#1014=ADVANCED_FACE('',(#936),#18,.T.);
#1015=ADVANCED_FACE('',(#937),#122,.F.);
#1016=ADVANCED_FACE('',(#938),#31,.T.);
#1017=ADVANCED_FACE('',(#939),#19,.F.);
#1018=ADVANCED_FACE('',(#940),#123,.F.);
#1019=ADVANCED_FACE('',(#941),#977,.T.);
#1020=ADVANCED_FACE('',(#942),#978,.T.);
#1021=ADVANCED_FACE('',(#943),#124,.F.);
#1022=ADVANCED_FACE('',(#944),#125,.F.);
#1023=ADVANCED_FACE('',(#945),#126,.F.);
#1024=ADVANCED_FACE('',(#946),#979,.F.);
#1025=ADVANCED_FACE('',(#947),#127,.F.);
#1026=ADVANCED_FACE('',(#948),#128,.F.);
#1027=ADVANCED_FACE('',(#949),#980,.T.);
#1028=ADVANCED_FACE('',(#950),#981,.T.);
#1029=ADVANCED_FACE('',(#951),#982,.T.);
#1030=ADVANCED_FACE('',(#952),#129,.F.);
#1031=ADVANCED_FACE('',(#953),#983,.T.);
#1032=ADVANCED_FACE('',(#954),#42,.F.);
#1033=ADVANCED_FACE('',(#955),#43,.T.);
#1034=ADVANCED_FACE('',(#956),#32,.F.);
#1035=ADVANCED_FACE('',(#957),#20,.F.);
#1036=ADVANCED_FACE('',(#958),#33,.F.);
#1037=ADVANCED_FACE('',(#959),#34,.F.);
#1038=ADVANCED_FACE('',(#960),#130,.T.);
#1039=ADVANCED_FACE('',(#961),#21,.F.);
#1040=ADVANCED_FACE('',(#962),#35,.F.);
#1041=ADVANCED_FACE('',(#963),#36,.F.);
#1042=ADVANCED_FACE('',(#964),#131,.F.);
#1043=ADVANCED_FACE('',(#965),#37,.F.);
#1044=ADVANCED_FACE('',(#966),#132,.F.);
#1045=ADVANCED_FACE('',(#967),#22,.F.);
#1046=ADVANCED_FACE('',(#968),#23,.F.);
#1047=ADVANCED_FACE('',(#969),#133,.T.);
#1048=ADVANCED_FACE('',(#970),#38,.F.);
#1049=CLOSED_SHELL('',(#984,#985,#986,#987,#988,#989,#990,#991,#992,#993,
#994,#995,#996,#997,#998,#999,#1000,#1001,#1002,#1003,#1004,#1005,#1006,
#1007,#1008,#1009,#1010,#1011,#1012,#1013,#1014,#1015,#1016,#1017));
#1050=CLOSED_SHELL('',(#1018,#1019,#1020,#1021,#1022,#1023,#1024,#1025,
#1026,#1027,#1028,#1029,#1030,#1031,#1032,#1033,#1034,#1035,#1036,#1037,
#1038,#1039,#1040,#1041,#1042,#1043,#1044,#1045,#1046,#1047,#1048));
#1051=STYLED_ITEM('',(#1052),#1059);
#1052=PRESENTATION_STYLE_ASSIGNMENT((#1053));
#1053=SURFACE_STYLE_USAGE(.BOTH.,#1054);
#1054=SURFACE_SIDE_STYLE('',(#1055));
#1055=SURFACE_STYLE_FILL_AREA(#1056);
#1056=FILL_AREA_STYLE('',(#1057));
#1057=FILL_AREA_STYLE_COLOUR('',#1058);
#1058=DRAUGHTING_PRE_DEFINED_COLOUR('black');
#1059=BREP_WITH_VOIDS('Part 14',#1049,(#12));
#1060=SHAPE_DEFINITION_REPRESENTATION(#3238,#1061);
#1061=SHAPE_REPRESENTATION('Part 14',(#1062),#3233);
#1062=AXIS2_PLACEMENT_3D('',#1425,#1172,#1173);
#1063=AXIS2_PLACEMENT_3D('',#1492,#1176,#1177);
#1064=AXIS2_PLACEMENT_3D('',#1493,#1178,#1179);
#1065=AXIS2_PLACEMENT_3D('',#1497,#1181,#1182);
#1066=AXIS2_PLACEMENT_3D('',#1498,#1183,#1184);
#1067=AXIS2_PLACEMENT_3D('',#1499,#1185,#1186);
#1068=AXIS2_PLACEMENT_3D('',#1504,#1188,#1189);
#1069=AXIS2_PLACEMENT_3D('',#1513,#1191,#1192);
#1070=AXIS2_PLACEMENT_3D('',#1514,#1193,#1194);
#1071=AXIS2_PLACEMENT_3D('',#1519,#1196,#1197);
#1072=AXIS2_PLACEMENT_3D('',#1615,#1201,#1202);
#1073=AXIS2_PLACEMENT_3D('',#1616,#1203,#1204);
#1074=AXIS2_PLACEMENT_3D('',#1620,#1206,#1207);
#1075=AXIS2_PLACEMENT_3D('',#1621,#1208,#1209);
#1076=AXIS2_PLACEMENT_3D('',#1631,#1210,#1211);
#1077=AXIS2_PLACEMENT_3D('',#1635,#1213,#1214);
#1078=AXIS2_PLACEMENT_3D('',#1703,#1218,#1219);
#1079=AXIS2_PLACEMENT_3D('',#1704,#1220,#1221);
#1080=AXIS2_PLACEMENT_3D('',#1709,#1223,#1224);
#1081=AXIS2_PLACEMENT_3D('',#1745,#1227,#1228);
#1082=AXIS2_PLACEMENT_3D('',#1746,#1229,#1230);
#1083=AXIS2_PLACEMENT_3D('',#1747,#1231,#1232);
#1084=AXIS2_PLACEMENT_3D('',#1749,#1233,#1234);
#1085=AXIS2_PLACEMENT_3D('',#1751,#1235,#1236);
#1086=AXIS2_PLACEMENT_3D('',#1752,#1237,#1238);
#1087=AXIS2_PLACEMENT_3D('',#1753,#1239,#1240);
#1088=AXIS2_PLACEMENT_3D('',#1754,#1241,#1242);
#1089=AXIS2_PLACEMENT_3D('',#1755,#1243,#1244);
#1090=AXIS2_PLACEMENT_3D('',#1769,#1245,#1246);
#1091=AXIS2_PLACEMENT_3D('',#1771,#1247,#1248);
#1092=AXIS2_PLACEMENT_3D('',#1813,#1249,#1250);
#1093=AXIS2_PLACEMENT_3D('',#1815,#1251,#1252);
#1094=AXIS2_PLACEMENT_3D('',#1817,#1253,#1254);
#1095=AXIS2_PLACEMENT_3D('',#1818,#1255,#1256);
#1096=AXIS2_PLACEMENT_3D('',#1844,#1257,#1258);
#1097=AXIS2_PLACEMENT_3D('',#2108,#1259,#1260);
#1098=AXIS2_PLACEMENT_3D('',#2109,#1261,#1262);
#1099=AXIS2_PLACEMENT_3D('',#2110,#1263,#1264);
#1100=AXIS2_PLACEMENT_3D('',#2111,#1265,#1266);
#1101=AXIS2_PLACEMENT_3D('',#2112,#1267,#1268);
#1102=AXIS2_PLACEMENT_3D('',#2113,#1269,#1270);
#1103=AXIS2_PLACEMENT_3D('',#2135,#1271,#1272);
#1104=AXIS2_PLACEMENT_3D('',#2136,#1273,#1274);
#1105=AXIS2_PLACEMENT_3D('',#2137,#1275,#1276);
#1106=AXIS2_PLACEMENT_3D('',#2138,#1277,#1278);
#1107=AXIS2_PLACEMENT_3D('',#2139,#1279,#1280);
#1108=AXIS2_PLACEMENT_3D('',#2140,#1281,#1282);
#1109=AXIS2_PLACEMENT_3D('',#2141,#1283,#1284);
#1110=AXIS2_PLACEMENT_3D('',#2244,#1285,#1286);
#1111=AXIS2_PLACEMENT_3D('',#2245,#1287,#1288);
#1112=AXIS2_PLACEMENT_3D('',#2252,#1289,#1290);
#1113=AXIS2_PLACEMENT_3D('',#2253,#1291,#1292);
#1114=AXIS2_PLACEMENT_3D('',#2254,#1293,#1294);
#1115=AXIS2_PLACEMENT_3D('',#2261,#1295,#1296);
#1116=AXIS2_PLACEMENT_3D('',#2262,#1297,#1298);
#1117=AXIS2_PLACEMENT_3D('',#2279,#1299,#1300);
#1118=AXIS2_PLACEMENT_3D('',#2360,#1301,#1302);
#1119=AXIS2_PLACEMENT_3D('',#2368,#1303,#1304);
#1120=AXIS2_PLACEMENT_3D('',#2404,#1305,#1306);
#1121=AXIS2_PLACEMENT_3D('',#2405,#1307,#1308);
#1122=AXIS2_PLACEMENT_3D('',#2604,#1311,#1312);
#1123=AXIS2_PLACEMENT_3D('',#2605,#1313,#1314);
#1124=AXIS2_PLACEMENT_3D('',#2609,#1316,#1317);
#1125=AXIS2_PLACEMENT_3D('',#2610,#1318,#1319);
#1126=AXIS2_PLACEMENT_3D('',#2611,#1320,#1321);
#1127=AXIS2_PLACEMENT_3D('',#2619,#1322,#1323);
#1128=AXIS2_PLACEMENT_3D('',#2622,#1325,#1326);
#1129=AXIS2_PLACEMENT_3D('',#2623,#1327,#1328);
#1130=AXIS2_PLACEMENT_3D('',#2628,#1330,#1331);
#1131=AXIS2_PLACEMENT_3D('',#2767,#1335,#1336);
#1132=AXIS2_PLACEMENT_3D('',#2768,#1337,#1338);
#1133=AXIS2_PLACEMENT_3D('',#2772,#1340,#1341);
#1134=AXIS2_PLACEMENT_3D('',#2773,#1342,#1343);
#1135=AXIS2_PLACEMENT_3D('',#2774,#1344,#1345);
#1136=AXIS2_PLACEMENT_3D('',#2778,#1347,#1348);
#1137=AXIS2_PLACEMENT_3D('',#2864,#1352,#1353);
#1138=AXIS2_PLACEMENT_3D('',#2865,#1354,#1355);
#1139=AXIS2_PLACEMENT_3D('',#2870,#1357,#1358);
#1140=AXIS2_PLACEMENT_3D('',#2928,#1361,#1362);
#1141=AXIS2_PLACEMENT_3D('',#2929,#1363,#1364);
#1142=AXIS2_PLACEMENT_3D('',#2930,#1365,#1366);
#1143=AXIS2_PLACEMENT_3D('',#2932,#1367,#1368);
#1144=AXIS2_PLACEMENT_3D('',#2934,#1369,#1370);
#1145=AXIS2_PLACEMENT_3D('',#2935,#1371,#1372);
#1146=AXIS2_PLACEMENT_3D('',#2936,#1373,#1374);
#1147=AXIS2_PLACEMENT_3D('',#2937,#1375,#1376);
#1148=AXIS2_PLACEMENT_3D('',#2964,#1377,#1378);
#1149=AXIS2_PLACEMENT_3D('',#2965,#1379,#1380);
#1150=AXIS2_PLACEMENT_3D('',#2967,#1381,#1382);
#1151=AXIS2_PLACEMENT_3D('',#2969,#1383,#1384);
#1152=AXIS2_PLACEMENT_3D('',#3011,#1385,#1386);
#1153=AXIS2_PLACEMENT_3D('',#3012,#1387,#1388);
#1154=AXIS2_PLACEMENT_3D('',#3013,#1389,#1390);
#1155=AXIS2_PLACEMENT_3D('',#3096,#1391,#1392);
#1156=AXIS2_PLACEMENT_3D('',#3097,#1393,#1394);
#1157=AXIS2_PLACEMENT_3D('',#3098,#1395,#1396);
#1158=AXIS2_PLACEMENT_3D('',#3099,#1397,#1398);
#1159=AXIS2_PLACEMENT_3D('',#3100,#1399,#1400);
#1160=AXIS2_PLACEMENT_3D('',#3101,#1401,#1402);
#1161=AXIS2_PLACEMENT_3D('',#3102,#1403,#1404);
#1162=AXIS2_PLACEMENT_3D('',#3103,#1405,#1406);
#1163=AXIS2_PLACEMENT_3D('',#3154,#1407,#1408);
#1164=AXIS2_PLACEMENT_3D('',#3159,#1409,#1410);
#1165=AXIS2_PLACEMENT_3D('',#3160,#1411,#1412);
#1166=AXIS2_PLACEMENT_3D('',#3161,#1413,#1414);
#1167=AXIS2_PLACEMENT_3D('',#3166,#1415,#1416);
#1168=AXIS2_PLACEMENT_3D('',#3167,#1417,#1418);
#1169=AXIS2_PLACEMENT_3D('',#3184,#1419,#1420);
#1170=AXIS2_PLACEMENT_3D('',#3230,#1421,#1422);
#1171=AXIS2_PLACEMENT_3D('',#3231,#1423,#1424);
#1172=DIRECTION('',(0.,0.,1.));
#1173=DIRECTION('',(1.,0.,0.));
#1174=DIRECTION('',(0.,0.,1.));
#1175=DIRECTION('',(0.,0.,1.));
#1176=DIRECTION('',(0.,0.,1.));
#1177=DIRECTION('',(1.,0.,0.));
#1178=DIRECTION('',(0.,0.,1.));
#1179=DIRECTION('',(1.,0.,0.));
#1180=DIRECTION('',(0.,0.,1.));
#1181=DIRECTION('',(0.,0.,-1.));
#1182=DIRECTION('',(-1.,0.,0.));
#1183=DIRECTION('',(0.,0.,1.));
#1184=DIRECTION('',(1.,0.,0.));
#1185=DIRECTION('',(0.,0.,1.));
#1186=DIRECTION('',(1.,0.,0.));
#1187=DIRECTION('',(0.,0.,1.));
#1188=DIRECTION('',(0.,0.,-1.));
#1189=DIRECTION('',(-1.,0.,0.));
#1190=DIRECTION('',(0.,0.,1.));
#1191=DIRECTION('',(0.,0.,1.));
#1192=DIRECTION('',(1.,0.,0.));
#1193=DIRECTION('',(0.,0.,-1.));
#1194=DIRECTION('',(-1.,0.,0.));
#1195=DIRECTION('',(0.,0.,1.));
#1196=DIRECTION('',(0.,0.,1.));
#1197=DIRECTION('',(1.,0.,0.));
#1198=DIRECTION('',(0.,0.,1.));
#1199=DIRECTION('',(0.,0.,1.));
#1200=DIRECTION('',(0.,0.,1.));
#1201=DIRECTION('',(0.,0.,1.));
#1202=DIRECTION('',(1.,0.,0.));
#1203=DIRECTION('',(0.,0.,1.));
#1204=DIRECTION('',(1.,0.,0.));
#1205=DIRECTION('',(0.,0.,1.));
#1206=DIRECTION('',(0.,0.,-1.));
#1207=DIRECTION('',(-1.,0.,0.));
#1208=DIRECTION('',(0.,0.,1.));
#1209=DIRECTION('',(1.,0.,0.));
#1210=DIRECTION('',(0.,0.,-1.));
#1211=DIRECTION('',(-1.,0.,0.));
#1212=DIRECTION('',(0.,0.,1.));
#1213=DIRECTION('',(0.,0.,-1.));
#1214=DIRECTION('',(-1.,0.,0.));
#1215=DIRECTION('',(0.,0.,1.));
#1216=DIRECTION('',(0.,0.,1.));
#1217=DIRECTION('',(0.,0.,1.));
#1218=DIRECTION('',(0.,0.,1.));
#1219=DIRECTION('',(1.,0.,0.));
#1220=DIRECTION('',(0.,0.,1.));
#1221=DIRECTION('',(1.,0.,0.));
#1222=DIRECTION('',(0.,0.,1.));
#1223=DIRECTION('',(0.,0.,1.));
#1224=DIRECTION('',(1.,0.,0.));
#1225=DIRECTION('',(0.,0.,1.));
#1226=DIRECTION('',(0.,0.,1.));
#1227=DIRECTION('',(0.,0.,1.));
#1228=DIRECTION('',(1.,0.,0.));
#1229=DIRECTION('',(0.,0.,1.));
#1230=DIRECTION('',(1.,0.,0.));
#1231=DIRECTION('',(0.,0.,1.));
#1232=DIRECTION('',(1.,0.,0.));
#1233=DIRECTION('',(0.,0.,1.));
#1234=DIRECTION('',(1.,0.,0.));
#1235=DIRECTION('',(0.,0.,1.));
#1236=DIRECTION('',(1.,0.,0.));
#1237=DIRECTION('',(0.,0.,1.));
#1238=DIRECTION('',(1.,0.,0.));
#1239=DIRECTION('',(0.,0.,1.));
#1240=DIRECTION('',(1.,0.,0.));
#1241=DIRECTION('',(0.,0.,1.));
#1242=DIRECTION('',(1.,0.,0.));
#1243=DIRECTION('',(0.,0.,1.));
#1244=DIRECTION('',(1.,0.,0.));
#1245=DIRECTION('',(0.,0.,1.));
#1246=DIRECTION('',(1.,0.,0.));
#1247=DIRECTION('',(0.,0.,1.));
#1248=DIRECTION('',(1.,0.,0.));
#1249=DIRECTION('',(0.,0.,1.));
#1250=DIRECTION('',(1.,0.,0.));
#1251=DIRECTION('',(0.,0.,1.));
#1252=DIRECTION('',(1.,0.,0.));
#1253=DIRECTION('',(0.,0.,1.));
#1254=DIRECTION('',(1.,0.,0.));
#1255=DIRECTION('',(0.,0.,1.));
#1256=DIRECTION('',(1.,0.,0.));
#1257=DIRECTION('',(0.,0.,1.));
#1258=DIRECTION('',(1.,0.,0.));
#1259=DIRECTION('',(0.922131738255499,-0.386876023167489,0.));
#1260=DIRECTION('',(0.386876023167489,0.922131738255499,0.));
#1261=DIRECTION('',(0.99995824775914,-0.00913798328251378,-6.93860418953764E-15));
#1262=DIRECTION('',(0.00913798328251377,0.999958247759139,0.));
#1263=DIRECTION('',(0.,0.,1.));
#1264=DIRECTION('',(1.,0.,0.));
#1265=DIRECTION('',(0.,0.,1.));
#1266=DIRECTION('',(1.,0.,0.));
#1267=DIRECTION('',(-0.491728500901788,0.870748575307982,0.));
#1268=DIRECTION('',(-0.870748575307982,-0.491728500901788,0.));
#1269=DIRECTION('',(0.656246315285429,0.754546733923286,0.));
#1270=DIRECTION('',(-0.754546733923286,0.656246315285429,0.));
#1271=DIRECTION('',(0.,0.,1.));
#1272=DIRECTION('',(1.,0.,0.));
#1273=DIRECTION('',(0.,0.,1.));
#1274=DIRECTION('',(1.,0.,0.));
#1275=DIRECTION('',(0.,0.,1.));
#1276=DIRECTION('',(1.,0.,0.));
#1277=DIRECTION('',(0.884999273779722,-0.465592402654258,-1.00959258890099E-15));
#1278=DIRECTION('',(0.465592402654258,0.884999273779722,0.));
#1279=DIRECTION('',(0.,0.,1.));
#1280=DIRECTION('',(1.,0.,0.));
#1281=DIRECTION('',(0.,0.,1.));
#1282=DIRECTION('',(1.,0.,0.));
#1283=DIRECTION('',(0.,0.,1.));
#1284=DIRECTION('',(1.,0.,0.));
#1285=DIRECTION('',(0.789325042409133,-0.613975551162927,0.));
#1286=DIRECTION('',(0.613975551162927,0.789325042409133,0.));
#1287=DIRECTION('',(0.,0.,1.));
#1288=DIRECTION('',(1.,0.,0.));
#1289=DIRECTION('',(0.,0.,1.));
#1290=DIRECTION('',(1.,0.,0.));
#1291=DIRECTION('',(-0.884999273779722,0.465592402654258,-1.41342962446138E-15));
#1292=DIRECTION('',(-0.465592402654258,-0.884999273779722,0.));
#1293=DIRECTION('',(0.,0.,1.));
#1294=DIRECTION('',(1.,0.,0.));
#1295=DIRECTION('',(0.,0.,1.));
#1296=DIRECTION('',(1.,0.,0.));
#1297=DIRECTION('',(0.,0.,1.));
#1298=DIRECTION('',(1.,0.,0.));
#1299=DIRECTION('',(0.375547824453499,-0.605650200655363,-0.701535220779657));
#1300=DIRECTION('',(0.,0.756941020073239,-0.653483199577835));
#1301=DIRECTION('',(0.,0.,-1.));
#1302=DIRECTION('',(-1.,0.,0.));
#1303=DIRECTION('',(0.,0.,1.));
#1304=DIRECTION('',(1.,0.,0.));
#1305=DIRECTION('',(0.,0.,1.));
#1306=DIRECTION('',(1.,0.,0.));
#1307=DIRECTION('',(0.,0.,1.));
#1308=DIRECTION('',(1.,0.,0.));
#1309=DIRECTION('',(0.,0.,1.));
#1310=DIRECTION('',(0.,0.,1.));
#1311=DIRECTION('',(0.,0.,1.));
#1312=DIRECTION('',(1.,0.,0.));
#1313=DIRECTION('',(0.,0.,1.));
#1314=DIRECTION('',(1.,0.,0.));
#1315=DIRECTION('',(0.,0.,1.));
#1316=DIRECTION('',(0.,0.,1.));
#1317=DIRECTION('',(1.,0.,0.));
#1318=DIRECTION('',(0.,0.,1.));
#1319=DIRECTION('',(1.,0.,0.));
#1320=DIRECTION('',(0.,0.,1.));
#1321=DIRECTION('',(1.,0.,0.));
#1322=DIRECTION('',(0.,0.,1.));
#1323=DIRECTION('',(1.,0.,0.));
#1324=DIRECTION('',(0.,0.,1.));
#1325=DIRECTION('',(0.,0.,1.));
#1326=DIRECTION('',(1.,0.,0.));
#1327=DIRECTION('',(0.,0.,1.));
#1328=DIRECTION('',(1.,0.,0.));
#1329=DIRECTION('',(0.,0.,1.));
#1330=DIRECTION('',(0.,0.,1.));
#1331=DIRECTION('',(1.,0.,0.));
#1332=DIRECTION('',(0.,0.,1.));
#1333=DIRECTION('',(0.,0.,1.));
#1334=DIRECTION('',(0.,0.,1.));
#1335=DIRECTION('',(0.,0.,1.));
#1336=DIRECTION('',(1.,0.,0.));
#1337=DIRECTION('',(0.,0.,1.));
#1338=DIRECTION('',(1.,0.,0.));
#1339=DIRECTION('',(0.,0.,1.));
#1340=DIRECTION('',(0.,0.,1.));
#1341=DIRECTION('',(1.,0.,0.));
#1342=DIRECTION('',(0.,0.,1.));
#1343=DIRECTION('',(1.,0.,0.));
#1344=DIRECTION('',(0.,0.,1.));
#1345=DIRECTION('',(1.,0.,0.));
#1346=DIRECTION('',(0.,0.,1.));
#1347=DIRECTION('',(0.,0.,1.));
#1348=DIRECTION('',(1.,0.,0.));
#1349=DIRECTION('',(0.,0.,1.));
#1350=DIRECTION('',(0.,0.,1.));
#1351=DIRECTION('',(0.,0.,1.));
#1352=DIRECTION('',(0.,0.,1.));
#1353=DIRECTION('',(1.,0.,0.));
#1354=DIRECTION('',(0.,0.,1.));
#1355=DIRECTION('',(1.,0.,0.));
#1356=DIRECTION('',(0.,0.,1.));
#1357=DIRECTION('',(0.,0.,1.));
#1358=DIRECTION('',(1.,0.,0.));
#1359=DIRECTION('',(0.,0.,1.));
#1360=DIRECTION('',(0.,0.,1.));
#1361=DIRECTION('',(0.,0.,1.));
#1362=DIRECTION('',(1.,0.,0.));
#1363=DIRECTION('',(0.,0.,1.));
#1364=DIRECTION('',(1.,0.,0.));
#1365=DIRECTION('',(0.,0.,1.));
#1366=DIRECTION('',(1.,0.,0.));
#1367=DIRECTION('',(0.,0.,1.));
#1368=DIRECTION('',(1.,0.,0.));
#1369=DIRECTION('',(0.,0.,1.));
#1370=DIRECTION('',(1.,0.,0.));
#1371=DIRECTION('',(0.,0.,1.));
#1372=DIRECTION('',(1.,0.,0.));
#1373=DIRECTION('',(0.,0.,1.));
#1374=DIRECTION('',(1.,0.,0.));
#1375=DIRECTION('',(0.,0.,1.));
#1376=DIRECTION('',(1.,0.,0.));
#1377=DIRECTION('',(0.,0.,1.));
#1378=DIRECTION('',(1.,0.,0.));
#1379=DIRECTION('',(0.,0.,1.));
#1380=DIRECTION('',(1.,0.,0.));
#1381=DIRECTION('',(0.,0.,1.));
#1382=DIRECTION('',(1.,0.,0.));
#1383=DIRECTION('',(0.,0.,1.));
#1384=DIRECTION('',(1.,0.,0.));
#1385=DIRECTION('',(0.,0.,1.));
#1386=DIRECTION('',(1.,0.,0.));
#1387=DIRECTION('',(0.,0.,1.));
#1388=DIRECTION('',(1.,0.,0.));
#1389=DIRECTION('',(0.,0.,1.));
#1390=DIRECTION('',(1.,0.,0.));
#1391=DIRECTION('',(-0.99995824775914,0.00913798328250659,0.));
#1392=DIRECTION('',(-0.00913798328250659,-0.99995824775914,0.));
#1393=DIRECTION('',(0.922131738255499,-0.386876023167489,0.));
#1394=DIRECTION('',(0.386876023167489,0.922131738255499,0.));
#1395=DIRECTION('',(0.,0.,1.));
#1396=DIRECTION('',(1.,0.,0.));
#1397=DIRECTION('',(0.,0.,1.));
#1398=DIRECTION('',(1.,0.,0.));
#1399=DIRECTION('',(0.884999273779721,-0.46559240265426,0.));
#1400=DIRECTION('',(0.46559240265426,0.884999273779721,0.));
#1401=DIRECTION('',(0.,0.,1.));
#1402=DIRECTION('',(1.,0.,0.));
#1403=DIRECTION('',(0.,0.,1.));
#1404=DIRECTION('',(1.,0.,0.));
#1405=DIRECTION('',(0.,0.,1.));
#1406=DIRECTION('',(1.,0.,0.));
#1407=DIRECTION('',(0.,0.,1.));
#1408=DIRECTION('',(1.,0.,0.));
#1409=DIRECTION('',(0.,0.,1.));
#1410=DIRECTION('',(1.,0.,0.));
#1411=DIRECTION('',(0.884999273779721,-0.46559240265426,0.));
#1412=DIRECTION('',(0.46559240265426,0.884999273779721,0.));
#1413=DIRECTION('',(0.,0.,1.));
#1414=DIRECTION('',(1.,0.,0.));
#1415=DIRECTION('',(0.,0.,1.));
#1416=DIRECTION('',(1.,0.,0.));
#1417=DIRECTION('',(0.,0.,1.));
#1418=DIRECTION('',(1.,0.,0.));
#1419=DIRECTION('',(0.375547824453499,-0.605650200655363,-0.701535220779657));
#1420=DIRECTION('',(0.,0.756941020073239,-0.653483199577835));
#1421=DIRECTION('',(0.,0.,-1.));
#1422=DIRECTION('',(-1.,0.,0.));
#1423=DIRECTION('',(0.,0.,1.));
#1424=DIRECTION('',(1.,0.,0.));
#1425=CARTESIAN_POINT('',(0.,0.,0.));
#1426=CARTESIAN_POINT('',(0.0334382800657482,0.00376228279787807,-0.028));
#1427=CARTESIAN_POINT('',(0.0334382800657482,0.00376228279787807,0.02));
#1428=CARTESIAN_POINT('',(0.0335085007322407,0.00450496469985135,-0.028));
#1429=CARTESIAN_POINT('',(0.0335085007322407,0.00450496469985135,0.02));
#1430=CARTESIAN_POINT('',(0.0338394947575701,0.00589215939798747,-0.028));
#1431=CARTESIAN_POINT('',(0.0338394947575701,0.00589215939798747,0.02));
#1432=CARTESIAN_POINT('',(0.0348756147850787,0.00741987640896665,-0.028));
#1433=CARTESIAN_POINT('',(0.0348756147850787,0.00741987640896665,0.02));
#1434=CARTESIAN_POINT('',(0.0364175751519836,0.00814347343299019,-0.028));
#1435=CARTESIAN_POINT('',(0.0364175751519836,0.00814347343299019,0.02));
#1436=CARTESIAN_POINT('',(0.0384377456772664,0.00778557583110687,-0.028));
#1437=CARTESIAN_POINT('',(0.0384377456772664,0.00778557583110687,0.02));
#1438=CARTESIAN_POINT('',(0.0407714256720798,0.00664367295374356,-0.028));
#1439=CARTESIAN_POINT('',(0.0407714256720798,0.00664367295374356,0.02));
#1440=CARTESIAN_POINT('',(0.0432434287105086,0.00505071809339826,-0.028));
#1441=CARTESIAN_POINT('',(0.0432434287105086,0.00505071809339826,0.02));
#1442=CARTESIAN_POINT('',(0.0456906510653844,0.00332031761758175,-0.028));
#1443=CARTESIAN_POINT('',(0.0456906510653844,0.00332031761758175,0.02));
#1444=CARTESIAN_POINT('',(0.0486525945127104,0.00130409296036327,-0.028));
#1445=CARTESIAN_POINT('',(0.0486525945127104,0.00130409296036327,0.02));
#1446=CARTESIAN_POINT('',(0.0510625875240441,0.000113125608597435,-0.028));
#1447=CARTESIAN_POINT('',(0.0510625875240441,0.000113125608597435,0.02));
#1448=CARTESIAN_POINT('',(0.053783227324459,-0.000659314524971158,-0.028));
#1449=CARTESIAN_POINT('',(0.053783227324459,-0.000659314524971158,0.02));
#1450=CARTESIAN_POINT('',(0.056215232337831,-0.00111176251509768,-0.028));
#1451=CARTESIAN_POINT('',(0.056215232337831,-0.00111176251509768,0.02));
#1452=CARTESIAN_POINT('',(0.0590575064256647,-0.00149786656876222,-0.028));
#1453=CARTESIAN_POINT('',(0.0590575064256647,-0.00149786656876222,0.02));
#1454=CARTESIAN_POINT('',(0.0628351728897188,-0.00191199004725875,-0.028));
#1455=CARTESIAN_POINT('',(0.0628351728897188,-0.00191199004725875,0.02));
#1456=CARTESIAN_POINT('',(0.0651408074902584,-0.00211424176218923,-0.028));
#1457=CARTESIAN_POINT('',(0.0651408074902584,-0.00211424176218923,0.02));
#1458=CARTESIAN_POINT('',(0.0659634703302936,-0.00220156813279486,-0.028));
#1459=CARTESIAN_POINT('',(0.0659634703302936,-0.00220156813279486,0.02));
#1460=CARTESIAN_POINT('',(0.0659634703302936,-0.00220156813279486,0.));
#1461=CARTESIAN_POINT('',(0.0659634703302936,-0.00220156813279486,-0.028));
#1462=CARTESIAN_POINT('',(0.0659634703302936,-0.00220156813279486,0.02));
#1463=CARTESIAN_POINT('',(0.0659634703302936,-0.00220156813279486,-0.028));
#1464=CARTESIAN_POINT('',(0.0644208337103742,-0.00203781721023792,-0.028));
#1465=CARTESIAN_POINT('',(0.0613296584397687,-0.00176962840837852,-0.028));
#1466=CARTESIAN_POINT('',(0.0567048295363604,-0.00121386122410045,-0.028));
#1467=CARTESIAN_POINT('',(0.0528930488324023,-0.000518268571440359,-0.028));
#1468=CARTESIAN_POINT('',(0.050031004319092,0.000614403521034993,-0.028));
#1469=CARTESIAN_POINT('',(0.047976292855171,0.00177093325236497,-0.028));
#1470=CARTESIAN_POINT('',(0.0460288124546618,0.00308640195163248,-0.028));
#1471=CARTESIAN_POINT('',(0.0441062136824316,0.00444303672499605,-0.028));
#1472=CARTESIAN_POINT('',(0.0421616089680308,0.0057630662232446,-0.028));
#1473=CARTESIAN_POINT('',(0.040480382850121,0.00677739989344479,-0.028));
#1474=CARTESIAN_POINT('',(0.0390605932402158,0.00745857971785795,-0.028));
#1475=CARTESIAN_POINT('',(0.037957974061772,0.00785284176026817,-0.028));
#1476=CARTESIAN_POINT('',(0.0367687919380026,0.00805479428473879,-0.028));
#1477=CARTESIAN_POINT('',(0.0355850916491586,0.00780374569265872,-0.028));
#1478=CARTESIAN_POINT('',(0.03463413070659,0.00706091396940945,-0.028));
#1479=CARTESIAN_POINT('',(0.0337815425716242,0.00571576803842336,-0.028));
#1480=CARTESIAN_POINT('',(0.0335126751639688,0.00454911516224848,-0.028));
#1481=CARTESIAN_POINT('',(0.0334382800657482,0.00376228279787807,-0.028));
#1482=CARTESIAN_POINT('',(0.0334382800657482,0.0037622827978781,-0.028));
#1483=CARTESIAN_POINT('',(0.0334382800657482,0.0037622827978781,0.));
#1484=CARTESIAN_POINT('',(0.0334382800657482,0.0037622827978781,0.02));
#1485=CARTESIAN_POINT('',(0.0334382800657482,0.00376228279787807,0.02));
#1486=CARTESIAN_POINT('',(0.0336533893432129,0.00603736469754418,0.02));
#1487=CARTESIAN_POINT('',(0.0364380365338191,0.0105892636272773,0.02));
#1488=CARTESIAN_POINT('',(0.0476984102908927,0.00134919888451934,0.02));
#1489=CARTESIAN_POINT('',(0.0542854153589938,-0.00121905519521486,0.02));
#1490=CARTESIAN_POINT('',(0.0641696688603237,-0.00201115455831905,0.02));
#1491=CARTESIAN_POINT('',(0.0659634703302936,-0.00220156813279486,0.02));
#1492=CARTESIAN_POINT('',(0.0280636255921297,-0.0087835765877487,0.));
#1493=CARTESIAN_POINT('',(0.0280636255921297,-0.0087835765877487,-0.028));
#1494=CARTESIAN_POINT('',(0.0244430654944805,0.00437609829478617,-0.028));
#1495=CARTESIAN_POINT('',(0.0244430654944805,0.00437609829478618,0.));
#1496=CARTESIAN_POINT('',(0.0244430654944805,0.00437609829478618,0.02));
#1497=CARTESIAN_POINT('',(0.0280636255921297,-0.0087835765877487,0.02));
#1498=CARTESIAN_POINT('',(0.0289448689541635,-0.00118125132794482,0.));
#1499=CARTESIAN_POINT('',(0.0289448689541635,-0.00118125132794482,-0.0281));
#1500=CARTESIAN_POINT('',(0.0233879870294266,0.00365169423213176,-0.0281));
#1501=CARTESIAN_POINT('',(0.0225322151030751,-0.00480260053759757,-0.0281));
#1502=CARTESIAN_POINT('',(0.0225322151030751,-0.00480260053759757,0.));
#1503=CARTESIAN_POINT('',(0.0225322151030751,-0.00480260053759757,0.02));
#1504=CARTESIAN_POINT('',(0.0289448689541635,-0.00118125132794482,0.02));
#1505=CARTESIAN_POINT('',(0.0235570562300269,0.00383948303684318,0.02));
#1506=CARTESIAN_POINT('',(0.0235570562300269,0.00383948303684318,0.));
#1507=CARTESIAN_POINT('',(0.0235570562300269,0.00383948303684318,-0.028));
#1508=CARTESIAN_POINT('',(0.0235570562300269,0.00383948303684318,-0.028));
#1509=CARTESIAN_POINT('',(0.0235570562300269,0.00383948303684318,-0.0280493453678854));
#1510=CARTESIAN_POINT('',(0.023477538135864,0.00375372287017935,-0.0280895877774253));
#1511=CARTESIAN_POINT('',(0.023419729903936,0.00368819193387652,-0.0281));
#1512=CARTESIAN_POINT('',(0.0233879870294266,0.00365169423213176,-0.0281));
#1513=CARTESIAN_POINT('',(0.025874396789793,-0.0127552018824839,0.));
#1514=CARTESIAN_POINT('',(0.025874396789793,-0.0127552018824839,0.02));
#1515=CARTESIAN_POINT('',(0.0200099629632114,-0.0156465085247357,0.02));
#1516=CARTESIAN_POINT('',(0.0219606500150703,-0.00751747103895714,0.02));
#1517=CARTESIAN_POINT('',(0.0219606500150703,-0.00751747103895714,0.));
#1518=CARTESIAN_POINT('',(0.0219606500150703,-0.00751747103895714,-0.0279));
#1519=CARTESIAN_POINT('',(0.025874396789793,-0.0127552018824839,-0.0279));
#1520=CARTESIAN_POINT('',(0.0200099629632114,-0.0156465085247357,-0.0279));
#1521=CARTESIAN_POINT('',(0.0200099629632114,-0.0156465085247357,0.));
#1522=CARTESIAN_POINT('',(0.0201087497739818,-0.0158245546944574,-0.028));
#1523=CARTESIAN_POINT('',(0.0201087497739818,-0.0158245546944574,0.02));
#1524=CARTESIAN_POINT('',(0.0204282795430677,-0.0163398639471311,-0.028));
#1525=CARTESIAN_POINT('',(0.0204282795430677,-0.0163398639471311,0.02));
#1526=CARTESIAN_POINT('',(0.0209851132803823,-0.0171294859881002,-0.028));
#1527=CARTESIAN_POINT('',(0.0209851132803823,-0.0171294859881002,0.02));
#1528=CARTESIAN_POINT('',(0.021715412988581,-0.0178056633813746,-0.028));
#1529=CARTESIAN_POINT('',(0.021715412988581,-0.0178056633813746,0.02));
#1530=CARTESIAN_POINT('',(0.0224917292265082,-0.0182201783093,-0.028));
#1531=CARTESIAN_POINT('',(0.0224917292265082,-0.0182201783093,0.02));
#1532=CARTESIAN_POINT('',(0.0234281548697872,-0.0184900496492611,-0.028));
#1533=CARTESIAN_POINT('',(0.0234281548697872,-0.0184900496492611,0.02));
#1534=CARTESIAN_POINT('',(0.0246009938333974,-0.0185168466418708,-0.028));
#1535=CARTESIAN_POINT('',(0.0246009938333974,-0.0185168466418708,0.02));
#1536=CARTESIAN_POINT('',(0.0260455777065705,-0.0182822969491209,-0.028));
#1537=CARTESIAN_POINT('',(0.0260455777065705,-0.0182822969491209,0.02));
#1538=CARTESIAN_POINT('',(0.0269877609116104,-0.0182729502877913,-0.028));
#1539=CARTESIAN_POINT('',(0.0269877609116104,-0.0182729502877913,0.02));
#1540=CARTESIAN_POINT('',(0.0272966378984031,-0.0186155132069598,-0.028));
#1541=CARTESIAN_POINT('',(0.0272966378984031,-0.0186155132069598,0.02));
#1542=CARTESIAN_POINT('',(0.0272560267118091,-0.019239977482013,-0.028));
#1543=CARTESIAN_POINT('',(0.0272560267118091,-0.019239977482013,0.02));
#1544=CARTESIAN_POINT('',(0.0267834152952898,-0.020401057552749,-0.028));
#1545=CARTESIAN_POINT('',(0.0267834152952898,-0.020401057552749,0.02));
#1546=CARTESIAN_POINT('',(0.0262638357908428,-0.0217509708639125,-0.028));
#1547=CARTESIAN_POINT('',(0.0262638357908428,-0.0217509708639125,0.02));
#1548=CARTESIAN_POINT('',(0.026140432162277,-0.0227460974518925,-0.028));
#1549=CARTESIAN_POINT('',(0.026140432162277,-0.0227460974518925,0.02));
#1550=CARTESIAN_POINT('',(0.0263065061083451,-0.0236244638225841,-0.028));
#1551=CARTESIAN_POINT('',(0.0263065061083451,-0.0236244638225841,0.02));
#1552=CARTESIAN_POINT('',(0.0269418757779692,-0.0245193753277325,-0.028));
#1553=CARTESIAN_POINT('',(0.0269418757779692,-0.0245193753277325,0.02));
#1554=CARTESIAN_POINT('',(0.0280882479245038,-0.0252972531992235,-0.028));
#1555=CARTESIAN_POINT('',(0.0280882479245038,-0.0252972531992235,0.02));
#1556=CARTESIAN_POINT('',(0.0292661998976906,-0.0258096754894856,-0.028));
#1557=CARTESIAN_POINT('',(0.0292661998976906,-0.0258096754894856,0.02));
#1558=CARTESIAN_POINT('',(0.0304278101901065,-0.0260919031045558,-0.028));
#1559=CARTESIAN_POINT('',(0.0304278101901065,-0.0260919031045558,0.02));
#1560=CARTESIAN_POINT('',(0.0312301439025613,-0.0261514812387644,-0.028));
#1561=CARTESIAN_POINT('',(0.0312301439025613,-0.0261514812387644,0.02));
#1562=CARTESIAN_POINT('',(0.0316432909272683,-0.0261552567270045,-0.028));
#1563=CARTESIAN_POINT('',(0.0316432909272683,-0.0261552567270045,0.02));
#1564=CARTESIAN_POINT('',(0.0200589215061482,-0.0157437609719449,0.02));
#1565=CARTESIAN_POINT('',(0.0209176259658839,-0.0171434958614428,0.02));
#1566=CARTESIAN_POINT('',(0.021966875158774,-0.018147659997326,0.02));
#1567=CARTESIAN_POINT('',(0.0243150157555083,-0.0187467182071127,0.02));
#1568=CARTESIAN_POINT('',(0.028651506839862,-0.017606852593382,0.02));
#1569=CARTESIAN_POINT('',(0.0249240222348362,-0.0230381628717751,0.02));
#1570=CARTESIAN_POINT('',(0.0284119039407006,-0.0257307445167014,0.02));
#1571=CARTESIAN_POINT('',(0.030517360481539,-0.0261449675638186,0.02));
#1572=CARTESIAN_POINT('',(0.0316432909272683,-0.0261552567270045,0.02));
#1573=CARTESIAN_POINT('',(0.0201087497739832,-0.0158245546944597,0.02));
#1574=CARTESIAN_POINT('',(0.0316432909272683,-0.0261552567270045,0.02));
#1575=CARTESIAN_POINT('',(0.0201087497739846,-0.015824554694462,0.02));
#1576=CARTESIAN_POINT('',(0.0201087497739846,-0.015824554694462,-0.0279095777767057));
#1577=CARTESIAN_POINT('',(0.0201087497739846,-0.015824554694462,-0.0279095777767058));
#1578=CARTESIAN_POINT('',(0.0201231956295272,-0.0158478516881823,-0.0279337558449871));
#1579=CARTESIAN_POINT('',(0.0201632647544946,-0.0159121539555459,-0.0279387474139193));
#1580=CARTESIAN_POINT('',(0.0202373032815831,-0.0160292929246797,-0.02795947975287));
#1581=CARTESIAN_POINT('',(0.0203728851004784,-0.0162394625250377,-0.0279695535496882));
#1582=CARTESIAN_POINT('',(0.020571681345368,-0.016532909392038,-0.0279740915225884));
#1583=CARTESIAN_POINT('',(0.0208244363694744,-0.0168747133505062,-0.0279670094563612));
#1584=CARTESIAN_POINT('',(0.0211859677255645,-0.0173096705223884,-0.0279493564776429));
#1585=CARTESIAN_POINT('',(0.0217107901479912,-0.0177980720430711,-0.0279626460977358));
#1586=CARTESIAN_POINT('',(0.0222121511751399,-0.0180678728801374,-0.028));
#1587=CARTESIAN_POINT('',(0.0224755409435249,-0.0181783768156473,-0.028));
#1588=CARTESIAN_POINT('',(0.0224755409435248,-0.0181783768156472,-0.028));
#1589=CARTESIAN_POINT('',(0.0224755409435247,-0.0181783768156472,-0.028));
#1590=CARTESIAN_POINT('',(0.0227873667256304,-0.0183092018523501,-0.028));
#1591=CARTESIAN_POINT('',(0.0234449619969255,-0.0184873330119314,-0.028));
#1592=CARTESIAN_POINT('',(0.0244662300868472,-0.0185133392646026,-0.028));
#1593=CARTESIAN_POINT('',(0.0253052307073373,-0.018398408868476,-0.028));
#1594=CARTESIAN_POINT('',(0.0259776637065868,-0.0183169023107301,-0.028));
#1595=CARTESIAN_POINT('',(0.0263983983979233,-0.0182863878251951,-0.028));
#1596=CARTESIAN_POINT('',(0.0267380821515505,-0.0183033348545298,-0.028));
#1597=CARTESIAN_POINT('',(0.0269917255858251,-0.0183535816044497,-0.028));
#1598=CARTESIAN_POINT('',(0.0272202863800339,-0.0185020504246974,-0.028));
#1599=CARTESIAN_POINT('',(0.0272859231559779,-0.0187640523521227,-0.028));
#1600=CARTESIAN_POINT('',(0.0272604048785949,-0.019018759190326,-0.028));
#1601=CARTESIAN_POINT('',(0.0271830743550418,-0.0193529492484222,-0.028));
#1602=CARTESIAN_POINT('',(0.0270435633166613,-0.0197545121921025,-0.028));
#1603=CARTESIAN_POINT('',(0.0268573281615676,-0.0202298140809916,-0.028));
#1604=CARTESIAN_POINT('',(0.0266049745752075,-0.0208624817938808,-0.028));
#1605=CARTESIAN_POINT('',(0.0263168486504349,-0.0216597133381794,-0.028));
#1606=CARTESIAN_POINT('',(0.0261012654053962,-0.022669537621813,-0.028));
#1607=CARTESIAN_POINT('',(0.026333530736235,-0.023691171821258,-0.028));
#1608=CARTESIAN_POINT('',(0.0269811316540064,-0.024508998648505,-0.028));
#1609=CARTESIAN_POINT('',(0.0280575411436525,-0.0253024084916246,-0.028));
#1610=CARTESIAN_POINT('',(0.0296435725899133,-0.0259906265486622,-0.028));
#1611=CARTESIAN_POINT('',(0.0309669301159626,-0.0261490758951543,-0.028));
#1612=CARTESIAN_POINT('',(0.0316432909272683,-0.0261552567270045,-0.028));
#1613=CARTESIAN_POINT('',(0.0316432909272683,-0.0261552567270045,-0.028));
#1614=CARTESIAN_POINT('',(0.0316432909272683,-0.0261552567270045,0.));
#1615=CARTESIAN_POINT('',(0.0318267132965664,-0.00608357292842953,0.));
#1616=CARTESIAN_POINT('',(0.0318267132965664,-0.00608357292842953,-0.028));
#1617=CARTESIAN_POINT('',(0.0381033620832186,-0.0251495062726054,-0.028));
#1618=CARTESIAN_POINT('',(0.0381033620832186,-0.0251495062726054,0.));
#1619=CARTESIAN_POINT('',(0.0381033620832186,-0.0251495062726054,0.02));
#1620=CARTESIAN_POINT('',(0.0318267132965664,-0.00608357292842953,0.02));
#1621=CARTESIAN_POINT('',(0.0405950760734997,-0.00393158969066952,0.));
#1622=CARTESIAN_POINT('',(0.0381033620832186,-0.0251495062726054,-0.028));
#1623=CARTESIAN_POINT('',(0.0381033620832186,-0.0251495062726054,-0.0282349359460238));
#1624=CARTESIAN_POINT('',(0.0378974159981,-0.0251258861568584,-0.0286736499537727));
#1625=CARTESIAN_POINT('',(0.0371715352694183,-0.0250257462848288,-0.0292574976293133));
#1626=CARTESIAN_POINT('',(0.0361066615191699,-0.0248327863469034,-0.0296823857729148));
#1627=CARTESIAN_POINT('',(0.034799697234001,-0.0245092180391239,-0.0299453441100117));
#1628=CARTESIAN_POINT('',(0.0339250119759931,-0.0242326051323622,-0.03));
#1629=CARTESIAN_POINT('',(0.0334904150471911,-0.0240793541916905,-0.03));
#1630=CARTESIAN_POINT('',(0.0334904150471911,-0.0240793541916905,-0.03));
#1631=CARTESIAN_POINT('',(0.0405950760734997,-0.00393158969066952,-0.03));
#1632=CARTESIAN_POINT('',(0.0527533557635773,-0.0214981732419807,-0.03));
#1633=CARTESIAN_POINT('',(0.0527533557635773,-0.0214981732419807,0.));
#1634=CARTESIAN_POINT('',(0.0527533557635773,-0.0214981732419807,0.02));
#1635=CARTESIAN_POINT('',(0.0405950760734997,-0.00393158969066952,0.02));
#1636=CARTESIAN_POINT('',(0.0737415587759458,-0.024545104306372,-0.03));
#1637=CARTESIAN_POINT('',(0.0737415587759458,-0.024545104306372,0.02));
#1638=CARTESIAN_POINT('',(0.072086901134596,-0.0238835391257325,-0.03));
#1639=CARTESIAN_POINT('',(0.072086901134596,-0.0238835391257325,0.02));
#1640=CARTESIAN_POINT('',(0.0686619423716801,-0.0225288824444025,-0.03));
#1641=CARTESIAN_POINT('',(0.0686619423716801,-0.0225288824444025,0.02));
#1642=CARTESIAN_POINT('',(0.0634638232753597,-0.0212364683615809,-0.03));
#1643=CARTESIAN_POINT('',(0.0634638232753597,-0.0212364683615809,0.02));
#1644=CARTESIAN_POINT('',(0.0581612306893321,-0.0207573523631308,-0.03));
#1645=CARTESIAN_POINT('',(0.0581612306893321,-0.0207573523631308,0.02));
#1646=CARTESIAN_POINT('',(0.0545662104388758,-0.0211188847219175,-0.03));
#1647=CARTESIAN_POINT('',(0.0545662104388758,-0.0211188847219175,0.02));
#1648=CARTESIAN_POINT('',(0.0527533557635783,-0.02149817324198,-0.03));
#1649=CARTESIAN_POINT('',(0.0527533557635783,-0.02149817324198,0.02));
#1650=CARTESIAN_POINT('',(0.0737415587759458,-0.024545104306372,-0.03));
#1651=CARTESIAN_POINT('',(0.07276005872581,-0.0241526809785856,-0.03));
#1652=CARTESIAN_POINT('',(0.0659749040834892,-0.0214014407344888,-0.03));
#1653=CARTESIAN_POINT('',(0.0589294360320748,-0.0202060032866355,-0.03));
#1654=CARTESIAN_POINT('',(0.0527533557635783,-0.02149817324198,-0.03));
#1655=CARTESIAN_POINT('',(0.0737415587759458,-0.024545104306372,-0.03));
#1656=CARTESIAN_POINT('',(0.0737415587759458,-0.024545104306372,0.));
#1657=CARTESIAN_POINT('',(0.0737415587759458,-0.024545104306372,0.02));
#1658=CARTESIAN_POINT('',(0.0737415587759458,-0.024545104306372,0.02));
#1659=CARTESIAN_POINT('',(0.07276005872581,-0.0241526809785856,0.02));
#1660=CARTESIAN_POINT('',(0.0659749040834892,-0.0214014407344888,0.02));
#1661=CARTESIAN_POINT('',(0.0589294360320748,-0.0202060032866355,0.02));
#1662=CARTESIAN_POINT('',(0.0527533557635783,-0.02149817324198,0.02));
#1663=CARTESIAN_POINT('',(0.0832979550811361,-0.0251210823183424,-0.03));
#1664=CARTESIAN_POINT('',(0.0832979550811361,-0.0251210823183424,0.02));
#1665=CARTESIAN_POINT('',(0.0796570986705923,-0.0248074863357216,-0.03));
#1666=CARTESIAN_POINT('',(0.0796570986705923,-0.0248074863357216,0.02));
#1667=CARTESIAN_POINT('',(0.0768304595766854,-0.0246998610829288,-0.03));
#1668=CARTESIAN_POINT('',(0.0768304595766854,-0.0246998610829288,0.02));
#1669=CARTESIAN_POINT('',(0.0737415587990937,-0.0245451043156269,-0.03));
#1670=CARTESIAN_POINT('',(0.0737415587990937,-0.0245451043156269,0.02));
#1671=CARTESIAN_POINT('',(0.0832979550811361,-0.0251210823183424,-0.03));
#1672=CARTESIAN_POINT('',(0.0796570986705923,-0.0248074863357217,-0.03));
#1673=CARTESIAN_POINT('',(0.0768304595766854,-0.0246998610829289,-0.03));
#1674=CARTESIAN_POINT('',(0.0737415587990937,-0.0245451043156269,-0.03));
#1675=CARTESIAN_POINT('',(0.0832979550811134,-0.0251210823183706,-0.03));
#1676=CARTESIAN_POINT('',(0.0832979550811134,-0.0251210823183706,0.));
#1677=CARTESIAN_POINT('',(0.0832979550811134,-0.0251210823183706,0.02));
#1678=CARTESIAN_POINT('',(0.0832979550811361,-0.0251210823183424,0.02));
#1679=CARTESIAN_POINT('',(0.0796570986705923,-0.0248074863357217,0.02));
#1680=CARTESIAN_POINT('',(0.0768304595766854,-0.0246998610829289,0.02));
#1681=CARTESIAN_POINT('',(0.0737415587990937,-0.0245451043156269,0.02));
#1682=CARTESIAN_POINT('',(0.0990480017970151,-0.0273103411960072,-0.03));
#1683=CARTESIAN_POINT('',(0.0990480017970151,-0.0273103411960072,0.02));
#1684=CARTESIAN_POINT('',(0.093419417150931,-0.026195707991821,-0.03));
#1685=CARTESIAN_POINT('',(0.093419417150931,-0.026195707991821,0.02));
#1686=CARTESIAN_POINT('',(0.0877427981606693,-0.0255039276645868,-0.03));
#1687=CARTESIAN_POINT('',(0.0877427981606693,-0.0255039276645868,0.02));
#1688=CARTESIAN_POINT('',(0.0832979550811361,-0.0251210823183424,-0.03));
#1689=CARTESIAN_POINT('',(0.0832979550811361,-0.0251210823183424,0.02));
#1690=CARTESIAN_POINT('',(0.101382009353355,-0.0277984385068386,-0.03));
#1691=CARTESIAN_POINT('',(0.0950484280158185,-0.0264004289312743,-0.03));
#1692=CARTESIAN_POINT('',(0.0883920309433008,-0.025561162137275,-0.03));
#1693=CARTESIAN_POINT('',(0.0833233003884243,-0.0251232653724505,-0.03));
#1694=CARTESIAN_POINT('',(0.0832979550811361,-0.0251210823183424,-0.03));
#1695=CARTESIAN_POINT('',(0.0990480017970151,-0.0273103411960072,-0.03));
#1696=CARTESIAN_POINT('',(0.0990480017970125,-0.0273103411960067,-0.03));
#1697=CARTESIAN_POINT('',(0.0990480017970125,-0.0273103411960067,0.02));
#1698=CARTESIAN_POINT('',(0.101382009353355,-0.0277984385068386,0.02));
#1699=CARTESIAN_POINT('',(0.0950484280158185,-0.0264004289312743,0.02));
#1700=CARTESIAN_POINT('',(0.0883920309433008,-0.025561162137275,0.02));
#1701=CARTESIAN_POINT('',(0.0833233003884243,-0.0251232653724505,0.02));
#1702=CARTESIAN_POINT('',(0.0832979550811361,-0.0251210823183424,0.02));
#1703=CARTESIAN_POINT('',(0.0770637271304447,-0.0260234718989852,0.));
#1704=CARTESIAN_POINT('',(0.0770637271304447,-0.0260234718989852,-0.028));
#1705=CARTESIAN_POINT('',(0.101435608880593,-0.0252881238936848,-0.028));
#1706=CARTESIAN_POINT('',(0.0884162539645557,-0.00444455878425862,-0.028));
#1707=CARTESIAN_POINT('',(0.0884162539645557,-0.00444455878425863,0.));
#1708=CARTESIAN_POINT('',(0.0884162539645557,-0.00444455878425862,0.018));
#1709=CARTESIAN_POINT('',(0.0770637271304447,-0.0260234718989852,0.018));
#1710=CARTESIAN_POINT('',(0.101435608880593,-0.0252881238936848,0.018));
#1711=CARTESIAN_POINT('',(0.101435608880593,-0.0252881238936848,0.));
#1712=CARTESIAN_POINT('',(0.0659634703302936,-0.00220156813279486,-0.028));
#1713=CARTESIAN_POINT('',(0.0659634703302936,-0.00220156813279486,0.02));
#1714=CARTESIAN_POINT('',(0.0740222365884454,-0.00299683571295482,-0.028));
#1715=CARTESIAN_POINT('',(0.0740222365884454,-0.00299683571295482,0.02));
#1716=CARTESIAN_POINT('',(0.0855371859172667,-0.00224456995720407,-0.028));
#1717=CARTESIAN_POINT('',(0.0855371859172667,-0.00224456995720407,0.02));
#1718=CARTESIAN_POINT('',(0.0881194876682423,-0.00425321032206498,-0.028));
#1719=CARTESIAN_POINT('',(0.0881194876682423,-0.00425321032206498,0.02));
#1720=CARTESIAN_POINT('',(0.0659634703302936,-0.00220156813279486,0.02));
#1721=CARTESIAN_POINT('',(0.0741488074915707,-0.00300932617770124,0.02));
#1722=CARTESIAN_POINT('',(0.0858997458425098,-0.00222055805754677,0.02));
#1723=CARTESIAN_POINT('',(0.0882345020208846,-0.0043499132368908,0.02));
#1724=CARTESIAN_POINT('',(0.0853979442921672,-0.0033081952820372,0.02));
#1725=CARTESIAN_POINT('',(0.0853979442921724,-0.00330819528203812,0.02));
#1726=CARTESIAN_POINT('',(0.0860071020946618,-0.00341656180333666,0.02));
#1727=CARTESIAN_POINT('',(0.087145779477371,-0.00369416079629262,0.0194734616189253));
#1728=CARTESIAN_POINT('',(0.087839717140321,-0.00403559114759447,0.0184953086223576));
#1729=CARTESIAN_POINT('',(0.0881194876677947,-0.00425321032171684,0.018));
#1730=CARTESIAN_POINT('',(0.0881194876677947,-0.00425321032171683,0.018));
#1731=CARTESIAN_POINT('',(0.0881194876677947,-0.00425321032171683,0.018));
#1732=CARTESIAN_POINT('',(0.0881194876677947,-0.00425321032171683,-0.028));
#1733=CARTESIAN_POINT('',(0.0881194876677947,-0.00425321032171683,-0.028));
#1734=CARTESIAN_POINT('',(0.0877447838149297,-0.00396174737280749,-0.028));
#1735=CARTESIAN_POINT('',(0.0868578252742318,-0.00361526251350286,-0.028));
#1736=CARTESIAN_POINT('',(0.0854991517103157,-0.0033073951831922,-0.028));
#1737=CARTESIAN_POINT('',(0.0841162960831383,-0.00310974434647746,-0.028));
#1738=CARTESIAN_POINT('',(0.0822576192253877,-0.00292747376382568,-0.028));
#1739=CARTESIAN_POINT('',(0.0799310550069115,-0.00279654129373656,-0.028));
#1740=CARTESIAN_POINT('',(0.0771360008455104,-0.00270327911355293,-0.028));
#1741=CARTESIAN_POINT('',(0.0743399926788641,-0.00263227299425149,-0.028));
#1742=CARTESIAN_POINT('',(0.0706131040817254,-0.0025224300239193,-0.028));
#1743=CARTESIAN_POINT('',(0.0678182445055934,-0.00238460381380146,-0.028));
#1744=CARTESIAN_POINT('',(0.0659634703302936,-0.00220156813279486,-0.028));
#1745=CARTESIAN_POINT('',(0.0603913267490106,-0.00986664857903969,0.02));
#1746=CARTESIAN_POINT('',(0.0218934864324195,-0.0147178862436427,0.02));
#1747=CARTESIAN_POINT('',(0.0994365186080804,-0.0253484404116861,0.02));
#1748=CARTESIAN_POINT('',(0.0994074619070213,-0.0273482293275778,0.02));
#1749=CARTESIAN_POINT('',(0.0770637271304447,-0.0260234718989852,0.02));
#1750=CARTESIAN_POINT('',(0.0874850691592472,-0.00621455733181808,0.02));
#1751=CARTESIAN_POINT('',(0.0893474387698642,-0.00267456023669918,0.02));
#1752=CARTESIAN_POINT('',(0.0249470762886126,0.00254416676784572,0.02));
#1753=CARTESIAN_POINT('',(0.0207036430949284,-0.00583523038949133,0.02));
#1754=CARTESIAN_POINT('',(0.0603913267490106,-0.00986664857903969,-0.03));
#1755=CARTESIAN_POINT('',(0.025874396789793,-0.0127552018824839,-0.03));
#1756=CARTESIAN_POINT('',(0.0232492929898598,-0.0163341133391364,-0.03));
#1757=CARTESIAN_POINT('',(0.0232176569352123,-0.00919971168842296,-0.03));
#1758=CARTESIAN_POINT('',(0.0232176569352123,-0.00919971168842296,-0.03));
#1759=CARTESIAN_POINT('',(0.0237091850271104,-0.00883243108745795,-0.03));
#1760=CARTESIAN_POINT('',(0.0240263217927104,-0.00842798699831869,-0.03));
#1761=CARTESIAN_POINT('',(0.0244922399650619,-0.00759490597969688,-0.03));
#1762=CARTESIAN_POINT('',(0.0246352717182673,-0.00716225564865986,-0.03));
#1763=CARTESIAN_POINT('',(0.0247802268987754,-0.00627130856491293,-0.03));
#1764=CARTESIAN_POINT('',(0.0247817965372134,-0.00581294751137379,-0.03));
#1765=CARTESIAN_POINT('',(0.0246269184442565,-0.00486703684550574,-0.03));
#1766=CARTESIAN_POINT('',(0.0244746797807434,-0.00437837943925555,-0.03));
#1767=CARTESIAN_POINT('',(0.0241866373961603,-0.00386831638588417,-0.03));
#1768=CARTESIAN_POINT('',(0.0241866373961603,-0.00386831638588417,-0.03));
#1769=CARTESIAN_POINT('',(0.0289448689541635,-0.00118125132794482,-0.03));
#1770=CARTESIAN_POINT('',(0.0248216258238808,0.00240482623308945,-0.03));
#1771=CARTESIAN_POINT('',(0.0280636255921297,-0.0087835765877487,-0.03));
#1772=CARTESIAN_POINT('',(0.0351361284125948,0.000472266109336078,-0.03));
#1773=CARTESIAN_POINT('',(0.0351361284125948,0.000472266109336078,-0.03));
#1774=CARTESIAN_POINT('',(0.0351726454006619,0.000858484405269896,-0.03));
#1775=CARTESIAN_POINT('',(0.0352437739335255,0.00163089814020575,-0.03));
#1776=CARTESIAN_POINT('',(0.0353618993924455,0.00278965588420021,-0.03));
#1777=CARTESIAN_POINT('',(0.0354400105426794,0.00394793363262733,-0.03));
#1778=CARTESIAN_POINT('',(0.0356855892012992,0.00490763838060261,-0.03));
#1779=CARTESIAN_POINT('',(0.0360617498587227,0.00559869738905739,-0.03));
#1780=CARTESIAN_POINT('',(0.0365256870827237,0.00602291098417741,-0.03));
#1781=CARTESIAN_POINT('',(0.0371538192140167,0.00596444978288269,-0.03));
#1782=CARTESIAN_POINT('',(0.0377201439145946,0.00581400868619442,-0.03));
#1783=CARTESIAN_POINT('',(0.0382712560844784,0.00560553729478058,-0.03));
#1784=CARTESIAN_POINT('',(0.0389857943530305,0.00528159690770641,-0.03));
#1785=CARTESIAN_POINT('',(0.0398542351679181,0.00481408392814409,-0.03));
#1786=CARTESIAN_POINT('',(0.0408592664930272,0.00420368052092589,-0.03));
#1787=CARTESIAN_POINT('',(0.0421721746605356,0.0033459386509867,-0.03));
#1788=CARTESIAN_POINT('',(0.0437814284437776,0.00222560539223561,-0.03));
#1789=CARTESIAN_POINT('',(0.0457069869024777,0.00087410350281041,-0.03));
#1790=CARTESIAN_POINT('',(0.0476916333072335,-0.000393464872071461,-0.03));
#1791=CARTESIAN_POINT('',(0.0497788911268582,-0.00146496396806082,-0.03));
#1792=CARTESIAN_POINT('',(0.0526686236091837,-0.00251091415546402,-0.03));
#1793=CARTESIAN_POINT('',(0.0564861291053974,-0.00320285461891517,-0.03));
#1794=CARTESIAN_POINT('',(0.0611181545957374,-0.00375813641445422,-0.03));
#1795=CARTESIAN_POINT('',(0.0642143102024565,-0.00402712971667953,-0.03));
#1796=CARTESIAN_POINT('',(0.0657597032231998,-0.00419117451983973,-0.03));
#1797=CARTESIAN_POINT('',(0.0657597032231998,-0.00419117451983973,-0.03));
#1798=CARTESIAN_POINT('',(0.0657597032231998,-0.00419117451983958,-0.03));
#1799=CARTESIAN_POINT('',(0.0675224404730165,-0.00436512767125424,-0.03));
#1800=CARTESIAN_POINT('',(0.0701757576031902,-0.00450564058342942,-0.03));
#1801=CARTESIAN_POINT('',(0.0737193460815032,-0.00461647614002643,-0.03));
#1802=CARTESIAN_POINT('',(0.0763782625591741,-0.00468416313825929,-0.03));
#1803=CARTESIAN_POINT('',(0.0790360783820623,-0.00476402722923597,-0.03));
#1804=CARTESIAN_POINT('',(0.0812485710259419,-0.00486827580258599,-0.03));
#1805=CARTESIAN_POINT('',(0.0830129636112712,-0.00500610995461198,-0.03));
#1806=CARTESIAN_POINT('',(0.0843308880671935,-0.00515220385734419,-0.03));
#1807=CARTESIAN_POINT('',(0.0854232611565435,-0.00533513559798453,-0.03));
#1808=CARTESIAN_POINT('',(0.0861784096268526,-0.00552575870974753,-0.03));
#1809=CARTESIAN_POINT('',(0.0865937202571954,-0.00567742021742484,-0.03));
#1810=CARTESIAN_POINT('',(0.0868031443964366,-0.00576318729389876,-0.03));
#1811=CARTESIAN_POINT('',(0.0868915365754638,-0.00583186039368565,-0.03));
#1812=CARTESIAN_POINT('',(0.0868915365754638,-0.00583186039368565,-0.03));
#1813=CARTESIAN_POINT('',(0.0893474387698642,-0.00267456023669918,-0.03));
#1814=CARTESIAN_POINT('',(0.0874850691592472,-0.00621455733181808,-0.03));
#1815=CARTESIAN_POINT('',(0.0770637271304447,-0.0260234718989852,-0.03));
#1816=CARTESIAN_POINT('',(0.0994074619070213,-0.0273482293275778,-0.03));
#1817=CARTESIAN_POINT('',(0.0994365186080804,-0.0253484404116861,-0.03));
#1818=CARTESIAN_POINT('',(0.0318267132965664,-0.00608357292842953,-0.03));
#1819=CARTESIAN_POINT('',(0.0316615668938333,-0.0241553402314863,-0.03));
#1820=CARTESIAN_POINT('',(0.0316615668938333,-0.0241553402314863,-0.03));
#1821=CARTESIAN_POINT('',(0.0313411462041878,-0.0241524121103253,-0.03));
#1822=CARTESIAN_POINT('',(0.0307077551761887,-0.0241075392349005,-0.03));
#1823=CARTESIAN_POINT('',(0.0299373732590421,-0.023907157080597,-0.03));
#1824=CARTESIAN_POINT('',(0.0293443971573968,-0.0236550717783226,-0.03));
#1825=CARTESIAN_POINT('',(0.0289182290507437,-0.0234303535728853,-0.03));
#1826=CARTESIAN_POINT('',(0.0285832964238903,-0.0232063680402987,-0.03));
#1827=CARTESIAN_POINT('',(0.0283524657018166,-0.0229936123726362,-0.03));
#1828=CARTESIAN_POINT('',(0.0281223947440317,-0.0227359901827121,-0.03));
#1829=CARTESIAN_POINT('',(0.0282354564827288,-0.0223056238140863,-0.03));
#1830=CARTESIAN_POINT('',(0.0283710318833548,-0.0218534282842731,-0.03));
#1831=CARTESIAN_POINT('',(0.0285455723595433,-0.0213964664219759,-0.03));
#1832=CARTESIAN_POINT('',(0.0287844760303149,-0.0207953019401767,-0.03));
#1833=CARTESIAN_POINT('',(0.0290790012056127,-0.0200415727507915,-0.03));
#1834=CARTESIAN_POINT('',(0.0293104808513824,-0.019089181383144,-0.03));
#1835=CARTESIAN_POINT('',(0.0292447372380153,-0.0181050308682123,-0.03));
#1836=CARTESIAN_POINT('',(0.0288003381286272,-0.0172188027862379,-0.03));
#1837=CARTESIAN_POINT('',(0.0280354601941393,-0.016585175996771,-0.03));
#1838=CARTESIAN_POINT('',(0.0270869861937383,-0.0162908234219128,-0.03));
#1839=CARTESIAN_POINT('',(0.0261174110106361,-0.016284010413789,-0.03));
#1840=CARTESIAN_POINT('',(0.0251589589834054,-0.0163987584388399,-0.03));
#1841=CARTESIAN_POINT('',(0.0242002316560938,-0.0165373783003631,-0.03));
#1842=CARTESIAN_POINT('',(0.0235472027273818,-0.0164590999649447,-0.03));
#1843=CARTESIAN_POINT('',(0.0232492929898595,-0.0163341133391361,-0.03));
#1844=CARTESIAN_POINT('',(0.0280636255921297,-0.0087835765877487,-0.028));
#1845=CARTESIAN_POINT('',(0.0248216258238808,0.00240482623308945,-0.03));
#1846=CARTESIAN_POINT('',(0.0247142002494827,0.00292230379255378,-0.03));
#1847=CARTESIAN_POINT('',(0.0245183441024219,0.00393794699327615,-0.0295715848108608));
#1848=CARTESIAN_POINT('',(0.0244430654944805,0.00437609829478617,-0.0285285533721814));
#1849=CARTESIAN_POINT('',(0.0244430654944805,0.00437609829478617,-0.028));
#1850=CARTESIAN_POINT('',(0.0334382800657483,0.00376228279787811,-0.028));
#1851=CARTESIAN_POINT('',(0.0334382800657483,0.00376228279787811,-0.0283904749517112));
#1852=CARTESIAN_POINT('',(0.0336489479494347,0.00340996926952689,-0.0291034600241034));
#1853=CARTESIAN_POINT('',(0.0341498925253189,0.00251520808052032,-0.0296689189996303));
#1854=CARTESIAN_POINT('',(0.034661178450724,0.00151754806965665,-0.0299496719302311));
#1855=CARTESIAN_POINT('',(0.0349827850250586,0.000822957165684541,-0.03));
#1856=CARTESIAN_POINT('',(0.0351361284125948,0.000472266109336076,-0.03));
#1857=CARTESIAN_POINT('',(0.0659821077836178,-0.00421478295591131,-0.03));
#1858=CARTESIAN_POINT('',(0.0661932234158396,-0.00222595662115215,-0.03));
#1859=CARTESIAN_POINT('',(0.0661932234158396,-0.00222595662115215,-0.028));
#1860=CARTESIAN_POINT('',(0.0655913553267728,-0.00417330424531425,-0.03));
#1861=CARTESIAN_POINT('',(0.0658024709589949,-0.00218447791055512,-0.03));
#1862=CARTESIAN_POINT('',(0.0658024709589947,-0.00218447791055421,-0.028));
#1863=CARTESIAN_POINT('',(0.0648092276453137,-0.00409592250739869,-0.03));
#1864=CARTESIAN_POINT('',(0.0649910538948034,-0.00210413672199073,-0.03));
#1865=CARTESIAN_POINT('',(0.0649910538948035,-0.00210413672199114,-0.028));
#1866=CARTESIAN_POINT('',(0.0632440725097466,-0.00394878832114079,-0.03));
#1867=CARTESIAN_POINT('',(0.0634381708141589,-0.00195825563739312,-0.03));
#1868=CARTESIAN_POINT('',(0.0634381708141589,-0.00195825563739289,-0.028));
#1869=CARTESIAN_POINT('',(0.0605069251959534,-0.00367797833237579,-0.03));
#1870=CARTESIAN_POINT('',(0.0607198762776603,-0.00168917705857085,-0.03));
#1871=CARTESIAN_POINT('',(0.0607198762776603,-0.00168917705857102,-0.028));
#1872=CARTESIAN_POINT('',(0.0566015443275279,-0.00322112716613951,-0.03));
#1873=CARTESIAN_POINT('',(0.0568633654647828,-0.0012385348500363,-0.03));
#1874=CARTESIAN_POINT('',(0.0568633654647828,-0.00123853485003624,-0.028));
#1875=CARTESIAN_POINT('',(0.0527341254451858,-0.00252919217682029,-0.03));
#1876=CARTESIAN_POINT('',(0.053204008853078,-0.000574152671138729,-0.03));
#1877=CARTESIAN_POINT('',(0.053204008853078,-0.000574152671138737,-0.028));
#1878=CARTESIAN_POINT('',(0.0498071343200497,-0.00147874251806958,-0.03));
#1879=CARTESIAN_POINT('',(0.0506113729555007,0.000359089332592091,-0.03));
#1880=CARTESIAN_POINT('',(0.0506113729555007,0.000359089332592093,-0.028));
#1881=CARTESIAN_POINT('',(0.0476940481035719,-0.000395888211037814,-0.03));
#1882=CARTESIAN_POINT('',(0.0487042392085454,0.00133366720492998,-0.03));
#1883=CARTESIAN_POINT('',(0.0487042392085454,0.00133366720492998,-0.028));
#1884=CARTESIAN_POINT('',(0.0456865089870909,0.000887566302150617,-0.03));
#1885=CARTESIAN_POINT('',(0.0468180086130181,0.002537348443669,-0.03));
#1886=CARTESIAN_POINT('',(0.046818008613018,0.002537348443669,-0.028));
#1887=CARTESIAN_POINT('',(0.0440632282918205,0.00202819164131672,-0.03));
#1888=CARTESIAN_POINT('',(0.0452139679910177,0.00366391969460997,-0.03));
#1889=CARTESIAN_POINT('',(0.0452139679910177,0.00366391969460998,-0.028));
#1890=CARTESIAN_POINT('',(0.0427606270666833,0.00293562049353251,-0.03));
#1891=CARTESIAN_POINT('',(0.0438978222404508,0.00458090299174192,-0.03));
#1892=CARTESIAN_POINT('',(0.0438978222404508,0.00458090299174192,-0.028));
#1893=CARTESIAN_POINT('',(0.0417768094330108,0.00360554893385334,-0.03));
#1894=CARTESIAN_POINT('',(0.0428881028736906,0.0052685554639202,-0.03));
#1895=CARTESIAN_POINT('',(0.0428881028736906,0.0052685554639202,-0.028));
#1896=CARTESIAN_POINT('',(0.0407790940049057,0.00425443809678347,-0.03));
#1897=CARTESIAN_POINT('',(0.0418452172224715,0.00594700195384438,-0.03));
#1898=CARTESIAN_POINT('',(0.0418452172224715,0.00594700195384438,-0.028));
#1899=CARTESIAN_POINT('',(0.0399292523571788,0.00476667122975042,-0.03));
#1900=CARTESIAN_POINT('',(0.0409343437438027,0.00649650270763479,-0.03));
#1901=CARTESIAN_POINT('',(0.0409343437438028,0.00649650270763479,-0.028));
#1902=CARTESIAN_POINT('',(0.0392306325361158,0.00514876674759633,-0.03));
#1903=CARTESIAN_POINT('',(0.0401608830275108,0.00691976698155659,-0.03));
#1904=CARTESIAN_POINT('',(0.0401608830275108,0.00691976698155659,-0.028));
#1905=CARTESIAN_POINT('',(0.0386956681747596,0.00541606722294688,-0.03));
#1906=CARTESIAN_POINT('',(0.039549977354007,0.00722526659133644,-0.03));
#1907=CARTESIAN_POINT('',(0.039549977354007,0.00722526659133644,-0.028));
#1908=CARTESIAN_POINT('',(0.038241551292539,0.00561548988078588,-0.03));
#1909=CARTESIAN_POINT('',(0.0390072323462577,0.00746424065969287,-0.03));
#1910=CARTESIAN_POINT('',(0.0390072323462577,0.00746424065969287,-0.028));
#1911=CARTESIAN_POINT('',(0.037870392977706,0.00575525866375033,-0.03));
#1912=CARTESIAN_POINT('',(0.0385363959160948,0.00764181061786731,-0.03));
#1913=CARTESIAN_POINT('',(0.0385363959160948,0.00764181061786731,-0.028));
#1914=CARTESIAN_POINT('',(0.0375872287503972,0.00584755555304425,-0.03));
#1915=CARTESIAN_POINT('',(0.0381565327081351,0.00776598686060552,-0.03));
#1916=CARTESIAN_POINT('',(0.0381565327081351,0.00776598686060553,-0.028));
#1917=CARTESIAN_POINT('',(0.0372974802171974,0.00592348292790269,-0.03));
#1918=CARTESIAN_POINT('',(0.0377351611670881,0.00787708941016251,-0.03));
#1919=CARTESIAN_POINT('',(0.0377351611670881,0.00787708941016251,-0.028));
#1920=CARTESIAN_POINT('',(0.0370490949257518,0.00596722843647879,-0.03));
#1921=CARTESIAN_POINT('',(0.0373203602111493,0.00795227185672082,-0.03));
#1922=CARTESIAN_POINT('',(0.0373203602111493,0.00795227185672082,-0.028));
#1923=CARTESIAN_POINT('',(0.0368481970803265,0.00598181577213668,-0.03));
#1924=CARTESIAN_POINT('',(0.0369112993843061,0.00798390152893412,-0.03));
#1925=CARTESIAN_POINT('',(0.0369112993843061,0.00798390152893412,-0.028));
#1926=CARTESIAN_POINT('',(0.0366974291493725,0.00597763031727621,-0.03));
#1927=CARTESIAN_POINT('',(0.0364914795265321,0.0079770417560727,-0.03));
#1928=CARTESIAN_POINT('',(0.0364914795265321,0.00797704175607271,-0.028));
#1929=CARTESIAN_POINT('',(0.0365485605624758,0.00594702935618009,-0.03));
#1930=CARTESIAN_POINT('',(0.0359275445567878,0.00786748540209705,-0.03));
#1931=CARTESIAN_POINT('',(0.0359275445567878,0.00786748540209705,-0.028));
#1932=CARTESIAN_POINT('',(0.0363658739337379,0.00586318761679453,-0.03));
#1933=CARTESIAN_POINT('',(0.0351960095208075,0.00752534685742833,-0.03));
#1934=CARTESIAN_POINT('',(0.0351960095208075,0.00752534685742833,-0.028));
#1935=CARTESIAN_POINT('',(0.036174896173136,0.00569622238788684,-0.03));
#1936=CARTESIAN_POINT('',(0.0346801418382051,0.00704059005527831,-0.03));
#1937=CARTESIAN_POINT('',(0.0346801418382051,0.00704059005527831,-0.028));
#1938=CARTESIAN_POINT('',(0.0359931162116838,0.0054560921331149,-0.03));
#1939=CARTESIAN_POINT('',(0.0343077721523681,0.00654438073107876,-0.03));
#1940=CARTESIAN_POINT('',(0.0343077721523681,0.00654438073107876,-0.028));
#1941=CARTESIAN_POINT('',(0.0358464501645048,0.00519560883645652,-0.03));
#1942=CARTESIAN_POINT('',(0.034049988136688,0.00608193714931077,-0.03));
#1943=CARTESIAN_POINT('',(0.034049988136688,0.00608193714931077,-0.028));
#1944=CARTESIAN_POINT('',(0.0356873155412066,0.00483174069992561,-0.03));
#1945=CARTESIAN_POINT('',(0.033796609077897,0.00549966613557259,-0.03));
#1946=CARTESIAN_POINT('',(0.033796609077897,0.00549966613557259,-0.028));
#1947=CARTESIAN_POINT('',(0.03557215214633,0.00444753941888552,-0.03));
#1948=CARTESIAN_POINT('',(0.03363200071769,0.00494386624311818,-0.03));
#1949=CARTESIAN_POINT('',(0.03363200071769,0.00494386624311818,-0.028));
#1950=CARTESIAN_POINT('',(0.0354928480132303,0.00406221186912648,-0.03));
#1951=CARTESIAN_POINT('',(0.0335225933116422,0.00441066137051968,-0.03));
#1952=CARTESIAN_POINT('',(0.0335225933116422,0.00441066137051968,-0.028));
#1953=CARTESIAN_POINT('',(0.035456068093027,0.00381934213894462,-0.03));
#1954=CARTESIAN_POINT('',(0.0334738891853908,0.00409042557066078,-0.03));
#1955=CARTESIAN_POINT('',(0.0334738891853908,0.00409042557066078,-0.028));
#1956=CARTESIAN_POINT('',(0.035433800388719,0.00362420992210501,-0.03));
#1957=CARTESIAN_POINT('',(0.0334433257748006,0.00382047150432977,-0.03));
#1958=CARTESIAN_POINT('',(0.0334433257748006,0.00382047150432977,-0.028));
#1959=CARTESIAN_POINT('',(0.0354158379662651,0.00342851003311888,-0.03));
#1960=CARTESIAN_POINT('',(0.0334243507565867,0.00361221381788658,-0.03));
#1961=CARTESIAN_POINT('',(0.0334243507565867,0.00361221381788658,-0.028));
#1962=CARTESIAN_POINT('',(0.0353831373787675,0.00308620467709622,-0.03));
#1963=CARTESIAN_POINT('',(0.0333922782348136,0.00327769747547653,-0.03));
#1964=CARTESIAN_POINT('',(0.0333922782348137,0.00327769747547653,-0.028));
#1965=CARTESIAN_POINT('',(0.0353186356660475,0.00240147360825051,-0.03));
#1966=CARTESIAN_POINT('',(0.0333273279037189,0.00258740282547896,-0.03));
#1967=CARTESIAN_POINT('',(0.0333273279037188,0.00258740282547897,-0.028));
#1968=CARTESIAN_POINT('',(0.0352260169609646,0.00142334971274141,-0.03));
#1969=CARTESIAN_POINT('',(0.0332349655519935,0.0016124581191995,-0.03));
#1970=CARTESIAN_POINT('',(0.0332349655519938,0.00161245811919941,-0.028));
#1971=CARTESIAN_POINT('',(0.0351520662715479,0.000640831290935746,-0.03));
#1972=CARTESIAN_POINT('',(0.0331609465016801,0.000829091913599241,-0.03));
#1973=CARTESIAN_POINT('',(0.0331609465016793,0.000829091913599425,-0.028));
#1974=CARTESIAN_POINT('',(0.0351150728925092,0.000249574493244965,-0.03));
#1975=CARTESIAN_POINT('',(0.0331239531226424,0.000437835115908479,-0.03));
#1976=CARTESIAN_POINT('',(0.0331239531226424,0.000437835115908479,-0.028));
#1977=CARTESIAN_POINT('',(0.0659634703302938,-0.00220156813279487,-0.028));
#1978=CARTESIAN_POINT('',(0.0659634703302938,-0.00220156813279487,-0.0285282991457056));
#1979=CARTESIAN_POINT('',(0.065919518807314,-0.00263071605640454,-0.0295636075234772));
#1980=CARTESIAN_POINT('',(0.0658127818581078,-0.00367290838397309,-0.03));
#1981=CARTESIAN_POINT('',(0.0657597032231998,-0.00419117451983966,-0.03));
#1982=CARTESIAN_POINT('',(0.0316432909272683,-0.0261552567270045,-0.028));
#1983=CARTESIAN_POINT('',(0.0316432909272683,-0.0261552567270045,-0.03));
#1984=CARTESIAN_POINT('',(0.0316615668938333,-0.0241553402314863,-0.03));
#1985=CARTESIAN_POINT('',(0.0312407523055597,-0.0261515781822213,-0.028));
#1986=CARTESIAN_POINT('',(0.0312407523054677,-0.0261515781937675,-0.0300000000000118));
#1987=CARTESIAN_POINT('',(0.0313411462030956,-0.0241524121165802,-0.03));
#1988=CARTESIAN_POINT('',(0.0306090389582034,-0.0261084352999474,-0.028));
#1989=CARTESIAN_POINT('',(0.0306090389582241,-0.0261084352973439,-0.0299999999999973));
#1990=CARTESIAN_POINT('',(0.0308654977513539,-0.0241182765348558,-0.03));
#1991=CARTESIAN_POINT('',(0.0297395901290056,-0.0259262174165166,-0.028));
#1992=CARTESIAN_POINT('',(0.0297395901290017,-0.025926217417007,-0.0300000000000005));
#1993=CARTESIAN_POINT('',(0.0302465346626548,-0.0239881114717347,-0.03));
#1994=CARTESIAN_POINT('',(0.0290920833948147,-0.0257219699700326,-0.028));
#1995=CARTESIAN_POINT('',(0.0290920833948158,-0.025721969969901,-0.0299999999999999));
#1996=CARTESIAN_POINT('',(0.0297888126512913,-0.0238439308387204,-0.03));
#1997=CARTESIAN_POINT('',(0.0284835365947981,-0.0254625422539148,-0.028));
#1998=CARTESIAN_POINT('',(0.0284835365947978,-0.0254625422539508,-0.03));
#1999=CARTESIAN_POINT('',(0.0293446548499972,-0.0236550899141369,-0.03));
#2000=CARTESIAN_POINT('',(0.0280014609040012,-0.0252100870758737,-0.028));
#2001=CARTESIAN_POINT('',(0.0280014609040012,-0.0252100870758692,-0.03));
#2002=CARTESIAN_POINT('',(0.0289887048605641,-0.0234679199406347,-0.03));
#2003=CARTESIAN_POINT('',(0.0275887574435059,-0.0249482662414642,-0.028));
#2004=CARTESIAN_POINT('',(0.0275887574435059,-0.0249482662414651,-0.03));
#2005=CARTESIAN_POINT('',(0.0287182119104284,-0.0232957546258514,-0.03));
#2006=CARTESIAN_POINT('',(0.0273197350574594,-0.0247500010816371,-0.028));
#2007=CARTESIAN_POINT('',(0.0273197350574594,-0.024750001081637,-0.03));
#2008=CARTESIAN_POINT('',(0.0285582652758569,-0.0231771609990916,-0.03));
#2009=CARTESIAN_POINT('',(0.0270886516674745,-0.0245513912296791,-0.028));
#2010=CARTESIAN_POINT('',(0.0270886516674745,-0.0245513912296791,-0.03));
#2011=CARTESIAN_POINT('',(0.0284375251963375,-0.0230731048362138,-0.03));
#2012=CARTESIAN_POINT('',(0.0269339540356675,-0.0244014700362268,-0.028));
#2013=CARTESIAN_POINT('',(0.0269339540356675,-0.0244014700362268,-0.03));
#2014=CARTESIAN_POINT('',(0.0283658501540604,-0.0230032515353967,-0.03));
#2015=CARTESIAN_POINT('',(0.0267991671668096,-0.0242533810876321,-0.028));
#2016=CARTESIAN_POINT('',(0.0267991671668096,-0.0242533810876321,-0.03));
#2017=CARTESIAN_POINT('',(0.0283116467004795,-0.0229435384411011,-0.03));
#2018=CARTESIAN_POINT('',(0.026690025583954,-0.0241208315710961,-0.028));
#2019=CARTESIAN_POINT('',(0.026690025583954,-0.0241208315710961,-0.03));
#2020=CARTESIAN_POINT('',(0.0282727716966365,-0.0228961664343766,-0.03));
#2021=CARTESIAN_POINT('',(0.0265684763911444,-0.023953880354917,-0.028));
#2022=CARTESIAN_POINT('',(0.0265684763911444,-0.023953880354917,-0.03));
#2023=CARTESIAN_POINT('',(0.028236913029569,-0.0228463910290907,-0.03));
#2024=CARTESIAN_POINT('',(0.0264357819083617,-0.0237328138531191,-0.028));
#2025=CARTESIAN_POINT('',(0.0264357819083617,-0.0237328138531191,-0.03));
#2026=CARTESIAN_POINT('',(0.0282054943533042,-0.0227938628260721,-0.03));
#2027=CARTESIAN_POINT('',(0.0262779830447296,-0.0234072145761869,-0.028));
#2028=CARTESIAN_POINT('',(0.0262779830447296,-0.0234072145761869,-0.03));
#2029=CARTESIAN_POINT('',(0.0281849529192589,-0.0227466409670824,-0.03));
#2030=CARTESIAN_POINT('',(0.0261815489304578,-0.0229326916527402,-0.028));
#2031=CARTESIAN_POINT('',(0.0261815489304578,-0.0229326916527402,-0.03));
#2032=CARTESIAN_POINT('',(0.0281769787749617,-0.0227065723729037,-0.03));
#2033=CARTESIAN_POINT('',(0.0261714042516912,-0.0225781751366829,-0.028));
#2034=CARTESIAN_POINT('',(0.0261714042516912,-0.0225781751366829,-0.03));
#2035=CARTESIAN_POINT('',(0.0281750034252776,-0.0226652815442111,-0.03));
#2036=CARTESIAN_POINT('',(0.0261886456138696,-0.022419908386268,-0.028));
#2037=CARTESIAN_POINT('',(0.0261886456138696,-0.022419908386268,-0.03));
#2038=CARTESIAN_POINT('',(0.0281787206648263,-0.0226149235444667,-0.03));
#2039=CARTESIAN_POINT('',(0.0262127711926362,-0.0222108880450561,-0.028));
#2040=CARTESIAN_POINT('',(0.0262127711926362,-0.0222108880450561,-0.03));
#2041=CARTESIAN_POINT('',(0.0281886181586029,-0.0225345059134839,-0.03));
#2042=CARTESIAN_POINT('',(0.0262500038190787,-0.0220213555482233,-0.028));
#2043=CARTESIAN_POINT('',(0.0262500038190787,-0.0220213555482233,-0.03));
#2044=CARTESIAN_POINT('',(0.0282071095235596,-0.0224346194373473,-0.03));
#2045=CARTESIAN_POINT('',(0.026295733822948,-0.0218240032536322,-0.028));
#2046=CARTESIAN_POINT('',(0.026295733822948,-0.0218240032536323,-0.03));
#2047=CARTESIAN_POINT('',(0.0282347739875974,-0.0223161004447199,-0.03));
#2048=CARTESIAN_POINT('',(0.026343082171429,-0.0216499018123147,-0.028));
#2049=CARTESIAN_POINT('',(0.026343082171429,-0.0216499018123147,-0.03));
#2050=CARTESIAN_POINT('',(0.0282664347366151,-0.0221989657808204,-0.03));
#2051=CARTESIAN_POINT('',(0.0264071431300962,-0.0214354958679291,-0.028));
#2052=CARTESIAN_POINT('',(0.0264071431300962,-0.0214354958679291,-0.03));
#2053=CARTESIAN_POINT('',(0.0283126994907916,-0.0220440422326409,-0.03));
#2054=CARTESIAN_POINT('',(0.0264883942564426,-0.0211920679321398,-0.028));
#2055=CARTESIAN_POINT('',(0.0264883942564426,-0.0211920679321398,-0.03));
#2056=CARTESIAN_POINT('',(0.0283764955125978,-0.0218523050771363,-0.03));
#2057=CARTESIAN_POINT('',(0.0265859380417878,-0.0209233655913479,-0.028));
#2058=CARTESIAN_POINT('',(0.0265859380417878,-0.0209233655913479,-0.03));
#2059=CARTESIAN_POINT('',(0.0284592340388726,-0.0216241934008591,-0.03));
#2060=CARTESIAN_POINT('',(0.0267142508541237,-0.0205880425643092,-0.028));
#2061=CARTESIAN_POINT('',(0.0267142508541237,-0.0205880425643092,-0.03));
#2062=CARTESIAN_POINT('',(0.0285748933679438,-0.0213217346621531,-0.03));
#2063=CARTESIAN_POINT('',(0.0268681117584011,-0.0202027352951325,-0.028));
#2064=CARTESIAN_POINT('',(0.0268681117584011,-0.0202027352951325,-0.03));
#2065=CARTESIAN_POINT('',(0.0287249680795266,-0.0209456386183124,-0.03));
#2066=CARTESIAN_POINT('',(0.0270308300147281,-0.0197861506000073,-0.028));
#2067=CARTESIAN_POINT('',(0.0270308300147281,-0.0197861506000073,-0.03));
#2068=CARTESIAN_POINT('',(0.0289021081667356,-0.020493140584724,-0.03));
#2069=CARTESIAN_POINT('',(0.0272028069383966,-0.0192977371590858,-0.028));
#2070=CARTESIAN_POINT('',(0.0272028069383966,-0.0192977371590858,-0.03));
#2071=CARTESIAN_POINT('',(0.0291176838649422,-0.0198832273838699,-0.03));
#2072=CARTESIAN_POINT('',(0.0272920444251894,-0.0188632879458902,-0.028));
#2073=CARTESIAN_POINT('',(0.0272920444251892,-0.0188632879458908,-0.03));
#2074=CARTESIAN_POINT('',(0.0293104460545729,-0.0190890510324319,-0.03));
#2075=CARTESIAN_POINT('',(0.0272573158459139,-0.0186297023662697,-0.028));
#2076=CARTESIAN_POINT('',(0.0272573158459149,-0.0186297023662674,-0.03));
#2077=CARTESIAN_POINT('',(0.029244746203851,-0.0181050623676817,-0.03));
#2078=CARTESIAN_POINT('',(0.0271912837411888,-0.0185033805008388,-0.028));
#2079=CARTESIAN_POINT('',(0.0271912837411852,-0.0185033805008472,-0.03));
#2080=CARTESIAN_POINT('',(0.0288003370620899,-0.0172188071390581,-0.03));
#2081=CARTESIAN_POINT('',(0.0270721359136628,-0.0183978154514102,-0.028));
#2082=CARTESIAN_POINT('',(0.027072135913676,-0.0183978154513788,-0.03));
#2083=CARTESIAN_POINT('',(0.0280354554944441,-0.01658512708601,-0.03));
#2084=CARTESIAN_POINT('',(0.0268260841302375,-0.0183029324834781,-0.028));
#2085=CARTESIAN_POINT('',(0.0268260841301882,-0.0183029324835955,-0.03));
#2086=CARTESIAN_POINT('',(0.0270870060590463,-0.0162910147121312,-0.03));
#2087=CARTESIAN_POINT('',(0.0262827756145105,-0.0182807855956145,-0.028));
#2088=CARTESIAN_POINT('',(0.0262827756146944,-0.0182807855951763,-0.03));
#2089=CARTESIAN_POINT('',(0.0261173362490905,-0.0162832941636748,-0.03));
#2090=CARTESIAN_POINT('',(0.0255829587318374,-0.0183634683786073,-0.028));
#2091=CARTESIAN_POINT('',(0.0255829587312962,-0.0183634683798972,-0.03));
#2092=CARTESIAN_POINT('',(0.0253189211784099,-0.0163817424848446,-0.03));
#2093=CARTESIAN_POINT('',(0.0249241159734521,-0.0184503401704294,-0.028));
#2094=CARTESIAN_POINT('',(0.0249241159743895,-0.0184503401681953,-0.03));
#2095=CARTESIAN_POINT('',(0.0246792139292184,-0.0164644159293007,-0.03));
#2096=CARTESIAN_POINT('',(0.0242512690919695,-0.0185092580343275,-0.028));
#2097=CARTESIAN_POINT('',(0.0242512690883917,-0.0185092580428553,-0.03));
#2098=CARTESIAN_POINT('',(0.0241973700691611,-0.0165055683129957,-0.03));
#2099=CARTESIAN_POINT('',(0.0234360807174198,-0.0184794386376773,-0.028));
#2100=CARTESIAN_POINT('',(0.0234360807307937,-0.0184794386058004,-0.03));
#2101=CARTESIAN_POINT('',(0.0237118796649434,-0.0164815432562443,-0.03));
#2102=CARTESIAN_POINT('',(0.0227742066670526,-0.0183036806118201,-0.028));
#2103=CARTESIAN_POINT('',(0.0227742066382321,-0.0183036806805143,-0.03));
#2104=CARTESIAN_POINT('',(0.0233982478489775,-0.0163966066701704,-0.03));
#2105=CARTESIAN_POINT('',(0.0224755409435248,-0.0181783768156472,-0.028));
#2106=CARTESIAN_POINT('',(0.0224755409435248,-0.0181783768156472,-0.03));
#2107=CARTESIAN_POINT('',(0.0232492929898598,-0.0163341133391363,-0.03));
#2108=CARTESIAN_POINT('',(0.0232492929898599,-0.0163341133391363,-0.028));
#2109=CARTESIAN_POINT('',(0.0316615668938333,-0.0241553402314863,-0.028));
#2110=CARTESIAN_POINT('',(0.0318267132965664,-0.00608357292842953,-0.028));
#2111=CARTESIAN_POINT('',(0.0289448689541635,-0.00118125132794482,-0.0281));
#2112=CARTESIAN_POINT('',(0.0241866373961603,-0.00386831638588417,-0.0281));
#2113=CARTESIAN_POINT('',(0.0248216258238808,0.00240482623308945,-0.0281));
#2114=CARTESIAN_POINT('',(0.0244430654944805,0.00437609829478618,-0.028));
#2115=CARTESIAN_POINT('',(0.0239240441662627,0.00423330237258082,-0.028));
#2116=CARTESIAN_POINT('',(0.0235570562300269,0.00383948303684318,-0.028));
#2117=CARTESIAN_POINT('',(0.0244430643204883,0.00437609797179116,-0.0283917373281849));
#2118=CARTESIAN_POINT('',(0.02392404177971,0.00423329999598204,-0.0282205944748955));
#2119=CARTESIAN_POINT('',(0.0235570551064839,0.00383948183115522,-0.0280195868664092));
#2120=CARTESIAN_POINT('',(0.0244846640153398,0.00413934212580279,-0.0290852599988886));
#2121=CARTESIAN_POINT('',(0.0238782612392143,0.00418769392761784,-0.0286345399702467));
#2122=CARTESIAN_POINT('',(0.0235360707968788,0.00381699104970656,-0.0280542630010742));
#2123=CARTESIAN_POINT('',(0.0245831742254618,0.00360356242610035,-0.0296343303884801));
#2124=CARTESIAN_POINT('',(0.0237628655533967,0.00406839906886807,-0.0290954243365191));
#2125=CARTESIAN_POINT('',(0.0234893548684102,0.00376601964440703,-0.0280817165154699));
#2126=CARTESIAN_POINT('',(0.0246970794144006,0.00301422496772438,-0.0299372441536557));
#2127=CARTESIAN_POINT('',(0.023607883472558,0.00390115203985125,-0.0295412970853379));
#2128=CARTESIAN_POINT('',(0.0234389433242377,0.00370986591442237,-0.0280968622223878));
#2129=CARTESIAN_POINT('',(0.0247789881985919,0.00261021515228946,-0.03));
#2130=CARTESIAN_POINT('',(0.0234720345708307,0.00374833126424947,-0.0298400688788401));
#2131=CARTESIAN_POINT('',(0.0234050476807683,0.0036713104317944,-0.0280999999683244));
#2132=CARTESIAN_POINT('',(0.0248216258238808,0.00240482623308945,-0.03));
#2133=CARTESIAN_POINT('',(0.0233879870294266,0.00365169423213177,-0.03));
#2134=CARTESIAN_POINT('',(0.0233879870294266,0.00365169423213177,-0.0281));
#2135=CARTESIAN_POINT('',(0.0249470762886126,0.00254416676784572,-0.028));
#2136=CARTESIAN_POINT('',(0.0249470762886126,0.00254416676784572,0.));
#2137=CARTESIAN_POINT('',(0.0893474387698642,-0.00267456023669918,0.018));
#2138=CARTESIAN_POINT('',(0.0874850691592472,-0.00621455733181807,0.018));
#2139=CARTESIAN_POINT('',(0.0893474387698642,-0.00267456023669918,0.018));
#2140=CARTESIAN_POINT('',(0.0893474387698642,-0.00267456023669918,-0.005));
#2141=CARTESIAN_POINT('',(0.0893474387698642,-0.00267456023669918,-0.028));
#2142=CARTESIAN_POINT('',(0.0658289812486482,-0.0021882962741639,-0.028));
#2143=CARTESIAN_POINT('',(0.0658289812486482,-0.0021882962741639,-0.03));
#2144=CARTESIAN_POINT('',(0.0656325682303578,-0.00417862838872319,-0.03));
#2145=CARTESIAN_POINT('',(0.0662757194873794,-0.00223238198489181,-0.028));
#2146=CARTESIAN_POINT('',(0.0662757194873737,-0.00223238198489169,-0.03));
#2147=CARTESIAN_POINT('',(0.0660793064690891,-0.00422271409945087,-0.03));
#2148=CARTESIAN_POINT('',(0.067123077876272,-0.00230856043460008,-0.028));
#2149=CARTESIAN_POINT('',(0.0671230778762747,-0.00230856043460013,-0.03));
#2150=CARTESIAN_POINT('',(0.0669731236444618,-0.00430318810294019,-0.03));
#2151=CARTESIAN_POINT('',(0.0688762074323279,-0.00242925452852884,-0.028));
#2152=CARTESIAN_POINT('',(0.0688762074323264,-0.00242925452852881,-0.03));
#2153=CARTESIAN_POINT('',(0.0687624439564593,-0.00442604937169776,-0.03));
#2154=CARTESIAN_POINT('',(0.0710747686535362,-0.00253300984594666,-0.028));
#2155=CARTESIAN_POINT('',(0.0710747686535368,-0.00253300984594667,-0.03));
#2156=CARTESIAN_POINT('',(0.0710012107325248,-0.0045317947586186,-0.03));
#2157=CARTESIAN_POINT('',(0.0737433684751579,-0.00261631341716146,-0.028));
#2158=CARTESIAN_POINT('',(0.0737433684751578,-0.00261631341716146,-0.03));
#2159=CARTESIAN_POINT('',(0.0736896426388128,-0.00461557856022502,-0.03));
#2160=CARTESIAN_POINT('',(0.0764305278087216,-0.00268491262729184,-0.028));
#2161=CARTESIAN_POINT('',(0.0764305278087217,-0.00268491262729184,-0.03));
#2162=CARTESIAN_POINT('',(0.0763787308297639,-0.00468424218596013,-0.03));
#2163=CARTESIAN_POINT('',(0.0786880531933922,-0.00275241228391043,-0.028));
#2164=CARTESIAN_POINT('',(0.0786880531933922,-0.00275241228391043,-0.03));
#2165=CARTESIAN_POINT('',(0.0786192427790665,-0.00475129373969858,-0.03));
#2166=CARTESIAN_POINT('',(0.0805096483001207,-0.00283156540181055,-0.028));
#2167=CARTESIAN_POINT('',(0.0805096483001207,-0.00283156540181055,-0.03));
#2168=CARTESIAN_POINT('',(0.0804104892498984,-0.00482917240887184,-0.03));
#2169=CARTESIAN_POINT('',(0.0818873100897948,-0.00291115100839094,-0.028));
#2170=CARTESIAN_POINT('',(0.0818873100897949,-0.00291115100839094,-0.03));
#2171=CARTESIAN_POINT('',(0.0817533201519438,-0.00490679706107824,-0.03));
#2172=CARTESIAN_POINT('',(0.0830476742147743,-0.00300322041692101,-0.028));
#2173=CARTESIAN_POINT('',(0.0830476742147742,-0.00300322041692101,-0.03));
#2174=CARTESIAN_POINT('',(0.0828695214826971,-0.00499550728493698,-0.03));
#2175=CARTESIAN_POINT('',(0.08398973928621,-0.0031024050718089,-0.028));
#2176=CARTESIAN_POINT('',(0.08398973928621,-0.0031024050718089,-0.03));
#2177=CARTESIAN_POINT('',(0.0837598602690012,-0.00508931696139881,-0.03));
#2178=CARTESIAN_POINT('',(0.0847066435408357,-0.00319416438989431,-0.028));
#2179=CARTESIAN_POINT('',(0.0847066435408357,-0.0031941643898943,-0.03));
#2180=CARTESIAN_POINT('',(0.0844258691537831,-0.00517463727366286,-0.03));
#2181=CARTESIAN_POINT('',(0.0853175500177867,-0.00329085043824656,-0.028));
#2182=CARTESIAN_POINT('',(0.0853175500177867,-0.00329085043824656,-0.03));
#2183=CARTESIAN_POINT('',(0.0849790061295088,-0.00526237026728189,-0.03));
#2184=CARTESIAN_POINT('',(0.0858209628698637,-0.00338732977029184,-0.028));
#2185=CARTESIAN_POINT('',(0.0858209628698636,-0.00338732977029184,-0.03));
#2186=CARTESIAN_POINT('',(0.0854197456050013,-0.00534690819332881,-0.03));
#2187=CARTESIAN_POINT('',(0.0862097309575246,-0.0034726641881145,-0.028));
#2188=CARTESIAN_POINT('',(0.0862097309575246,-0.0034726641881145,-0.03));
#2189=CARTESIAN_POINT('',(0.0857495559320331,-0.00541941967309317,-0.03));
#2190=CARTESIAN_POINT('',(0.0866128317281518,-0.00357589696289924,-0.028));
#2191=CARTESIAN_POINT('',(0.0866128317281517,-0.00357589696289924,-0.03));
#2192=CARTESIAN_POINT('',(0.0860756819121987,-0.00550306144225915,-0.03));
#2193=CARTESIAN_POINT('',(0.0869688105223557,-0.0036843029926129,-0.028));
#2194=CARTESIAN_POINT('',(0.0869688105223558,-0.0036843029926129,-0.03));
#2195=CARTESIAN_POINT('',(0.0863434256721896,-0.00558515819001743,-0.03));
#2196=CARTESIAN_POINT('',(0.0872827441381337,-0.00379907418464435,-0.028));
#2197=CARTESIAN_POINT('',(0.0872827441381336,-0.00379907418464434,-0.03));
#2198=CARTESIAN_POINT('',(0.0865538746224818,-0.00566225065911869,-0.03));
#2199=CARTESIAN_POINT('',(0.0875001503521814,-0.00389000561009495,-0.028));
#2200=CARTESIAN_POINT('',(0.0875001503521815,-0.00389000561009496,-0.03));
#2201=CARTESIAN_POINT('',(0.0866833335697013,-0.00571689976537374,-0.03));
#2202=CARTESIAN_POINT('',(0.087681814766193,-0.00397868809344662,-0.028));
#2203=CARTESIAN_POINT('',(0.0876818147661929,-0.00397868809344661,-0.03));
#2204=CARTESIAN_POINT('',(0.0867721566521091,-0.00576042213951664,-0.03));
#2205=CARTESIAN_POINT('',(0.0878038954755258,-0.00404444376371364,-0.028));
#2206=CARTESIAN_POINT('',(0.0878038954755258,-0.00404444376371364,-0.03));
#2207=CARTESIAN_POINT('',(0.0868222781561943,-0.0057876112004064,-0.03));
#2208=CARTESIAN_POINT('',(0.0878981902444675,-0.00410033863967103,-0.028));
#2209=CARTESIAN_POINT('',(0.0878981902444675,-0.00410033863967103,-0.03));
#2210=CARTESIAN_POINT('',(0.0868528562593947,-0.00580565407313678,-0.03));
#2211=CARTESIAN_POINT('',(0.0879760840402928,-0.00414953571869124,-0.028));
#2212=CARTESIAN_POINT('',(0.0879760840402927,-0.00414953571869124,-0.03));
#2213=CARTESIAN_POINT('',(0.0868736302919348,-0.00581908350602633,-0.03));
#2214=CARTESIAN_POINT('',(0.0880420773141685,-0.00419580293557883,-0.028));
#2215=CARTESIAN_POINT('',(0.0880420773141685,-0.00419580293557883,-0.03));
#2216=CARTESIAN_POINT('',(0.0868837759471588,-0.00582611148551965,-0.03));
#2217=CARTESIAN_POINT('',(0.0880710642940582,-0.00421612898323004,-0.028));
#2218=CARTESIAN_POINT('',(0.0880710642940582,-0.00421612898323004,-0.03));
#2219=CARTESIAN_POINT('',(0.0868887617694922,-0.00582973778337261,-0.03));
#2220=CARTESIAN_POINT('',(0.0881266985169675,-0.00425871423144343,-0.028));
#2221=CARTESIAN_POINT('',(0.0881266985169675,-0.00425871423144343,-0.03));
#2222=CARTESIAN_POINT('',(0.086891561471147,-0.00583187372313943,-0.03));
#2223=CARTESIAN_POINT('',(0.0881128399599497,-0.00424816487933679,-0.028));
#2224=CARTESIAN_POINT('',(0.0881128399599497,-0.00424816487933678,-0.03));
#2225=CARTESIAN_POINT('',(0.0868957261532802,-0.00583512268967583,-0.03));
#2226=CARTESIAN_POINT('',(0.0881328082811424,-0.00426351309461314,-0.028));
#2227=CARTESIAN_POINT('',(0.0881328082811424,-0.00426351309461314,-0.03));
#2228=CARTESIAN_POINT('',(0.086901987781176,-0.00583997726837177,-0.03));
#2229=CARTESIAN_POINT('',(0.0881379790036092,-0.00426760212247202,-0.028));
#2230=CARTESIAN_POINT('',(0.0881379790036092,-0.00426760212247201,-0.03));
#2231=CARTESIAN_POINT('',(0.0869131086960817,-0.00584862167335083,-0.03));
#2232=CARTESIAN_POINT('',(0.088161164540786,-0.00428557039620963,-0.028));
#2233=CARTESIAN_POINT('',(0.0881611645407861,-0.00428557039620963,-0.03));
#2234=CARTESIAN_POINT('',(0.0869325753629843,-0.00586374283638832,-0.03));
#2235=CARTESIAN_POINT('',(0.0881868463299851,-0.00430554858238464,-0.028));
#2236=CARTESIAN_POINT('',(0.088186846329985,-0.0043055485823847,-0.03));
#2237=CARTESIAN_POINT('',(0.0869603822209115,-0.00588534794296347,-0.03));
#2238=CARTESIAN_POINT('',(0.0882096593138821,-0.00432326546315085,-0.028));
#2239=CARTESIAN_POINT('',(0.0882096593138824,-0.00432326546315074,-0.03));
#2240=CARTESIAN_POINT('',(0.0869826285198144,-0.00590263097828946,-0.03));
#2241=CARTESIAN_POINT('',(0.0882207823617641,-0.00433190711205629,-0.028));
#2242=CARTESIAN_POINT('',(0.0882207823617641,-0.00433190711205629,-0.03));
#2243=CARTESIAN_POINT('',(0.0869937515676964,-0.00591127262719503,-0.03));
#2244=CARTESIAN_POINT('',(0.0868915365754638,-0.00583186039368565,-0.028));
#2245=CARTESIAN_POINT('',(0.0770637271304447,-0.0260234718989852,0.018));
#2246=CARTESIAN_POINT('',(0.0994074619070213,-0.0273482293275778,0.02));
#2247=CARTESIAN_POINT('',(0.0997362044754915,-0.0273530059189778,0.02));
#2248=CARTESIAN_POINT('',(0.100370321656624,-0.0271933173891799,0.0198324556820058));
#2249=CARTESIAN_POINT('',(0.101235447607315,-0.0264694723912098,0.0191255635074045));
#2250=CARTESIAN_POINT('',(0.101449678978036,-0.0257544537791416,0.0184469989376759));
#2251=CARTESIAN_POINT('',(0.101435608880593,-0.0252881238936848,0.018));
#2252=CARTESIAN_POINT('',(0.0893474387698642,-0.00267456023669918,-0.028));
#2253=CARTESIAN_POINT('',(0.0874850691592472,-0.00621455733181807,-0.028));
#2254=CARTESIAN_POINT('',(0.0994365186080804,-0.0253484404116861,-0.005));
#2255=CARTESIAN_POINT('',(0.0994074619070213,-0.0273482293275778,-0.03));
#2256=CARTESIAN_POINT('',(0.0997362044754915,-0.0273530059189778,-0.03));
#2257=CARTESIAN_POINT('',(0.100370321656624,-0.0271933173891799,-0.0298324556820058));
#2258=CARTESIAN_POINT('',(0.101235447607315,-0.0264694723912098,-0.0291255635074045));
#2259=CARTESIAN_POINT('',(0.101449678978036,-0.0257544537791417,-0.0284469989376757));
#2260=CARTESIAN_POINT('',(0.101435608880593,-0.0252881238936848,-0.028));
#2261=CARTESIAN_POINT('',(0.0770637271304447,-0.0260234718989852,-0.028));
#2262=CARTESIAN_POINT('',(0.0218934864324195,-0.0147178862436427,-0.004));
#2263=CARTESIAN_POINT('',(0.0201087497739846,-0.015824554694462,-0.0279095777767057));
#2264=CARTESIAN_POINT('',(0.0200729493437528,-0.0157668189379441,-0.0279063931892474));
#2265=CARTESIAN_POINT('',(0.0200399778480229,-0.0157073876799305,-0.0279031963881259));
#2266=CARTESIAN_POINT('',(0.0200099629632114,-0.0156465085247357,-0.0279));
#2267=CARTESIAN_POINT('',(0.0200099629632114,-0.0156465085247356,-0.0279));
#2268=CARTESIAN_POINT('',(0.0200099629632114,-0.0156465085247356,-0.0279));
#2269=CARTESIAN_POINT('',(0.0200099629632113,-0.0156465085247355,-0.0279));
#2270=CARTESIAN_POINT('',(0.02001202103525,-0.0156506829098058,-0.0279670885731178));
#2271=CARTESIAN_POINT('',(0.0200259911357503,-0.0156790184839545,-0.0279351409305742));
#2272=CARTESIAN_POINT('',(0.0200399619087851,-0.0157073553503934,-0.0279031946939582));
#2273=CARTESIAN_POINT('',(0.0200169634525546,-0.0156534345833225,-0.0280341713987249));
#2274=CARTESIAN_POINT('',(0.0200422396218106,-0.015711479730746,-0.0279703339614072));
#2275=CARTESIAN_POINT('',(0.0200729035133933,-0.0157667450268078,-0.0279063891132571));
#2276=CARTESIAN_POINT('',(0.0200247966090887,-0.0156547297272234,-0.0281011333108208));
#2277=CARTESIAN_POINT('',(0.0200588360451234,-0.0157440582624982,-0.0280057920086583));
#2278=CARTESIAN_POINT('',(0.0201087497739845,-0.0158245546944617,-0.0279095777767058));
#2279=CARTESIAN_POINT('',(0.021808498972494,-0.0147705847413008,-0.0279095777767057));
#2280=CARTESIAN_POINT('',(0.0200247966090887,-0.0156547297272234,-0.0281011333108209));
#2281=CARTESIAN_POINT('',(0.0200247966090887,-0.0156547297272234,-0.0281011333108209));
#2282=CARTESIAN_POINT('',(0.0200169737424637,-0.015653436344555,-0.0280342590858309));
#2283=CARTESIAN_POINT('',(0.0200120221302933,-0.0156506851308809,-0.0279671253955334));
#2284=CARTESIAN_POINT('',(0.0200099629632114,-0.0156465085247357,-0.0279));
#2285=CARTESIAN_POINT('',(0.0200247966090887,-0.0156547297272234,-0.0281011333108207));
#2286=CARTESIAN_POINT('',(0.0200588360451234,-0.0157440582624983,-0.0280057920086583));
#2287=CARTESIAN_POINT('',(0.0201087497739846,-0.015824554694462,-0.0279095777767057));
#2288=CARTESIAN_POINT('',(0.0200449144184646,-0.0156580841035474,-0.0282729812779116));
#2289=CARTESIAN_POINT('',(0.0200646192569202,-0.0157534720912855,-0.0280967287472493));
#2290=CARTESIAN_POINT('',(0.02011365311067,-0.0158324623606871,-0.027917760793535));
#2291=CARTESIAN_POINT('',(0.0200970648131701,-0.015666970112013,-0.0284410770650683));
#2292=CARTESIAN_POINT('',(0.0200798194996466,-0.015778171539725,-0.0281880095978563));
#2293=CARTESIAN_POINT('',(0.0201265543140525,-0.0158532352964168,-0.0279257656738861));
#2294=CARTESIAN_POINT('',(0.0201958838555054,-0.0156856870295454,-0.028694126256049));
#2295=CARTESIAN_POINT('',(0.0201099835178403,-0.0158269426283152,-0.0283300319235415));
#2296=CARTESIAN_POINT('',(0.0201523390493673,-0.0158945637129885,-0.0279378154786406));
#2297=CARTESIAN_POINT('',(0.0203157820049469,-0.0157119064266319,-0.0288860030785474));
#2298=CARTESIAN_POINT('',(0.0201491237322373,-0.015889766806017,-0.0284454793714793));
#2299=CARTESIAN_POINT('',(0.0201860921136553,-0.0159483052626621,-0.0279469525470102));
#2300=CARTESIAN_POINT('',(0.0204459301920892,-0.0157470485705268,-0.0290504666299253));
#2301=CARTESIAN_POINT('',(0.0201959732465126,-0.0159641647796994,-0.028551170660773));
#2302=CARTESIAN_POINT('',(0.0202270881119615,-0.0160129394869364,-0.027954784120136));
#2303=CARTESIAN_POINT('',(0.0206032604017728,-0.015799545654722,-0.029206081515151));
#2304=CARTESIAN_POINT('',(0.0202591729594493,-0.016063413881663,-0.0286589882740947));
#2305=CARTESIAN_POINT('',(0.0202828051243494,-0.0160998825758762,-0.0279621943608096));
#2306=CARTESIAN_POINT('',(0.0207697573386291,-0.015876523517575,-0.0293256144411343));
#2307=CARTESIAN_POINT('',(0.0203388074668957,-0.0161862538079456,-0.0287502089088988));
#2308=CARTESIAN_POINT('',(0.0203543106484336,-0.0162096498557007,-0.0279678864009582));
#2309=CARTESIAN_POINT('',(0.0209261638757864,-0.0159892267377739,-0.0293981042020231));
#2310=CARTESIAN_POINT('',(0.020436175191511,-0.0163324843490479,-0.0288101108874238));
#2311=CARTESIAN_POINT('',(0.020443547260892,-0.016343260311731,-0.0279713382956024));
#2312=CARTESIAN_POINT('',(0.0210449242502554,-0.0161229521627879,-0.0294205768945248));
#2313=CARTESIAN_POINT('',(0.0205363255661336,-0.016478389861584,-0.0288294444382967));
#2314=CARTESIAN_POINT('',(0.0205366107173669,-0.0164786949167087,-0.0279724084234774));
#2315=CARTESIAN_POINT('',(0.0211632440879286,-0.016328604010731,-0.0293971993609882));
#2316=CARTESIAN_POINT('',(0.0206750087321596,-0.0166734798294866,-0.0288094658738077));
#2317=CARTESIAN_POINT('',(0.0206671643861166,-0.0166625206138587,-0.027971295207714));
#2318=CARTESIAN_POINT('',(0.0212567218739597,-0.0166331721901492,-0.0292854484095647));
#2319=CARTESIAN_POINT('',(0.0208605733836816,-0.0169194939064847,-0.0287161244441711));
#2320=CARTESIAN_POINT('',(0.020845845192761,-0.0169006256184748,-0.0279659737337148));
#2321=CARTESIAN_POINT('',(0.0213661124166359,-0.0170261256454855,-0.0290353048639819));
#2322=CARTESIAN_POINT('',(0.0211163994262072,-0.0172233592321859,-0.0285410630676611));
#2323=CARTESIAN_POINT('',(0.0211013965458422,-0.0172068091739657,-0.0279540621366067));
#2324=CARTESIAN_POINT('',(0.021571001734959,-0.0172752027233852,-0.0289966355955154));
#2325=CARTESIAN_POINT('',(0.0213858962771581,-0.0174952260685751,-0.0285131972142766));
#2326=CARTESIAN_POINT('',(0.0213942191841931,-0.01750724670486,-0.0279522207420339));
#2327=CARTESIAN_POINT('',(0.0219259002989432,-0.0172471636270866,-0.0293481504747363));
#2328=CARTESIAN_POINT('',(0.0216623084136837,-0.0177237609803454,-0.0287629729303375));
#2329=CARTESIAN_POINT('',(0.021730937066821,-0.0177746745745171,-0.0279689595474681));
#2330=CARTESIAN_POINT('',(0.0223070354469378,-0.0170655994657599,-0.0296826385721474));
#2331=CARTESIAN_POINT('',(0.0219043484541679,-0.0178909640688234,-0.0290778236770953));
#2332=CARTESIAN_POINT('',(0.0220066132929448,-0.0179497669887239,-0.0279848875470503));
#2333=CARTESIAN_POINT('',(0.0227603117993918,-0.0167545118909386,-0.0299324177901252));
#2334=CARTESIAN_POINT('',(0.022151931326545,-0.0180305496761952,-0.0294790475983136));
#2335=CARTESIAN_POINT('',(0.0222321344294176,-0.0180692288477901,-0.0279967818145093));
#2336=CARTESIAN_POINT('',(0.0230812175964511,-0.0164882390530821,-0.03));
#2337=CARTESIAN_POINT('',(0.0223517282507202,-0.0181264316409834,-0.0298030509204542));
#2338=CARTESIAN_POINT('',(0.0223911736948092,-0.0181429809342188,-0.0279999999677173));
#2339=CARTESIAN_POINT('',(0.0232492929898599,-0.0163341133391362,-0.03));
#2340=CARTESIAN_POINT('',(0.0224755409435249,-0.0181783768156473,-0.0300000000000001));
#2341=CARTESIAN_POINT('',(0.0224755409435249,-0.0181783768156473,-0.028));
#2342=CARTESIAN_POINT('',(0.0232492929898599,-0.0163341133391363,-0.03));
#2343=CARTESIAN_POINT('',(0.0230814890797164,-0.0164879902273254,-0.03));
#2344=CARTESIAN_POINT('',(0.0228246098525364,-0.0167022152891605,-0.0299476434699237));
#2345=CARTESIAN_POINT('',(0.0224797077863187,-0.0169470464390927,-0.0297795876776054));
#2346=CARTESIAN_POINT('',(0.0222312440823484,-0.0170998022640167,-0.029611459269034));
#2347=CARTESIAN_POINT('',(0.0219856798643268,-0.0172160824387139,-0.0294021535920609));
#2348=CARTESIAN_POINT('',(0.0217850507260378,-0.0172651787276468,-0.0292069806839107));
#2349=CARTESIAN_POINT('',(0.0216076882499557,-0.0172440504208397,-0.029056073908896));
#2350=CARTESIAN_POINT('',(0.0214638244859496,-0.0171434776755796,-0.0290102581161871));
#2351=CARTESIAN_POINT('',(0.0213789855423896,-0.017000104613245,-0.0290712177548741));
#2352=CARTESIAN_POINT('',(0.0213049229923797,-0.0168130551819627,-0.0291741602974138));
#2353=CARTESIAN_POINT('',(0.0212385646803677,-0.0165710232966771,-0.0293065001465819));
#2354=CARTESIAN_POINT('',(0.0211403470079469,-0.0162599731256161,-0.0294209086732157));
#2355=CARTESIAN_POINT('',(0.0209312723462723,-0.0159704197553798,-0.0294153503846106));
#2356=CARTESIAN_POINT('',(0.0205646105717789,-0.0157656721544702,-0.0292043717625291));
#2357=CARTESIAN_POINT('',(0.0201936889037058,-0.0156836154366982,-0.0287650223928998));
#2358=CARTESIAN_POINT('',(0.0200513055214948,-0.0156591125410316,-0.0283277462722153));
#2359=CARTESIAN_POINT('',(0.0200247966090887,-0.0156547297272234,-0.0281011333108209));
#2360=CARTESIAN_POINT('',(0.0207036430949284,-0.00583523038949133,0.));
#2361=CARTESIAN_POINT('',(0.0225322151030751,-0.00480260053759757,-0.0281));
#2362=CARTESIAN_POINT('',(0.0226324246255922,-0.00498005069312857,-0.0281));
#2363=CARTESIAN_POINT('',(0.0228103038981539,-0.00540299705901684,-0.0280857142857143));
#2364=CARTESIAN_POINT('',(0.0228202626934514,-0.00630300262798565,-0.028));
#2365=CARTESIAN_POINT('',(0.022435805919872,-0.00710553370206612,-0.0279142857142857));
#2366=CARTESIAN_POINT('',(0.022113577737926,-0.0074032001075228,-0.0279));
#2367=CARTESIAN_POINT('',(0.0219606500150703,-0.00751747103895715,-0.0279));
#2368=CARTESIAN_POINT('',(0.025874396789793,-0.0127552018824839,-0.0279));
#2369=CARTESIAN_POINT('',(0.0219606500150703,-0.00751747103895715,-0.0279));
#2370=CARTESIAN_POINT('',(0.0219606500150703,-0.00751747103895715,-0.0284497787143782));
#2371=CARTESIAN_POINT('',(0.0222330259818979,-0.00788198925758649,-0.0295449591237944));
#2372=CARTESIAN_POINT('',(0.0228885732930598,-0.00875930211626197,-0.03));
#2373=CARTESIAN_POINT('',(0.0232176569352123,-0.00919971168842296,-0.03));
#2374=CARTESIAN_POINT('',(0.0219606500150703,-0.00751747103895714,-0.0279));
#2375=CARTESIAN_POINT('',(0.0222062345396246,-0.0073339649235018,-0.0279000000022522));
#2376=CARTESIAN_POINT('',(0.0223693801364071,-0.00713639594828462,-0.0279125000011335));
#2377=CARTESIAN_POINT('',(0.0226201977938092,-0.00672659439422905,-0.0279499999988666));
#2378=CARTESIAN_POINT('',(0.0227048987093297,-0.00651217304376787,-0.0279750000011332));
#2379=CARTESIAN_POINT('',(0.0228041548212808,-0.00606134071390729,-0.0280249999988668));
#2380=CARTESIAN_POINT('',(0.0228183830575234,-0.00582482249255719,-0.0280500000011335));
#2381=CARTESIAN_POINT('',(0.0227570892935458,-0.00532966917351592,-0.0280874999988666));
#2382=CARTESIAN_POINT('',(0.0226835584244151,-0.00507059798171048,-0.0280999999977389));
#2383=CARTESIAN_POINT('',(0.0225322151030751,-0.00480260053759757,-0.0281));
#2384=CARTESIAN_POINT('',(0.0219606500150703,-0.00751747103895714,-0.03));
#2385=CARTESIAN_POINT('',(0.0222062345206039,-0.00733396489642789,-0.0299999999999977));
#2386=CARTESIAN_POINT('',(0.0223693801341677,-0.00713639594691357,-0.0300000000000008));
#2387=CARTESIAN_POINT('',(0.0226201977960486,-0.0067265943956001,-0.0299999999999992));
#2388=CARTESIAN_POINT('',(0.0227048987098234,-0.00651217304387657,-0.03));
#2389=CARTESIAN_POINT('',(0.022804154820787,-0.00606134071379859,-0.03));
#2390=CARTESIAN_POINT('',(0.0228183830606949,-0.00582482249216459,-0.03));
#2391=CARTESIAN_POINT('',(0.0227570892903743,-0.00532966917390851,-0.03));
#2392=CARTESIAN_POINT('',(0.0226835584034853,-0.00507059799471279,-0.0300000000000055));
#2393=CARTESIAN_POINT('',(0.0225322151030751,-0.00480260053759757,-0.03));
#2394=CARTESIAN_POINT('',(0.0232176569352123,-0.00919971168842296,-0.03));
#2395=CARTESIAN_POINT('',(0.0237091850271104,-0.00883243108745795,-0.03));
#2396=CARTESIAN_POINT('',(0.0240263217927104,-0.00842798699831869,-0.03));
#2397=CARTESIAN_POINT('',(0.0244922399650619,-0.00759490597969688,-0.03));
#2398=CARTESIAN_POINT('',(0.0246352717182673,-0.00716225564865986,-0.03));
#2399=CARTESIAN_POINT('',(0.0247802268987754,-0.00627130856491293,-0.03));
#2400=CARTESIAN_POINT('',(0.0247817965372134,-0.00581294751137379,-0.03));
#2401=CARTESIAN_POINT('',(0.0246269184442565,-0.00486703684550574,-0.03));
#2402=CARTESIAN_POINT('',(0.0244746797807434,-0.00437837943925555,-0.03));
#2403=CARTESIAN_POINT('',(0.0241866373961603,-0.00386831638588417,-0.03));
#2404=CARTESIAN_POINT('',(0.0280636255921297,-0.0087835765877487,0.));
#2405=CARTESIAN_POINT('',(0.0280636255921297,-0.0087835765877487,-0.028));
#2406=CARTESIAN_POINT('',(0.0352408894307243,0.000517903556973923,-0.0279999999999887));
#2407=CARTESIAN_POINT('',(0.0350533957551454,0.000659609429675802,-0.028));
#2408=CARTESIAN_POINT('',(0.0350533957551454,0.000659609429675807,-0.028));
#2409=CARTESIAN_POINT('',(0.0350533957551454,0.000659609429675807,-0.0279423399896552));
#2410=CARTESIAN_POINT('',(0.0351478789809194,0.000589673238987802,-0.0278577049937065));
#2411=CARTESIAN_POINT('',(0.0352408894307182,0.000517903556978602,-0.0279422521148487));
#2412=CARTESIAN_POINT('',(0.0352408894307243,0.000517903556973888,-0.0279999999999887));
#2413=CARTESIAN_POINT('',(0.0230979419904369,-0.00903949829323572,-0.0279));
#2414=CARTESIAN_POINT('',(0.0233200777647372,-0.00887393198035907,-0.0279000000159628));
#2415=CARTESIAN_POINT('',(0.0236182743318457,-0.00859803785588073,-0.0279046316088829));
#2416=CARTESIAN_POINT('',(0.0239560672037732,-0.0081766906820554,-0.0279188630156239));
#2417=CARTESIAN_POINT('',(0.0241927112915369,-0.00781017045976826,-0.0279365187995882));
#2418=CARTESIAN_POINT('',(0.0244425660688919,-0.00730266053213454,-0.0279639330888398));
#2419=CARTESIAN_POINT('',(0.0246228886179118,-0.00671585973654707,-0.0279990843253096));
#2420=CARTESIAN_POINT('',(0.0247168440073409,-0.00606186848014529,-0.028036414093262));
#2421=CARTESIAN_POINT('',(0.0246975410503264,-0.00540982784407658,-0.0280674265268694));
#2422=CARTESIAN_POINT('',(0.0245668779908049,-0.00470511756179621,-0.0280919243520397));
#2423=CARTESIAN_POINT('',(0.0243658019661614,-0.00419052832135641,-0.0280996338764125));
#2424=CARTESIAN_POINT('',(0.0242065013329969,-0.00390389962247936,-0.0280999786205192));
#2425=CARTESIAN_POINT('',(0.0230971996801549,-0.0090385047719415,-0.0279466513222481));
#2426=CARTESIAN_POINT('',(0.0233245830791679,-0.008869108749024,-0.0279466053420702));
#2427=CARTESIAN_POINT('',(0.0236300527525207,-0.00858507138363892,-0.0279498114479042));
#2428=CARTESIAN_POINT('',(0.0239736768700696,-0.00815041344793203,-0.0279609541365526));
#2429=CARTESIAN_POINT('',(0.0242128584094094,-0.0077729629088431,-0.027974610451796));
#2430=CARTESIAN_POINT('',(0.0244606226393469,-0.00725415508777815,-0.0279953463863497));
#2431=CARTESIAN_POINT('',(0.0246338159496525,-0.00666185106472607,-0.0280224787802884));
#2432=CARTESIAN_POINT('',(0.0247184368186469,-0.00601137664801863,-0.0280509242427766));
#2433=CARTESIAN_POINT('',(0.0246921810706612,-0.00537089195807054,-0.0280750272458228));
#2434=CARTESIAN_POINT('',(0.0245594186988504,-0.0046839406638518,-0.0280934561573727));
#2435=CARTESIAN_POINT('',(0.0243615526761173,-0.00418284449811628,-0.0280996273409762));
#2436=CARTESIAN_POINT('',(0.0242060359022598,-0.00390305648566246,-0.0280999818146179));
#2437=CARTESIAN_POINT('',(0.0231225453831263,-0.00907242448179628,-0.0280588969487151));
#2438=CARTESIAN_POINT('',(0.0233587897307299,-0.00889617492123432,-0.0280587568919287));
#2439=CARTESIAN_POINT('',(0.0236696707169284,-0.00860294943255359,-0.0280590528019642));
#2440=CARTESIAN_POINT('',(0.024016898585606,-0.0081561182397931,-0.0280634145860032));
#2441=CARTESIAN_POINT('',(0.024260091655971,-0.00775983758858792,-0.0280675029999687));
#2442=CARTESIAN_POINT('',(0.0245009668955856,-0.00722771122970753,-0.0280734462923288));
#2443=CARTESIAN_POINT('',(0.0246633738639382,-0.00662394420545211,-0.028081329279796));
#2444=CARTESIAN_POINT('',(0.0247326101390195,-0.00597164506221023,-0.0280882247438493));
#2445=CARTESIAN_POINT('',(0.0246949108658897,-0.00533916269770351,-0.0280945368811085));
#2446=CARTESIAN_POINT('',(0.0245537964303163,-0.00466482273836698,-0.0280978116775054));
#2447=CARTESIAN_POINT('',(0.0243588697575733,-0.00417847412306999,-0.0280998196168229));
#2448=CARTESIAN_POINT('',(0.0242057658107112,-0.00390256247629568,-0.028099993188629));
#2449=CARTESIAN_POINT('',(0.0231897326709683,-0.00916234082632513,-0.0281012402052708));
#2450=CARTESIAN_POINT('',(0.023431085655959,-0.00898200709133751,-0.0281012494916486));
#2451=CARTESIAN_POINT('',(0.0237347658442679,-0.00869365578226442,-0.0281012632832883));
#2452=CARTESIAN_POINT('',(0.0240707270479449,-0.0082566124510123,-0.0281010766953412));
#2453=CARTESIAN_POINT('',(0.0243154309961369,-0.00785035706550652,-0.0281009423550271));
#2454=CARTESIAN_POINT('',(0.0245475535095241,-0.00732207501568928,-0.0281007492906688));
#2455=CARTESIAN_POINT('',(0.024704733910762,-0.00670862773157363,-0.0281004923099713));
#2456=CARTESIAN_POINT('',(0.0247671014036562,-0.00604093058866906,-0.0281003126313326));
#2457=CARTESIAN_POINT('',(0.0247208756184395,-0.00539125124407138,-0.0281001249122385));
#2458=CARTESIAN_POINT('',(0.0245678050705243,-0.00468737435062332,-0.0281000847700396));
#2459=CARTESIAN_POINT('',(0.0243673873662155,-0.0041943941292718,-0.0281000087044941));
#2460=CARTESIAN_POINT('',(0.0242067352695868,-0.00390428216071328,-0.0281000002865089));
#2461=CARTESIAN_POINT('',(0.0232176569352123,-0.00919971168842297,-0.0281));
#2462=CARTESIAN_POINT('',(0.0234619205567246,-0.00901715363703384,-0.0281));
#2463=CARTESIAN_POINT('',(0.0237638360370874,-0.00872961930575226,-0.0281));
#2464=CARTESIAN_POINT('',(0.0240956323809467,-0.00829430079161786,-0.0281));
#2465=CARTESIAN_POINT('',(0.024341006649531,-0.00788227259324052,-0.0281));
#2466=CARTESIAN_POINT('',(0.0245688754775874,-0.00735393227549431,-0.0281));
#2467=CARTESIAN_POINT('',(0.0247224947880404,-0.00673591583148336,-0.0281));
#2468=CARTESIAN_POINT('',(0.0247808889586051,-0.00606263478719047,-0.0281));
#2469=CARTESIAN_POINT('',(0.0247303747072958,-0.00540766395031419,-0.0281));
#2470=CARTESIAN_POINT('',(0.0245726459420793,-0.00469382886117782,-0.0281));
#2471=CARTESIAN_POINT('',(0.024370402861854,-0.00420004507524759,-0.0281));
#2472=CARTESIAN_POINT('',(0.0242070799292619,-0.00390489067457823,-0.0281));
#2473=CARTESIAN_POINT('',(0.0242054443457456,-0.0039019978634421,-0.0280999727949007));
#2474=CARTESIAN_POINT('',(0.0243930694723628,-0.00424185656860031,-0.0280994275301375));
#2475=CARTESIAN_POINT('',(0.0246370782875651,-0.00486257868509358,-0.0280859571649805));
#2476=CARTESIAN_POINT('',(0.0247311493680877,-0.00587744666282192,-0.0280448384968269));
#2477=CARTESIAN_POINT('',(0.0246341499843822,-0.00673274254999871,-0.0279981268955788));
#2478=CARTESIAN_POINT('',(0.0243548041011961,-0.00753283237061609,-0.0279527983474723));
#2479=CARTESIAN_POINT('',(0.0238464374694895,-0.00838811199728315,-0.0279125818235127));
#2480=CARTESIAN_POINT('',(0.0233868306196602,-0.00882363440586659,-0.0279));
#2481=CARTESIAN_POINT('',(0.0230979419904369,-0.00903949829323574,-0.0279));
#2482=CARTESIAN_POINT('',(0.0230979419904369,-0.00903949829323574,-0.0279));
#2483=CARTESIAN_POINT('',(0.024207079929262,-0.00390489067457824,-0.0281));
#2484=CARTESIAN_POINT('',(0.0230979419904369,-0.00903949829323574,-0.0279));
#2485=CARTESIAN_POINT('',(0.0230979419904369,-0.00903949829323574,-0.0280047197551197));
#2486=CARTESIAN_POINT('',(0.0231549743367071,-0.00911582415086849,-0.0281));
#2487=CARTESIAN_POINT('',(0.0232176569352123,-0.00919971168842296,-0.0281));
#2488=CARTESIAN_POINT('',(0.0232176569352123,-0.00919971168842296,-0.0281));
#2489=CARTESIAN_POINT('',(0.0232176569352123,-0.00919971168842295,-0.0281));
#2490=CARTESIAN_POINT('',(0.0234321336271077,-0.00903944998702533,-0.0281));
#2491=CARTESIAN_POINT('',(0.0237238046139519,-0.00876936201002512,-0.0281));
#2492=CARTESIAN_POINT('',(0.0240451842731759,-0.00836471287782246,-0.0281));
#2493=CARTESIAN_POINT('',(0.0242673152984508,-0.00800924207335899,-0.0281));
#2494=CARTESIAN_POINT('',(0.0244111275013515,-0.00772065947575844,-0.0281));
#2495=CARTESIAN_POINT('',(0.0245823550836029,-0.00729638480636629,-0.0281));
#2496=CARTESIAN_POINT('',(0.0247239136967961,-0.00673685835858514,-0.0281));
#2497=CARTESIAN_POINT('',(0.0247793118651213,-0.00605094116791498,-0.0281));
#2498=CARTESIAN_POINT('',(0.0247322247571109,-0.00538719889981718,-0.0281));
#2499=CARTESIAN_POINT('',(0.0245435365602472,-0.0045996656400361,-0.0281));
#2500=CARTESIAN_POINT('',(0.02433322729081,-0.00413292681789573,-0.0281));
#2501=CARTESIAN_POINT('',(0.0242062900142041,-0.00390347560485709,-0.0281));
#2502=CARTESIAN_POINT('',(0.0350533957551454,0.000659609429675789,-0.028));
#2503=CARTESIAN_POINT('',(0.0350533957551454,0.000659609429675789,0.0181));
#2504=CARTESIAN_POINT('',(0.035091398170413,0.001061538198802,-0.028));
#2505=CARTESIAN_POINT('',(0.035091398170413,0.001061538198802,0.0181));
#2506=CARTESIAN_POINT('',(0.0351485064486233,0.00166384498283046,-0.028));
#2507=CARTESIAN_POINT('',(0.0351485064486233,0.00166384498283046,0.0181));
#2508=CARTESIAN_POINT('',(0.0352242321983351,0.00246926617351191,-0.028));
#2509=CARTESIAN_POINT('',(0.0352242321983351,0.00246926617351191,0.0181));
#2510=CARTESIAN_POINT('',(0.0352820730637071,0.00306746836991414,-0.028));
#2511=CARTESIAN_POINT('',(0.0352820730637071,0.00306746836991414,0.0181));
#2512=CARTESIAN_POINT('',(0.0353359370273439,0.00368795261343011,-0.028));
#2513=CARTESIAN_POINT('',(0.0353359370273439,0.00368795261343011,0.0181));
#2514=CARTESIAN_POINT('',(0.0354148616824034,0.0042374417150146,-0.028));
#2515=CARTESIAN_POINT('',(0.0354148616824034,0.0042374417150146,0.0181));
#2516=CARTESIAN_POINT('',(0.0356678131997506,0.00518798707501347,-0.028));
#2517=CARTESIAN_POINT('',(0.0356678131997506,0.00518798707501347,0.0181));
#2518=CARTESIAN_POINT('',(0.036099422270627,0.00580497775716556,-0.028));
#2519=CARTESIAN_POINT('',(0.036099422270627,0.00580497775716556,0.0181));
#2520=CARTESIAN_POINT('',(0.03643638359848,0.00601662257844974,-0.028));
#2521=CARTESIAN_POINT('',(0.03643638359848,0.00601662257844974,0.0181));
#2522=CARTESIAN_POINT('',(0.036663013587233,0.00608892197769372,-0.028));
#2523=CARTESIAN_POINT('',(0.036663013587233,0.00608892197769372,0.0181));
#2524=CARTESIAN_POINT('',(0.0371532175707285,0.00607613666383624,-0.028));
#2525=CARTESIAN_POINT('',(0.0371532175707285,0.00607613666383624,0.0181));
#2526=CARTESIAN_POINT('',(0.0380084547699697,0.00583571420363589,-0.028));
#2527=CARTESIAN_POINT('',(0.0380084547699697,0.00583571420363589,0.0181));
#2528=CARTESIAN_POINT('',(0.0390623586217759,0.00536371245907721,-0.028));
#2529=CARTESIAN_POINT('',(0.0390623586217759,0.00536371245907721,0.0181));
#2530=CARTESIAN_POINT('',(0.0406451004360682,0.00448222716043305,-0.028));
#2531=CARTESIAN_POINT('',(0.0406451004360682,0.00448222716043305,0.0181));
#2532=CARTESIAN_POINT('',(0.042807189917631,0.00304251748673816,-0.028));
#2533=CARTESIAN_POINT('',(0.042807189917631,0.00304251748673816,0.0181));
#2534=CARTESIAN_POINT('',(0.0454161928599857,0.00118425186790595,-0.028));
#2535=CARTESIAN_POINT('',(0.0454161928599857,0.00118425186790595,0.0181));
#2536=CARTESIAN_POINT('',(0.0478118696623443,-0.000361210592682445,-0.028));
#2537=CARTESIAN_POINT('',(0.0478118696623443,-0.000361210592682445,0.0181));
#2538=CARTESIAN_POINT('',(0.0508279377889446,-0.00186723363120558,-0.028));
#2539=CARTESIAN_POINT('',(0.0508279377889446,-0.00186723363120558,0.0181));
#2540=CARTESIAN_POINT('',(0.0548016463809174,-0.00290779127533241,-0.028));
#2541=CARTESIAN_POINT('',(0.0548016463809174,-0.00290779127533241,0.0181));
#2542=CARTESIAN_POINT('',(0.060340181923689,-0.00356518888669841,-0.028));
#2543=CARTESIAN_POINT('',(0.060340181923689,-0.00356518888669841,0.0181));
#2544=CARTESIAN_POINT('',(0.0635805934822395,-0.00388001237815199,-0.028));
#2545=CARTESIAN_POINT('',(0.0635805934822395,-0.00388001237815199,0.0181));
#2546=CARTESIAN_POINT('',(0.0650267493599065,-0.00401669879577308,-0.028));
#2547=CARTESIAN_POINT('',(0.0650267493599065,-0.00401669879577308,0.0181));
#2548=CARTESIAN_POINT('',(0.0655472849270061,-0.00406806431226799,-0.028));
#2549=CARTESIAN_POINT('',(0.0655472849270061,-0.00406806431226799,0.0181));
#2550=CARTESIAN_POINT('',(0.0657698915785363,-0.00409169420048556,-0.028));
#2551=CARTESIAN_POINT('',(0.0657698915785363,-0.00409169420048556,0.0181));
#2552=CARTESIAN_POINT('',(0.0657698915785361,-0.00409169420048553,-0.004));
#2553=CARTESIAN_POINT('',(0.0657698915547241,-0.00409169419795776,-0.028));
#2554=CARTESIAN_POINT('',(0.0657698915785361,-0.00409169420048552,0.0181));
#2555=CARTESIAN_POINT('',(0.0350533957551454,0.000659609429675807,0.0181));
#2556=CARTESIAN_POINT('',(0.0350897846592393,0.00104447305819259,0.0181));
#2557=CARTESIAN_POINT('',(0.0351611713303612,0.0018141412063912,0.0181));
#2558=CARTESIAN_POINT('',(0.035276598159439,0.00296899808169889,0.0181));
#2559=CARTESIAN_POINT('',(0.0353628111101348,0.00412261367147225,0.0181));
#2560=CARTESIAN_POINT('',(0.0356426350954098,0.00507197964048063,0.0181));
#2561=CARTESIAN_POINT('',(0.0360523247371842,0.00575457628607611,0.0181));
#2562=CARTESIAN_POINT('',(0.0365568938169589,0.00612499055008286,0.0181));
#2563=CARTESIAN_POINT('',(0.0371710008420653,0.00606136106181586,0.0181));
#2564=CARTESIAN_POINT('',(0.0379284576663215,0.00586317401759481,0.0181));
#2565=CARTESIAN_POINT('',(0.0388287696441181,0.00547646850457838,0.0181));
#2566=CARTESIAN_POINT('',(0.0398619060122818,0.00492527511316655,0.0181));
#2567=CARTESIAN_POINT('',(0.040868515465535,0.00431606571771562,0.0181));
#2568=CARTESIAN_POINT('',(0.0421805510181944,0.00346125343899985,0.0181));
#2569=CARTESIAN_POINT('',(0.0437893569859946,0.00234239172628576,0.0181));
#2570=CARTESIAN_POINT('',(0.0457150108720313,0.000990068577068579,0.0181));
#2571=CARTESIAN_POINT('',(0.0476890416491471,-0.000276437135450576,0.0181));
#2572=CARTESIAN_POINT('',(0.0497982268864665,-0.00136643434871267,0.0181));
#2573=CARTESIAN_POINT('',(0.0527289103873702,-0.00242495468811196,0.0181));
#2574=CARTESIAN_POINT('',(0.0565215909375349,-0.00310514604851182,0.0181));
#2575=CARTESIAN_POINT('',(0.0611386158242989,-0.00366000405110839,0.0181));
#2576=CARTESIAN_POINT('',(0.0642282245438953,-0.00392804491396665,0.0181));
#2577=CARTESIAN_POINT('',(0.0657698915785361,-0.00409169420048552,0.0181));
#2578=CARTESIAN_POINT('',(0.0350533957551454,0.000659609429675807,0.0181));
#2579=CARTESIAN_POINT('',(0.0350533957551454,0.000659609429675807,-0.004));
#2580=CARTESIAN_POINT('',(0.0657698915785361,-0.00409169420048553,-0.028));
#2581=CARTESIAN_POINT('',(0.0642264632098836,-0.00392785794684091,-0.028));
#2582=CARTESIAN_POINT('',(0.0611337254902516,-0.00365917391018637,-0.028));
#2583=CARTESIAN_POINT('',(0.0565070100492377,-0.00310469260313871,-0.028));
#2584=CARTESIAN_POINT('',(0.0526910886895455,-0.00241387431850631,-0.028));
#2585=CARTESIAN_POINT('',(0.0498037333957874,-0.00136691021952211,-0.028));
#2586=CARTESIAN_POINT('',(0.0477184671896249,-0.000293426979973332,-0.028));
#2587=CARTESIAN_POINT('',(0.0457369274871064,0.000974823684435921,-0.028));
#2588=CARTESIAN_POINT('',(0.0438128072376769,0.00232588698233974,-0.028));
#2589=CARTESIAN_POINT('',(0.0422043852381891,0.00344498042222498,-0.028));
#2590=CARTESIAN_POINT('',(0.0408918769996009,0.00430136645625296,-0.028));
#2591=CARTESIAN_POINT('',(0.0398869865446705,0.00491055448742613,-0.028));
#2592=CARTESIAN_POINT('',(0.0390187284617379,0.00537696658588873,-0.028));
#2593=CARTESIAN_POINT('',(0.038304291597775,0.00569991701511522,-0.028));
#2594=CARTESIAN_POINT('',(0.0377540704990438,0.005908374691862,-0.028));
#2595=CARTESIAN_POINT('',(0.0371863722687662,0.00605812582313596,-0.028));
#2596=CARTESIAN_POINT('',(0.036568330513743,0.00612723597297451,-0.028));
#2597=CARTESIAN_POINT('',(0.0360614271623735,0.00576569191708407,-0.028));
#2598=CARTESIAN_POINT('',(0.0356491068717259,0.0050875391646511,-0.028));
#2599=CARTESIAN_POINT('',(0.0353648791132758,0.00413816741383226,-0.028));
#2600=CARTESIAN_POINT('',(0.0352773316423959,0.0029784567686845,-0.028));
#2601=CARTESIAN_POINT('',(0.0351616839015077,0.00181907634208539,-0.028));
#2602=CARTESIAN_POINT('',(0.0350899378399647,0.00104609315891469,-0.028));
#2603=CARTESIAN_POINT('',(0.0350533957551454,0.000659609429675789,-0.028));
#2604=CARTESIAN_POINT('',(0.0280636255921297,-0.0087835765877487,0.));
#2605=CARTESIAN_POINT('',(0.0280636255921297,-0.0087835765877487,0.0181));
#2606=CARTESIAN_POINT('',(0.0249470762886126,0.00254416676784572,0.0181));
#2607=CARTESIAN_POINT('',(0.0249470762886126,0.00254416676784572,0.0181));
#2608=CARTESIAN_POINT('',(0.0249470762886126,0.00254416676784572,-0.028));
#2609=CARTESIAN_POINT('',(0.0280636255921297,-0.0087835765877487,-0.028));
#2610=CARTESIAN_POINT('',(0.0289448689541635,-0.00118125132794482,0.));
#2611=CARTESIAN_POINT('',(0.0289448689541635,-0.00118125132794482,-0.0281));
#2612=CARTESIAN_POINT('',(0.0248216258238808,0.00240482623308945,-0.0281));
#2613=CARTESIAN_POINT('',(0.0241866373961603,-0.00386831638588417,-0.0281));
#2614=CARTESIAN_POINT('',(0.0249470762886126,0.00254416676784572,-0.028));
#2615=CARTESIAN_POINT('',(0.0249470762886126,0.00254416676784572,-0.0280391741674635));
#2616=CARTESIAN_POINT('',(0.0248957586289612,0.00248897926312326,-0.0280897433447155));
#2617=CARTESIAN_POINT('',(0.0248469440618782,0.00243393693945784,-0.0281));
#2618=CARTESIAN_POINT('',(0.0248216258238808,0.00240482623308945,-0.0281));
#2619=CARTESIAN_POINT('',(0.0289448689541635,-0.00118125132794482,0.0181));
#2620=CARTESIAN_POINT('',(0.0241866373961603,-0.00386831638588417,0.0181));
#2621=CARTESIAN_POINT('',(0.0241866373961603,-0.00386831638588417,0.));
#2622=CARTESIAN_POINT('',(0.025874396789793,-0.0127552018824839,0.));
#2623=CARTESIAN_POINT('',(0.025874396789793,-0.0127552018824839,0.0181));
#2624=CARTESIAN_POINT('',(0.0217141032448759,-0.0148063264608897,0.0181));
#2625=CARTESIAN_POINT('',(0.0230979419904369,-0.00903949829323574,0.0181));
#2626=CARTESIAN_POINT('',(0.0217141032448759,-0.0148063264608897,0.));
#2627=CARTESIAN_POINT('',(0.0217141032448759,-0.0148063264608897,-0.0279));
#2628=CARTESIAN_POINT('',(0.025874396789793,-0.0127552018824839,-0.0279));
#2629=CARTESIAN_POINT('',(0.0230979419904369,-0.00903949829323574,0.));
#2630=CARTESIAN_POINT('',(0.0217235115125686,-0.0148232832389588,-0.028));
#2631=CARTESIAN_POINT('',(0.0217235115125686,-0.0148232832389588,0.0181));
#2632=CARTESIAN_POINT('',(0.0220114630311993,-0.0152876658919313,-0.028));
#2633=CARTESIAN_POINT('',(0.0220114630311993,-0.0152876658919313,0.0181));
#2634=CARTESIAN_POINT('',(0.0224796304066104,-0.0159316753409746,-0.028));
#2635=CARTESIAN_POINT('',(0.0224796304066104,-0.0159316753409746,0.0181));
#2636=CARTESIAN_POINT('',(0.0227767274550848,-0.0161891753402452,-0.028));
#2637=CARTESIAN_POINT('',(0.0227767274550848,-0.0161891753402452,0.0181));
#2638=CARTESIAN_POINT('',(0.0230007316809351,-0.0163299543820762,-0.028));
#2639=CARTESIAN_POINT('',(0.0230007316809351,-0.0163299543820762,0.0181));
#2640=CARTESIAN_POINT('',(0.0233119635487632,-0.016477790096662,-0.028));
#2641=CARTESIAN_POINT('',(0.0233119635487632,-0.016477790096662,0.0181));
#2642=CARTESIAN_POINT('',(0.0236092457178871,-0.0165624476467865,-0.028));
#2643=CARTESIAN_POINT('',(0.0236092457178871,-0.0165624476467865,0.0181));
#2644=CARTESIAN_POINT('',(0.0240552751990194,-0.0166008442025704,-0.028));
#2645=CARTESIAN_POINT('',(0.0240552751990194,-0.0166008442025704,0.0181));
#2646=CARTESIAN_POINT('',(0.024453853994072,-0.0165903090259074,-0.028));
#2647=CARTESIAN_POINT('',(0.024453853994072,-0.0165903090259074,0.0181));
#2648=CARTESIAN_POINT('',(0.0250648652375077,-0.0165166515588797,-0.028));
#2649=CARTESIAN_POINT('',(0.0250648652375077,-0.0165166515588797,0.0181));
#2650=CARTESIAN_POINT('',(0.0256767457125987,-0.0164362067571299,-0.028));
#2651=CARTESIAN_POINT('',(0.0256767457125987,-0.0164362067571299,0.0181));
#2652=CARTESIAN_POINT('',(0.0262158328932284,-0.016395011514292,-0.028));
#2653=CARTESIAN_POINT('',(0.0262158328932284,-0.016395011514292,0.0181));
#2654=CARTESIAN_POINT('',(0.0266602257927292,-0.0163894662346615,-0.028));
#2655=CARTESIAN_POINT('',(0.0266602257927292,-0.0163894662346615,0.0181));
#2656=CARTESIAN_POINT('',(0.0271767598009439,-0.0164394394157734,-0.028));
#2657=CARTESIAN_POINT('',(0.0271767598009439,-0.0164394394157734,0.0181));
#2658=CARTESIAN_POINT('',(0.027829679915813,-0.0166174030414698,-0.028));
#2659=CARTESIAN_POINT('',(0.027829679915813,-0.0166174030414698,0.0181));
#2660=CARTESIAN_POINT('',(0.0285073369067632,-0.017068205254154,-0.028));
#2661=CARTESIAN_POINT('',(0.0285073369067632,-0.017068205254154,0.0181));
#2662=CARTESIAN_POINT('',(0.0289322518651122,-0.0176897776927888,-0.028));
#2663=CARTESIAN_POINT('',(0.0289322518651122,-0.0176897776927888,0.0181));
#2664=CARTESIAN_POINT('',(0.0291655468725965,-0.0183369534389132,-0.028));
#2665=CARTESIAN_POINT('',(0.0291655468725965,-0.0183369534389132,0.0181));
#2666=CARTESIAN_POINT('',(0.0291891906453175,-0.0189679729372757,-0.028));
#2667=CARTESIAN_POINT('',(0.0291891906453175,-0.0189679729372757,0.0181));
#2668=CARTESIAN_POINT('',(0.0291044716250993,-0.0195134021808418,-0.028));
#2669=CARTESIAN_POINT('',(0.0291044716250993,-0.0195134021808418,0.0181));
#2670=CARTESIAN_POINT('',(0.0289802102540442,-0.0199657065242383,-0.028));
#2671=CARTESIAN_POINT('',(0.0289802102540442,-0.0199657065242383,0.0181));
#2672=CARTESIAN_POINT('',(0.0287914409681295,-0.0205116296081592,-0.028));
#2673=CARTESIAN_POINT('',(0.0287914409681295,-0.0205116296081592,0.0181));
#2674=CARTESIAN_POINT('',(0.0285355392651115,-0.0211461633620227,-0.028));
#2675=CARTESIAN_POINT('',(0.0285355392651115,-0.0211461633620227,0.0181));
#2676=CARTESIAN_POINT('',(0.0282612151371766,-0.0218540929236613,-0.028));
#2677=CARTESIAN_POINT('',(0.0282612151371766,-0.0218540929236613,0.0181));
#2678=CARTESIAN_POINT('',(0.0281187464393381,-0.022339309669016,-0.028));
#2679=CARTESIAN_POINT('',(0.0281187464393381,-0.022339309669016,0.0181));
#2680=CARTESIAN_POINT('',(0.0280769632928096,-0.0226026048874181,-0.028));
#2681=CARTESIAN_POINT('',(0.0280769632928096,-0.0226026048874181,0.0181));
#2682=CARTESIAN_POINT('',(0.0280743983410022,-0.0227202792505561,-0.028));
#2683=CARTESIAN_POINT('',(0.0280743983410022,-0.0227202792505561,0.0181));
#2684=CARTESIAN_POINT('',(0.0280860835781286,-0.0227701137351055,-0.028));
#2685=CARTESIAN_POINT('',(0.0280860835781286,-0.0227701137351055,0.0181));
#2686=CARTESIAN_POINT('',(0.0281403012869968,-0.0228947730116959,-0.028));
#2687=CARTESIAN_POINT('',(0.0281403012869968,-0.0228947730116959,0.0181));
#2688=CARTESIAN_POINT('',(0.0283627456856153,-0.0231695639263349,-0.028));
#2689=CARTESIAN_POINT('',(0.0283627456856153,-0.0231695639263349,0.0181));
#2690=CARTESIAN_POINT('',(0.0289842979347273,-0.0236122346514662,-0.028));
#2691=CARTESIAN_POINT('',(0.0289842979347273,-0.0236122346514662,0.0181));
#2692=CARTESIAN_POINT('',(0.0298906728323404,-0.0240054895623542,-0.028));
#2693=CARTESIAN_POINT('',(0.0298906728323404,-0.0240054895623542,0.0181));
#2694=CARTESIAN_POINT('',(0.0307127494020068,-0.0242035849683287,-0.028));
#2695=CARTESIAN_POINT('',(0.0307127494020068,-0.0242035849683287,0.0181));
#2696=CARTESIAN_POINT('',(0.0313275740169781,-0.0242522922581254,-0.028));
#2697=CARTESIAN_POINT('',(0.0313275740169781,-0.0242522922581254,0.0181));
#2698=CARTESIAN_POINT('',(0.031660653095505,-0.0242553360562621,-0.028));
#2699=CARTESIAN_POINT('',(0.031660653095505,-0.0242553360562621,0.0181));
#2700=CARTESIAN_POINT('',(0.0217235115160678,-0.014823283244602,0.0181));
#2701=CARTESIAN_POINT('',(0.0219189377881799,-0.0151384493915209,0.0181));
#2702=CARTESIAN_POINT('',(0.022225089034721,-0.0156033799593244,0.0181));
#2703=CARTESIAN_POINT('',(0.0227121045124688,-0.0161637466358259,0.0181));
#2704=CARTESIAN_POINT('',(0.0233642073471776,-0.0165476683886178,0.0181));
#2705=CARTESIAN_POINT('',(0.0243043584591113,-0.0166402908778666,0.0181));
#2706=CARTESIAN_POINT('',(0.0254105234626552,-0.016460210534733,0.0181));
#2707=CARTESIAN_POINT('',(0.0265233228563746,-0.0163510999215499,0.0181));
#2708=CARTESIAN_POINT('',(0.0276558566656085,-0.016501948540301,0.0181));
#2709=CARTESIAN_POINT('',(0.0286241016526859,-0.0171267181151592,0.0181));
#2710=CARTESIAN_POINT('',(0.0291790984041931,-0.0181396881355687,0.0181));
#2711=CARTESIAN_POINT('',(0.0291958854512093,-0.0192951803826476,0.0181));
#2712=CARTESIAN_POINT('',(0.0289165096738045,-0.020176904379782,0.0181));
#2713=CARTESIAN_POINT('',(0.0286494779078009,-0.0208655342700887,0.0181));
#2714=CARTESIAN_POINT('',(0.0284442368147106,-0.0213799087585655,0.0181));
#2715=CARTESIAN_POINT('',(0.0282467925136111,-0.0219000746676283,0.0181));
#2716=CARTESIAN_POINT('',(0.0281251842638958,-0.0223370000460816,0.0181));
#2717=CARTESIAN_POINT('',(0.0280441235297851,-0.0227131958397671,0.0181));
#2718=CARTESIAN_POINT('',(0.0281826182677263,-0.0229629630931955,0.0181));
#2719=CARTESIAN_POINT('',(0.0283755850967248,-0.0231572466787263,0.0181));
#2720=CARTESIAN_POINT('',(0.0286582196867993,-0.0233838572010264,0.0181));
#2721=CARTESIAN_POINT('',(0.0290498880011244,-0.0236203907116984,0.0181));
#2722=CARTESIAN_POINT('',(0.0296990989073122,-0.0239313844550935,0.0181));
#2723=CARTESIAN_POINT('',(0.0305762122156718,-0.0241963783629999,0.0181));
#2724=CARTESIAN_POINT('',(0.0312969029426812,-0.0242520119746588,0.0181));
#2725=CARTESIAN_POINT('',(0.0316606530955051,-0.0242553360562622,0.0181));
#2726=CARTESIAN_POINT('',(0.0217235115160678,-0.014823283244602,0.0181));
#2727=CARTESIAN_POINT('',(0.0316606530955051,-0.0242553360562622,0.0181));
#2728=CARTESIAN_POINT('',(0.0316606530955051,-0.0242553360562622,0.));
#2729=CARTESIAN_POINT('',(0.031660653095505,-0.0242553360562622,-0.028));
#2730=CARTESIAN_POINT('',(0.023210605387543,-0.0164263265129618,-0.028));
#2731=CARTESIAN_POINT('',(0.0235113876864696,-0.0165525183083641,-0.028));
#2732=CARTESIAN_POINT('',(0.0241614105354966,-0.0166389280843095,-0.028));
#2733=CARTESIAN_POINT('',(0.0251246479559225,-0.0165054965491758,-0.028));
#2734=CARTESIAN_POINT('',(0.0260845862058099,-0.0163867447074495,-0.028));
#2735=CARTESIAN_POINT('',(0.027055825344578,-0.0163859956563311,-0.028));
#2736=CARTESIAN_POINT('',(0.0280083742510575,-0.016680507828442,-0.028));
#2737=CARTESIAN_POINT('',(0.028764832121924,-0.0173306047525862,-0.028));
#2738=CARTESIAN_POINT('',(0.0291766399214581,-0.0182362702412455,-0.028));
#2739=CARTESIAN_POINT('',(0.0291928458221458,-0.0192257386469252,-0.028));
#2740=CARTESIAN_POINT('',(0.0289262541267092,-0.0201703935336765,-0.028));
#2741=CARTESIAN_POINT('',(0.0285673154605806,-0.0210728922304151,-0.028));
#2742=CARTESIAN_POINT('',(0.0282620965349713,-0.0218296152455241,-0.028));
#2743=CARTESIAN_POINT('',(0.0281173636866203,-0.0223724760181066,-0.028));
#2744=CARTESIAN_POINT('',(0.0280500394773012,-0.0227007546920532,-0.028));
#2745=CARTESIAN_POINT('',(0.0281589922028843,-0.0229308598243762,-0.028));
#2746=CARTESIAN_POINT('',(0.0283259666807887,-0.0231095587357312,-0.028));
#2747=CARTESIAN_POINT('',(0.0285674011252817,-0.0233178105960644,-0.028));
#2748=CARTESIAN_POINT('',(0.0289044142770464,-0.0235380334482386,-0.028));
#2749=CARTESIAN_POINT('',(0.0293338623382123,-0.0237605971314167,-0.028));
#2750=CARTESIAN_POINT('',(0.0299303757483434,-0.0240100085116622,-0.028));
#2751=CARTESIAN_POINT('',(0.0307034389386236,-0.0242076265563629,-0.028));
#2752=CARTESIAN_POINT('',(0.0313391445949109,-0.0242523979942879,-0.028));
#2753=CARTESIAN_POINT('',(0.0316606530955051,-0.0242553360562622,-0.028));
#2754=CARTESIAN_POINT('',(0.023210605387543,-0.0164263265129618,-0.028));
#2755=CARTESIAN_POINT('',(0.0217235115125686,-0.0148232832389589,-0.0279095777767057));
#2756=CARTESIAN_POINT('',(0.0217415935871962,-0.0148524444040978,-0.0279431607034156));
#2757=CARTESIAN_POINT('',(0.0217958817825432,-0.0149393818412752,-0.0279439860539291));
#2758=CARTESIAN_POINT('',(0.021892899087434,-0.0150913802270064,-0.0279684466757004));
#2759=CARTESIAN_POINT('',(0.0220225428853278,-0.0152880194059211,-0.0279715998437588));
#2760=CARTESIAN_POINT('',(0.0221818918068338,-0.0155161385590084,-0.0279724566971297));
#2761=CARTESIAN_POINT('',(0.0224058547921313,-0.0158110969737017,-0.027962920235898));
#2762=CARTESIAN_POINT('',(0.0227153647255477,-0.0161675411922067,-0.0279384706139675));
#2763=CARTESIAN_POINT('',(0.0230378800738562,-0.0163538604219606,-0.028));
#2764=CARTESIAN_POINT('',(0.023210605387543,-0.0164263265129618,-0.028));
#2765=CARTESIAN_POINT('',(0.0217235115125686,-0.0148232832389589,-0.0279095777767057));
#2766=CARTESIAN_POINT('',(0.0217235115160678,-0.014823283244602,0.));
#2767=CARTESIAN_POINT('',(0.0318267132965664,-0.00608357292842953,0.));
#2768=CARTESIAN_POINT('',(0.0318267132965664,-0.00608357292842953,0.0181));
#2769=CARTESIAN_POINT('',(0.0379068442242445,-0.0232087753817358,0.0181));
#2770=CARTESIAN_POINT('',(0.0379068442242445,-0.0232087753817358,-0.028));
#2771=CARTESIAN_POINT('',(0.0379068442242445,-0.0232087753817358,-0.028));
#2772=CARTESIAN_POINT('',(0.0318267132965664,-0.00608357292842953,-0.028));
#2773=CARTESIAN_POINT('',(0.0405950760734997,-0.00393158969066952,0.));
#2774=CARTESIAN_POINT('',(0.0405950760734997,-0.00393158969066952,0.0181));
#2775=CARTESIAN_POINT('',(0.0519789375020336,-0.0197190586967875,0.0181));
#2776=CARTESIAN_POINT('',(0.0519789375020336,-0.0197190586967875,-0.0281));
#2777=CARTESIAN_POINT('',(0.0519789375020336,-0.0197190586967875,-0.0281));
#2778=CARTESIAN_POINT('',(0.0405950760734997,-0.00393158969066952,-0.0281));
#2779=CARTESIAN_POINT('',(0.0376925299856877,-0.0231776725350128,-0.0281));
#2780=CARTESIAN_POINT('',(0.0379068442242446,-0.0232087753817358,-0.028));
#2781=CARTESIAN_POINT('',(0.0379068442242446,-0.0232087753817358,-0.0280437354010071));
#2782=CARTESIAN_POINT('',(0.0378137536936981,-0.0231957368221428,-0.0280906748657304));
#2783=CARTESIAN_POINT('',(0.0377349877166025,-0.023184075683215,-0.0281));
#2784=CARTESIAN_POINT('',(0.0376925299856877,-0.0231776725350128,-0.0281));
#2785=CARTESIAN_POINT('',(0.0741529426172235,-0.0226632199892623,-0.0281));
#2786=CARTESIAN_POINT('',(0.0741529426172235,-0.0226632199892623,0.0181));
#2787=CARTESIAN_POINT('',(0.0733204789047611,-0.0223297793024741,-0.0281));
#2788=CARTESIAN_POINT('',(0.0733204789047611,-0.0223297793024741,0.0181));
#2789=CARTESIAN_POINT('',(0.0715868649965095,-0.0216321211940121,-0.0281));
#2790=CARTESIAN_POINT('',(0.0715868649965095,-0.0216321211940121,0.0181));
#2791=CARTESIAN_POINT('',(0.0680018939598655,-0.0203992375219369,-0.0281));
#2792=CARTESIAN_POINT('',(0.0680018939598655,-0.0203992375219369,0.0181));
#2793=CARTESIAN_POINT('',(0.0643474100137391,-0.0195134878332962,-0.0281));
#2794=CARTESIAN_POINT('',(0.0643474100137391,-0.0195134878332962,0.0181));
#2795=CARTESIAN_POINT('',(0.0606009222533828,-0.0190697080624117,-0.0281));
#2796=CARTESIAN_POINT('',(0.0606009222533828,-0.0190697080624117,0.0181));
#2797=CARTESIAN_POINT('',(0.0577526122920336,-0.018986059224372,-0.0281));
#2798=CARTESIAN_POINT('',(0.0577526122920336,-0.018986059224372,0.0181));
#2799=CARTESIAN_POINT('',(0.0553471316727354,-0.0191487867556318,-0.0281));
#2800=CARTESIAN_POINT('',(0.0553471316727354,-0.0191487867556318,0.0181));
#2801=CARTESIAN_POINT('',(0.0534136746838359,-0.0194242765886503,-0.0281));
#2802=CARTESIAN_POINT('',(0.0534136746838359,-0.0194242765886503,0.0181));
#2803=CARTESIAN_POINT('',(0.0524334597106166,-0.0196239627918713,-0.0281));
#2804=CARTESIAN_POINT('',(0.0524334597106166,-0.0196239627918713,0.0181));
#2805=CARTESIAN_POINT('',(0.0519789375020335,-0.0197190586967875,-0.0281));
#2806=CARTESIAN_POINT('',(0.0519789375020335,-0.0197190586967875,0.0181));
#2807=CARTESIAN_POINT('',(0.0741529426172235,-0.0226632199892623,0.0181));
#2808=CARTESIAN_POINT('',(0.0723857943735388,-0.0219553943925311,0.0181));
#2809=CARTESIAN_POINT('',(0.0688328995539742,-0.0205825338127583,0.0181));
#2810=CARTESIAN_POINT('',(0.0632543661634911,-0.0192597334100119,0.0181));
#2811=CARTESIAN_POINT('',(0.0585239462764806,-0.0189261882714263,0.0181));
#2812=CARTESIAN_POINT('',(0.0547792245622838,-0.0191886853424899,0.0181));
#2813=CARTESIAN_POINT('',(0.0529115803822284,-0.0195239295766235,0.0181));
#2814=CARTESIAN_POINT('',(0.0519789375020336,-0.0197190586967875,0.0181));
#2815=CARTESIAN_POINT('',(0.0741529426172235,-0.0226632199892623,0.0181));
#2816=CARTESIAN_POINT('',(0.0741529426172235,-0.0226632199892623,-0.0281));
#2817=CARTESIAN_POINT('',(0.0741529426172235,-0.0226632199892623,-0.0281));
#2818=CARTESIAN_POINT('',(0.0741529426172235,-0.0226632199892623,-0.0281));
#2819=CARTESIAN_POINT('',(0.0723857943735388,-0.0219553943925311,-0.0281));
#2820=CARTESIAN_POINT('',(0.0688328995539742,-0.0205825338127583,-0.0281));
#2821=CARTESIAN_POINT('',(0.0632543661634912,-0.0192597334100119,-0.0281));
#2822=CARTESIAN_POINT('',(0.0585239462764806,-0.0189261882714263,-0.0281));
#2823=CARTESIAN_POINT('',(0.0547792245622838,-0.0191886853424899,-0.0281));
#2824=CARTESIAN_POINT('',(0.0529115803822284,-0.0195239295766235,-0.0281));
#2825=CARTESIAN_POINT('',(0.0519789375020336,-0.0197190586967875,-0.0281));
#2826=CARTESIAN_POINT('',(0.0834610030952586,-0.0232280912076685,-0.0281));
#2827=CARTESIAN_POINT('',(0.0834610030952586,-0.0232280912076685,0.0181));
#2828=CARTESIAN_POINT('',(0.0799001492107009,-0.0229213860408118,-0.0281));
#2829=CARTESIAN_POINT('',(0.0799001492107009,-0.0229213860408118,0.0181));
#2830=CARTESIAN_POINT('',(0.0771086696760885,-0.0228092829578589,-0.0281));
#2831=CARTESIAN_POINT('',(0.0771086696760885,-0.0228092829578589,0.0181));
#2832=CARTESIAN_POINT('',(0.0741529426172235,-0.0226632199892623,-0.0281));
#2833=CARTESIAN_POINT('',(0.0741529426172235,-0.0226632199892623,0.0181));
#2834=CARTESIAN_POINT('',(0.0834610030952586,-0.0232280912076684,0.0181));
#2835=CARTESIAN_POINT('',(0.0803637916341557,-0.0229613207113874,0.0181));
#2836=CARTESIAN_POINT('',(0.0772577973706025,-0.0228166523912764,0.0181));
#2837=CARTESIAN_POINT('',(0.0741529426172235,-0.0226632199892623,0.0181));
#2838=CARTESIAN_POINT('',(0.0834610030952586,-0.0232280912076684,0.0181));
#2839=CARTESIAN_POINT('',(0.0834610030952586,-0.0232280912076684,0.));
#2840=CARTESIAN_POINT('',(0.0834610030952586,-0.0232280912076684,-0.0281));
#2841=CARTESIAN_POINT('',(0.0834610030952586,-0.0232280912076684,-0.0281));
#2842=CARTESIAN_POINT('',(0.0803637916341557,-0.0229613207113874,-0.0281));
#2843=CARTESIAN_POINT('',(0.0772577973706025,-0.0228166523912764,-0.0281));
#2844=CARTESIAN_POINT('',(0.0741529426172235,-0.0226632199892623,-0.0281));
#2845=CARTESIAN_POINT('',(0.0994170927675296,-0.0254465354509026,-0.0281));
#2846=CARTESIAN_POINT('',(0.0994170927675296,-0.0254465354509026,0.0181));
#2847=CARTESIAN_POINT('',(0.0936966612145205,-0.0243137137288923,-0.0281));
#2848=CARTESIAN_POINT('',(0.0936966612145205,-0.0243137137288923,0.0181));
#2849=CARTESIAN_POINT('',(0.0879629052628427,-0.0236158511945267,-0.0281));
#2850=CARTESIAN_POINT('',(0.0879629052628427,-0.0236158511945267,0.0181));
#2851=CARTESIAN_POINT('',(0.0834610030952585,-0.0232280912076685,-0.0281));
#2852=CARTESIAN_POINT('',(0.0834610030952585,-0.0232280912076685,0.0181));
#2853=CARTESIAN_POINT('',(0.0994170927675296,-0.0254465354509027,-0.0281));
#2854=CARTESIAN_POINT('',(0.0941462759911995,-0.0244027513095082,-0.0281));
#2855=CARTESIAN_POINT('',(0.0888141954275559,-0.0236891749254284,-0.0281));
#2856=CARTESIAN_POINT('',(0.0834610030952587,-0.0232280912076685,-0.0281));
#2857=CARTESIAN_POINT('',(0.0994170927675296,-0.0254465354509027,-0.0281));
#2858=CARTESIAN_POINT('',(0.0994170927675296,-0.0254465354509027,0.0181));
#2859=CARTESIAN_POINT('',(0.0941462759911995,-0.0244027513095082,0.0181));
#2860=CARTESIAN_POINT('',(0.0888141954275559,-0.0236891749254284,0.0181));
#2861=CARTESIAN_POINT('',(0.0834610030952587,-0.0232280912076685,0.0181));
#2862=CARTESIAN_POINT('',(0.0994170927675296,-0.0254465354509027,0.0181));
#2863=CARTESIAN_POINT('',(0.0994170927675296,-0.0254465354509027,0.));
#2864=CARTESIAN_POINT('',(0.0770637271304447,-0.0260234718989852,0.));
#2865=CARTESIAN_POINT('',(0.0770637271304447,-0.0260234718989852,-0.028));
#2866=CARTESIAN_POINT('',(0.099536473121706,-0.025345424585786,-0.028));
#2867=CARTESIAN_POINT('',(0.0875316283995126,-0.0061260574044401,-0.028));
#2868=CARTESIAN_POINT('',(0.099536473121706,-0.025345424585786,0.));
#2869=CARTESIAN_POINT('',(0.099536473121706,-0.025345424585786,0.018));
#2870=CARTESIAN_POINT('',(0.0770637271304447,-0.0260234718989852,0.018));
#2871=CARTESIAN_POINT('',(0.0875316283995126,-0.0061260574044401,0.018));
#2872=CARTESIAN_POINT('',(0.0875316283995126,-0.0061260574044401,0.));
#2873=CARTESIAN_POINT('',(0.0657698915547067,-0.00409169419813396,-0.028));
#2874=CARTESIAN_POINT('',(0.0657698915547067,-0.00409169419813396,0.0181));
#2875=CARTESIAN_POINT('',(0.0662737099959831,-0.00414141278529718,-0.028));
#2876=CARTESIAN_POINT('',(0.0662737099959831,-0.00414141278529718,0.0181));
#2877=CARTESIAN_POINT('',(0.0673657045111695,-0.00423412620323034,-0.028));
#2878=CARTESIAN_POINT('',(0.0673657045111695,-0.00423412620323034,0.0181));
#2879=CARTESIAN_POINT('',(0.0695526019064111,-0.00437054638891761,-0.028));
#2880=CARTESIAN_POINT('',(0.0695526019064111,-0.00437054638891761,0.0181));
#2881=CARTESIAN_POINT('',(0.0723958803982267,-0.00448172757598392,-0.028));
#2882=CARTESIAN_POINT('',(0.0723958803982267,-0.00448172757598392,0.0181));
#2883=CARTESIAN_POINT('',(0.0758015169460687,-0.00456876157569413,-0.028));
#2884=CARTESIAN_POINT('',(0.0758015169460687,-0.00456876157569413,0.0181));
#2885=CARTESIAN_POINT('',(0.0790675571019142,-0.00466178242253515,-0.028));
#2886=CARTESIAN_POINT('',(0.0790675571019142,-0.00466178242253515,0.0181));
#2887=CARTESIAN_POINT('',(0.0820379544349495,-0.00480904234818097,-0.028));
#2888=CARTESIAN_POINT('',(0.0820379544349495,-0.00480904234818097,0.0181));
#2889=CARTESIAN_POINT('',(0.0845417627790965,-0.00505774690873123,-0.028));
#2890=CARTESIAN_POINT('',(0.0845417627790965,-0.00505774690873123,0.0181));
#2891=CARTESIAN_POINT('',(0.0863820682898079,-0.0054265170912225,-0.028));
#2892=CARTESIAN_POINT('',(0.0863820682898079,-0.0054265170912225,0.0181));
#2893=CARTESIAN_POINT('',(0.0869228995634312,-0.00572956555752414,-0.028));
#2894=CARTESIAN_POINT('',(0.0869228995634312,-0.00572956555752414,0.0181));
#2895=CARTESIAN_POINT('',(0.0869529341208287,-0.0057529279024836,-0.028));
#2896=CARTESIAN_POINT('',(0.0869529341208287,-0.0057529279024836,0.0181));
#2897=CARTESIAN_POINT('',(0.0657698915785361,-0.00409169420048552,0.0181));
#2898=CARTESIAN_POINT('',(0.0675051920680038,-0.00426293979527039,0.0181));
#2899=CARTESIAN_POINT('',(0.0709830873908734,-0.00444944327572182,0.0181));
#2900=CARTESIAN_POINT('',(0.0753365910907901,-0.0045546420375469,0.0181));
#2901=CARTESIAN_POINT('',(0.0788183106406529,-0.0046560351274368,0.0181));
#2902=CARTESIAN_POINT('',(0.0814254263193292,-0.00477516890638957,0.0181));
#2903=CARTESIAN_POINT('',(0.0835911325073379,-0.00494705036627686,0.0181));
#2904=CARTESIAN_POINT('',(0.0853119212846914,-0.00520829931578672,0.0181));
#2905=CARTESIAN_POINT('',(0.0861661387846895,-0.00540385371961987,0.0181));
#2906=CARTESIAN_POINT('',(0.0865868185775712,-0.00556920635564089,0.0181));
#2907=CARTESIAN_POINT('',(0.0865868185775713,-0.00556920635564089,0.0181));
#2908=CARTESIAN_POINT('',(0.0869529341412368,-0.00575292787621533,-0.028));
#2909=CARTESIAN_POINT('',(0.0867739856475133,-0.00561390032987087,-0.028));
#2910=CARTESIAN_POINT('',(0.0863410500401971,-0.00547797248266548,-0.028));
#2911=CARTESIAN_POINT('',(0.0854892485002834,-0.00523942031904896,-0.028));
#2912=CARTESIAN_POINT('',(0.0843874285901372,-0.00506109628306369,-0.028));
#2913=CARTESIAN_POINT('',(0.0830678436534891,-0.00491017445361683,-0.028));
#2914=CARTESIAN_POINT('',(0.0812975905018821,-0.00477121330208265,-0.028));
#2915=CARTESIAN_POINT('',(0.0790792813397733,-0.00466539158713108,-0.028));
#2916=CARTESIAN_POINT('',(0.0764160150260023,-0.00458513003865863,-0.028));
#2917=CARTESIAN_POINT('',(0.0737519909965628,-0.0045173193103434,-0.028));
#2918=CARTESIAN_POINT('',(0.0702009292438243,-0.00440661877050959,-0.028));
#2919=CARTESIAN_POINT('',(0.067540148140614,-0.00426638938425041,-0.028));
#2920=CARTESIAN_POINT('',(0.0657698915547065,-0.00409169419813394,-0.028));
#2921=CARTESIAN_POINT('',(0.0869529341208286,-0.00575292790248359,-0.028));
#2922=CARTESIAN_POINT('',(0.0869529341208287,-0.0057529279024836,0.));
#2923=CARTESIAN_POINT('',(0.0869529341208286,-0.00575292790248359,0.018));
#2924=CARTESIAN_POINT('',(0.0865868185775713,-0.00556920635564089,0.0181));
#2925=CARTESIAN_POINT('',(0.0867198057725659,-0.00562147837731032,0.0181));
#2926=CARTESIAN_POINT('',(0.0868614396806245,-0.0056817590603518,0.0180816841483599));
#2927=CARTESIAN_POINT('',(0.0869529341208287,-0.0057529279024836,0.018));
#2928=CARTESIAN_POINT('',(0.0603913267490106,-0.00986664857903969,0.0181));
#2929=CARTESIAN_POINT('',(0.0207036430949284,-0.00583523038949133,0.0181));
#2930=CARTESIAN_POINT('',(0.0893474387698642,-0.00267456023669918,0.0181));
#2931=CARTESIAN_POINT('',(0.0874850691592472,-0.00621455733181808,0.0181));
#2932=CARTESIAN_POINT('',(0.0770637271304447,-0.0260234718989852,0.0181));
#2933=CARTESIAN_POINT('',(0.0994393111439744,-0.0254484014127979,0.0181));
#2934=CARTESIAN_POINT('',(0.0994365186080804,-0.0253484404116861,0.0181));
#2935=CARTESIAN_POINT('',(0.0218934864324195,-0.0147178862436427,0.0181));
#2936=CARTESIAN_POINT('',(0.0603913267490106,-0.00986664857903969,-0.0281));
#2937=CARTESIAN_POINT('',(0.025874396789793,-0.0127552018824839,-0.0281));
#2938=CARTESIAN_POINT('',(0.0232492929898598,-0.0163341133391364,-0.0281));
#2939=CARTESIAN_POINT('',(0.0316615668938333,-0.0241553402314863,-0.0281));
#2940=CARTESIAN_POINT('',(0.0313411558015714,-0.0241524121980297,-0.0281));
#2941=CARTESIAN_POINT('',(0.0307077832130978,-0.0241075416897155,-0.0281));
#2942=CARTESIAN_POINT('',(0.029937424390602,-0.0239071731400032,-0.0281));
#2943=CARTESIAN_POINT('',(0.0293444621713517,-0.0236551024129859,-0.0281));
#2944=CARTESIAN_POINT('',(0.0289183048307116,-0.0234303970063604,-0.0281));
#2945=CARTESIAN_POINT('',(0.0285833739961487,-0.0232064271890123,-0.0281));
#2946=CARTESIAN_POINT('',(0.0283525433524152,-0.0229936877781561,-0.0281));
#2947=CARTESIAN_POINT('',(0.0281224472885774,-0.022736108894983,-0.0281));
#2948=CARTESIAN_POINT('',(0.028235400586491,-0.0223057508706736,-0.0281));
#2949=CARTESIAN_POINT('',(0.0283709893134344,-0.0218535651154184,-0.0281));
#2950=CARTESIAN_POINT('',(0.0285455123033529,-0.0213966155095732,-0.0281));
#2951=CARTESIAN_POINT('',(0.0287844100100634,-0.0207954684254742,-0.0281));
#2952=CARTESIAN_POINT('',(0.0290789328492992,-0.0200417652317986,-0.0281));
#2953=CARTESIAN_POINT('',(0.0293104518936805,-0.0190894157867179,-0.0281));
#2954=CARTESIAN_POINT('',(0.0292448010711945,-0.0181052892576196,-0.0281));
#2955=CARTESIAN_POINT('',(0.0288005219462192,-0.017219039194771,-0.0281));
#2956=CARTESIAN_POINT('',(0.0280357445837645,-0.016585332661408,-0.0281));
#2957=CARTESIAN_POINT('',(0.0270873589505874,-0.0162908797811895,-0.0281));
#2958=CARTESIAN_POINT('',(0.0261177222122036,-0.016283952482833,-0.0281));
#2959=CARTESIAN_POINT('',(0.0251595880307705,-0.0163988054856587,-0.0281));
#2960=CARTESIAN_POINT('',(0.0241998187775945,-0.0165369425041589,-0.0281));
#2961=CARTESIAN_POINT('',(0.0235494875625602,-0.0164600585567713,-0.0281));
#2962=CARTESIAN_POINT('',(0.0232492929898599,-0.0163341133391363,-0.0281));
#2963=CARTESIAN_POINT('',(0.0316615668938333,-0.0241553402314863,-0.0281));
#2964=CARTESIAN_POINT('',(0.0318267132965664,-0.00608357292842953,-0.0281));
#2965=CARTESIAN_POINT('',(0.0994365186080804,-0.0253484404116861,-0.0281));
#2966=CARTESIAN_POINT('',(0.0994393111439744,-0.0254484014127979,-0.0281));
#2967=CARTESIAN_POINT('',(0.0770637271304447,-0.0260234718989852,-0.0281));
#2968=CARTESIAN_POINT('',(0.0874850691592472,-0.00621455733181808,-0.0281));
#2969=CARTESIAN_POINT('',(0.0893474387698642,-0.00267456023669918,-0.0281));
#2970=CARTESIAN_POINT('',(0.0868915365754638,-0.00583186039368565,-0.0281));
#2971=CARTESIAN_POINT('',(0.0657597032231998,-0.00419117451983973,-0.0281));
#2972=CARTESIAN_POINT('',(0.0675252613968156,-0.00436540605000017,-0.0281));
#2973=CARTESIAN_POINT('',(0.0701789667282499,-0.00450574075079899,-0.0281));
#2974=CARTESIAN_POINT('',(0.0737205877269756,-0.00461650864335186,-0.0281));
#2975=CARTESIAN_POINT('',(0.0763775722665888,-0.00468414780888524,-0.0281));
#2976=CARTESIAN_POINT('',(0.0790336948083685,-0.00476394765555067,-0.0281));
#2977=CARTESIAN_POINT('',(0.081246467786869,-0.00486814476343797,-0.0281));
#2978=CARTESIAN_POINT('',(0.0830115532614294,-0.00500597816283921,-0.0281));
#2979=CARTESIAN_POINT('',(0.0843299067313001,-0.00515205326282584,-0.0281));
#2980=CARTESIAN_POINT('',(0.0854227394860615,-0.00533505453577107,-0.0281));
#2981=CARTESIAN_POINT('',(0.0861780301621527,-0.00552560685165392,-0.0281));
#2982=CARTESIAN_POINT('',(0.0865940651863186,-0.00567757518271779,-0.0281));
#2983=CARTESIAN_POINT('',(0.0868030470358001,-0.00576311165308094,-0.0281));
#2984=CARTESIAN_POINT('',(0.0868915365754638,-0.00583186039368564,-0.0281));
#2985=CARTESIAN_POINT('',(0.0657597032231998,-0.00419117451983973,-0.0281));
#2986=CARTESIAN_POINT('',(0.0351361284125948,0.000472266109336077,-0.0281));
#2987=CARTESIAN_POINT('',(0.035172648357892,0.000858515682119986,-0.0281));
#2988=CARTESIAN_POINT('',(0.0352437826654705,0.0016309923362012,-0.0281));
#2989=CARTESIAN_POINT('',(0.0353619176249346,0.00278984226624264,-0.0281));
#2990=CARTESIAN_POINT('',(0.0354400353410609,0.00394821987506544,-0.0281));
#2991=CARTESIAN_POINT('',(0.0356857152705249,0.00490797334862914,-0.0281));
#2992=CARTESIAN_POINT('',(0.0360619843283804,0.00559908183828838,-0.0281));
#2993=CARTESIAN_POINT('',(0.0365261917258946,0.00602307038930275,-0.0281));
#2994=CARTESIAN_POINT('',(0.0371543431915729,0.00596432096662394,-0.0281));
#2995=CARTESIAN_POINT('',(0.0377206871877408,0.00581383807418466,-0.0281));
#2996=CARTESIAN_POINT('',(0.0382718271605368,0.00560529671691846,-0.0281));
#2997=CARTESIAN_POINT('',(0.0389864072996917,0.005281289677401,-0.0281));
#2998=CARTESIAN_POINT('',(0.0398548971765012,0.00481370288887709,-0.0281));
#2999=CARTESIAN_POINT('',(0.0408599905444041,0.00420322307592629,-0.0281));
#3000=CARTESIAN_POINT('',(0.0421729915168199,0.00334538314318123,-0.0281));
#3001=CARTESIAN_POINT('',(0.0437823379966331,0.00222496019127641,-0.0281));
#3002=CARTESIAN_POINT('',(0.0457081747700526,0.000873294388952807,-0.0281));
#3003=CARTESIAN_POINT('',(0.047692615666593,-0.000394040798304983,-0.0281));
#3004=CARTESIAN_POINT('',(0.0497803112104687,-0.00146560676613147,-0.0281));
#3005=CARTESIAN_POINT('',(0.0526705561508046,-0.00251142889134248,-0.0281));
#3006=CARTESIAN_POINT('',(0.0564893634944079,-0.00320329628362129,-0.0281));
#3007=CARTESIAN_POINT('',(0.0611198253059041,-0.00375828529833807,-0.0281));
#3008=CARTESIAN_POINT('',(0.0642150356094607,-0.0040272067192592,-0.0281));
#3009=CARTESIAN_POINT('',(0.0657597032231998,-0.00419117451983973,-0.0281));
#3010=CARTESIAN_POINT('',(0.0351361284125948,0.000472266109336077,-0.0281));
#3011=CARTESIAN_POINT('',(0.0280636255921297,-0.0087835765877487,-0.0281));
#3012=CARTESIAN_POINT('',(0.0207036430949284,-0.00583523038949133,-0.0281));
#3013=CARTESIAN_POINT('',(0.0280636255921297,-0.0087835765877487,-0.028));
#3014=CARTESIAN_POINT('',(0.0352408894307243,0.000517903556973882,-0.0279999999999887));
#3015=CARTESIAN_POINT('',(0.035240889430731,0.000517903556976789,-0.0280566152563712));
#3016=CARTESIAN_POINT('',(0.0351877929417069,0.000494844367718994,-0.0281));
#3017=CARTESIAN_POINT('',(0.0351361284125948,0.000472266109336076,-0.0281));
#3018=CARTESIAN_POINT('',(0.0316606530955051,-0.0242553360562622,-0.028));
#3019=CARTESIAN_POINT('',(0.0316606530955051,-0.0242553360562622,-0.0281));
#3020=CARTESIAN_POINT('',(0.0316615668938333,-0.0241553402314863,-0.0281));
#3021=CARTESIAN_POINT('',(0.031336126508271,-0.0242523704139111,-0.028));
#3022=CARTESIAN_POINT('',(0.0313361265084773,-0.0242523704206425,-0.0281000000002335));
#3023=CARTESIAN_POINT('',(0.0313411462030956,-0.0241524121165802,-0.0281));
#3024=CARTESIAN_POINT('',(0.0306923923749271,-0.0242070355049347,-0.028));
#3025=CARTESIAN_POINT('',(0.0306923923748288,-0.0242070355017304,-0.0280999999998889));
#3026=CARTESIAN_POINT('',(0.0307077690019192,-0.0241075520666862,-0.0281));
#3027=CARTESIAN_POINT('',(0.0299052422083996,-0.0240020466175605,-0.028));
#3028=CARTESIAN_POINT('',(0.0299052422084118,-0.0240020466179583,-0.0281000000000138));
#3029=CARTESIAN_POINT('',(0.0299373352396471,-0.0239071217853676,-0.0281));
#3030=CARTESIAN_POINT('',(0.029301431113435,-0.023745814228026,-0.028));
#3031=CARTESIAN_POINT('',(0.0293014311134327,-0.023745814227951,-0.0280999999999974));
#3032=CARTESIAN_POINT('',(0.02934446282716,-0.0236551327433778,-0.0281));
#3033=CARTESIAN_POINT('',(0.0288672494568536,-0.0235153789381591,-0.028));
#3034=CARTESIAN_POINT('',(0.0288672494568542,-0.0235153789381796,-0.0281000000000007));
#3035=CARTESIAN_POINT('',(0.0289179784687924,-0.023430120942821,-0.0281));
#3036=CARTESIAN_POINT('',(0.028523977071192,-0.0232906609194265,-0.028));
#3037=CARTESIAN_POINT('',(0.0285239770711919,-0.0232906609194239,-0.0280999999999999));
#3038=CARTESIAN_POINT('',(0.0285840352085962,-0.0232070538979539,-0.0281));
#3039=CARTESIAN_POINT('',(0.0282792305146812,-0.023056875160408,-0.028));
#3040=CARTESIAN_POINT('',(0.0282792305146812,-0.0230568751604085,-0.0281));
#3041=CARTESIAN_POINT('',(0.028351186005734,-0.0229924243548679,-0.0281));
#3042=CARTESIAN_POINT('',(0.0281296091008362,-0.0229099279813043,-0.028));
#3043=CARTESIAN_POINT('',(0.0281296091008362,-0.0229099279813043,-0.0281));
#3044=CARTESIAN_POINT('',(0.0282125285870347,-0.0228361794028629,-0.0281));
#3045=CARTESIAN_POINT('',(0.0280636823587103,-0.0226669788548906,-0.028));
#3046=CARTESIAN_POINT('',(0.0280636823587103,-0.0226669788548907,-0.0281));
#3047=CARTESIAN_POINT('',(0.0281670788798086,-0.022675911668205,-0.0281));
#3048=CARTESIAN_POINT('',(0.0280955844937528,-0.0224977458149767,-0.028));
#3049=CARTESIAN_POINT('',(0.0280955844937528,-0.0224977458149767,-0.0281));
#3050=CARTESIAN_POINT('',(0.0281922756632515,-0.0225138542182461,-0.0281));
#3051=CARTESIAN_POINT('',(0.0281509045996982,-0.0222070959198014,-0.028));
#3052=CARTESIAN_POINT('',(0.0281509045996982,-0.0222070959198014,-0.0281));
#3053=CARTESIAN_POINT('',(0.0282484510042346,-0.0222362200188169,-0.0281));
#3054=CARTESIAN_POINT('',(0.0282804736557196,-0.021818428493792,-0.028));
#3055=CARTESIAN_POINT('',(0.0282804736557196,-0.021818428493792,-0.0281));
#3056=CARTESIAN_POINT('',(0.0283742884156015,-0.0218514060895867,-0.0281));
#3057=CARTESIAN_POINT('',(0.0284515335441568,-0.0213602607630672,-0.028));
#3058=CARTESIAN_POINT('',(0.0284515335441568,-0.0213602607630672,-0.0281));
#3059=CARTESIAN_POINT('',(0.0285447191913272,-0.0213969962101363,-0.0281));
#3060=CARTESIAN_POINT('',(0.0286922637828656,-0.0207577931612533,-0.028));
#3061=CARTESIAN_POINT('',(0.0286922637828655,-0.0207577931612534,-0.0281));
#3062=CARTESIAN_POINT('',(0.0287849686072151,-0.0207949960668372,-0.0281));
#3063=CARTESIAN_POINT('',(0.0289840926109906,-0.0200088734143449,-0.028));
#3064=CARTESIAN_POINT('',(0.0289840926109908,-0.0200088734143443,-0.0281));
#3065=CARTESIAN_POINT('',(0.029078833854601,-0.0200416766700206,-0.0281));
#3066=CARTESIAN_POINT('',(0.0292096145133229,-0.0190778468956742,-0.028));
#3067=CARTESIAN_POINT('',(0.029209614513322,-0.0190778468956762,-0.0281));
#3068=CARTESIAN_POINT('',(0.0293105256929505,-0.0190891535380693,-0.0281));
#3069=CARTESIAN_POINT('',(0.0291453507418044,-0.0181312757545244,-0.028));
#3070=CARTESIAN_POINT('',(0.0291453507418074,-0.0181312757545171,-0.0281));
#3071=CARTESIAN_POINT('',(0.0292447252227557,-0.0181050383292688,-0.0281));
#3072=CARTESIAN_POINT('',(0.028719891632425,-0.0172830262419248,-0.028));
#3073=CARTESIAN_POINT('',(0.0287198916324135,-0.0172830262419521,-0.0281));
#3074=CARTESIAN_POINT('',(0.0288003413480936,-0.0172188007870727,-0.0281));
#3075=CARTESIAN_POINT('',(0.0279872845140343,-0.0166758183782564,-0.028));
#3076=CARTESIAN_POINT('',(0.0279872845140772,-0.0166758183781543,-0.0281000000000001));
#3077=CARTESIAN_POINT('',(0.028035459331525,-0.0165851765323648,-0.0281));
#3078=CARTESIAN_POINT('',(0.0270739727317086,-0.0163913926700154,-0.028));
#3079=CARTESIAN_POINT('',(0.0270739727315484,-0.0163913926703964,-0.0280999999999997));
#3080=CARTESIAN_POINT('',(0.027086986424719,-0.0162908232786975,-0.0281));
#3081=CARTESIAN_POINT('',(0.0261255621423212,-0.0163839835840283,-0.028));
#3082=CARTESIAN_POINT('',(0.026125562142919,-0.0163839835826061,-0.028100000000001));
#3083=CARTESIAN_POINT('',(0.0261174109493189,-0.0162840104510551,-0.0281));
#3084=CARTESIAN_POINT('',(0.0251735975548839,-0.0164973193240421,-0.028));
#3085=CARTESIAN_POINT('',(0.0251735975526529,-0.0164973193293497,-0.0280999999999963));
#3086=CARTESIAN_POINT('',(0.025158958997688,-0.016398758432991,-0.0281));
#3087=CARTESIAN_POINT('',(0.0242088519898405,-0.0166384145029443,-0.028));
#3088=CARTESIAN_POINT('',(0.0242088519981666,-0.0166384144831358,-0.028100000000014));
#3089=CARTESIAN_POINT('',(0.024200231660278,-0.0165373782864929,-0.0281));
#3090=CARTESIAN_POINT('',(0.0235234862072518,-0.0165575941857168,-0.028));
#3091=CARTESIAN_POINT('',(0.0235234861893115,-0.0165575942283982,-0.0280999999999699));
#3092=CARTESIAN_POINT('',(0.0235472027080969,-0.0164591000012079,-0.0281));
#3093=CARTESIAN_POINT('',(0.0232106053875431,-0.0164263265129618,-0.028));
#3094=CARTESIAN_POINT('',(0.0232106053875431,-0.0164263265129618,-0.0281));
#3095=CARTESIAN_POINT('',(0.0232492929898598,-0.0163341133391363,-0.0281));
#3096=CARTESIAN_POINT('',(0.0316615668938333,-0.0241553402314863,-0.028));
#3097=CARTESIAN_POINT('',(0.0232492929898599,-0.0163341133391363,-0.028));
#3098=CARTESIAN_POINT('',(0.0318267132965664,-0.00608357292842953,-0.028));
#3099=CARTESIAN_POINT('',(0.0893474387698642,-0.00267456023669918,0.018));
#3100=CARTESIAN_POINT('',(0.0874850691592472,-0.00621455733181807,0.018));
#3101=CARTESIAN_POINT('',(0.0893474387698642,-0.00267456023669918,0.018));
#3102=CARTESIAN_POINT('',(0.0893474387698642,-0.00267456023669918,-0.005));
#3103=CARTESIAN_POINT('',(0.0893474387698642,-0.00267456023669918,-0.028));
#3104=CARTESIAN_POINT('',(0.0656423921739996,-0.00407911210793321,-0.028));
#3105=CARTESIAN_POINT('',(0.0656423921739995,-0.00407911210793321,-0.0281));
#3106=CARTESIAN_POINT('',(0.065632571523085,-0.00417862871366117,-0.0281));
#3107=CARTESIAN_POINT('',(0.06742929884774,-0.00425545038365373,-0.028));
#3108=CARTESIAN_POINT('',(0.0674292988477555,-0.00425545038366134,-0.0281));
#3109=CARTESIAN_POINT('',(0.0674194781968247,-0.00435496698938959,-0.0281));
#3110=CARTESIAN_POINT('',(0.0701083613122803,-0.00440396655067131,-0.028));
#3111=CARTESIAN_POINT('',(0.0701083613122768,-0.00440396655066959,-0.0281));
#3112=CARTESIAN_POINT('',(0.070104958562485,-0.00450395282292649,-0.0281));
#3113=CARTESIAN_POINT('',(0.0736922228583273,-0.00451561522777727,-0.028));
#3114=CARTESIAN_POINT('',(0.073692222858328,-0.0045156152277776,-0.0281));
#3115=CARTESIAN_POINT('',(0.073689423360938,-0.00461556926976324,-0.0281));
#3116=CARTESIAN_POINT('',(0.0763810735019764,-0.00458421781515064,-0.028));
#3117=CARTESIAN_POINT('',(0.0763810735019759,-0.00458421781515053,-0.0280999999999999));
#3118=CARTESIAN_POINT('',(0.0763785102550524,-0.00468418217729758,-0.0281));
#3119=CARTESIAN_POINT('',(0.0790703987881231,-0.00466495023287399,-0.028));
#3120=CARTESIAN_POINT('',(0.0790703987881241,-0.00466495023287408,-0.0281000000000003));
#3121=CARTESIAN_POINT('',(0.0790667952207313,-0.00476490751100689,-0.0281));
#3122=CARTESIAN_POINT('',(0.0813120199097839,-0.00477170328040024,-0.028));
#3123=CARTESIAN_POINT('',(0.0813120199097812,-0.00477170328040005,-0.0280999999999991));
#3124=CARTESIAN_POINT('',(0.0813061203347084,-0.00487148993904913,-0.0281));
#3125=CARTESIAN_POINT('',(0.0831018602306392,-0.00491336856020845,-0.028));
#3126=CARTESIAN_POINT('',(0.0831018602306438,-0.00491336856020876,-0.0281000000000015));
#3127=CARTESIAN_POINT('',(0.0830926496115455,-0.00501305641494561,-0.0281));
#3128=CARTESIAN_POINT('',(0.0844394523719347,-0.00506710955688545,-0.028));
#3129=CARTESIAN_POINT('',(0.0844394523719172,-0.00506710955688426,-0.0280999999999944));
#3130=CARTESIAN_POINT('',(0.0844252939427623,-0.00516581259842481,-0.0281));
#3131=CARTESIAN_POINT('',(0.0855528821420418,-0.00525421468608223,-0.028));
#3132=CARTESIAN_POINT('',(0.0855528821420931,-0.00525421468608575,-0.0281000000000165));
#3133=CARTESIAN_POINT('',(0.0855344420890167,-0.00535352225596547,-0.0281));
#3134=CARTESIAN_POINT('',(0.0863218381451491,-0.00546980736931837,-0.028));
#3135=CARTESIAN_POINT('',(0.0863218381450777,-0.00546980736931347,-0.0280999999999771));
#3136=CARTESIAN_POINT('',(0.0862902756131817,-0.00556390524212849,-0.0281));
#3137=CARTESIAN_POINT('',(0.0867498978109353,-0.00562328699859571,-0.028));
#3138=CARTESIAN_POINT('',(0.0867498978110605,-0.00562328699860432,-0.0281000000000402));
#3139=CARTESIAN_POINT('',(0.0867130817082329,-0.00571786589231278,-0.0281));
#3140=CARTESIAN_POINT('',(0.0869656811602104,-0.00576283121060079,-0.028));
#3141=CARTESIAN_POINT('',(0.0869656811599331,-0.00576283121058172,-0.028099999999911));
#3142=CARTESIAN_POINT('',(0.0869043296205071,-0.0058417994863577,-0.0281));
#3143=CARTESIAN_POINT('',(0.0870546632386128,-0.00583196261132674,-0.028));
#3144=CARTESIAN_POINT('',(0.0870546632386128,-0.00583196261132674,-0.0281));
#3145=CARTESIAN_POINT('',(0.0869933116989094,-0.00591093088708367,-0.0281));
#3146=CARTESIAN_POINT('',(0.0657698915308826,-0.00409169419542708,-0.028));
#3147=CARTESIAN_POINT('',(0.0657698966309716,-0.00409169473680592,-0.0280523598775598));
#3148=CARTESIAN_POINT('',(0.065765037833357,-0.00413908674640615,-0.0281));
#3149=CARTESIAN_POINT('',(0.0657597032231998,-0.00419117451983973,-0.0281));
#3150=CARTESIAN_POINT('',(0.0868915365754637,-0.00583186039368564,-0.0281));
#3151=CARTESIAN_POINT('',(0.0869239134253779,-0.00579070969419434,-0.0280999999914763));
#3152=CARTESIAN_POINT('',(0.0869533662740632,-0.00575326400369069,-0.0280523598723953));
#3153=CARTESIAN_POINT('',(0.0869533711921531,-0.00575326782810056,-0.028));
#3154=CARTESIAN_POINT('',(0.0770637271304447,-0.0260234718989852,0.018));
#3155=CARTESIAN_POINT('',(0.0994393111439744,-0.0254484014127979,0.0181));
#3156=CARTESIAN_POINT('',(0.0995038816066166,-0.0254465975559676,0.0181000000000001));
#3157=CARTESIAN_POINT('',(0.0995378283514888,-0.025390341413972,0.0180448371963879));
#3158=CARTESIAN_POINT('',(0.099536473121706,-0.025345424585786,0.018));
#3159=CARTESIAN_POINT('',(0.0893474387698642,-0.00267456023669918,-0.028));
#3160=CARTESIAN_POINT('',(0.0874850691592472,-0.00621455733181807,-0.028));
#3161=CARTESIAN_POINT('',(0.0994365186080804,-0.0253484404116861,-0.005));
#3162=CARTESIAN_POINT('',(0.0994393111439744,-0.0254484014127979,-0.0281));
#3163=CARTESIAN_POINT('',(0.0995038816066166,-0.0254465975559676,-0.0281000000000001));
#3164=CARTESIAN_POINT('',(0.0995378283514888,-0.025390341413972,-0.0280448371963879));
#3165=CARTESIAN_POINT('',(0.099536473121706,-0.025345424585786,-0.028));
#3166=CARTESIAN_POINT('',(0.0770637271304447,-0.0260234718989852,-0.028));
#3167=CARTESIAN_POINT('',(0.0218934864324195,-0.0147178862436427,-0.004));
#3168=CARTESIAN_POINT('',(0.0217235115125686,-0.0148232832389589,-0.0279095777767058));
#3169=CARTESIAN_POINT('',(0.021720101394411,-0.0148177837030491,-0.0279063926723878));
#3170=CARTESIAN_POINT('',(0.0217169616595209,-0.0148121241799173,-0.0279031962276351));
#3171=CARTESIAN_POINT('',(0.0217141032448759,-0.0148063264608897,-0.0279));
#3172=CARTESIAN_POINT('',(0.0217141032448759,-0.0148063264608897,-0.0279));
#3173=CARTESIAN_POINT('',(0.0217141032448759,-0.0148063264608897,-0.0279));
#3174=CARTESIAN_POINT('',(0.0217141032448759,-0.0148063264608897,-0.0279));
#3175=CARTESIAN_POINT('',(0.0217155632436347,-0.0148092877746372,-0.0279063893879162));
#3176=CARTESIAN_POINT('',(0.0217162617823198,-0.0148107046204027,-0.0279047920799882));
#3177=CARTESIAN_POINT('',(0.0217169602873115,-0.0148121213966666,-0.0279031946939582));
#3178=CARTESIAN_POINT('',(0.0217173005796831,-0.0148121120332575,-0.0279127782284427));
#3179=CARTESIAN_POINT('',(0.0217185668078274,-0.0148150181873208,-0.0279095908707762));
#3180=CARTESIAN_POINT('',(0.0217200975829884,-0.0148177775563251,-0.0279063891132571));
#3181=CARTESIAN_POINT('',(0.0217193138543238,-0.0148147919905969,-0.0279191555534115));
#3182=CARTESIAN_POINT('',(0.0217210158261255,-0.0148192584173607,-0.0279143884883034));
#3183=CARTESIAN_POINT('',(0.0217235115125686,-0.0148232832389588,-0.0279095777767058));
#3184=CARTESIAN_POINT('',(0.021808498972494,-0.0147705847413008,-0.0279095777767057));
#3185=CARTESIAN_POINT('',(0.0217193138543238,-0.0148147919905969,-0.0279191555534115));
#3186=CARTESIAN_POINT('',(0.0217193138543238,-0.0148147919905969,-0.0279191555534115));
#3187=CARTESIAN_POINT('',(0.0217173027835717,-0.0148121149688539,-0.0279127852007731));
#3188=CARTESIAN_POINT('',(0.0217155639240028,-0.014809289154627,-0.0279063923815231));
#3189=CARTESIAN_POINT('',(0.0217141032448759,-0.0148063264608897,-0.0279));
#3190=CARTESIAN_POINT('',(0.0217193138543238,-0.0148147919905969,-0.0279191555534115));
#3191=CARTESIAN_POINT('',(0.0217210158261255,-0.0148192584173607,-0.0279143884883034));
#3192=CARTESIAN_POINT('',(0.0217235115125686,-0.0148232832389589,-0.0279095777767057));
#3193=CARTESIAN_POINT('',(0.0217400240897456,-0.0148423898895958,-0.0279846214346486));
#3194=CARTESIAN_POINT('',(0.0217390044689042,-0.0148482865048612,-0.027964021503911));
#3195=CARTESIAN_POINT('',(0.0217411865532145,-0.0148517879758173,-0.0279423098440229));
#3196=CARTESIAN_POINT('',(0.0218013874585156,-0.0149248113311187,-0.027987565709658));
#3197=CARTESIAN_POINT('',(0.0217931969332861,-0.0149351235965411,-0.0279671059086991));
#3198=CARTESIAN_POINT('',(0.021794266165829,-0.0149368040182006,-0.0279437832497417));
#3199=CARTESIAN_POINT('',(0.0219069745167768,-0.0150702770384962,-0.0280358149107832));
#3200=CARTESIAN_POINT('',(0.0218893247901445,-0.0150858476286754,-0.0280064598598005));
#3201=CARTESIAN_POINT('',(0.0218893282243118,-0.0150858413315407,-0.0279679072274483));
#3202=CARTESIAN_POINT('',(0.0220416814580066,-0.0152606388201575,-0.0280429497525023));
#3203=CARTESIAN_POINT('',(0.0220166550579831,-0.0152792865820773,-0.0280137528512992));
#3204=CARTESIAN_POINT('',(0.0220164168242419,-0.0152788774078761,-0.0279714749531877));
#3205=CARTESIAN_POINT('',(0.0221985412612563,-0.0154865342181596,-0.0280451090612421));
#3206=CARTESIAN_POINT('',(0.0221731644495254,-0.0155038915529263,-0.0280154935817282));
#3207=CARTESIAN_POINT('',(0.0221730110863869,-0.0155038006025694,-0.0279725545117941));
#3208=CARTESIAN_POINT('',(0.0224129465078565,-0.0157830421834275,-0.0280280998848545));
#3209=CARTESIAN_POINT('',(0.0223895629042663,-0.01579090618561,-0.0280000488869671));
#3210=CARTESIAN_POINT('',(0.022393512699484,-0.0157955856648428,-0.0279640499465314));
#3211=CARTESIAN_POINT('',(0.0227026684263652,-0.0161571890343893,-0.0279731385999929));
#3212=CARTESIAN_POINT('',(0.0227061421817858,-0.0161606229884012,-0.027956988323303));
#3213=CARTESIAN_POINT('',(0.0227025557133745,-0.0161576790895862,-0.0279365693571998));
#3214=CARTESIAN_POINT('',(0.0230557858946736,-0.0162978565088881,-0.0281));
#3215=CARTESIAN_POINT('',(0.0230565750630253,-0.016361703854046,-0.0280656796759026));
#3216=CARTESIAN_POINT('',(0.0230338399101072,-0.016352165390308,-0.0279999998708694));
#3217=CARTESIAN_POINT('',(0.0232492929898599,-0.0163341133391363,-0.0281));
#3218=CARTESIAN_POINT('',(0.0232106053875431,-0.0164263265129618,-0.0281));
#3219=CARTESIAN_POINT('',(0.0232106053875431,-0.0164263265129618,-0.028));
#3220=CARTESIAN_POINT('',(0.0232492929898598,-0.0163341133391363,-0.0281));
#3221=CARTESIAN_POINT('',(0.0230624271435634,-0.0162991009166042,-0.0281));
#3222=CARTESIAN_POINT('',(0.0227076245509297,-0.0161630182658986,-0.0279741919949347));
#3223=CARTESIAN_POINT('',(0.0224116886503562,-0.015781672699728,-0.0280283551924119));
#3224=CARTESIAN_POINT('',(0.0221943276663248,-0.0154805241906401,-0.0280450229990346));
#3225=CARTESIAN_POINT('',(0.0220345973230294,-0.0152504630979001,-0.028044165510085));
#3226=CARTESIAN_POINT('',(0.0218976073009357,-0.0150571876505653,-0.0280299280860283));
#3227=CARTESIAN_POINT('',(0.021792907017936,-0.0149132860104831,-0.0279912895604371));
#3228=CARTESIAN_POINT('',(0.0217329260727663,-0.0148329117930472,-0.0279622741913711));
#3229=CARTESIAN_POINT('',(0.0217193138543235,-0.0148147919905965,-0.0279191555534122));
#3230=CARTESIAN_POINT('',(0.0207036430949284,-0.00583523038949133,0.));
#3231=CARTESIAN_POINT('',(0.025874396789793,-0.0127552018824839,-0.0279));
#3232=MECHANICAL_DESIGN_GEOMETRIC_PRESENTATION_REPRESENTATION('',(#1051),
#3233);
#3233=(
GEOMETRIC_REPRESENTATION_CONTEXT(3)
GLOBAL_UNCERTAINTY_ASSIGNED_CONTEXT((#3234))
GLOBAL_UNIT_ASSIGNED_CONTEXT((#3237,#3236,#3235))
REPRESENTATION_CONTEXT('Part 14','TOP_LEVEL_ASSEMBLY_PART')
);
#3234=UNCERTAINTY_MEASURE_WITH_UNIT(LENGTH_MEASURE(2.E-5),#3237,
'DISTANCE_ACCURACY_VALUE','Maximum Tolerance applied to model');
#3235=(
NAMED_UNIT(*)
SI_UNIT($,.STERADIAN.)
SOLID_ANGLE_UNIT()
);
#3236=(
NAMED_UNIT(*)
PLANE_ANGLE_UNIT()
SI_UNIT($,.RADIAN.)
);
#3237=(
LENGTH_UNIT()
NAMED_UNIT(*)
SI_UNIT($,.METRE.)
);
#3238=PRODUCT_DEFINITION_SHAPE('','',#3239);
#3239=PRODUCT_DEFINITION('','',#3241,#3240);
#3240=PRODUCT_DEFINITION_CONTEXT('',#3247,'design');
#3241=PRODUCT_DEFINITION_FORMATION_WITH_SPECIFIED_SOURCE('','',#3243,
 .NOT_KNOWN.);
#3242=PRODUCT_RELATED_PRODUCT_CATEGORY('','',(#3243));
#3243=PRODUCT('Part 14','Part 14','Part 14',(#3245));
#3244=PRODUCT_CATEGORY('','');
#3245=PRODUCT_CONTEXT('',#3247,'mechanical');
#3246=APPLICATION_PROTOCOL_DEFINITION('international standard',
'ap242_managed_model_based_3d_engineering',2020,#3247);
#3247=APPLICATION_CONTEXT('managed model based 3d engineering');
ENDSEC;
END-ISO-10303-21;
