ISO-10303-21;
HEADER;
/* Generated by software containing ST-Developer
 * from STEP Tools, Inc. (www.steptools.com) 
 */
/* OPTION: using custom renumber hook */

FILE_DESCRIPTION(
/* description */ ('STEP AP242 Edition 2',
'CAx-IF Rec.Pracs.---Representation and Presentation of Product Manufa
cturing Information (PMI)---4.0---2014-10-13',
'CAx-IF Rec.Pracs.---3D Tessellated Geometry---0.4---2014-09-14','2;1',
'CAx-IF Rec.Pracs.---User Defined Attributes---1.5---2016-08-15'),
/* implementation_level */ '2;1');

FILE_NAME(
/* name */ 'Part Studio 1 - Part 24',
/* time_stamp */ '2026-06-18T16:33:50Z',
/* author */ (''),
/* organization */ (''),
/* preprocessor_version */ 'ST-DEVELOPER v20',
/* originating_system */ 'ONSHAPE BY PTC INC, 1.216',
/* authorisation */ '  ');

FILE_SCHEMA (('AP242_MANAGED_MODEL_BASED_3D_ENGINEERING_MIM_LF { 1 0 10303 442 3 1 4 }'));
ENDSEC;

DATA;
#10=SHAPE_REPRESENTATION_RELATIONSHIP('','',#1099,#11);
#11=ADVANCED_BREP_SHAPE_REPRESENTATION('',(#1097),#2205);
#12=ORIENTED_CLOSED_SHELL('',*,#967,.F.);
#13=(
BOUNDED_SURFACE()
B_SPLINE_SURFACE(3,2,((#1737,#1738,#1739),(#1740,#1741,#1742),(#1743,#1744,
#1745),(#1746,#1747,#1748),(#1749,#1750,#1751),(#1752,#1753,#1754),(#1755,
#1756,#1757),(#1758,#1759,#1760),(#1761,#1762,#1763),(#1764,#1765,#1766),
(#1767,#1768,#1769),(#1770,#1771,#1772),(#1773,#1774,#1775),(#1776,#1777,
#1778),(#1779,#1780,#1781),(#1782,#1783,#1784),(#1785,#1786,#1787),(#1788,
#1789,#1790),(#1791,#1792,#1793)),.UNSPECIFIED.,.F.,.F.,.F.)
B_SPLINE_SURFACE_WITH_KNOTS((4,1,1,1,1,1,1,1,1,1,1,1,1,1,1,1,4),(3,3),(0.0392706364018839,
0.0413353116981698,0.0433999869944558,0.0454646622907418,0.0475293375870278,
0.0495940128833137,0.0516586881795997,0.0537233634758857,0.0557880387721717,
0.0578527140684576,0.0599173893647436,0.0609497270128866,0.0619820646610296,
0.0640467399573156,0.0661114152536015,0.0681760905498875,0.0723054411424595),
(0.,1.),.UNSPECIFIED.)
GEOMETRIC_REPRESENTATION_ITEM()
RATIONAL_B_SPLINE_SURFACE(((1.,0.986173180313566,1.),(1.,0.986173180175395,
1.),(1.,0.981056697392274,1.),(1.,0.963818471045372,1.),(1.,0.940134549888529,
1.),(1.,0.910985835789755,1.),(1.,0.876573567414204,1.),(1.,0.839111677685479,
1.),(1.,0.799503700255365,1.),(1.,0.760314124449132,1.),(1.,0.726408011539242,
1.),(1.,0.706714130480444,1.),(1.,0.69839769265455,1.),(1.,0.695242260762902,
1.),(1.,0.701469460782375,1.),(1.,0.722314090722992,1.),(1.,0.759928425960806,
1.),(1.,0.790113351695308,1.),(1.,0.805117466107113,1.)))
REPRESENTATION_ITEM('')
SURFACE()
);
#14=(
BOUNDED_SURFACE()
B_SPLINE_SURFACE(3,2,((#1796,#1797,#1798),(#1799,#1800,#1801),(#1802,#1803,
#1804),(#1805,#1806,#1807),(#1808,#1809,#1810),(#1811,#1812,#1813),(#1814,
#1815,#1816),(#1817,#1818,#1819),(#1820,#1821,#1822),(#1823,#1824,#1825),
(#1826,#1827,#1828),(#1829,#1830,#1831),(#1832,#1833,#1834)),
 .UNSPECIFIED.,.F.,.F.,.F.)
B_SPLINE_SURFACE_WITH_KNOTS((4,1,1,1,1,1,1,1,1,1,4),(3,3),(0.039654014614583,
0.0411541913369795,0.0426543680593761,0.0456547215041692,0.0486550749489624,
0.0516554283937555,0.0546557818385487,0.0576561352833418,0.0591563120057384,
0.0606564887281349,0.0636568421729281),(0.,1.),.UNSPECIFIED.)
GEOMETRIC_REPRESENTATION_ITEM()
RATIONAL_B_SPLINE_SURFACE(((1.,0.98834066362736,1.),(1.,0.988340663512738,
1.),(1.,0.985622805503188,1.),(1.,0.972411987034108,1.),(1.,0.946101685324998,
1.),(1.,0.902344441198629,1.),(1.,0.848984305102807,1.),(1.,0.789980606914316,
1.),(1.,0.743656376825624,1.),(1.,0.715800400543903,1.),(1.,0.697481075946763,
1.),(1.,0.696372272858902,1.),(1.,0.701275801174578,1.)))
REPRESENTATION_ITEM('')
SURFACE()
);
#15=(
BOUNDED_SURFACE()
B_SPLINE_SURFACE(3,2,((#1837,#1838,#1839),(#1840,#1841,#1842),(#1843,#1844,
#1845),(#1846,#1847,#1848),(#1849,#1850,#1851),(#1852,#1853,#1854),(#1855,
#1856,#1857),(#1858,#1859,#1860),(#1861,#1862,#1863),(#1864,#1865,#1866),
(#1867,#1868,#1869),(#1870,#1871,#1872)),.UNSPECIFIED.,.F.,.F.,.F.)
B_SPLINE_SURFACE_WITH_KNOTS((4,1,1,1,1,1,1,1,1,4),(3,3),(0.0392706364018839,
0.0421839650094113,0.0450972936169387,0.0480106222244661,0.0509239508319936,
0.053837279439521,0.0567506080470484,0.0596639366545759,0.0611206009583396,
0.0625772652621033),(0.,1.),.UNSPECIFIED.)
GEOMETRIC_REPRESENTATION_ITEM()
RATIONAL_B_SPLINE_SURFACE(((1.,0.986173180313566,1.),(1.,0.986173180118161,
1.),(1.,0.976136471881787,1.),(1.,0.945680395321209,1.),(1.,0.904142304015503,
1.),(1.,0.853148997770571,1.),(1.,0.797202306325419,1.),(1.,0.742395912575305,
1.),(1.,0.70915005794492,1.),(1.,0.697073806009447,1.),(1.,0.696267069446455,
1.),(1.,0.697189077647925,1.)))
REPRESENTATION_ITEM('')
SURFACE()
);
#16=(
BOUNDED_SURFACE()
B_SPLINE_SURFACE(3,2,((#2150,#2151,#2152),(#2153,#2154,#2155),(#2156,#2157,
#2158),(#2159,#2160,#2161),(#2162,#2163,#2164)),.UNSPECIFIED.,.F.,.F.,.F.)
B_SPLINE_SURFACE_WITH_KNOTS((4,1,4),(3,3),(0.0672043998529824,0.0695897389129289,
0.0719750779728753),(0.,0.189979115928034),.UNSPECIFIED.)
GEOMETRIC_REPRESENTATION_ITEM()
RATIONAL_B_SPLINE_SURFACE(((1.,0.950104115334473,0.919166582783353),(1.,
0.952118618860184,0.922430162637079),(1.,0.956520835320363,0.92956193717498),
(1.,0.96054007410819,0.936073271887404),(1.,0.962273973955252,0.938882262061422)))
REPRESENTATION_ITEM('')
SURFACE()
);
#17=(
BOUNDED_SURFACE()
B_SPLINE_SURFACE(3,2,((#2166,#2167,#2168),(#2169,#2170,#2171),(#2172,#2173,
#2174),(#2175,#2176,#2177),(#2178,#2179,#2180),(#2181,#2182,#2183),(#2184,
#2185,#2186),(#2187,#2188,#2189),(#2190,#2191,#2192),(#2193,#2194,#2195),
(#2196,#2197,#2198),(#2199,#2200,#2201)),.UNSPECIFIED.,.F.,.F.,.F.)
B_SPLINE_SURFACE_WITH_KNOTS((4,1,1,1,1,1,1,1,1,4),(3,3),(0.039654014614583,
0.0424172004002965,0.0451803861860101,0.0479435719717237,0.0507067577574372,
0.0534699435431508,0.0562331293288643,0.0576147222217211,0.0589963151145779,
0.0617595009002915),(0.,1.),.UNSPECIFIED.)
GEOMETRIC_REPRESENTATION_ITEM()
RATIONAL_B_SPLINE_SURFACE(((1.,0.98834066362736,1.),(1.,0.98834066341608,
1.),(1.,0.979209772779845,1.),(1.,0.951550002906406,1.),(1.,0.913625346468202,
1.),(1.,0.866281899119546,1.),(1.,0.813838628879214,1.),(1.,0.768548590076214,
1.),(1.,0.737489491401228,1.),(1.,0.711326143843785,1.),(1.,0.700730929240981,
1.),(1.,0.698631763968877,1.)))
REPRESENTATION_ITEM('')
SURFACE()
);
#18=TOROIDAL_SURFACE('',#1151,0.0165194676445244,0.01);
#19=TOROIDAL_SURFACE('',#1204,0.0165194676445244,0.009);
#20=B_SPLINE_CURVE_WITH_KNOTS('',3,(#1490,#1491,#1492,#1493),
 .UNSPECIFIED.,.F.,.F.,(4,4),(0.,0.00119936169376098),.UNSPECIFIED.);
#21=B_SPLINE_CURVE_WITH_KNOTS('',3,(#1502,#1503,#1504,#1505),
 .UNSPECIFIED.,.F.,.F.,(4,4),(0.,0.00241836902620795),.UNSPECIFIED.);
#22=B_SPLINE_CURVE_WITH_KNOTS('',3,(#1511,#1512,#1513,#1514,#1515),
 .UNSPECIFIED.,.F.,.F.,(4,1,4),(0.,0.00067326463162441,0.00134652926324882),
 .UNSPECIFIED.);
#23=B_SPLINE_CURVE_WITH_KNOTS('',3,(#1521,#1522,#1523,#1524),
 .UNSPECIFIED.,.F.,.F.,(4,4),(0.,0.0013711427429093),.UNSPECIFIED.);
#24=B_SPLINE_CURVE_WITH_KNOTS('',3,(#1529,#1530,#1531,#1532),
 .UNSPECIFIED.,.F.,.F.,(4,4),(0.,0.00402567169505011),.UNSPECIFIED.);
#25=B_SPLINE_CURVE_WITH_KNOTS('',3,(#1538,#1539,#1540,#1541,#1542,#1543,
#1544),.UNSPECIFIED.,.F.,.F.,(4,1,1,1,4),(0.,0.00125021751992573,0.00250043503985146,
0.0037506525597772,0.00500087007970293),.UNSPECIFIED.);
#26=B_SPLINE_CURVE_WITH_KNOTS('',3,(#1550,#1551,#1552,#1553,#1554),
 .UNSPECIFIED.,.F.,.F.,(4,1,4),(0.,0.00639327816010924,0.0127865563202185),
 .UNSPECIFIED.);
#27=B_SPLINE_CURVE_WITH_KNOTS('',3,(#1560,#1561,#1562,#1563,#1564,#1565,
#1566),.UNSPECIFIED.,.F.,.F.,(4,1,1,1,4),(0.,0.00133505359365784,0.00267010718731568,
0.00400516078097351,0.00534021437463135),.UNSPECIFIED.);
#28=B_SPLINE_CURVE_WITH_KNOTS('',3,(#1572,#1573,#1574,#1575),
 .UNSPECIFIED.,.F.,.F.,(4,4),(0.,0.00395419688433848),.UNSPECIFIED.);
#29=B_SPLINE_CURVE_WITH_KNOTS('',3,(#1585,#1586,#1587,#1588),
 .UNSPECIFIED.,.F.,.F.,(4,4),(3.46944695195361E-18,0.000559904054411329),
 .UNSPECIFIED.);
#30=B_SPLINE_CURVE_WITH_KNOTS('',3,(#1594,#1595,#1596,#1597,#1598,#1599,
#1600,#1601,#1602,#1603,#1604,#1605,#1606,#1607),.UNSPECIFIED.,.F.,.F.,
(4,1,1,1,1,1,1,1,1,1,1,4),(2.60208521396521E-18,0.0048341666525326,0.00966833330506519,
0.0145024999575978,0.0193366666101304,0.024170833262663,0.0265879165889293,
0.0290049999151956,0.0314220832414619,0.0338391665677282,0.0362562498939945,
0.0386733332202608),.UNSPECIFIED.);
#31=B_SPLINE_CURVE_WITH_KNOTS('',3,(#1630,#1631,#1632,#1633,#1634,#1635,
#1636,#1637,#1638,#1639,#1640),.UNSPECIFIED.,.F.,.F.,(4,1,1,1,1,1,1,1,4),
(0.,0.00176405588426749,0.00352811176853499,0.00705622353706997,0.010584335305605,
0.0141124470741399,0.0176405588426749,0.0211686706112099,0.0282248941482799),
 .UNSPECIFIED.);
#32=B_SPLINE_CURVE_WITH_KNOTS('',3,(#1642,#1643,#1644,#1645,#1646,#1647,
#1648,#1649,#1650),.UNSPECIFIED.,.F.,.F.,(4,1,1,1,1,1,4),(0.0106304903261555,
0.0131903019701746,0.0157501136141936,0.0170300194362031,0.0183099252582126,
0.0195898310802222,0.0208697369022317),.UNSPECIFIED.);
#33=B_SPLINE_CURVE_WITH_KNOTS('',3,(#1656,#1657,#1658,#1659),
 .UNSPECIFIED.,.F.,.F.,(4,4),(0.,0.000231701653757393),.UNSPECIFIED.);
#34=B_SPLINE_CURVE_WITH_KNOTS('',3,(#1662,#1663,#1664,#1665,#1666),
 .UNSPECIFIED.,.F.,.F.,(4,1,4),(0.,0.000605365136721208,0.00121073027344242),
 .UNSPECIFIED.);
#35=B_SPLINE_CURVE_WITH_KNOTS('',3,(#1674,#1675,#1676,#1677,#1678,#1679,
#1680,#1681,#1682,#1683,#1684),.UNSPECIFIED.,.F.,.F.,(4,1,1,1,1,1,1,1,4),
(0.,0.00287143796038106,0.00574287592076211,0.00861431388114317,0.0114857518415242,
0.0143571898019053,0.0172286277622863,0.0201000657226674,0.0229715036830484),
 .UNSPECIFIED.);
#36=B_SPLINE_CURVE_WITH_KNOTS('',3,(#1686,#1687,#1688,#1689),
 .UNSPECIFIED.,.F.,.F.,(4,4),(0.00426471109097143,0.00806066011029291),
 .UNSPECIFIED.);
#37=B_SPLINE_CURVE_WITH_KNOTS('',3,(#1690,#1691,#1692,#1693),
 .UNSPECIFIED.,.F.,.F.,(4,4),(0.00424465647194848,0.00835805200059747),
 .UNSPECIFIED.);
#38=B_SPLINE_CURVE_WITH_KNOTS('',3,(#1695,#1696,#1697,#1698,#1699,#1700,
#1701,#1702,#1703,#1704,#1705),.UNSPECIFIED.,.F.,.F.,(4,1,1,1,1,1,1,1,4),
(0.,0.00284445298523114,0.00568890597046229,0.00853335895569343,0.0113778119409246,
0.0142222649261557,0.0170667179113869,0.019911170896618,0.0227556238818492),
 .UNSPECIFIED.);
#39=B_SPLINE_CURVE_WITH_KNOTS('',3,(#1707,#1708,#1709,#1710,#1711,#1712,
#1713,#1714,#1715,#1716,#1717,#1718,#1719,#1720,#1721,#1722,#1723,#1724,
#1725,#1726,#1727),.UNSPECIFIED.,.F.,.F.,(4,1,1,1,1,1,1,1,1,1,1,1,1,1,1,
1,1,1,4),(0.,0.00135288808108775,0.0027057761621755,0.00405866424326325,
0.00541155232435101,0.00811732848652651,0.010823104648702,0.0135288808108775,
0.0148817688919653,0.016234656973053,0.0175875450541408,0.0182639890946846,
0.0189404331352285,0.0196168771757724,0.0199550991960443,0.0202933212163163,
0.0206315432365882,0.0209697652568601,0.021646209297404),.UNSPECIFIED.);
#40=B_SPLINE_CURVE_WITH_KNOTS('',3,(#1728,#1729,#1730,#1731,#1732,#1733,
#1734,#1735,#1736),.UNSPECIFIED.,.F.,.F.,(4,1,1,1,1,1,4),(3.18098339698249E-17,
0.00275554660461488,0.00551109320922973,0.00688886651153716,0.00826663981384458,
0.00964441311615201,0.0110221864184594),.UNSPECIFIED.);
#41=B_SPLINE_CURVE_WITH_KNOTS('',3,(#1873,#1874,#1875,#1876,#1877,#1878,
#1879,#1880,#1881,#1882,#1883),.UNSPECIFIED.,.F.,.F.,(4,1,1,1,1,1,1,1,4),
(0.010713790562481,0.0173172384773125,0.0206189624347282,0.023920686392144,
0.0272224103495597,0.0305241343069754,0.0338258582643912,0.035476720243099,
0.0371275822218069),.UNSPECIFIED.);
#42=B_SPLINE_CURVE_WITH_KNOTS('',3,(#1888,#1889,#1890,#1891,#1892,#1893,
#1894,#1895,#1896,#1897),.UNSPECIFIED.,.F.,.F.,(4,1,1,1,1,1,1,4),(0.,0.0026920413563983,
0.00538408271279661,0.00807612406919491,0.0107681654255932,0.0134602067819915,
0.0161522481383898,0.0215363308511864),.UNSPECIFIED.);
#43=B_SPLINE_CURVE_WITH_KNOTS('',3,(#1899,#1900,#1901,#1902,#1903,#1904,
#1905,#1906,#1907),.UNSPECIFIED.,.F.,.F.,(4,1,1,1,1,1,4),(0.,0.00111499361491725,
0.00222998722983449,0.00334498084475174,0.00445997445966898,0.00668996168950348,
0.00891994891933797),.UNSPECIFIED.);
#44=B_SPLINE_CURVE_WITH_KNOTS('',3,(#1929,#1930,#1931,#1932),
 .UNSPECIFIED.,.F.,.F.,(4,4),(0.,0.00196042989529623),.UNSPECIFIED.);
#45=B_SPLINE_CURVE_WITH_KNOTS('',3,(#1942,#1943,#1944,#1945),
 .UNSPECIFIED.,.F.,.F.,(4,4),(0.,0.0034870755213473),.UNSPECIFIED.);
#46=B_SPLINE_CURVE_WITH_KNOTS('',3,(#1951,#1952,#1953,#1954,#1955,#1956,
#1957),.UNSPECIFIED.,.F.,.F.,(4,1,1,1,4),(0.,0.00108918774199751,0.00217837548399501,
0.00326756322599252,0.00435675096799003),.UNSPECIFIED.);
#47=B_SPLINE_CURVE_WITH_KNOTS('',3,(#1962,#1963,#1964,#1965),
 .UNSPECIFIED.,.F.,.F.,(4,4),(0.,0.000628887698485458),.UNSPECIFIED.);
#48=B_SPLINE_CURVE_WITH_KNOTS('',3,(#1971,#1972,#1973,#1974),
 .UNSPECIFIED.,.F.,.F.,(4,4),(0.,0.00386015732139481),.UNSPECIFIED.);
#49=B_SPLINE_CURVE_WITH_KNOTS('',3,(#1980,#1981,#1982,#1983,#1984,#1985,
#1986,#1987),.UNSPECIFIED.,.F.,.F.,(4,1,1,1,1,4),(0.,0.00186724862620879,
0.00373449725241758,0.00560174587862637,0.00653537019173076,0.00746899450483516),
 .UNSPECIFIED.);
#50=B_SPLINE_CURVE_WITH_KNOTS('',3,(#1993,#1994,#1995,#1996,#1997),
 .UNSPECIFIED.,.F.,.F.,(4,1,4),(0.,0.00658396527876419,0.0131679305575284),
 .UNSPECIFIED.);
#51=B_SPLINE_CURVE_WITH_KNOTS('',3,(#2003,#2004,#2005,#2006,#2007,#2008,
#2009,#2010),.UNSPECIFIED.,.F.,.F.,(4,1,1,1,1,4),(0.,0.000966333197769391,
0.00193266639553878,0.00386533279107756,0.00579799918661634,0.00773066558215513),
 .UNSPECIFIED.);
#52=B_SPLINE_CURVE_WITH_KNOTS('',3,(#2018,#2019,#2020,#2021),
 .UNSPECIFIED.,.F.,.F.,(4,4),(0.,0.0037378030423502),.UNSPECIFIED.);
#53=B_SPLINE_CURVE_WITH_KNOTS('',3,(#2029,#2030,#2031,#2032),
 .UNSPECIFIED.,.F.,.F.,(4,4),(0.,6.20564357130504E-5),.UNSPECIFIED.);
#54=B_SPLINE_CURVE_WITH_KNOTS('',3,(#2034,#2035,#2036,#2037),
 .UNSPECIFIED.,.F.,.F.,(4,4),(0.194500739568648,0.199978342043673),
 .UNSPECIFIED.);
#55=B_SPLINE_CURVE_WITH_KNOTS('',3,(#2039,#2040,#2041,#2042),
 .UNSPECIFIED.,.F.,.F.,(4,4),(0.,0.00514733219945535),.UNSPECIFIED.);
#56=B_SPLINE_CURVE_WITH_KNOTS('',3,(#2063,#2064,#2065,#2066,#2067,#2068,
#2069,#2070,#2071),.UNSPECIFIED.,.F.,.F.,(4,1,1,1,1,1,4),(0.,0.00298514882610506,
0.00597029765221011,0.00746287206526264,0.00895544647831517,0.0104480208913677,
0.0119405953044202),.UNSPECIFIED.);
#57=B_SPLINE_CURVE_WITH_KNOTS('',3,(#2073,#2074,#2075,#2076,#2077,#2078,
#2079,#2080,#2081,#2082,#2083),.UNSPECIFIED.,.F.,.F.,(4,1,1,1,1,1,1,1,4),
(0.,0.00155565257061348,0.00311130514122696,0.00622261028245391,0.00933391542368087,
0.0124452205649078,0.0155565257061348,0.0186678308473617,0.0248904411298157),
 .UNSPECIFIED.);
#58=B_SPLINE_CURVE_WITH_KNOTS('',3,(#2090,#2091,#2092,#2093),
 .UNSPECIFIED.,.F.,.F.,(4,4),(0.,8.69484229289371E-5),.UNSPECIFIED.);
#59=B_SPLINE_CURVE_WITH_KNOTS('',3,(#2096,#2097,#2098,#2099,#2100,#2101,
#2102),.UNSPECIFIED.,.F.,.F.,(4,1,1,1,4),(0.,0.00106121733125627,0.00212243466251253,
0.0031836519937688,0.00424486932502506),.UNSPECIFIED.);
#60=B_SPLINE_CURVE_WITH_KNOTS('',3,(#2109,#2110,#2111,#2112,#2113,#2114,
#2115,#2116,#2117,#2118),.UNSPECIFIED.,.F.,.F.,(4,1,1,1,1,1,1,4),(0.,0.00533986432261154,
0.00800979648391731,0.0106797286452231,0.0133496608065288,0.0160195929678346,
0.0186895251291404,0.0213594572904461),.UNSPECIFIED.);
#61=B_SPLINE_CURVE_WITH_KNOTS('',3,(#2120,#2121,#2122,#2123),
 .UNSPECIFIED.,.F.,.F.,(4,4),(0.,0.00407807811348141),.UNSPECIFIED.);
#62=B_SPLINE_CURVE_WITH_KNOTS('',3,(#2124,#2125,#2126,#2127),
 .UNSPECIFIED.,.F.,.F.,(4,4),(0.,0.00376515434234346),.UNSPECIFIED.);
#63=B_SPLINE_CURVE_WITH_KNOTS('',3,(#2129,#2130,#2131,#2132,#2133,#2134,
#2135,#2136,#2137),.UNSPECIFIED.,.F.,.F.,(4,1,1,1,1,1,4),(0.,0.00192077678772504,
0.00384155357545008,0.00480194196931261,0.00576233036317513,0.00672271875703765,
0.00768310715090017),.UNSPECIFIED.);
#64=B_SPLINE_CURVE_WITH_KNOTS('',3,(#2138,#2139,#2140,#2141,#2142,#2143,
#2144,#2145,#2146,#2147,#2148,#2149),.UNSPECIFIED.,.F.,.F.,(4,1,1,1,1,1,
1,1,1,4),(0.0144875304412472,0.0158494925853708,0.0165304736574327,0.0172114547294945,
0.0178924358015563,0.0182329263375872,0.0185734168736181,0.018913907409649,
0.0192543979456799,0.0199353790177417),.UNSPECIFIED.);
#65=CYLINDRICAL_SURFACE('',#1111,0.00763755452183929);
#66=CYLINDRICAL_SURFACE('',#1113,0.00131493566375516);
#67=CYLINDRICAL_SURFACE('',#1115,0.00745818918629305);
#68=CYLINDRICAL_SURFACE('',#1117,0.000456176740232285);
#69=CYLINDRICAL_SURFACE('',#1119,0.00674576063251576);
#70=CYLINDRICAL_SURFACE('',#1121,0.00949723440359258);
#71=CYLINDRICAL_SURFACE('',#1123,0.00233262111572959);
#72=CYLINDRICAL_SURFACE('',#1125,0.0272242020212308);
#73=CYLINDRICAL_SURFACE('',#1127,0.00271957245564096);
#74=CYLINDRICAL_SURFACE('',#1129,0.0142866107157396);
#75=CYLINDRICAL_SURFACE('',#1132,0.00731687814608975);
#76=CYLINDRICAL_SURFACE('',#1135,0.0205156703004923);
#77=CYLINDRICAL_SURFACE('',#1138,0.0199906660729857);
#78=CYLINDRICAL_SURFACE('',#1140,0.0265194676445243);
#79=CYLINDRICAL_SURFACE('',#1143,0.000386625013506401);
#80=CYLINDRICAL_SURFACE('',#1150,0.015);
#81=CYLINDRICAL_SURFACE('',#1153,0.004);
#82=CYLINDRICAL_SURFACE('',#1155,0.004);
#83=CYLINDRICAL_SURFACE('',#1166,0.00863755452183929);
#84=CYLINDRICAL_SURFACE('',#1168,0.00845818918629305);
#85=CYLINDRICAL_SURFACE('',#1170,0.00145617674023228);
#86=CYLINDRICAL_SURFACE('',#1172,0.00574576063251576);
#87=CYLINDRICAL_SURFACE('',#1174,0.0104972344035926);
#88=CYLINDRICAL_SURFACE('',#1176,0.00333262111572959);
#89=CYLINDRICAL_SURFACE('',#1178,0.0282242020212308);
#90=CYLINDRICAL_SURFACE('',#1180,0.00371957245564096);
#91=CYLINDRICAL_SURFACE('',#1182,0.0152866107157396);
#92=CYLINDRICAL_SURFACE('',#1185,0.00631687814608975);
#93=CYLINDRICAL_SURFACE('',#1188,0.0195156703004923);
#94=CYLINDRICAL_SURFACE('',#1191,0.0189906660729857);
#95=CYLINDRICAL_SURFACE('',#1193,0.0255194676445244);
#96=CYLINDRICAL_SURFACE('',#1196,0.0013866250135064);
#97=CYLINDRICAL_SURFACE('',#1203,0.014);
#98=CYLINDRICAL_SURFACE('',#1205,0.003);
#99=CYLINDRICAL_SURFACE('',#1207,0.003);
#100=CIRCLE('',#1102,0.0165194676445244);
#101=CIRCLE('',#1103,0.00745818918629305);
#102=CIRCLE('',#1104,0.00131493566375516);
#103=CIRCLE('',#1105,0.00763755452183929);
#104=CIRCLE('',#1106,0.0165194676445244);
#105=CIRCLE('',#1108,0.00674576063251576);
#106=CIRCLE('',#1109,0.0165194676445244);
#107=CIRCLE('',#1110,0.00949723440359258);
#108=CIRCLE('',#1112,0.00763755452183929);
#109=CIRCLE('',#1114,0.00131493566375516);
#110=CIRCLE('',#1116,0.00745818918629305);
#111=CIRCLE('',#1118,0.000456176740232285);
#112=CIRCLE('',#1120,0.00674576063251576);
#113=CIRCLE('',#1122,0.00949723440359258);
#114=CIRCLE('',#1124,0.00233262111572959);
#115=CIRCLE('',#1126,0.0272242020212308);
#116=CIRCLE('',#1128,0.00271957245564096);
#117=CIRCLE('',#1130,0.0142866107157396);
#118=CIRCLE('',#1131,0.0142866107157396);
#119=CIRCLE('',#1133,0.00731687814608975);
#120=CIRCLE('',#1134,0.00731687814608975);
#121=CIRCLE('',#1136,0.0205156703004923);
#122=CIRCLE('',#1139,0.0199906660729857);
#123=CIRCLE('',#1141,0.0265194676445243);
#124=CIRCLE('',#1142,0.0265194676445243);
#125=CIRCLE('',#1144,0.000386625013506401);
#126=CIRCLE('',#1146,0.004);
#127=CIRCLE('',#1147,0.004);
#128=CIRCLE('',#1149,0.0165194676445244);
#129=CIRCLE('',#1152,0.004);
#130=CIRCLE('',#1154,0.004);
#131=CIRCLE('',#1156,0.003);
#132=CIRCLE('',#1158,0.0165194676445244);
#133=CIRCLE('',#1159,0.00863755452183929);
#134=CIRCLE('',#1160,0.00845818918629305);
#135=CIRCLE('',#1161,0.0165194676445244);
#136=CIRCLE('',#1163,0.00574576063251576);
#137=CIRCLE('',#1164,0.0104972344035926);
#138=CIRCLE('',#1165,0.0165194676445244);
#139=CIRCLE('',#1167,0.00863755452183929);
#140=CIRCLE('',#1169,0.00845818918629305);
#141=CIRCLE('',#1171,0.00145617674023228);
#142=CIRCLE('',#1173,0.00574576063251576);
#143=CIRCLE('',#1175,0.0104972344035926);
#144=CIRCLE('',#1177,0.00333262111572959);
#145=CIRCLE('',#1179,0.0282242020212308);
#146=CIRCLE('',#1181,0.00371957245564096);
#147=CIRCLE('',#1183,0.0152866107157396);
#148=CIRCLE('',#1184,0.0152866107157396);
#149=CIRCLE('',#1186,0.00631687814608975);
#150=CIRCLE('',#1187,0.00631687814608975);
#151=CIRCLE('',#1189,0.0195156703004923);
#152=CIRCLE('',#1192,0.0189906660729857);
#153=CIRCLE('',#1194,0.0255194676445244);
#154=CIRCLE('',#1195,0.0255194676445244);
#155=CIRCLE('',#1197,0.0013866250135064);
#156=CIRCLE('',#1199,0.003);
#157=CIRCLE('',#1200,0.003);
#158=CIRCLE('',#1202,0.0165194676445244);
#159=CIRCLE('',#1206,0.003);
#160=ORIENTED_EDGE('',*,*,#452,.T.);
#161=ORIENTED_EDGE('',*,*,#453,.T.);
#162=ORIENTED_EDGE('',*,*,#454,.F.);
#163=ORIENTED_EDGE('',*,*,#455,.F.);
#164=ORIENTED_EDGE('',*,*,#456,.F.);
#165=ORIENTED_EDGE('',*,*,#457,.T.);
#166=ORIENTED_EDGE('',*,*,#458,.T.);
#167=ORIENTED_EDGE('',*,*,#459,.T.);
#168=ORIENTED_EDGE('',*,*,#460,.F.);
#169=ORIENTED_EDGE('',*,*,#461,.F.);
#170=ORIENTED_EDGE('',*,*,#462,.T.);
#171=ORIENTED_EDGE('',*,*,#456,.T.);
#172=ORIENTED_EDGE('',*,*,#463,.T.);
#173=ORIENTED_EDGE('',*,*,#464,.F.);
#174=ORIENTED_EDGE('',*,*,#463,.F.);
#175=ORIENTED_EDGE('',*,*,#455,.T.);
#176=ORIENTED_EDGE('',*,*,#465,.T.);
#177=ORIENTED_EDGE('',*,*,#466,.F.);
#178=ORIENTED_EDGE('',*,*,#454,.T.);
#179=ORIENTED_EDGE('',*,*,#467,.T.);
#180=ORIENTED_EDGE('',*,*,#468,.T.);
#181=ORIENTED_EDGE('',*,*,#469,.F.);
#182=ORIENTED_EDGE('',*,*,#465,.F.);
#183=ORIENTED_EDGE('',*,*,#468,.F.);
#184=ORIENTED_EDGE('',*,*,#470,.T.);
#185=ORIENTED_EDGE('',*,*,#471,.T.);
#186=ORIENTED_EDGE('',*,*,#472,.F.);
#187=ORIENTED_EDGE('',*,*,#471,.F.);
#188=ORIENTED_EDGE('',*,*,#473,.T.);
#189=ORIENTED_EDGE('',*,*,#458,.F.);
#190=ORIENTED_EDGE('',*,*,#474,.T.);
#191=ORIENTED_EDGE('',*,*,#475,.T.);
#192=ORIENTED_EDGE('',*,*,#460,.T.);
#193=ORIENTED_EDGE('',*,*,#476,.T.);
#194=ORIENTED_EDGE('',*,*,#477,.T.);
#195=ORIENTED_EDGE('',*,*,#478,.F.);
#196=ORIENTED_EDGE('',*,*,#474,.F.);
#197=ORIENTED_EDGE('',*,*,#477,.F.);
#198=ORIENTED_EDGE('',*,*,#479,.T.);
#199=ORIENTED_EDGE('',*,*,#480,.T.);
#200=ORIENTED_EDGE('',*,*,#481,.F.);
#201=ORIENTED_EDGE('',*,*,#480,.F.);
#202=ORIENTED_EDGE('',*,*,#482,.T.);
#203=ORIENTED_EDGE('',*,*,#483,.T.);
#204=ORIENTED_EDGE('',*,*,#484,.F.);
#205=ORIENTED_EDGE('',*,*,#483,.F.);
#206=ORIENTED_EDGE('',*,*,#485,.T.);
#207=ORIENTED_EDGE('',*,*,#486,.T.);
#208=ORIENTED_EDGE('',*,*,#487,.F.);
#209=ORIENTED_EDGE('',*,*,#486,.F.);
#210=ORIENTED_EDGE('',*,*,#488,.T.);
#211=ORIENTED_EDGE('',*,*,#489,.T.);
#212=ORIENTED_EDGE('',*,*,#490,.T.);
#213=ORIENTED_EDGE('',*,*,#491,.F.);
#214=ORIENTED_EDGE('',*,*,#492,.F.);
#215=ORIENTED_EDGE('',*,*,#493,.T.);
#216=ORIENTED_EDGE('',*,*,#494,.T.);
#217=ORIENTED_EDGE('',*,*,#495,.T.);
#218=ORIENTED_EDGE('',*,*,#490,.F.);
#219=ORIENTED_EDGE('',*,*,#496,.T.);
#220=ORIENTED_EDGE('',*,*,#497,.T.);
#221=ORIENTED_EDGE('',*,*,#498,.T.);
#222=ORIENTED_EDGE('',*,*,#499,.F.);
#223=ORIENTED_EDGE('',*,*,#500,.F.);
#224=ORIENTED_EDGE('',*,*,#501,.T.);
#225=ORIENTED_EDGE('',*,*,#502,.T.);
#226=ORIENTED_EDGE('',*,*,#503,.T.);
#227=ORIENTED_EDGE('',*,*,#504,.T.);
#228=ORIENTED_EDGE('',*,*,#505,.T.);
#229=ORIENTED_EDGE('',*,*,#506,.T.);
#230=ORIENTED_EDGE('',*,*,#507,.T.);
#231=ORIENTED_EDGE('',*,*,#508,.T.);
#232=ORIENTED_EDGE('',*,*,#509,.T.);
#233=ORIENTED_EDGE('',*,*,#510,.T.);
#234=ORIENTED_EDGE('',*,*,#499,.T.);
#235=ORIENTED_EDGE('',*,*,#511,.T.);
#236=ORIENTED_EDGE('',*,*,#508,.F.);
#237=ORIENTED_EDGE('',*,*,#494,.F.);
#238=ORIENTED_EDGE('',*,*,#512,.T.);
#239=ORIENTED_EDGE('',*,*,#461,.T.);
#240=ORIENTED_EDGE('',*,*,#513,.F.);
#241=ORIENTED_EDGE('',*,*,#498,.F.);
#242=ORIENTED_EDGE('',*,*,#514,.T.);
#243=ORIENTED_EDGE('',*,*,#500,.T.);
#244=ORIENTED_EDGE('',*,*,#515,.T.);
#245=ORIENTED_EDGE('',*,*,#504,.F.);
#246=ORIENTED_EDGE('',*,*,#511,.F.);
#247=ORIENTED_EDGE('',*,*,#495,.F.);
#248=ORIENTED_EDGE('',*,*,#513,.T.);
#249=ORIENTED_EDGE('',*,*,#464,.T.);
#250=ORIENTED_EDGE('',*,*,#466,.T.);
#251=ORIENTED_EDGE('',*,*,#469,.T.);
#252=ORIENTED_EDGE('',*,*,#472,.T.);
#253=ORIENTED_EDGE('',*,*,#475,.F.);
#254=ORIENTED_EDGE('',*,*,#478,.T.);
#255=ORIENTED_EDGE('',*,*,#481,.T.);
#256=ORIENTED_EDGE('',*,*,#484,.T.);
#257=ORIENTED_EDGE('',*,*,#487,.T.);
#258=ORIENTED_EDGE('',*,*,#491,.T.);
#259=ORIENTED_EDGE('',*,*,#489,.F.);
#260=ORIENTED_EDGE('',*,*,#516,.T.);
#261=ORIENTED_EDGE('',*,*,#492,.T.);
#262=ORIENTED_EDGE('',*,*,#502,.F.);
#263=ORIENTED_EDGE('',*,*,#517,.T.);
#264=ORIENTED_EDGE('',*,*,#518,.T.);
#265=ORIENTED_EDGE('',*,*,#452,.F.);
#266=ORIENTED_EDGE('',*,*,#519,.T.);
#267=ORIENTED_EDGE('',*,*,#520,.T.);
#268=ORIENTED_EDGE('',*,*,#518,.F.);
#269=ORIENTED_EDGE('',*,*,#521,.T.);
#270=ORIENTED_EDGE('',*,*,#509,.F.);
#271=ORIENTED_EDGE('',*,*,#507,.F.);
#272=ORIENTED_EDGE('',*,*,#522,.T.);
#273=ORIENTED_EDGE('',*,*,#519,.F.);
#274=ORIENTED_EDGE('',*,*,#457,.F.);
#275=ORIENTED_EDGE('',*,*,#462,.F.);
#276=ORIENTED_EDGE('',*,*,#512,.F.);
#277=ORIENTED_EDGE('',*,*,#493,.F.);
#278=ORIENTED_EDGE('',*,*,#516,.F.);
#279=ORIENTED_EDGE('',*,*,#488,.F.);
#280=ORIENTED_EDGE('',*,*,#485,.F.);
#281=ORIENTED_EDGE('',*,*,#482,.F.);
#282=ORIENTED_EDGE('',*,*,#479,.F.);
#283=ORIENTED_EDGE('',*,*,#476,.F.);
#284=ORIENTED_EDGE('',*,*,#459,.F.);
#285=ORIENTED_EDGE('',*,*,#473,.F.);
#286=ORIENTED_EDGE('',*,*,#470,.F.);
#287=ORIENTED_EDGE('',*,*,#467,.F.);
#288=ORIENTED_EDGE('',*,*,#453,.F.);
#289=ORIENTED_EDGE('',*,*,#521,.F.);
#290=ORIENTED_EDGE('',*,*,#517,.F.);
#291=ORIENTED_EDGE('',*,*,#523,.F.);
#292=ORIENTED_EDGE('',*,*,#496,.F.);
#293=ORIENTED_EDGE('',*,*,#510,.F.);
#294=ORIENTED_EDGE('',*,*,#523,.T.);
#295=ORIENTED_EDGE('',*,*,#501,.F.);
#296=ORIENTED_EDGE('',*,*,#514,.F.);
#297=ORIENTED_EDGE('',*,*,#497,.F.);
#298=ORIENTED_EDGE('',*,*,#522,.F.);
#299=ORIENTED_EDGE('',*,*,#506,.F.);
#300=ORIENTED_EDGE('',*,*,#524,.F.);
#301=ORIENTED_EDGE('',*,*,#520,.F.);
#302=ORIENTED_EDGE('',*,*,#524,.T.);
#303=ORIENTED_EDGE('',*,*,#505,.F.);
#304=ORIENTED_EDGE('',*,*,#515,.F.);
#305=ORIENTED_EDGE('',*,*,#503,.F.);
#306=ORIENTED_EDGE('',*,*,#525,.T.);
#307=ORIENTED_EDGE('',*,*,#526,.T.);
#308=ORIENTED_EDGE('',*,*,#527,.T.);
#309=ORIENTED_EDGE('',*,*,#528,.T.);
#310=ORIENTED_EDGE('',*,*,#529,.F.);
#311=ORIENTED_EDGE('',*,*,#530,.F.);
#312=ORIENTED_EDGE('',*,*,#531,.T.);
#313=ORIENTED_EDGE('',*,*,#532,.T.);
#314=ORIENTED_EDGE('',*,*,#533,.F.);
#315=ORIENTED_EDGE('',*,*,#534,.F.);
#316=ORIENTED_EDGE('',*,*,#535,.T.);
#317=ORIENTED_EDGE('',*,*,#536,.F.);
#318=ORIENTED_EDGE('',*,*,#537,.T.);
#319=ORIENTED_EDGE('',*,*,#531,.F.);
#320=ORIENTED_EDGE('',*,*,#538,.F.);
#321=ORIENTED_EDGE('',*,*,#539,.T.);
#322=ORIENTED_EDGE('',*,*,#540,.T.);
#323=ORIENTED_EDGE('',*,*,#541,.T.);
#324=ORIENTED_EDGE('',*,*,#542,.F.);
#325=ORIENTED_EDGE('',*,*,#543,.F.);
#326=ORIENTED_EDGE('',*,*,#532,.F.);
#327=ORIENTED_EDGE('',*,*,#537,.F.);
#328=ORIENTED_EDGE('',*,*,#542,.T.);
#329=ORIENTED_EDGE('',*,*,#544,.T.);
#330=ORIENTED_EDGE('',*,*,#545,.F.);
#331=ORIENTED_EDGE('',*,*,#546,.F.);
#332=ORIENTED_EDGE('',*,*,#545,.T.);
#333=ORIENTED_EDGE('',*,*,#547,.F.);
#334=ORIENTED_EDGE('',*,*,#548,.F.);
#335=ORIENTED_EDGE('',*,*,#534,.T.);
#336=ORIENTED_EDGE('',*,*,#549,.F.);
#337=ORIENTED_EDGE('',*,*,#535,.F.);
#338=ORIENTED_EDGE('',*,*,#548,.T.);
#339=ORIENTED_EDGE('',*,*,#550,.T.);
#340=ORIENTED_EDGE('',*,*,#551,.F.);
#341=ORIENTED_EDGE('',*,*,#552,.F.);
#342=ORIENTED_EDGE('',*,*,#551,.T.);
#343=ORIENTED_EDGE('',*,*,#553,.T.);
#344=ORIENTED_EDGE('',*,*,#554,.F.);
#345=ORIENTED_EDGE('',*,*,#555,.F.);
#346=ORIENTED_EDGE('',*,*,#554,.T.);
#347=ORIENTED_EDGE('',*,*,#556,.T.);
#348=ORIENTED_EDGE('',*,*,#557,.F.);
#349=ORIENTED_EDGE('',*,*,#558,.F.);
#350=ORIENTED_EDGE('',*,*,#557,.T.);
#351=ORIENTED_EDGE('',*,*,#559,.T.);
#352=ORIENTED_EDGE('',*,*,#560,.F.);
#353=ORIENTED_EDGE('',*,*,#561,.F.);
#354=ORIENTED_EDGE('',*,*,#560,.T.);
#355=ORIENTED_EDGE('',*,*,#562,.T.);
#356=ORIENTED_EDGE('',*,*,#563,.F.);
#357=ORIENTED_EDGE('',*,*,#564,.F.);
#358=ORIENTED_EDGE('',*,*,#565,.F.);
#359=ORIENTED_EDGE('',*,*,#566,.T.);
#360=ORIENTED_EDGE('',*,*,#563,.T.);
#361=ORIENTED_EDGE('',*,*,#567,.F.);
#362=ORIENTED_EDGE('',*,*,#568,.F.);
#363=ORIENTED_EDGE('',*,*,#569,.F.);
#364=ORIENTED_EDGE('',*,*,#525,.F.);
#365=ORIENTED_EDGE('',*,*,#570,.T.);
#366=ORIENTED_EDGE('',*,*,#571,.F.);
#367=ORIENTED_EDGE('',*,*,#572,.T.);
#368=ORIENTED_EDGE('',*,*,#573,.F.);
#369=ORIENTED_EDGE('',*,*,#574,.F.);
#370=ORIENTED_EDGE('',*,*,#575,.T.);
#371=ORIENTED_EDGE('',*,*,#576,.F.);
#372=ORIENTED_EDGE('',*,*,#577,.F.);
#373=ORIENTED_EDGE('',*,*,#578,.F.);
#374=ORIENTED_EDGE('',*,*,#579,.F.);
#375=ORIENTED_EDGE('',*,*,#580,.F.);
#376=ORIENTED_EDGE('',*,*,#581,.F.);
#377=ORIENTED_EDGE('',*,*,#582,.F.);
#378=ORIENTED_EDGE('',*,*,#583,.F.);
#379=ORIENTED_EDGE('',*,*,#584,.F.);
#380=ORIENTED_EDGE('',*,*,#580,.T.);
#381=ORIENTED_EDGE('',*,*,#585,.F.);
#382=ORIENTED_EDGE('',*,*,#572,.F.);
#383=ORIENTED_EDGE('',*,*,#586,.F.);
#384=ORIENTED_EDGE('',*,*,#568,.T.);
#385=ORIENTED_EDGE('',*,*,#587,.T.);
#386=ORIENTED_EDGE('',*,*,#539,.F.);
#387=ORIENTED_EDGE('',*,*,#588,.F.);
#388=ORIENTED_EDGE('',*,*,#573,.T.);
#389=ORIENTED_EDGE('',*,*,#585,.T.);
#390=ORIENTED_EDGE('',*,*,#579,.T.);
#391=ORIENTED_EDGE('',*,*,#589,.F.);
#392=ORIENTED_EDGE('',*,*,#575,.F.);
#393=ORIENTED_EDGE('',*,*,#590,.F.);
#394=ORIENTED_EDGE('',*,*,#567,.T.);
#395=ORIENTED_EDGE('',*,*,#562,.F.);
#396=ORIENTED_EDGE('',*,*,#559,.F.);
#397=ORIENTED_EDGE('',*,*,#556,.F.);
#398=ORIENTED_EDGE('',*,*,#553,.F.);
#399=ORIENTED_EDGE('',*,*,#550,.F.);
#400=ORIENTED_EDGE('',*,*,#547,.T.);
#401=ORIENTED_EDGE('',*,*,#544,.F.);
#402=ORIENTED_EDGE('',*,*,#541,.F.);
#403=ORIENTED_EDGE('',*,*,#540,.F.);
#404=ORIENTED_EDGE('',*,*,#587,.F.);
#405=ORIENTED_EDGE('',*,*,#564,.T.);
#406=ORIENTED_EDGE('',*,*,#566,.F.);
#407=ORIENTED_EDGE('',*,*,#591,.F.);
#408=ORIENTED_EDGE('',*,*,#577,.T.);
#409=ORIENTED_EDGE('',*,*,#592,.F.);
#410=ORIENTED_EDGE('',*,*,#593,.F.);
#411=ORIENTED_EDGE('',*,*,#529,.T.);
#412=ORIENTED_EDGE('',*,*,#594,.F.);
#413=ORIENTED_EDGE('',*,*,#527,.F.);
#414=ORIENTED_EDGE('',*,*,#594,.T.);
#415=ORIENTED_EDGE('',*,*,#533,.T.);
#416=ORIENTED_EDGE('',*,*,#543,.T.);
#417=ORIENTED_EDGE('',*,*,#546,.T.);
#418=ORIENTED_EDGE('',*,*,#549,.T.);
#419=ORIENTED_EDGE('',*,*,#536,.T.);
#420=ORIENTED_EDGE('',*,*,#552,.T.);
#421=ORIENTED_EDGE('',*,*,#555,.T.);
#422=ORIENTED_EDGE('',*,*,#558,.T.);
#423=ORIENTED_EDGE('',*,*,#561,.T.);
#424=ORIENTED_EDGE('',*,*,#565,.T.);
#425=ORIENTED_EDGE('',*,*,#591,.T.);
#426=ORIENTED_EDGE('',*,*,#569,.T.);
#427=ORIENTED_EDGE('',*,*,#588,.T.);
#428=ORIENTED_EDGE('',*,*,#538,.T.);
#429=ORIENTED_EDGE('',*,*,#530,.T.);
#430=ORIENTED_EDGE('',*,*,#593,.T.);
#431=ORIENTED_EDGE('',*,*,#595,.F.);
#432=ORIENTED_EDGE('',*,*,#581,.T.);
#433=ORIENTED_EDGE('',*,*,#584,.T.);
#434=ORIENTED_EDGE('',*,*,#596,.F.);
#435=ORIENTED_EDGE('',*,*,#570,.F.);
#436=ORIENTED_EDGE('',*,*,#528,.F.);
#437=ORIENTED_EDGE('',*,*,#596,.T.);
#438=ORIENTED_EDGE('',*,*,#586,.T.);
#439=ORIENTED_EDGE('',*,*,#571,.T.);
#440=ORIENTED_EDGE('',*,*,#526,.F.);
#441=ORIENTED_EDGE('',*,*,#574,.T.);
#442=ORIENTED_EDGE('',*,*,#590,.T.);
#443=ORIENTED_EDGE('',*,*,#578,.T.);
#444=ORIENTED_EDGE('',*,*,#595,.T.);
#445=ORIENTED_EDGE('',*,*,#592,.T.);
#446=ORIENTED_EDGE('',*,*,#597,.T.);
#447=ORIENTED_EDGE('',*,*,#582,.T.);
#448=ORIENTED_EDGE('',*,*,#597,.F.);
#449=ORIENTED_EDGE('',*,*,#576,.T.);
#450=ORIENTED_EDGE('',*,*,#589,.T.);
#451=ORIENTED_EDGE('',*,*,#583,.T.);
#452=EDGE_CURVE('',#598,#599,#694,.F.);
#453=EDGE_CURVE('',#599,#600,#100,.F.);
#454=EDGE_CURVE('',#601,#600,#101,.T.);
#455=EDGE_CURVE('',#602,#601,#102,.T.);
#456=EDGE_CURVE('',#603,#602,#103,.T.);
#457=EDGE_CURVE('',#603,#598,#104,.F.);
#458=EDGE_CURVE('',#604,#605,#105,.T.);
#459=EDGE_CURVE('',#605,#606,#106,.F.);
#460=EDGE_CURVE('',#604,#606,#107,.T.);
#461=EDGE_CURVE('',#607,#608,#695,.T.);
#462=EDGE_CURVE('',#607,#603,#20,.T.);
#463=EDGE_CURVE('',#602,#609,#696,.T.);
#464=EDGE_CURVE('',#608,#609,#108,.T.);
#465=EDGE_CURVE('',#601,#610,#697,.T.);
#466=EDGE_CURVE('',#609,#610,#109,.T.);
#467=EDGE_CURVE('',#600,#611,#21,.T.);
#468=EDGE_CURVE('',#611,#612,#698,.T.);
#469=EDGE_CURVE('',#610,#612,#110,.T.);
#470=EDGE_CURVE('',#611,#613,#22,.T.);
#471=EDGE_CURVE('',#613,#614,#699,.T.);
#472=EDGE_CURVE('',#612,#614,#111,.T.);
#473=EDGE_CURVE('',#613,#605,#23,.T.);
#474=EDGE_CURVE('',#604,#615,#700,.T.);
#475=EDGE_CURVE('',#615,#614,#112,.T.);
#476=EDGE_CURVE('',#606,#616,#24,.T.);
#477=EDGE_CURVE('',#616,#617,#701,.T.);
#478=EDGE_CURVE('',#615,#617,#113,.T.);
#479=EDGE_CURVE('',#616,#618,#25,.T.);
#480=EDGE_CURVE('',#618,#619,#702,.T.);
#481=EDGE_CURVE('',#617,#619,#114,.T.);
#482=EDGE_CURVE('',#618,#620,#26,.T.);
#483=EDGE_CURVE('',#620,#621,#703,.T.);
#484=EDGE_CURVE('',#619,#621,#115,.T.);
#485=EDGE_CURVE('',#620,#622,#27,.T.);
#486=EDGE_CURVE('',#622,#623,#704,.T.);
#487=EDGE_CURVE('',#621,#623,#116,.T.);
#488=EDGE_CURVE('',#622,#624,#28,.T.);
#489=EDGE_CURVE('',#624,#625,#117,.T.);
#490=EDGE_CURVE('',#625,#626,#705,.T.);
#491=EDGE_CURVE('',#623,#626,#118,.T.);
#492=EDGE_CURVE('',#627,#625,#119,.T.);
#493=EDGE_CURVE('',#627,#628,#29,.T.);
#494=EDGE_CURVE('',#628,#629,#706,.T.);
#495=EDGE_CURVE('',#629,#626,#120,.T.);
#496=EDGE_CURVE('',#630,#631,#30,.T.);
#497=EDGE_CURVE('',#631,#632,#707,.T.);
#498=EDGE_CURVE('',#632,#633,#121,.T.);
#499=EDGE_CURVE('',#630,#633,#708,.T.);
#500=EDGE_CURVE('',#634,#635,#709,.T.);
#501=EDGE_CURVE('',#634,#636,#710,.F.);
#502=EDGE_CURVE('',#636,#637,#711,.T.);
#503=EDGE_CURVE('',#637,#635,#712,.T.);
#504=EDGE_CURVE('',#638,#639,#122,.T.);
#505=EDGE_CURVE('',#639,#640,#713,.F.);
#506=EDGE_CURVE('',#640,#641,#31,.T.);
#507=EDGE_CURVE('',#641,#642,#32,.T.);
#508=EDGE_CURVE('',#642,#638,#714,.T.);
#509=EDGE_CURVE('',#642,#643,#123,.T.);
#510=EDGE_CURVE('',#643,#630,#33,.T.);
#511=EDGE_CURVE('',#633,#638,#124,.T.);
#512=EDGE_CURVE('',#628,#607,#34,.T.);
#513=EDGE_CURVE('',#629,#608,#125,.T.);
#514=EDGE_CURVE('',#632,#634,#126,.T.);
#515=EDGE_CURVE('',#635,#639,#127,.T.);
#516=EDGE_CURVE('',#624,#627,#128,.F.);
#517=EDGE_CURVE('',#636,#644,#35,.T.);
#518=EDGE_CURVE('',#644,#599,#36,.T.);
#519=EDGE_CURVE('',#598,#645,#37,.F.);
#520=EDGE_CURVE('',#645,#637,#38,.T.);
#521=EDGE_CURVE('',#644,#643,#39,.T.);
#522=EDGE_CURVE('',#641,#645,#40,.T.);
#523=EDGE_CURVE('',#631,#636,#129,.T.);
#524=EDGE_CURVE('',#637,#640,#130,.T.);
#525=EDGE_CURVE('',#646,#647,#41,.T.);
#526=EDGE_CURVE('',#647,#648,#131,.T.);
#527=EDGE_CURVE('',#648,#649,#42,.T.);
#528=EDGE_CURVE('',#649,#646,#43,.T.);
#529=EDGE_CURVE('',#650,#651,#715,.T.);
#530=EDGE_CURVE('',#652,#650,#132,.F.);
#531=EDGE_CURVE('',#652,#653,#133,.F.);
#532=EDGE_CURVE('',#653,#654,#134,.F.);
#533=EDGE_CURVE('',#651,#654,#135,.F.);
#534=EDGE_CURVE('',#655,#656,#136,.F.);
#535=EDGE_CURVE('',#655,#657,#137,.F.);
#536=EDGE_CURVE('',#656,#657,#138,.F.);
#537=EDGE_CURVE('',#658,#653,#716,.T.);
#538=EDGE_CURVE('',#659,#652,#44,.T.);
#539=EDGE_CURVE('',#659,#660,#717,.T.);
#540=EDGE_CURVE('',#660,#658,#139,.F.);
#541=EDGE_CURVE('',#658,#661,#140,.F.);
#542=EDGE_CURVE('',#662,#661,#718,.T.);
#543=EDGE_CURVE('',#654,#662,#45,.T.);
#544=EDGE_CURVE('',#661,#663,#141,.F.);
#545=EDGE_CURVE('',#664,#663,#719,.T.);
#546=EDGE_CURVE('',#662,#664,#46,.T.);
#547=EDGE_CURVE('',#665,#663,#142,.F.);
#548=EDGE_CURVE('',#655,#665,#720,.T.);
#549=EDGE_CURVE('',#664,#656,#47,.T.);
#550=EDGE_CURVE('',#665,#666,#143,.F.);
#551=EDGE_CURVE('',#667,#666,#721,.T.);
#552=EDGE_CURVE('',#657,#667,#48,.T.);
#553=EDGE_CURVE('',#666,#668,#144,.F.);
#554=EDGE_CURVE('',#669,#668,#722,.T.);
#555=EDGE_CURVE('',#667,#669,#49,.T.);
#556=EDGE_CURVE('',#668,#670,#145,.F.);
#557=EDGE_CURVE('',#671,#670,#723,.T.);
#558=EDGE_CURVE('',#669,#671,#50,.T.);
#559=EDGE_CURVE('',#670,#672,#146,.F.);
#560=EDGE_CURVE('',#673,#672,#724,.T.);
#561=EDGE_CURVE('',#671,#673,#51,.T.);
#562=EDGE_CURVE('',#672,#674,#147,.F.);
#563=EDGE_CURVE('',#675,#674,#725,.T.);
#564=EDGE_CURVE('',#676,#675,#148,.F.);
#565=EDGE_CURVE('',#673,#676,#52,.T.);
#566=EDGE_CURVE('',#677,#675,#149,.F.);
#567=EDGE_CURVE('',#678,#674,#150,.F.);
#568=EDGE_CURVE('',#679,#678,#726,.T.);
#569=EDGE_CURVE('',#677,#679,#53,.T.);
#570=EDGE_CURVE('',#646,#680,#54,.F.);
#571=EDGE_CURVE('',#681,#680,#55,.T.);
#572=EDGE_CURVE('',#681,#682,#727,.T.);
#573=EDGE_CURVE('',#683,#682,#151,.F.);
#574=EDGE_CURVE('',#647,#683,#728,.T.);
#575=EDGE_CURVE('',#684,#685,#729,.T.);
#576=EDGE_CURVE('',#686,#685,#730,.T.);
#577=EDGE_CURVE('',#648,#686,#731,.T.);
#578=EDGE_CURVE('',#684,#648,#732,.F.);
#579=EDGE_CURVE('',#687,#688,#152,.F.);
#580=EDGE_CURVE('',#689,#687,#733,.T.);
#581=EDGE_CURVE('',#690,#689,#56,.T.);
#582=EDGE_CURVE('',#691,#690,#57,.T.);
#583=EDGE_CURVE('',#688,#691,#734,.F.);
#584=EDGE_CURVE('',#689,#692,#153,.T.);
#585=EDGE_CURVE('',#682,#687,#154,.F.);
#586=EDGE_CURVE('',#692,#681,#58,.T.);
#587=EDGE_CURVE('',#678,#660,#155,.F.);
#588=EDGE_CURVE('',#679,#659,#59,.T.);
#589=EDGE_CURVE('',#685,#688,#156,.T.);
#590=EDGE_CURVE('',#683,#684,#157,.T.);
#591=EDGE_CURVE('',#676,#677,#158,.F.);
#592=EDGE_CURVE('',#693,#686,#60,.T.);
#593=EDGE_CURVE('',#650,#693,#61,.F.);
#594=EDGE_CURVE('',#649,#651,#62,.T.);
#595=EDGE_CURVE('',#690,#693,#63,.T.);
#596=EDGE_CURVE('',#680,#692,#64,.T.);
#597=EDGE_CURVE('',#686,#691,#159,.T.);
#598=VERTEX_POINT('',#1468);
#599=VERTEX_POINT('',#1469);
#600=VERTEX_POINT('',#1471);
#601=VERTEX_POINT('',#1473);
#602=VERTEX_POINT('',#1475);
#603=VERTEX_POINT('',#1477);
#604=VERTEX_POINT('',#1481);
#605=VERTEX_POINT('',#1482);
#606=VERTEX_POINT('',#1484);
#607=VERTEX_POINT('',#1488);
#608=VERTEX_POINT('',#1489);
#609=VERTEX_POINT('',#1495);
#610=VERTEX_POINT('',#1499);
#611=VERTEX_POINT('',#1506);
#612=VERTEX_POINT('',#1508);
#613=VERTEX_POINT('',#1516);
#614=VERTEX_POINT('',#1518);
#615=VERTEX_POINT('',#1526);
#616=VERTEX_POINT('',#1533);
#617=VERTEX_POINT('',#1535);
#618=VERTEX_POINT('',#1545);
#619=VERTEX_POINT('',#1547);
#620=VERTEX_POINT('',#1555);
#621=VERTEX_POINT('',#1557);
#622=VERTEX_POINT('',#1567);
#623=VERTEX_POINT('',#1569);
#624=VERTEX_POINT('',#1576);
#625=VERTEX_POINT('',#1578);
#626=VERTEX_POINT('',#1580);
#627=VERTEX_POINT('',#1584);
#628=VERTEX_POINT('',#1589);
#629=VERTEX_POINT('',#1591);
#630=VERTEX_POINT('',#1608);
#631=VERTEX_POINT('',#1609);
#632=VERTEX_POINT('',#1611);
#633=VERTEX_POINT('',#1613);
#634=VERTEX_POINT('',#1617);
#635=VERTEX_POINT('',#1618);
#636=VERTEX_POINT('',#1620);
#637=VERTEX_POINT('',#1622);
#638=VERTEX_POINT('',#1626);
#639=VERTEX_POINT('',#1627);
#640=VERTEX_POINT('',#1629);
#641=VERTEX_POINT('',#1641);
#642=VERTEX_POINT('',#1651);
#643=VERTEX_POINT('',#1655);
#644=VERTEX_POINT('',#1685);
#645=VERTEX_POINT('',#1694);
#646=VERTEX_POINT('',#1884);
#647=VERTEX_POINT('',#1885);
#648=VERTEX_POINT('',#1887);
#649=VERTEX_POINT('',#1898);
#650=VERTEX_POINT('',#1910);
#651=VERTEX_POINT('',#1911);
#652=VERTEX_POINT('',#1913);
#653=VERTEX_POINT('',#1915);
#654=VERTEX_POINT('',#1917);
#655=VERTEX_POINT('',#1921);
#656=VERTEX_POINT('',#1922);
#657=VERTEX_POINT('',#1924);
#658=VERTEX_POINT('',#1928);
#659=VERTEX_POINT('',#1933);
#660=VERTEX_POINT('',#1935);
#661=VERTEX_POINT('',#1939);
#662=VERTEX_POINT('',#1941);
#663=VERTEX_POINT('',#1948);
#664=VERTEX_POINT('',#1950);
#665=VERTEX_POINT('',#1960);
#666=VERTEX_POINT('',#1968);
#667=VERTEX_POINT('',#1970);
#668=VERTEX_POINT('',#1977);
#669=VERTEX_POINT('',#1979);
#670=VERTEX_POINT('',#1990);
#671=VERTEX_POINT('',#1992);
#672=VERTEX_POINT('',#2000);
#673=VERTEX_POINT('',#2002);
#674=VERTEX_POINT('',#2013);
#675=VERTEX_POINT('',#2015);
#676=VERTEX_POINT('',#2017);
#677=VERTEX_POINT('',#2024);
#678=VERTEX_POINT('',#2026);
#679=VERTEX_POINT('',#2028);
#680=VERTEX_POINT('',#2038);
#681=VERTEX_POINT('',#2043);
#682=VERTEX_POINT('',#2045);
#683=VERTEX_POINT('',#2047);
#684=VERTEX_POINT('',#2051);
#685=VERTEX_POINT('',#2052);
#686=VERTEX_POINT('',#2054);
#687=VERTEX_POINT('',#2059);
#688=VERTEX_POINT('',#2060);
#689=VERTEX_POINT('',#2062);
#690=VERTEX_POINT('',#2072);
#691=VERTEX_POINT('',#2084);
#692=VERTEX_POINT('',#2088);
#693=VERTEX_POINT('',#2119);
#694=LINE('',#1467,#735);
#695=LINE('',#1487,#736);
#696=LINE('',#1494,#737);
#697=LINE('',#1498,#738);
#698=LINE('',#1507,#739);
#699=LINE('',#1517,#740);
#700=LINE('',#1525,#741);
#701=LINE('',#1534,#742);
#702=LINE('',#1546,#743);
#703=LINE('',#1556,#744);
#704=LINE('',#1568,#745);
#705=LINE('',#1579,#746);
#706=LINE('',#1590,#747);
#707=LINE('',#1610,#748);
#708=LINE('',#1614,#749);
#709=LINE('',#1616,#750);
#710=LINE('',#1619,#751);
#711=LINE('',#1621,#752);
#712=LINE('',#1623,#753);
#713=LINE('',#1628,#754);
#714=LINE('',#1652,#755);
#715=LINE('',#1909,#756);
#716=LINE('',#1927,#757);
#717=LINE('',#1934,#758);
#718=LINE('',#1940,#759);
#719=LINE('',#1949,#760);
#720=LINE('',#1961,#761);
#721=LINE('',#1969,#762);
#722=LINE('',#1978,#763);
#723=LINE('',#1991,#764);
#724=LINE('',#2001,#765);
#725=LINE('',#2014,#766);
#726=LINE('',#2027,#767);
#727=LINE('',#2044,#768);
#728=LINE('',#2048,#769);
#729=LINE('',#2050,#770);
#730=LINE('',#2053,#771);
#731=LINE('',#2055,#772);
#732=LINE('',#2056,#773);
#733=LINE('',#2061,#774);
#734=LINE('',#2085,#775);
#735=VECTOR('',#1212,1.);
#736=VECTOR('',#1233,1.);
#737=VECTOR('',#1234,1.);
#738=VECTOR('',#1239,1.);
#739=VECTOR('',#1244,1.);
#740=VECTOR('',#1249,1.);
#741=VECTOR('',#1254,1.);
#742=VECTOR('',#1259,1.);
#743=VECTOR('',#1264,1.);
#744=VECTOR('',#1269,1.);
#745=VECTOR('',#1274,1.);
#746=VECTOR('',#1281,1.);
#747=VECTOR('',#1288,1.);
#748=VECTOR('',#1293,1.);
#749=VECTOR('',#1296,1.);
#750=VECTOR('',#1299,1.);
#751=VECTOR('',#1300,1.);
#752=VECTOR('',#1301,1.);
#753=VECTOR('',#1302,1.);
#754=VECTOR('',#1307,1.);
#755=VECTOR('',#1308,1.);
#756=VECTOR('',#1345,1.);
#757=VECTOR('',#1364,1.);
#758=VECTOR('',#1365,1.);
#759=VECTOR('',#1372,1.);
#760=VECTOR('',#1377,1.);
#761=VECTOR('',#1382,1.);
#762=VECTOR('',#1387,1.);
#763=VECTOR('',#1392,1.);
#764=VECTOR('',#1397,1.);
#765=VECTOR('',#1402,1.);
#766=VECTOR('',#1407,1.);
#767=VECTOR('',#1416,1.);
#768=VECTOR('',#1419,1.);
#769=VECTOR('',#1422,1.);
#770=VECTOR('',#1425,1.);
#771=VECTOR('',#1426,1.);
#772=VECTOR('',#1427,1.);
#773=VECTOR('',#1428,1.);
#774=VECTOR('',#1433,1.);
#775=VECTOR('',#1434,1.);
#776=EDGE_LOOP('',(#160,#161,#162,#163,#164,#165));
#777=EDGE_LOOP('',(#166,#167,#168));
#778=EDGE_LOOP('',(#169,#170,#171,#172,#173));
#779=EDGE_LOOP('',(#174,#175,#176,#177));
#780=EDGE_LOOP('',(#178,#179,#180,#181,#182));
#781=EDGE_LOOP('',(#183,#184,#185,#186));
#782=EDGE_LOOP('',(#187,#188,#189,#190,#191));
#783=EDGE_LOOP('',(#192,#193,#194,#195,#196));
#784=EDGE_LOOP('',(#197,#198,#199,#200));
#785=EDGE_LOOP('',(#201,#202,#203,#204));
#786=EDGE_LOOP('',(#205,#206,#207,#208));
#787=EDGE_LOOP('',(#209,#210,#211,#212,#213));
#788=EDGE_LOOP('',(#214,#215,#216,#217,#218));
#789=EDGE_LOOP('',(#219,#220,#221,#222));
#790=EDGE_LOOP('',(#223,#224,#225,#226));
#791=EDGE_LOOP('',(#227,#228,#229,#230,#231));
#792=EDGE_LOOP('',(#232,#233,#234,#235,#236));
#793=EDGE_LOOP('',(#237,#238,#239,#240));
#794=EDGE_LOOP('',(#241,#242,#243,#244,#245,#246));
#795=EDGE_LOOP('',(#247,#248,#249,#250,#251,#252,#253,#254,#255,#256,#257,
#258));
#796=EDGE_LOOP('',(#259,#260,#261));
#797=EDGE_LOOP('',(#262,#263,#264,#265,#266,#267));
#798=EDGE_LOOP('',(#268,#269,#270,#271,#272,#273,#274,#275,#276,#277,#278,
#279,#280,#281,#282,#283,#284,#285,#286,#287,#288));
#799=EDGE_LOOP('',(#289,#290,#291,#292,#293));
#800=EDGE_LOOP('',(#294,#295,#296,#297));
#801=EDGE_LOOP('',(#298,#299,#300,#301));
#802=EDGE_LOOP('',(#302,#303,#304,#305));
#803=EDGE_LOOP('',(#306,#307,#308,#309));
#804=EDGE_LOOP('',(#310,#311,#312,#313,#314));
#805=EDGE_LOOP('',(#315,#316,#317));
#806=EDGE_LOOP('',(#318,#319,#320,#321,#322));
#807=EDGE_LOOP('',(#323,#324,#325,#326,#327));
#808=EDGE_LOOP('',(#328,#329,#330,#331));
#809=EDGE_LOOP('',(#332,#333,#334,#335,#336));
#810=EDGE_LOOP('',(#337,#338,#339,#340,#341));
#811=EDGE_LOOP('',(#342,#343,#344,#345));
#812=EDGE_LOOP('',(#346,#347,#348,#349));
#813=EDGE_LOOP('',(#350,#351,#352,#353));
#814=EDGE_LOOP('',(#354,#355,#356,#357,#358));
#815=EDGE_LOOP('',(#359,#360,#361,#362,#363));
#816=EDGE_LOOP('',(#364,#365,#366,#367,#368,#369));
#817=EDGE_LOOP('',(#370,#371,#372,#373));
#818=EDGE_LOOP('',(#374,#375,#376,#377,#378));
#819=EDGE_LOOP('',(#379,#380,#381,#382,#383));
#820=EDGE_LOOP('',(#384,#385,#386,#387));
#821=EDGE_LOOP('',(#388,#389,#390,#391,#392,#393));
#822=EDGE_LOOP('',(#394,#395,#396,#397,#398,#399,#400,#401,#402,#403,#404));
#823=EDGE_LOOP('',(#405,#406,#407));
#824=EDGE_LOOP('',(#408,#409,#410,#411,#412,#413));
#825=EDGE_LOOP('',(#414,#415,#416,#417,#418,#419,#420,#421,#422,#423,#424,
#425,#426,#427,#428,#429,#430,#431,#432,#433,#434,#435,#436));
#826=EDGE_LOOP('',(#437,#438,#439));
#827=EDGE_LOOP('',(#440,#441,#442,#443));
#828=EDGE_LOOP('',(#444,#445,#446,#447));
#829=EDGE_LOOP('',(#448,#449,#450,#451));
#830=FACE_BOUND('',#776,.T.);
#831=FACE_BOUND('',#777,.T.);
#832=FACE_BOUND('',#778,.T.);
#833=FACE_BOUND('',#779,.T.);
#834=FACE_BOUND('',#780,.T.);
#835=FACE_BOUND('',#781,.T.);
#836=FACE_BOUND('',#782,.T.);
#837=FACE_BOUND('',#783,.T.);
#838=FACE_BOUND('',#784,.T.);
#839=FACE_BOUND('',#785,.T.);
#840=FACE_BOUND('',#786,.T.);
#841=FACE_BOUND('',#787,.T.);
#842=FACE_BOUND('',#788,.T.);
#843=FACE_BOUND('',#789,.T.);
#844=FACE_BOUND('',#790,.T.);
#845=FACE_BOUND('',#791,.T.);
#846=FACE_BOUND('',#792,.T.);
#847=FACE_BOUND('',#793,.T.);
#848=FACE_BOUND('',#794,.T.);
#849=FACE_BOUND('',#795,.T.);
#850=FACE_BOUND('',#796,.T.);
#851=FACE_BOUND('',#797,.T.);
#852=FACE_BOUND('',#798,.T.);
#853=FACE_BOUND('',#799,.T.);
#854=FACE_BOUND('',#800,.T.);
#855=FACE_BOUND('',#801,.T.);
#856=FACE_BOUND('',#802,.T.);
#857=FACE_BOUND('',#803,.T.);
#858=FACE_BOUND('',#804,.T.);
#859=FACE_BOUND('',#805,.T.);
#860=FACE_BOUND('',#806,.T.);
#861=FACE_BOUND('',#807,.T.);
#862=FACE_BOUND('',#808,.T.);
#863=FACE_BOUND('',#809,.T.);
#864=FACE_BOUND('',#810,.T.);
#865=FACE_BOUND('',#811,.T.);
#866=FACE_BOUND('',#812,.T.);
#867=FACE_BOUND('',#813,.T.);
#868=FACE_BOUND('',#814,.T.);
#869=FACE_BOUND('',#815,.T.);
#870=FACE_BOUND('',#816,.T.);
#871=FACE_BOUND('',#817,.T.);
#872=FACE_BOUND('',#818,.T.);
#873=FACE_BOUND('',#819,.T.);
#874=FACE_BOUND('',#820,.T.);
#875=FACE_BOUND('',#821,.T.);
#876=FACE_BOUND('',#822,.T.);
#877=FACE_BOUND('',#823,.T.);
#878=FACE_BOUND('',#824,.T.);
#879=FACE_BOUND('',#825,.T.);
#880=FACE_BOUND('',#826,.T.);
#881=FACE_BOUND('',#827,.T.);
#882=FACE_BOUND('',#828,.T.);
#883=FACE_BOUND('',#829,.T.);
#884=PLANE('',#1101);
#885=PLANE('',#1107);
#886=PLANE('',#1137);
#887=PLANE('',#1145);
#888=PLANE('',#1148);
#889=PLANE('',#1157);
#890=PLANE('',#1162);
#891=PLANE('',#1190);
#892=PLANE('',#1198);
#893=PLANE('',#1201);
#894=OVER_RIDING_STYLED_ITEM('',(#970),#914,#968);
#895=OVER_RIDING_STYLED_ITEM('',(#971),#915,#968);
#896=OVER_RIDING_STYLED_ITEM('',(#972),#916,#968);
#897=OVER_RIDING_STYLED_ITEM('',(#973),#917,#968);
#898=OVER_RIDING_STYLED_ITEM('',(#974),#918,#968);
#899=OVER_RIDING_STYLED_ITEM('',(#975),#919,#968);
#900=OVER_RIDING_STYLED_ITEM('',(#976),#920,#968);
#901=OVER_RIDING_STYLED_ITEM('',(#977),#921,#968);
#902=OVER_RIDING_STYLED_ITEM('',(#978),#922,#968);
#903=OVER_RIDING_STYLED_ITEM('',(#979),#923,#968);
#904=OVER_RIDING_STYLED_ITEM('',(#980),#924,#968);
#905=OVER_RIDING_STYLED_ITEM('',(#981),#925,#968);
#906=OVER_RIDING_STYLED_ITEM('',(#982),#926,#968);
#907=OVER_RIDING_STYLED_ITEM('',(#983),#927,#968);
#908=OVER_RIDING_STYLED_ITEM('',(#984),#928,#968);
#909=OVER_RIDING_STYLED_ITEM('',(#985),#929,#968);
#910=OVER_RIDING_STYLED_ITEM('',(#986),#930,#968);
#911=OVER_RIDING_STYLED_ITEM('',(#987),#931,#968);
#912=OVER_RIDING_STYLED_ITEM('',(#988),#932,#968);
#913=OVER_RIDING_STYLED_ITEM('',(#989),#933,#968);
#914=ADVANCED_FACE('Face appearance 12',(#830),#884,.F.);
#915=ADVANCED_FACE('Face appearance 12',(#831),#885,.F.);
#916=ADVANCED_FACE('Face appearance 12',(#832),#65,.F.);
#917=ADVANCED_FACE('Face appearance 12',(#833),#66,.F.);
#918=ADVANCED_FACE('Face appearance 12',(#834),#67,.F.);
#919=ADVANCED_FACE('Face appearance 12',(#835),#68,.F.);
#920=ADVANCED_FACE('Face appearance 12',(#836),#69,.T.);
#921=ADVANCED_FACE('Face appearance 12',(#837),#70,.F.);
#922=ADVANCED_FACE('Face appearance 12',(#838),#71,.F.);
#923=ADVANCED_FACE('Face appearance 12',(#839),#72,.F.);
#924=ADVANCED_FACE('Face appearance 12',(#840),#73,.F.);
#925=ADVANCED_FACE('Face appearance 12',(#841),#74,.F.);
#926=ADVANCED_FACE('Face appearance 12',(#842),#75,.T.);
#927=ADVANCED_FACE('Face appearance 12',(#843),#76,.T.);
#928=ADVANCED_FACE('Face appearance 12',(#844),#886,.T.);
#929=ADVANCED_FACE('Face appearance 12',(#845),#77,.T.);
#930=ADVANCED_FACE('Face appearance 12',(#846),#78,.T.);
#931=ADVANCED_FACE('Face appearance 12',(#847),#79,.F.);
#932=ADVANCED_FACE('Face appearance 12',(#848,#849),#887,.T.);
#933=ADVANCED_FACE('Face appearance 12',(#850),#888,.F.);
#934=ADVANCED_FACE('',(#851),#80,.T.);
#935=ADVANCED_FACE('',(#852),#18,.T.);
#936=ADVANCED_FACE('',(#853),#13,.T.);
#937=ADVANCED_FACE('',(#854),#81,.T.);
#938=ADVANCED_FACE('',(#855),#14,.T.);
#939=ADVANCED_FACE('',(#856),#82,.T.);
#940=ADVANCED_FACE('',(#857),#15,.F.);
#941=ADVANCED_FACE('',(#858),#889,.T.);
#942=ADVANCED_FACE('',(#859),#890,.T.);
#943=ADVANCED_FACE('',(#860),#83,.T.);
#944=ADVANCED_FACE('',(#861),#84,.T.);
#945=ADVANCED_FACE('',(#862),#85,.T.);
#946=ADVANCED_FACE('',(#863),#86,.F.);
#947=ADVANCED_FACE('',(#864),#87,.T.);
#948=ADVANCED_FACE('',(#865),#88,.T.);
#949=ADVANCED_FACE('',(#866),#89,.T.);
#950=ADVANCED_FACE('',(#867),#90,.T.);
#951=ADVANCED_FACE('',(#868),#91,.T.);
#952=ADVANCED_FACE('',(#869),#92,.F.);
#953=ADVANCED_FACE('',(#870),#93,.F.);
#954=ADVANCED_FACE('',(#871),#891,.F.);
#955=ADVANCED_FACE('',(#872),#94,.F.);
#956=ADVANCED_FACE('',(#873),#95,.F.);
#957=ADVANCED_FACE('',(#874),#96,.T.);
#958=ADVANCED_FACE('',(#875,#876),#892,.F.);
#959=ADVANCED_FACE('',(#877),#893,.T.);
#960=ADVANCED_FACE('',(#878),#97,.F.);
#961=ADVANCED_FACE('',(#879),#19,.F.);
#962=ADVANCED_FACE('',(#880),#16,.F.);
#963=ADVANCED_FACE('',(#881),#98,.F.);
#964=ADVANCED_FACE('',(#882),#17,.F.);
#965=ADVANCED_FACE('',(#883),#99,.F.);
#966=CLOSED_SHELL('',(#914,#915,#916,#917,#918,#919,#920,#921,#922,#923,
#924,#925,#926,#927,#928,#929,#930,#931,#932,#933,#934,#935,#936,#937,#938,
#939));
#967=CLOSED_SHELL('',(#940,#941,#942,#943,#944,#945,#946,#947,#948,#949,
#950,#951,#952,#953,#954,#955,#956,#957,#958,#959,#960,#961,#962,#963,#964,
#965));
#968=STYLED_ITEM('',(#969),#1097);
#969=PRESENTATION_STYLE_ASSIGNMENT((#990));
#970=PRESENTATION_STYLE_ASSIGNMENT((#991));
#971=PRESENTATION_STYLE_ASSIGNMENT((#992));
#972=PRESENTATION_STYLE_ASSIGNMENT((#993));
#973=PRESENTATION_STYLE_ASSIGNMENT((#994));
#974=PRESENTATION_STYLE_ASSIGNMENT((#995));
#975=PRESENTATION_STYLE_ASSIGNMENT((#996));
#976=PRESENTATION_STYLE_ASSIGNMENT((#997));
#977=PRESENTATION_STYLE_ASSIGNMENT((#998));
#978=PRESENTATION_STYLE_ASSIGNMENT((#999));
#979=PRESENTATION_STYLE_ASSIGNMENT((#1000));
#980=PRESENTATION_STYLE_ASSIGNMENT((#1001));
#981=PRESENTATION_STYLE_ASSIGNMENT((#1002));
#982=PRESENTATION_STYLE_ASSIGNMENT((#1003));
#983=PRESENTATION_STYLE_ASSIGNMENT((#1004));
#984=PRESENTATION_STYLE_ASSIGNMENT((#1005));
#985=PRESENTATION_STYLE_ASSIGNMENT((#1006));
#986=PRESENTATION_STYLE_ASSIGNMENT((#1007));
#987=PRESENTATION_STYLE_ASSIGNMENT((#1008));
#988=PRESENTATION_STYLE_ASSIGNMENT((#1009));
#989=PRESENTATION_STYLE_ASSIGNMENT((#1010));
#990=SURFACE_STYLE_USAGE(.BOTH.,#1011);
#991=SURFACE_STYLE_USAGE(.BOTH.,#1012);
#992=SURFACE_STYLE_USAGE(.BOTH.,#1013);
#993=SURFACE_STYLE_USAGE(.BOTH.,#1014);
#994=SURFACE_STYLE_USAGE(.BOTH.,#1015);
#995=SURFACE_STYLE_USAGE(.BOTH.,#1016);
#996=SURFACE_STYLE_USAGE(.BOTH.,#1017);
#997=SURFACE_STYLE_USAGE(.BOTH.,#1018);
#998=SURFACE_STYLE_USAGE(.BOTH.,#1019);
#999=SURFACE_STYLE_USAGE(.BOTH.,#1020);
#1000=SURFACE_STYLE_USAGE(.BOTH.,#1021);
#1001=SURFACE_STYLE_USAGE(.BOTH.,#1022);
#1002=SURFACE_STYLE_USAGE(.BOTH.,#1023);
#1003=SURFACE_STYLE_USAGE(.BOTH.,#1024);
#1004=SURFACE_STYLE_USAGE(.BOTH.,#1025);
#1005=SURFACE_STYLE_USAGE(.BOTH.,#1026);
#1006=SURFACE_STYLE_USAGE(.BOTH.,#1027);
#1007=SURFACE_STYLE_USAGE(.BOTH.,#1028);
#1008=SURFACE_STYLE_USAGE(.BOTH.,#1029);
#1009=SURFACE_STYLE_USAGE(.BOTH.,#1030);
#1010=SURFACE_STYLE_USAGE(.BOTH.,#1031);
#1011=SURFACE_SIDE_STYLE('',(#1032));
#1012=SURFACE_SIDE_STYLE('',(#1033));
#1013=SURFACE_SIDE_STYLE('',(#1034));
#1014=SURFACE_SIDE_STYLE('',(#1035));
#1015=SURFACE_SIDE_STYLE('',(#1036));
#1016=SURFACE_SIDE_STYLE('',(#1037));
#1017=SURFACE_SIDE_STYLE('',(#1038));
#1018=SURFACE_SIDE_STYLE('',(#1039));
#1019=SURFACE_SIDE_STYLE('',(#1040));
#1020=SURFACE_SIDE_STYLE('',(#1041));
#1021=SURFACE_SIDE_STYLE('',(#1042));
#1022=SURFACE_SIDE_STYLE('',(#1043));
#1023=SURFACE_SIDE_STYLE('',(#1044));
#1024=SURFACE_SIDE_STYLE('',(#1045));
#1025=SURFACE_SIDE_STYLE('',(#1046));
#1026=SURFACE_SIDE_STYLE('',(#1047));
#1027=SURFACE_SIDE_STYLE('',(#1048));
#1028=SURFACE_SIDE_STYLE('',(#1049));
#1029=SURFACE_SIDE_STYLE('',(#1050));
#1030=SURFACE_SIDE_STYLE('',(#1051));
#1031=SURFACE_SIDE_STYLE('',(#1052));
#1032=SURFACE_STYLE_FILL_AREA(#1053);
#1033=SURFACE_STYLE_FILL_AREA(#1054);
#1034=SURFACE_STYLE_FILL_AREA(#1055);
#1035=SURFACE_STYLE_FILL_AREA(#1056);
#1036=SURFACE_STYLE_FILL_AREA(#1057);
#1037=SURFACE_STYLE_FILL_AREA(#1058);
#1038=SURFACE_STYLE_FILL_AREA(#1059);
#1039=SURFACE_STYLE_FILL_AREA(#1060);
#1040=SURFACE_STYLE_FILL_AREA(#1061);
#1041=SURFACE_STYLE_FILL_AREA(#1062);
#1042=SURFACE_STYLE_FILL_AREA(#1063);
#1043=SURFACE_STYLE_FILL_AREA(#1064);
#1044=SURFACE_STYLE_FILL_AREA(#1065);
#1045=SURFACE_STYLE_FILL_AREA(#1066);
#1046=SURFACE_STYLE_FILL_AREA(#1067);
#1047=SURFACE_STYLE_FILL_AREA(#1068);
#1048=SURFACE_STYLE_FILL_AREA(#1069);
#1049=SURFACE_STYLE_FILL_AREA(#1070);
#1050=SURFACE_STYLE_FILL_AREA(#1071);
#1051=SURFACE_STYLE_FILL_AREA(#1072);
#1052=SURFACE_STYLE_FILL_AREA(#1073);
#1053=FILL_AREA_STYLE('',(#1074));
#1054=FILL_AREA_STYLE('',(#1075));
#1055=FILL_AREA_STYLE('',(#1076));
#1056=FILL_AREA_STYLE('',(#1077));
#1057=FILL_AREA_STYLE('',(#1078));
#1058=FILL_AREA_STYLE('',(#1079));
#1059=FILL_AREA_STYLE('',(#1080));
#1060=FILL_AREA_STYLE('',(#1081));
#1061=FILL_AREA_STYLE('',(#1082));
#1062=FILL_AREA_STYLE('',(#1083));
#1063=FILL_AREA_STYLE('',(#1084));
#1064=FILL_AREA_STYLE('',(#1085));
#1065=FILL_AREA_STYLE('',(#1086));
#1066=FILL_AREA_STYLE('',(#1087));
#1067=FILL_AREA_STYLE('',(#1088));
#1068=FILL_AREA_STYLE('',(#1089));
#1069=FILL_AREA_STYLE('',(#1090));
#1070=FILL_AREA_STYLE('',(#1091));
#1071=FILL_AREA_STYLE('',(#1092));
#1072=FILL_AREA_STYLE('',(#1093));
#1073=FILL_AREA_STYLE('',(#1094));
#1074=FILL_AREA_STYLE_COLOUR('',#1095);
#1075=FILL_AREA_STYLE_COLOUR('',#1096);
#1076=FILL_AREA_STYLE_COLOUR('',#1096);
#1077=FILL_AREA_STYLE_COLOUR('',#1096);
#1078=FILL_AREA_STYLE_COLOUR('',#1096);
#1079=FILL_AREA_STYLE_COLOUR('',#1096);
#1080=FILL_AREA_STYLE_COLOUR('',#1096);
#1081=FILL_AREA_STYLE_COLOUR('',#1096);
#1082=FILL_AREA_STYLE_COLOUR('',#1096);
#1083=FILL_AREA_STYLE_COLOUR('',#1096);
#1084=FILL_AREA_STYLE_COLOUR('',#1096);
#1085=FILL_AREA_STYLE_COLOUR('',#1096);
#1086=FILL_AREA_STYLE_COLOUR('',#1096);
#1087=FILL_AREA_STYLE_COLOUR('',#1096);
#1088=FILL_AREA_STYLE_COLOUR('',#1096);
#1089=FILL_AREA_STYLE_COLOUR('',#1096);
#1090=FILL_AREA_STYLE_COLOUR('',#1096);
#1091=FILL_AREA_STYLE_COLOUR('',#1096);
#1092=FILL_AREA_STYLE_COLOUR('',#1096);
#1093=FILL_AREA_STYLE_COLOUR('',#1096);
#1094=FILL_AREA_STYLE_COLOUR('',#1096);
#1095=COLOUR_RGB('',0.917647058823529,0.917647058823529,0.917647058823529);
#1096=COLOUR_RGB('',0.901960784313726,0.901960784313726,0.901960784313726);
#1097=BREP_WITH_VOIDS('Part 24',#966,(#12));
#1098=SHAPE_DEFINITION_REPRESENTATION(#2210,#1099);
#1099=SHAPE_REPRESENTATION('Part 24',(#1100),#2205);
#1100=AXIS2_PLACEMENT_3D('',#1465,#1208,#1209);
#1101=AXIS2_PLACEMENT_3D('',#1466,#1210,#1211);
#1102=AXIS2_PLACEMENT_3D('',#1470,#1213,#1214);
#1103=AXIS2_PLACEMENT_3D('',#1472,#1215,#1216);
#1104=AXIS2_PLACEMENT_3D('',#1474,#1217,#1218);
#1105=AXIS2_PLACEMENT_3D('',#1476,#1219,#1220);
#1106=AXIS2_PLACEMENT_3D('',#1478,#1221,#1222);
#1107=AXIS2_PLACEMENT_3D('',#1479,#1223,#1224);
#1108=AXIS2_PLACEMENT_3D('',#1480,#1225,#1226);
#1109=AXIS2_PLACEMENT_3D('',#1483,#1227,#1228);
#1110=AXIS2_PLACEMENT_3D('',#1485,#1229,#1230);
#1111=AXIS2_PLACEMENT_3D('',#1486,#1231,#1232);
#1112=AXIS2_PLACEMENT_3D('',#1496,#1235,#1236);
#1113=AXIS2_PLACEMENT_3D('',#1497,#1237,#1238);
#1114=AXIS2_PLACEMENT_3D('',#1500,#1240,#1241);
#1115=AXIS2_PLACEMENT_3D('',#1501,#1242,#1243);
#1116=AXIS2_PLACEMENT_3D('',#1509,#1245,#1246);
#1117=AXIS2_PLACEMENT_3D('',#1510,#1247,#1248);
#1118=AXIS2_PLACEMENT_3D('',#1519,#1250,#1251);
#1119=AXIS2_PLACEMENT_3D('',#1520,#1252,#1253);
#1120=AXIS2_PLACEMENT_3D('',#1527,#1255,#1256);
#1121=AXIS2_PLACEMENT_3D('',#1528,#1257,#1258);
#1122=AXIS2_PLACEMENT_3D('',#1536,#1260,#1261);
#1123=AXIS2_PLACEMENT_3D('',#1537,#1262,#1263);
#1124=AXIS2_PLACEMENT_3D('',#1548,#1265,#1266);
#1125=AXIS2_PLACEMENT_3D('',#1549,#1267,#1268);
#1126=AXIS2_PLACEMENT_3D('',#1558,#1270,#1271);
#1127=AXIS2_PLACEMENT_3D('',#1559,#1272,#1273);
#1128=AXIS2_PLACEMENT_3D('',#1570,#1275,#1276);
#1129=AXIS2_PLACEMENT_3D('',#1571,#1277,#1278);
#1130=AXIS2_PLACEMENT_3D('',#1577,#1279,#1280);
#1131=AXIS2_PLACEMENT_3D('',#1581,#1282,#1283);
#1132=AXIS2_PLACEMENT_3D('',#1582,#1284,#1285);
#1133=AXIS2_PLACEMENT_3D('',#1583,#1286,#1287);
#1134=AXIS2_PLACEMENT_3D('',#1592,#1289,#1290);
#1135=AXIS2_PLACEMENT_3D('',#1593,#1291,#1292);
#1136=AXIS2_PLACEMENT_3D('',#1612,#1294,#1295);
#1137=AXIS2_PLACEMENT_3D('',#1615,#1297,#1298);
#1138=AXIS2_PLACEMENT_3D('',#1624,#1303,#1304);
#1139=AXIS2_PLACEMENT_3D('',#1625,#1305,#1306);
#1140=AXIS2_PLACEMENT_3D('',#1653,#1309,#1310);
#1141=AXIS2_PLACEMENT_3D('',#1654,#1311,#1312);
#1142=AXIS2_PLACEMENT_3D('',#1660,#1313,#1314);
#1143=AXIS2_PLACEMENT_3D('',#1661,#1315,#1316);
#1144=AXIS2_PLACEMENT_3D('',#1667,#1317,#1318);
#1145=AXIS2_PLACEMENT_3D('',#1668,#1319,#1320);
#1146=AXIS2_PLACEMENT_3D('',#1669,#1321,#1322);
#1147=AXIS2_PLACEMENT_3D('',#1670,#1323,#1324);
#1148=AXIS2_PLACEMENT_3D('',#1671,#1325,#1326);
#1149=AXIS2_PLACEMENT_3D('',#1672,#1327,#1328);
#1150=AXIS2_PLACEMENT_3D('',#1673,#1329,#1330);
#1151=AXIS2_PLACEMENT_3D('',#1706,#1331,#1332);
#1152=AXIS2_PLACEMENT_3D('',#1794,#1333,#1334);
#1153=AXIS2_PLACEMENT_3D('',#1795,#1335,#1336);
#1154=AXIS2_PLACEMENT_3D('',#1835,#1337,#1338);
#1155=AXIS2_PLACEMENT_3D('',#1836,#1339,#1340);
#1156=AXIS2_PLACEMENT_3D('',#1886,#1341,#1342);
#1157=AXIS2_PLACEMENT_3D('',#1908,#1343,#1344);
#1158=AXIS2_PLACEMENT_3D('',#1912,#1346,#1347);
#1159=AXIS2_PLACEMENT_3D('',#1914,#1348,#1349);
#1160=AXIS2_PLACEMENT_3D('',#1916,#1350,#1351);
#1161=AXIS2_PLACEMENT_3D('',#1918,#1352,#1353);
#1162=AXIS2_PLACEMENT_3D('',#1919,#1354,#1355);
#1163=AXIS2_PLACEMENT_3D('',#1920,#1356,#1357);
#1164=AXIS2_PLACEMENT_3D('',#1923,#1358,#1359);
#1165=AXIS2_PLACEMENT_3D('',#1925,#1360,#1361);
#1166=AXIS2_PLACEMENT_3D('',#1926,#1362,#1363);
#1167=AXIS2_PLACEMENT_3D('',#1936,#1366,#1367);
#1168=AXIS2_PLACEMENT_3D('',#1937,#1368,#1369);
#1169=AXIS2_PLACEMENT_3D('',#1938,#1370,#1371);
#1170=AXIS2_PLACEMENT_3D('',#1946,#1373,#1374);
#1171=AXIS2_PLACEMENT_3D('',#1947,#1375,#1376);
#1172=AXIS2_PLACEMENT_3D('',#1958,#1378,#1379);
#1173=AXIS2_PLACEMENT_3D('',#1959,#1380,#1381);
#1174=AXIS2_PLACEMENT_3D('',#1966,#1383,#1384);
#1175=AXIS2_PLACEMENT_3D('',#1967,#1385,#1386);
#1176=AXIS2_PLACEMENT_3D('',#1975,#1388,#1389);
#1177=AXIS2_PLACEMENT_3D('',#1976,#1390,#1391);
#1178=AXIS2_PLACEMENT_3D('',#1988,#1393,#1394);
#1179=AXIS2_PLACEMENT_3D('',#1989,#1395,#1396);
#1180=AXIS2_PLACEMENT_3D('',#1998,#1398,#1399);
#1181=AXIS2_PLACEMENT_3D('',#1999,#1400,#1401);
#1182=AXIS2_PLACEMENT_3D('',#2011,#1403,#1404);
#1183=AXIS2_PLACEMENT_3D('',#2012,#1405,#1406);
#1184=AXIS2_PLACEMENT_3D('',#2016,#1408,#1409);
#1185=AXIS2_PLACEMENT_3D('',#2022,#1410,#1411);
#1186=AXIS2_PLACEMENT_3D('',#2023,#1412,#1413);
#1187=AXIS2_PLACEMENT_3D('',#2025,#1414,#1415);
#1188=AXIS2_PLACEMENT_3D('',#2033,#1417,#1418);
#1189=AXIS2_PLACEMENT_3D('',#2046,#1420,#1421);
#1190=AXIS2_PLACEMENT_3D('',#2049,#1423,#1424);
#1191=AXIS2_PLACEMENT_3D('',#2057,#1429,#1430);
#1192=AXIS2_PLACEMENT_3D('',#2058,#1431,#1432);
#1193=AXIS2_PLACEMENT_3D('',#2086,#1435,#1436);
#1194=AXIS2_PLACEMENT_3D('',#2087,#1437,#1438);
#1195=AXIS2_PLACEMENT_3D('',#2089,#1439,#1440);
#1196=AXIS2_PLACEMENT_3D('',#2094,#1441,#1442);
#1197=AXIS2_PLACEMENT_3D('',#2095,#1443,#1444);
#1198=AXIS2_PLACEMENT_3D('',#2103,#1445,#1446);
#1199=AXIS2_PLACEMENT_3D('',#2104,#1447,#1448);
#1200=AXIS2_PLACEMENT_3D('',#2105,#1449,#1450);
#1201=AXIS2_PLACEMENT_3D('',#2106,#1451,#1452);
#1202=AXIS2_PLACEMENT_3D('',#2107,#1453,#1454);
#1203=AXIS2_PLACEMENT_3D('',#2108,#1455,#1456);
#1204=AXIS2_PLACEMENT_3D('',#2128,#1457,#1458);
#1205=AXIS2_PLACEMENT_3D('',#2165,#1459,#1460);
#1206=AXIS2_PLACEMENT_3D('',#2202,#1461,#1462);
#1207=AXIS2_PLACEMENT_3D('',#2203,#1463,#1464);
#1208=DIRECTION('',(0.,0.,1.));
#1209=DIRECTION('',(1.,0.,0.));
#1210=DIRECTION('',(1.,0.,0.));
#1211=DIRECTION('',(0.,1.,0.));
#1212=DIRECTION('',(0.,-1.,0.));
#1213=DIRECTION('',(1.,0.,0.));
#1214=DIRECTION('',(0.,0.,-1.));
#1215=DIRECTION('',(-1.,0.,0.));
#1216=DIRECTION('',(0.,0.,1.));
#1217=DIRECTION('',(-1.,0.,0.));
#1218=DIRECTION('',(0.,0.,1.));
#1219=DIRECTION('',(-1.,0.,0.));
#1220=DIRECTION('',(0.,0.,1.));
#1221=DIRECTION('',(1.,0.,0.));
#1222=DIRECTION('',(0.,0.,-1.));
#1223=DIRECTION('',(1.,0.,0.));
#1224=DIRECTION('',(0.,1.,0.));
#1225=DIRECTION('',(-1.,0.,0.));
#1226=DIRECTION('',(0.,0.,1.));
#1227=DIRECTION('',(1.,0.,0.));
#1228=DIRECTION('',(0.,0.,-1.));
#1229=DIRECTION('',(-1.,0.,0.));
#1230=DIRECTION('',(0.,0.,1.));
#1231=DIRECTION('',(1.,0.,0.));
#1232=DIRECTION('',(0.,0.,-1.));
#1233=DIRECTION('',(1.,0.,0.));
#1234=DIRECTION('',(1.,0.,0.));
#1235=DIRECTION('',(-1.,0.,0.));
#1236=DIRECTION('',(0.,0.,-1.));
#1237=DIRECTION('',(1.,0.,0.));
#1238=DIRECTION('',(0.,0.,-1.));
#1239=DIRECTION('',(1.,0.,0.));
#1240=DIRECTION('',(-1.,0.,0.));
#1241=DIRECTION('',(0.,0.,-1.));
#1242=DIRECTION('',(1.,0.,0.));
#1243=DIRECTION('',(0.,0.,-1.));
#1244=DIRECTION('',(1.,0.,0.));
#1245=DIRECTION('',(-1.,0.,0.));
#1246=DIRECTION('',(0.,0.,-1.));
#1247=DIRECTION('',(1.,0.,0.));
#1248=DIRECTION('',(0.,0.,-1.));
#1249=DIRECTION('',(1.,0.,0.));
#1250=DIRECTION('',(-1.,0.,0.));
#1251=DIRECTION('',(0.,0.,-1.));
#1252=DIRECTION('',(1.,0.,0.));
#1253=DIRECTION('',(0.,0.,-1.));
#1254=DIRECTION('',(1.,0.,0.));
#1255=DIRECTION('',(-1.,0.,0.));
#1256=DIRECTION('',(0.,0.,-1.));
#1257=DIRECTION('',(1.,0.,0.));
#1258=DIRECTION('',(0.,0.,-1.));
#1259=DIRECTION('',(1.,0.,0.));
#1260=DIRECTION('',(-1.,0.,0.));
#1261=DIRECTION('',(0.,0.,-1.));
#1262=DIRECTION('',(1.,0.,0.));
#1263=DIRECTION('',(0.,0.,-1.));
#1264=DIRECTION('',(1.,0.,0.));
#1265=DIRECTION('',(-1.,0.,0.));
#1266=DIRECTION('',(0.,0.,-1.));
#1267=DIRECTION('',(1.,0.,0.));
#1268=DIRECTION('',(0.,0.,-1.));
#1269=DIRECTION('',(1.,0.,0.));
#1270=DIRECTION('',(-1.,0.,0.));
#1271=DIRECTION('',(0.,0.,-1.));
#1272=DIRECTION('',(1.,0.,0.));
#1273=DIRECTION('',(0.,0.,-1.));
#1274=DIRECTION('',(1.,0.,0.));
#1275=DIRECTION('',(-1.,0.,0.));
#1276=DIRECTION('',(0.,0.,-1.));
#1277=DIRECTION('',(1.,0.,0.));
#1278=DIRECTION('',(0.,0.,-1.));
#1279=DIRECTION('',(-1.,0.,0.));
#1280=DIRECTION('',(0.,0.,1.));
#1281=DIRECTION('',(1.,0.,0.));
#1282=DIRECTION('',(-1.,0.,0.));
#1283=DIRECTION('',(0.,0.,-1.));
#1284=DIRECTION('',(1.,0.,0.));
#1285=DIRECTION('',(0.,0.,-1.));
#1286=DIRECTION('',(-1.,0.,0.));
#1287=DIRECTION('',(0.,0.,1.));
#1288=DIRECTION('',(1.,0.,0.));
#1289=DIRECTION('',(-1.,0.,0.));
#1290=DIRECTION('',(0.,0.,-1.));
#1291=DIRECTION('',(1.,0.,0.));
#1292=DIRECTION('',(0.,0.,-1.));
#1293=DIRECTION('',(1.,0.,0.));
#1294=DIRECTION('',(-1.,0.,0.));
#1295=DIRECTION('',(0.,0.,-1.));
#1296=DIRECTION('',(1.,0.,0.));
#1297=DIRECTION('',(0.,0.,1.));
#1298=DIRECTION('',(0.,-1.,0.));
#1299=DIRECTION('',(0.,-1.,0.));
#1300=DIRECTION('',(1.,0.,0.));
#1301=DIRECTION('',(0.,-1.,0.));
#1302=DIRECTION('',(1.,0.,0.));
#1303=DIRECTION('',(1.,0.,0.));
#1304=DIRECTION('',(0.,0.,-1.));
#1305=DIRECTION('',(-1.,0.,0.));
#1306=DIRECTION('',(0.,0.,-1.));
#1307=DIRECTION('',(1.,0.,0.));
#1308=DIRECTION('',(1.,0.,0.));
#1309=DIRECTION('',(1.,0.,0.));
#1310=DIRECTION('',(0.,0.,-1.));
#1311=DIRECTION('',(1.,0.,0.));
#1312=DIRECTION('',(0.,0.,-1.));
#1313=DIRECTION('',(-1.,0.,0.));
#1314=DIRECTION('',(0.,0.,-1.));
#1315=DIRECTION('',(1.,0.,0.));
#1316=DIRECTION('',(0.,0.,-1.));
#1317=DIRECTION('',(-1.,0.,0.));
#1318=DIRECTION('',(0.,0.,-1.));
#1319=DIRECTION('',(1.,0.,0.));
#1320=DIRECTION('',(0.,1.,0.));
#1321=DIRECTION('',(1.,0.,0.));
#1322=DIRECTION('',(0.,0.,-1.));
#1323=DIRECTION('',(1.,0.,0.));
#1324=DIRECTION('',(0.,0.,-1.));
#1325=DIRECTION('',(1.,0.,0.));
#1326=DIRECTION('',(0.,1.,0.));
#1327=DIRECTION('',(1.,0.,0.));
#1328=DIRECTION('',(0.,0.,-1.));
#1329=DIRECTION('',(0.,1.,0.));
#1330=DIRECTION('',(0.,0.,1.));
#1331=DIRECTION('',(1.,0.,0.));
#1332=DIRECTION('',(0.,0.,-1.));
#1333=DIRECTION('',(1.,0.,0.));
#1334=DIRECTION('',(0.,0.,-1.));
#1335=DIRECTION('',(1.,0.,0.));
#1336=DIRECTION('',(0.,0.,-1.));
#1337=DIRECTION('',(1.,0.,0.));
#1338=DIRECTION('',(0.,0.,-1.));
#1339=DIRECTION('',(1.,0.,0.));
#1340=DIRECTION('',(0.,0.,-1.));
#1341=DIRECTION('',(1.,0.,0.));
#1342=DIRECTION('',(0.,0.,-1.));
#1343=DIRECTION('',(1.,0.,0.));
#1344=DIRECTION('',(0.,1.,0.));
#1345=DIRECTION('',(0.,1.,0.));
#1346=DIRECTION('',(1.,0.,0.));
#1347=DIRECTION('',(0.,0.,-1.));
#1348=DIRECTION('',(1.,0.,0.));
#1349=DIRECTION('',(0.,0.,-1.));
#1350=DIRECTION('',(1.,0.,0.));
#1351=DIRECTION('',(0.,0.,-1.));
#1352=DIRECTION('',(1.,0.,0.));
#1353=DIRECTION('',(0.,0.,-1.));
#1354=DIRECTION('',(1.,0.,0.));
#1355=DIRECTION('',(0.,1.,0.));
#1356=DIRECTION('',(1.,0.,0.));
#1357=DIRECTION('',(0.,0.,-1.));
#1358=DIRECTION('',(1.,0.,0.));
#1359=DIRECTION('',(0.,0.,-1.));
#1360=DIRECTION('',(1.,0.,0.));
#1361=DIRECTION('',(0.,0.,-1.));
#1362=DIRECTION('',(1.,0.,0.));
#1363=DIRECTION('',(0.,0.,-1.));
#1364=DIRECTION('',(-1.,0.,0.));
#1365=DIRECTION('',(1.,0.,0.));
#1366=DIRECTION('',(1.,0.,0.));
#1367=DIRECTION('',(0.,0.,-1.));
#1368=DIRECTION('',(1.,0.,0.));
#1369=DIRECTION('',(0.,0.,-1.));
#1370=DIRECTION('',(1.,0.,0.));
#1371=DIRECTION('',(0.,0.,-1.));
#1372=DIRECTION('',(1.,0.,0.));
#1373=DIRECTION('',(1.,0.,0.));
#1374=DIRECTION('',(0.,0.,-1.));
#1375=DIRECTION('',(1.,0.,0.));
#1376=DIRECTION('',(0.,0.,-1.));
#1377=DIRECTION('',(1.,0.,0.));
#1378=DIRECTION('',(1.,0.,0.));
#1379=DIRECTION('',(0.,0.,-1.));
#1380=DIRECTION('',(1.,0.,0.));
#1381=DIRECTION('',(0.,0.,-1.));
#1382=DIRECTION('',(1.,0.,0.));
#1383=DIRECTION('',(1.,0.,0.));
#1384=DIRECTION('',(0.,0.,-1.));
#1385=DIRECTION('',(1.,0.,0.));
#1386=DIRECTION('',(0.,0.,-1.));
#1387=DIRECTION('',(1.,0.,0.));
#1388=DIRECTION('',(1.,0.,0.));
#1389=DIRECTION('',(0.,0.,-1.));
#1390=DIRECTION('',(1.,0.,0.));
#1391=DIRECTION('',(0.,0.,-1.));
#1392=DIRECTION('',(1.,0.,0.));
#1393=DIRECTION('',(1.,0.,0.));
#1394=DIRECTION('',(0.,0.,-1.));
#1395=DIRECTION('',(1.,0.,0.));
#1396=DIRECTION('',(0.,0.,-1.));
#1397=DIRECTION('',(1.,0.,0.));
#1398=DIRECTION('',(1.,0.,0.));
#1399=DIRECTION('',(0.,0.,-1.));
#1400=DIRECTION('',(1.,0.,0.));
#1401=DIRECTION('',(0.,0.,-1.));
#1402=DIRECTION('',(1.,0.,0.));
#1403=DIRECTION('',(1.,0.,0.));
#1404=DIRECTION('',(0.,0.,-1.));
#1405=DIRECTION('',(1.,0.,0.));
#1406=DIRECTION('',(0.,0.,-1.));
#1407=DIRECTION('',(1.,0.,0.));
#1408=DIRECTION('',(1.,0.,0.));
#1409=DIRECTION('',(0.,0.,-1.));
#1410=DIRECTION('',(1.,0.,0.));
#1411=DIRECTION('',(0.,0.,-1.));
#1412=DIRECTION('',(1.,0.,0.));
#1413=DIRECTION('',(0.,0.,-1.));
#1414=DIRECTION('',(1.,0.,0.));
#1415=DIRECTION('',(0.,0.,-1.));
#1416=DIRECTION('',(1.,0.,0.));
#1417=DIRECTION('',(1.,0.,0.));
#1418=DIRECTION('',(0.,0.,-1.));
#1419=DIRECTION('',(1.,0.,0.));
#1420=DIRECTION('',(1.,0.,0.));
#1421=DIRECTION('',(0.,0.,-1.));
#1422=DIRECTION('',(1.,0.,0.));
#1423=DIRECTION('',(0.,0.,1.));
#1424=DIRECTION('',(0.,-1.,0.));
#1425=DIRECTION('',(0.,-1.,0.));
#1426=DIRECTION('',(1.,0.,0.));
#1427=DIRECTION('',(0.,-1.,0.));
#1428=DIRECTION('',(1.,0.,0.));
#1429=DIRECTION('',(1.,0.,0.));
#1430=DIRECTION('',(0.,0.,-1.));
#1431=DIRECTION('',(1.,0.,0.));
#1432=DIRECTION('',(0.,0.,-1.));
#1433=DIRECTION('',(1.,0.,0.));
#1434=DIRECTION('',(1.,0.,0.));
#1435=DIRECTION('',(1.,0.,0.));
#1436=DIRECTION('',(0.,0.,-1.));
#1437=DIRECTION('',(1.,0.,0.));
#1438=DIRECTION('',(0.,0.,-1.));
#1439=DIRECTION('',(1.,0.,0.));
#1440=DIRECTION('',(0.,0.,-1.));
#1441=DIRECTION('',(1.,0.,0.));
#1442=DIRECTION('',(0.,0.,-1.));
#1443=DIRECTION('',(1.,0.,0.));
#1444=DIRECTION('',(0.,0.,-1.));
#1445=DIRECTION('',(1.,0.,0.));
#1446=DIRECTION('',(0.,1.,0.));
#1447=DIRECTION('',(1.,0.,0.));
#1448=DIRECTION('',(0.,0.,-1.));
#1449=DIRECTION('',(1.,0.,0.));
#1450=DIRECTION('',(0.,0.,-1.));
#1451=DIRECTION('',(1.,0.,0.));
#1452=DIRECTION('',(0.,1.,0.));
#1453=DIRECTION('',(1.,0.,0.));
#1454=DIRECTION('',(0.,0.,-1.));
#1455=DIRECTION('',(0.,1.,0.));
#1456=DIRECTION('',(0.,0.,1.));
#1457=DIRECTION('',(1.,0.,0.));
#1458=DIRECTION('',(0.,0.,-1.));
#1459=DIRECTION('',(1.,0.,0.));
#1460=DIRECTION('',(0.,0.,-1.));
#1461=DIRECTION('',(1.,0.,0.));
#1462=DIRECTION('',(0.,0.,-1.));
#1463=DIRECTION('',(1.,0.,0.));
#1464=DIRECTION('',(0.,0.,-1.));
#1465=CARTESIAN_POINT('',(0.,0.,0.));
#1466=CARTESIAN_POINT('',(-0.09064,-0.0785833531866038,-0.024257448981059));
#1467=CARTESIAN_POINT('',(-0.09064,-0.0686895325779915,0.00512142134010792));
#1468=CARTESIAN_POINT('',(-0.09064,-0.0949629023598836,0.00512142134010792));
#1469=CARTESIAN_POINT('',(-0.09064,-0.0620792955232456,0.00512142134010792));
#1470=CARTESIAN_POINT('',(-0.09064,-0.0785210989415646,0.00672139371856988));
#1471=CARTESIAN_POINT('',(-0.09064,-0.0641367855244399,-0.00140168074719816));
#1472=CARTESIAN_POINT('',(-0.09064,-0.0705923694196179,-0.00513665364011951));
#1473=CARTESIAN_POINT('',(-0.09064,-0.0779022127389915,-0.00661678085922853));
#1474=CARTESIAN_POINT('',(-0.09064,-0.0782553181052207,-0.00788341908704135));
#1475=CARTESIAN_POINT('',(-0.09064,-0.0786084234714501,-0.00661678085922917));
#1476=CARTESIAN_POINT('',(-0.09064,-0.0861978206898699,-0.00576045794402245));
#1477=CARTESIAN_POINT('',(-0.09064,-0.0927004282625504,-0.00175442077123114));
#1478=CARTESIAN_POINT('',(-0.09064,-0.0785210989415646,0.00672139371856988));
#1479=CARTESIAN_POINT('',(-0.09064,-0.0785833531866038,-0.024257448981059));
#1480=CARTESIAN_POINT('',(-0.09064,-0.0705894686754798,-0.00579183170847173));
#1481=CARTESIAN_POINT('',(-0.09064,-0.0772706866264343,-0.00672275232970714));
#1482=CARTESIAN_POINT('',(-0.09064,-0.0647536593629735,-0.00240825132975099));
#1483=CARTESIAN_POINT('',(-0.09064,-0.0785210989415646,0.00672139371856988));
#1484=CARTESIAN_POINT('',(-0.09064,-0.072469829757519,-0.00864984411449702));
#1485=CARTESIAN_POINT('',(-0.09064,-0.0782743812476094,-0.0161668011661019));
#1486=CARTESIAN_POINT('',(-0.00564,-0.0861978206898699,-0.00576045794402245));
#1487=CARTESIAN_POINT('',(-0.00564,-0.0932469450181183,-0.00282071556092761));
#1488=CARTESIAN_POINT('',(-0.0905870535193718,-0.0932469450181183,-0.00282071556092761));
#1489=CARTESIAN_POINT('',(-0.00564,-0.0932469450181183,-0.00282071556092761));
#1490=CARTESIAN_POINT('',(-0.0905870535193718,-0.0932469450181183,-0.00282071556092761));
#1491=CARTESIAN_POINT('',(-0.0906211359950072,-0.0930930196673031,-0.00245162235690915));
#1492=CARTESIAN_POINT('',(-0.09064,-0.0929109773644855,-0.00209618449573253));
#1493=CARTESIAN_POINT('',(-0.09064,-0.0927004282625504,-0.00175442077123113));
#1494=CARTESIAN_POINT('',(-0.00564,-0.0786084234714501,-0.00661678085922917));
#1495=CARTESIAN_POINT('',(-0.00564,-0.0786084234714501,-0.00661678085922917));
#1496=CARTESIAN_POINT('',(-0.00564,-0.0861978206898699,-0.00576045794402245));
#1497=CARTESIAN_POINT('',(-0.00564,-0.0782553181052207,-0.00788341908704135));
#1498=CARTESIAN_POINT('',(-0.00564,-0.0779022127389915,-0.00661678085922853));
#1499=CARTESIAN_POINT('',(-0.00564,-0.0779022127389915,-0.00661678085922853));
#1500=CARTESIAN_POINT('',(-0.00564,-0.0782553181052207,-0.00788341908704135));
#1501=CARTESIAN_POINT('',(-0.00564,-0.0705923694196179,-0.00513665364011951));
#1502=CARTESIAN_POINT('',(-0.09064,-0.0641367855244399,-0.00140168074719816));
#1503=CARTESIAN_POINT('',(-0.09064,-0.0637264993772877,-0.00211082555759017));
#1504=CARTESIAN_POINT('',(-0.0905677903719187,-0.0634433644186283,-0.00286220084415443));
#1505=CARTESIAN_POINT('',(-0.0904544721843391,-0.0632825261002442,-0.00365652642101069));
#1506=CARTESIAN_POINT('',(-0.090454472184339,-0.0632825261002439,-0.00365652642101053));
#1507=CARTESIAN_POINT('',(-0.00564,-0.0632825261002439,-0.00365652642101053));
#1508=CARTESIAN_POINT('',(-0.00564,-0.0632825261002439,-0.00365652642101053));
#1509=CARTESIAN_POINT('',(-0.00564,-0.0705923694196179,-0.00513665364011951));
#1510=CARTESIAN_POINT('',(-0.00564,-0.0637365537705847,-0.00361229868204661));
#1511=CARTESIAN_POINT('',(-0.090454472184339,-0.0632825261002439,-0.00365652642101053));
#1512=CARTESIAN_POINT('',(-0.0904332165372997,-0.0633044981497681,-0.0038820843783422));
#1513=CARTESIAN_POINT('',(-0.0904667160379006,-0.0637404193268389,-0.00425471379969555));
#1514=CARTESIAN_POINT('',(-0.0905530574678345,-0.0641685812321219,-0.00388237345240094));
#1515=CARTESIAN_POINT('',(-0.0905708265103083,-0.0641905814409255,-0.00365652642101047));
#1516=CARTESIAN_POINT('',(-0.0905708265103083,-0.0641905814409256,-0.00365652642101049));
#1517=CARTESIAN_POINT('',(-0.00564,-0.0641905814409256,-0.00365652642101049));
#1518=CARTESIAN_POINT('',(-0.00564,-0.0641905814409256,-0.00365652642101049));
#1519=CARTESIAN_POINT('',(-0.00564,-0.0637365537705847,-0.00361229868204661));
#1520=CARTESIAN_POINT('',(-0.00564,-0.0705894686754798,-0.00579183170847173));
#1521=CARTESIAN_POINT('',(-0.0905708265103083,-0.0641905814409256,-0.00365652642101049));
#1522=CARTESIAN_POINT('',(-0.0906148163507903,-0.0643354848665382,-0.00322229311215279));
#1523=CARTESIAN_POINT('',(-0.09064,-0.0645229266904939,-0.00280620607828429));
#1524=CARTESIAN_POINT('',(-0.09064,-0.0647536593629735,-0.00240825132975099));
#1525=CARTESIAN_POINT('',(-0.00564,-0.0772706866264343,-0.00672275232970714));
#1526=CARTESIAN_POINT('',(-0.00564,-0.0772706866264343,-0.00672275232970714));
#1527=CARTESIAN_POINT('',(-0.00564,-0.0705894686754798,-0.00579183170847173));
#1528=CARTESIAN_POINT('',(-0.00564,-0.0782743812476094,-0.0161668011661019));
#1529=CARTESIAN_POINT('',(-0.09064,-0.072469829757519,-0.00864984411449702));
#1530=CARTESIAN_POINT('',(-0.09064,-0.0713931467262602,-0.00948125262867953));
#1531=CARTESIAN_POINT('',(-0.0904173186221643,-0.070523428009961,-0.0105354332223312));
#1532=CARTESIAN_POINT('',(-0.0899061789332914,-0.0699226707220082,-0.011645032417775));
#1533=CARTESIAN_POINT('',(-0.0899061789332914,-0.0699226707220082,-0.011645032417775));
#1534=CARTESIAN_POINT('',(-0.00564,-0.0699226707220082,-0.011645032417775));
#1535=CARTESIAN_POINT('',(-0.00564,-0.0699226707220082,-0.011645032417775));
#1536=CARTESIAN_POINT('',(-0.00564,-0.0782743812476094,-0.0161668011661019));
#1537=CARTESIAN_POINT('',(-0.00564,-0.0718296869814715,-0.0129883158039919));
#1538=CARTESIAN_POINT('',(-0.0899061789332914,-0.0699226707220082,-0.011645032417775));
#1539=CARTESIAN_POINT('',(-0.0897491759653495,-0.0696963699319489,-0.0119663043776613));
#1540=CARTESIAN_POINT('',(-0.0893786052615152,-0.0694291622615029,-0.012688253591129));
#1541=CARTESIAN_POINT('',(-0.088756177401544,-0.0695484882040213,-0.0137988762000357));
#1542=CARTESIAN_POINT('',(-0.0882098666887398,-0.070188763802679,-0.0147927574143052));
#1543=CARTESIAN_POINT('',(-0.0881003253830706,-0.0709610422236811,-0.0151939513918759));
#1544=CARTESIAN_POINT('',(-0.0881440978897966,-0.0713751465082169,-0.0152762218832969));
#1545=CARTESIAN_POINT('',(-0.0881440978897966,-0.0713751465082169,-0.0152762218832969));
#1546=CARTESIAN_POINT('',(-0.00564,-0.0713751465082169,-0.0152762218832969));
#1547=CARTESIAN_POINT('',(-0.00564,-0.0713751465082169,-0.0152762218832969));
#1548=CARTESIAN_POINT('',(-0.00564,-0.0718296869814715,-0.0129883158039919));
#1549=CARTESIAN_POINT('',(-0.00564,-0.0777499042451382,0.0111911096687947));
#1550=CARTESIAN_POINT('',(-0.0881440978897966,-0.0713751465082169,-0.0152762218832969));
#1551=CARTESIAN_POINT('',(-0.0882916402389018,-0.073471915393151,-0.0157812366652164));
#1552=CARTESIAN_POINT('',(-0.0884865885652253,-0.0777006393205249,-0.0162843489837289));
#1553=CARTESIAN_POINT('',(-0.088523501269291,-0.0820231220885581,-0.015782385780824));
#1554=CARTESIAN_POINT('',(-0.0885012756898059,-0.0841246619820595,-0.0152762218832969));
#1555=CARTESIAN_POINT('',(-0.0885012756898059,-0.0841246619820595,-0.0152762218832969));
#1556=CARTESIAN_POINT('',(-0.00564,-0.0841246619820595,-0.0152762218832969));
#1557=CARTESIAN_POINT('',(-0.00564,-0.0841246619820595,-0.0152762218832969));
#1558=CARTESIAN_POINT('',(-0.00564,-0.0777499042451382,0.0111911096687947));
#1559=CARTESIAN_POINT('',(-0.00564,-0.0839845098736534,-0.0125602631707996));
#1560=CARTESIAN_POINT('',(-0.0885012756898059,-0.0841246619820595,-0.0152762218832969));
#1561=CARTESIAN_POINT('',(-0.0884323184973712,-0.0845702292900117,-0.0152532291929593));
#1562=CARTESIAN_POINT('',(-0.0884509880228875,-0.0854550240718763,-0.0149772156548303));
#1563=CARTESIAN_POINT('',(-0.0888949486703974,-0.0863806117155802,-0.0140377939696458));
#1564=CARTESIAN_POINT('',(-0.089476457472292,-0.0867760294177216,-0.0128665382244816));
#1565=CARTESIAN_POINT('',(-0.0898402301078514,-0.0866874670259597,-0.0120424088291725));
#1566=CARTESIAN_POINT('',(-0.0899987270937439,-0.0865454524755478,-0.0116450324177742));
#1567=CARTESIAN_POINT('',(-0.0899987270937439,-0.0865454524755478,-0.0116450324177742));
#1568=CARTESIAN_POINT('',(-0.00564,-0.0865454524755478,-0.0116450324177742));
#1569=CARTESIAN_POINT('',(-0.00564,-0.0865454524755478,-0.0116450324177742));
#1570=CARTESIAN_POINT('',(-0.00564,-0.0839845098736534,-0.0125602631707996));
#1571=CARTESIAN_POINT('',(-0.00564,-0.0753755010582675,-0.0205523008586984));
#1572=CARTESIAN_POINT('',(-0.0899987270937439,-0.0865454524755478,-0.0116450324177742));
#1573=CARTESIAN_POINT('',(-0.0904564089234524,-0.0857608858621055,-0.0106611650274633));
#1574=CARTESIAN_POINT('',(-0.09064,-0.0848079370691467,-0.00973912535410567));
#1575=CARTESIAN_POINT('',(-0.09064,-0.0837226326287877,-0.00895779180106635));
#1576=CARTESIAN_POINT('',(-0.09064,-0.0837226326287877,-0.00895779180106635));
#1577=CARTESIAN_POINT('',(-0.09064,-0.0753755010582675,-0.0205523008586984));
#1578=CARTESIAN_POINT('',(-0.09064,-0.0789603069424629,-0.00672275232970715));
#1579=CARTESIAN_POINT('',(-0.00564,-0.0789603069424629,-0.00672275232970715));
#1580=CARTESIAN_POINT('',(-0.00564,-0.0789603069424629,-0.00672275232970715));
#1581=CARTESIAN_POINT('',(-0.00564,-0.0753755010582675,-0.0205523008586984));
#1582=CARTESIAN_POINT('',(-0.00564,-0.0862757418081996,-0.00686807448868597));
#1583=CARTESIAN_POINT('',(-0.09064,-0.0862757418081996,-0.00686807448868597));
#1584=CARTESIAN_POINT('',(-0.09064,-0.092188238719779,-0.00255772809015949));
#1585=CARTESIAN_POINT('',(-0.09064,-0.092188238719779,-0.00255772809015948));
#1586=CARTESIAN_POINT('',(-0.09064,-0.0922982973205531,-0.0027086953389616));
#1587=CARTESIAN_POINT('',(-0.0906353688166801,-0.0924023552094515,-0.00286355988016469));
#1588=CARTESIAN_POINT('',(-0.0906264428692607,-0.0925004375368231,-0.00302231462998669));
#1589=CARTESIAN_POINT('',(-0.0906264428692607,-0.0925004375368231,-0.0030223146299867));
#1590=CARTESIAN_POINT('',(-0.00564,-0.0925004375368231,-0.0030223146299867));
#1591=CARTESIAN_POINT('',(-0.00564,-0.0925004375368231,-0.0030223146299867));
#1592=CARTESIAN_POINT('',(-0.00564,-0.0862757418081996,-0.00686807448868597));
#1593=CARTESIAN_POINT('',(-0.00564,-0.0747225711402834,0.00051287285776477));
#1594=CARTESIAN_POINT('',(-0.0804085588619818,-0.0552936941385269,-0.00607586498260497));
#1595=CARTESIAN_POINT('',(-0.0817717669478864,-0.0550174436298936,-0.00526125719520404));
#1596=CARTESIAN_POINT('',(-0.0840625755831973,-0.0543866921053652,-0.00304910142947378));
#1597=CARTESIAN_POINT('',(-0.08616601430267,-0.0540464889723382,0.00134546310138455));
#1598=CARTESIAN_POINT('',(-0.0868492332188297,-0.0547853967641031,0.00610188289539708));
#1599=CARTESIAN_POINT('',(-0.0862708233404754,-0.0566212135399039,0.0105461175876552));
#1600=CARTESIAN_POINT('',(-0.0849857289568573,-0.0588523181149118,0.0136544309626304));
#1601=CARTESIAN_POINT('',(-0.0836423020376735,-0.0608554688620532,0.0156813025321847));
#1602=CARTESIAN_POINT('',(-0.0824656201117906,-0.0624732949405296,0.0170130318494773));
#1603=CARTESIAN_POINT('',(-0.0811523210186668,-0.0641311127014788,0.0181183150979331));
#1604=CARTESIAN_POINT('',(-0.0796736408514974,-0.0657776012972415,0.0190056234833466));
#1605=CARTESIAN_POINT('',(-0.0779654726370376,-0.0673338464074139,0.0196703157870582));
#1606=CARTESIAN_POINT('',(-0.0764541917764478,-0.0680169563652309,0.0199017216726661));
#1607=CARTESIAN_POINT('',(-0.07564,-0.0680169563652309,0.0199017216726661));
#1608=CARTESIAN_POINT('',(-0.0804085588619818,-0.0552936941385269,-0.00607586498260498));
#1609=CARTESIAN_POINT('',(-0.07564,-0.0680169563652309,0.0199017216726661));
#1610=CARTESIAN_POINT('',(-0.00564,-0.0680169563652309,0.0199017216726661));
#1611=CARTESIAN_POINT('',(-0.00564,-0.0680169563652309,0.0199017216726661));
#1612=CARTESIAN_POINT('',(-0.00564,-0.0747225711402834,0.00051287285776477));
#1613=CARTESIAN_POINT('',(-0.00564,-0.0552936941385269,-0.00607586498260498));
#1614=CARTESIAN_POINT('',(-0.00564,-0.0552936941385269,-0.00607586498260498));
#1615=CARTESIAN_POINT('',(-0.00564,-0.0785437300801277,0.0201214213401079));
#1616=CARTESIAN_POINT('',(-0.00564,-0.0785437300801277,0.0201214213401079));
#1617=CARTESIAN_POINT('',(-0.00564,-0.0693243696111713,0.0201214213401079));
#1618=CARTESIAN_POINT('',(-0.00564,-0.0878167940010395,0.0201214213401079));
#1619=CARTESIAN_POINT('',(-0.00564,-0.0693243696111713,0.0201214213401079));
#1620=CARTESIAN_POINT('',(-0.07564,-0.0693243696111713,0.0201214213401079));
#1621=CARTESIAN_POINT('',(-0.07564,-0.088397927582264,0.0201214213401079));
#1622=CARTESIAN_POINT('',(-0.07564,-0.0878167940010395,0.0201214213401079));
#1623=CARTESIAN_POINT('',(-0.00564,-0.0878167940010395,0.0201214213401079));
#1624=CARTESIAN_POINT('',(-0.00564,-0.0830041301682941,0.00087216993911381));
#1625=CARTESIAN_POINT('',(-0.00564,-0.0830041301682941,0.00087216993911381));
#1626=CARTESIAN_POINT('',(-0.00564,-0.101748503744602,-0.00607586498260498));
#1627=CARTESIAN_POINT('',(-0.00564,-0.08902066226038,0.0199359594791429));
#1628=CARTESIAN_POINT('',(-0.00564,-0.08902066226038,0.0199359594791429));
#1629=CARTESIAN_POINT('',(-0.07564,-0.08902066226038,0.0199359594791429));
#1630=CARTESIAN_POINT('',(-0.07564,-0.08902066226038,0.0199359594791429));
#1631=CARTESIAN_POINT('',(-0.0762380463791459,-0.08902066226038,0.0199359594791429));
#1632=CARTESIAN_POINT('',(-0.077380512127894,-0.0894334301703201,0.0198084171188782));
#1633=CARTESIAN_POINT('',(-0.0791754324803386,-0.0908665830027874,0.0192841841678483));
#1634=CARTESIAN_POINT('',(-0.0810129665667478,-0.0929396183519445,0.0182997088981219));
#1635=CARTESIAN_POINT('',(-0.0829063092399768,-0.0954168105401895,0.0166401203118232));
#1636=CARTESIAN_POINT('',(-0.0844820572126456,-0.0977110489375459,0.0145380743942972));
#1637=CARTESIAN_POINT('',(-0.085729436216356,-0.0997605882097566,0.0119459579932223));
#1638=CARTESIAN_POINT('',(-0.0867903782535231,-0.101966484737191,0.00791783359122042));
#1639=CARTESIAN_POINT('',(-0.0867144137223504,-0.102815152372106,0.0043970502373889));
#1640=CARTESIAN_POINT('',(-0.0861448038638635,-0.102956760425551,0.00210475902668787));
#1641=CARTESIAN_POINT('',(-0.0861448038638635,-0.102956760425551,0.00210475902668784));
#1642=CARTESIAN_POINT('',(-0.0861448038638634,-0.102956760425551,0.00210475902668787));
#1643=CARTESIAN_POINT('',(-0.0858464644703371,-0.103006090789662,0.00130621997951347));
#1644=CARTESIAN_POINT('',(-0.085215476393425,-0.103008567492539,-0.000287605643831768));
#1645=CARTESIAN_POINT('',(-0.0843066568479996,-0.102776516626629,-0.00224424875062599));
#1646=CARTESIAN_POINT('',(-0.0834669166638536,-0.102469444804062,-0.00372522195170999));
#1647=CARTESIAN_POINT('',(-0.0827476185703099,-0.102192540309233,-0.00476705436887191));
#1648=CARTESIAN_POINT('',(-0.0818801621251537,-0.101890738080771,-0.0056969989779978));
#1649=CARTESIAN_POINT('',(-0.081079733141628,-0.101748503744602,-0.00607586498260559));
#1650=CARTESIAN_POINT('',(-0.08064,-0.101748503744602,-0.00607586498260559));
#1651=CARTESIAN_POINT('',(-0.08064,-0.101748503744602,-0.00607586498260498));
#1652=CARTESIAN_POINT('',(-0.00564,-0.101748503744602,-0.00607586498260498));
#1653=CARTESIAN_POINT('',(-0.00564,-0.0785210989415646,0.00672139371856988));
#1654=CARTESIAN_POINT('',(-0.08064,-0.0785210989415646,0.00672139371856988));
#1655=CARTESIAN_POINT('',(-0.08064,-0.0552989967498338,-0.00608548466555583));
#1656=CARTESIAN_POINT('',(-0.08064,-0.0552989967498338,-0.00608548466555583));
#1657=CARTESIAN_POINT('',(-0.080563058557597,-0.0552951364828895,-0.00607848502748797));
#1658=CARTESIAN_POINT('',(-0.0804858796828949,-0.0552936941385269,-0.00607586498260492));
#1659=CARTESIAN_POINT('',(-0.0804085588619818,-0.0552936941385269,-0.00607586498260492));
#1660=CARTESIAN_POINT('',(-0.00564,-0.0785210989415646,0.00672139371856989));
#1661=CARTESIAN_POINT('',(-0.00564,-0.0928736912774707,-0.00292151509545719));
#1662=CARTESIAN_POINT('',(-0.0906264428692607,-0.0925004375368231,-0.0030223146299867));
#1663=CARTESIAN_POINT('',(-0.0906182770775711,-0.0925537636135533,-0.00321977742291027));
#1664=CARTESIAN_POINT('',(-0.090571469066583,-0.0930205855165666,-0.00347116121376389));
#1665=CARTESIAN_POINT('',(-0.0905713702065198,-0.0933001550251919,-0.00301774855589896));
#1666=CARTESIAN_POINT('',(-0.0905870535193718,-0.0932469450181184,-0.00282071556092761));
#1667=CARTESIAN_POINT('',(-0.00564,-0.0928736912774707,-0.00292151509545719));
#1668=CARTESIAN_POINT('',(-0.00564,-0.0785833531866038,-0.024257448981059));
#1669=CARTESIAN_POINT('',(-0.00564,-0.0693243696111713,0.0161214213401079));
#1670=CARTESIAN_POINT('',(-0.00564,-0.0878167940010395,0.0161214213401079));
#1671=CARTESIAN_POINT('',(-0.09064,-0.0785833531866038,-0.024257448981059));
#1672=CARTESIAN_POINT('',(-0.09064,-0.0785210989415646,0.00672139371856988));
#1673=CARTESIAN_POINT('',(-0.07564,-0.0785437300801277,0.00512142134010792));
#1674=CARTESIAN_POINT('',(-0.07564,-0.0693243696111713,0.0201214213401079));
#1675=CARTESIAN_POINT('',(-0.0766094765736156,-0.0693243696111713,0.0201214213401079));
#1676=CARTESIAN_POINT('',(-0.0784987902808245,-0.0689020737069975,0.0199301983246007));
#1677=CARTESIAN_POINT('',(-0.0810013179099871,-0.0676170869570828,0.0192047500329702));
#1678=CARTESIAN_POINT('',(-0.0832134762582271,-0.0661612658197561,0.0181447771243913));
#1679=CARTESIAN_POINT('',(-0.0852200748324446,-0.0646533290863801,0.0167506322326204));
#1680=CARTESIAN_POINT('',(-0.0869921156637457,-0.0631875619086795,0.0150283812854372));
#1681=CARTESIAN_POINT('',(-0.088471624609657,-0.0618438285777949,0.0130287654753628));
#1682=CARTESIAN_POINT('',(-0.0896576109025406,-0.0606196725419313,0.010677431047122));
#1683=CARTESIAN_POINT('',(-0.0901693685585035,-0.0599518469042818,0.00896079114037978));
#1684=CARTESIAN_POINT('',(-0.0903492886896981,-0.0596553988705248,0.00806026911485208));
#1685=CARTESIAN_POINT('',(-0.0903492886896981,-0.0596553988705248,0.00806026911485207));
#1686=CARTESIAN_POINT('',(-0.0903492886896981,-0.0596553988705248,0.00806026911485208));
#1687=CARTESIAN_POINT('',(-0.0905507928055185,-0.0604032228986807,0.00705171663478264));
#1688=CARTESIAN_POINT('',(-0.09064,-0.0612241119801491,0.00605399137182057));
#1689=CARTESIAN_POINT('',(-0.09064,-0.0620792955232456,0.00512142134010792));
#1690=CARTESIAN_POINT('',(-0.0902962628277993,-0.0975734441315227,0.00831421947379396));
#1691=CARTESIAN_POINT('',(-0.0905352192689744,-0.096774356087321,0.00721731066226971));
#1692=CARTESIAN_POINT('',(-0.09064,-0.0958896029412048,0.0061319800643145));
#1693=CARTESIAN_POINT('',(-0.09064,-0.0949629023598836,0.00512142134010792));
#1694=CARTESIAN_POINT('',(-0.0902962628277993,-0.0975734441315227,0.00831421947379395));
#1695=CARTESIAN_POINT('',(-0.0902962628277993,-0.0975734441315227,0.00831421947379395));
#1696=CARTESIAN_POINT('',(-0.0901025181173933,-0.0972784106297092,0.00920358775776025));
#1697=CARTESIAN_POINT('',(-0.0895670993756378,-0.0966127789477863,0.0108968060060618));
#1698=CARTESIAN_POINT('',(-0.08835832166143,-0.0953923010651299,0.0132070246301554));
#1699=CARTESIAN_POINT('',(-0.0868690082878854,-0.0940513815818325,0.0151651351282152));
#1700=CARTESIAN_POINT('',(-0.0851026125591724,-0.092588318505906,0.0168442686539954));
#1701=CARTESIAN_POINT('',(-0.0831070902077326,-0.0910707757749088,0.0182040862304885));
#1702=CARTESIAN_POINT('',(-0.0809246355765467,-0.0895984299065441,0.0192308688391017));
#1703=CARTESIAN_POINT('',(-0.0784672233998029,-0.0882728280840719,0.0199334961745379));
#1704=CARTESIAN_POINT('',(-0.076601472911104,-0.0878167940010395,0.0201214213401079));
#1705=CARTESIAN_POINT('',(-0.07564,-0.0878167940010395,0.0201214213401079));
#1706=CARTESIAN_POINT('',(-0.08064,-0.0785210989415646,0.00672139371856988));
#1707=CARTESIAN_POINT('',(-0.0903492886896981,-0.0596553988705248,0.00806026911485207));
#1708=CARTESIAN_POINT('',(-0.0902765438204571,-0.0593854274065576,0.00842436598695109));
#1709=CARTESIAN_POINT('',(-0.0900291153643301,-0.0585812024109337,0.00889907700143556));
#1710=CARTESIAN_POINT('',(-0.0894518683938448,-0.0573027689760366,0.00863223483220217));
#1711=CARTESIAN_POINT('',(-0.0888717953459044,-0.0563196147953902,0.00787749135201476));
#1712=CARTESIAN_POINT('',(-0.0881446932374693,-0.0553336083007062,0.00653696094056065));
#1713=CARTESIAN_POINT('',(-0.0873376032862334,-0.0546008819161702,0.00454835985070966));
#1714=CARTESIAN_POINT('',(-0.0864135281848458,-0.0542153705092142,0.00204420677061803));
#1715=CARTESIAN_POINT('',(-0.0855777625396834,-0.0541875669945468,-3.37694021751804E-5));
#1716=CARTESIAN_POINT('',(-0.0848345436115096,-0.054311568656503,-0.00164253293346787));
#1717=CARTESIAN_POINT('',(-0.0842299450193728,-0.0544762528155847,-0.00282248820908086));
#1718=CARTESIAN_POINT('',(-0.0836781558255485,-0.05467437522443,-0.0037812094455174));
#1719=CARTESIAN_POINT('',(-0.083205427454238,-0.0548699164923032,-0.00452566866825862));
#1720=CARTESIAN_POINT('',(-0.0828372479066261,-0.0550334404456742,-0.00506621113581322));
#1721=CARTESIAN_POINT('',(-0.0825143160554491,-0.0551850531568567,-0.0055049342782455));
#1722=CARTESIAN_POINT('',(-0.0822452994037922,-0.0553099900944871,-0.00583759756597718));
#1723=CARTESIAN_POINT('',(-0.0820052091447753,-0.0554040306677357,-0.00608562609380413));
#1724=CARTESIAN_POINT('',(-0.0816514460874228,-0.0553727090724476,-0.0061171344337935));
#1725=CARTESIAN_POINT('',(-0.0812063387562805,-0.0553345471764748,-0.00612548639644846));
#1726=CARTESIAN_POINT('',(-0.0808653963672982,-0.0553103052218222,-0.00610598977884498));
#1727=CARTESIAN_POINT('',(-0.08064,-0.0552989967498351,-0.00608548466555812));
#1728=CARTESIAN_POINT('',(-0.0861448038638635,-0.102956760425551,0.00210475902668787));
#1729=CARTESIAN_POINT('',(-0.0864700221349787,-0.102902985643952,0.00297524242236144));
#1730=CARTESIAN_POINT('',(-0.0870801722211692,-0.10267868525468,0.00469428460333868));
#1731=CARTESIAN_POINT('',(-0.0878973025959365,-0.101980187148479,0.0067693362189649));
#1732=CARTESIAN_POINT('',(-0.0886647864490555,-0.10099521360543,0.00817834139814591));
#1733=CARTESIAN_POINT('',(-0.0892995059189633,-0.0999831892418426,0.00896886125090864));
#1734=CARTESIAN_POINT('',(-0.0899367841825177,-0.0986690690135786,0.00921123805682325));
#1735=CARTESIAN_POINT('',(-0.090213549583042,-0.0978500433504334,0.00869390744771047));
#1736=CARTESIAN_POINT('',(-0.0902962628277993,-0.0975734441315227,0.00831421947379393));
#1737=CARTESIAN_POINT('',(-0.07564,-0.0680169563652309,0.0199017216726661));
#1738=CARTESIAN_POINT('',(-0.07564,-0.0686522036586724,0.0201214213401079));
#1739=CARTESIAN_POINT('',(-0.07564,-0.0693243696111713,0.0201214213401079));
#1740=CARTESIAN_POINT('',(-0.0763427323712254,-0.0680169563518338,0.0199017216680327));
#1741=CARTESIAN_POINT('',(-0.0764741098436304,-0.0686522036463868,0.0201214213363669));
#1742=CARTESIAN_POINT('',(-0.0765982714152981,-0.0693243696003754,0.0201214213401079));
#1743=CARTESIAN_POINT('',(-0.0776835779139851,-0.0675078906395325,0.0197309727824283));
#1744=CARTESIAN_POINT('',(-0.0780764476916894,-0.0681804297777404,0.0199813573177454));
#1745=CARTESIAN_POINT('',(-0.0784266971554385,-0.0689145579129101,0.0199339793172174));
#1746=CARTESIAN_POINT('',(-0.0793684444321749,-0.0660846451060906,0.0191477059507196));
#1747=CARTESIAN_POINT('',(-0.0801072035079352,-0.0668546221500553,0.0195008356523627));
#1748=CARTESIAN_POINT('',(-0.0807242424075101,-0.0677688067069872,0.0192936898677212));
#1749=CARTESIAN_POINT('',(-0.0808474060657969,-0.0644898402597309,0.0183270775886377));
#1750=CARTESIAN_POINT('',(-0.0819287968326314,-0.0653460326862153,0.0188150993157305));
#1751=CARTESIAN_POINT('',(-0.0827410082715415,-0.0664849456071411,0.0183928334216532));
#1752=CARTESIAN_POINT('',(-0.0821806148769931,-0.0628464379852118,0.0172826117154894));
#1753=CARTESIAN_POINT('',(-0.0836247333432963,-0.0637540752503544,0.0179222822943727));
#1754=CARTESIAN_POINT('',(-0.0845590202868086,-0.0651619622612646,0.0172462561681901));
#1755=CARTESIAN_POINT('',(-0.083402373081113,-0.0611968114191558,0.0159876344882255));
#1756=CARTESIAN_POINT('',(-0.0852502045281586,-0.0621038010268494,0.0167794773413908));
#1757=CARTESIAN_POINT('',(-0.0862250542015178,-0.0638339681921038,0.0158246765158112));
#1758=CARTESIAN_POINT('',(-0.084466635870013,-0.0596372821466086,0.0144761087290248));
#1759=CARTESIAN_POINT('',(-0.086755591823939,-0.0604758197037402,0.0153854018763791));
#1760=CARTESIAN_POINT('',(-0.0876763216409268,-0.0625785048846856,0.0141653776355064));
#1761=CARTESIAN_POINT('',(-0.0853793606561128,-0.0581702583040627,0.0127106208406787));
#1762=CARTESIAN_POINT('',(-0.088157207841118,-0.0588598294174605,0.013658583990712));
#1763=CARTESIAN_POINT('',(-0.0889209463492448,-0.061397510954116,0.0122272882192154));
#1764=CARTESIAN_POINT('',(-0.0860979558913225,-0.0568418319855565,0.0106723072935202));
#1765=CARTESIAN_POINT('',(-0.0893912009638554,-0.0573023635579476,0.0115117764184694));
#1766=CARTESIAN_POINT('',(-0.0899008489427125,-0.0603280917845936,0.00998970055922834));
#1767=CARTESIAN_POINT('',(-0.0865559649260361,-0.0557327771564253,0.00841625767147569));
#1768=CARTESIAN_POINT('',(-0.0903177285580142,-0.0559207420138831,0.00892772644028407));
#1769=CARTESIAN_POINT('',(-0.090525406717322,-0.0594352726061408,0.00751309002909385));
#1770=CARTESIAN_POINT('',(-0.086674094608058,-0.0550321793904612,0.0063820316758806));
#1771=CARTESIAN_POINT('',(-0.0906903458095877,-0.0550266248086227,0.00642228294750272));
#1772=CARTESIAN_POINT('',(-0.0906864926473517,-0.0588712724274257,0.00527998953691682));
#1773=CARTESIAN_POINT('',(-0.0865890521498058,-0.0546325596248242,0.00473552906283447));
#1774=CARTESIAN_POINT('',(-0.0906702556541474,-0.0545339813276257,0.00430466496505591));
#1775=CARTESIAN_POINT('',(-0.0905705256588263,-0.0585495676915762,0.00347251789732232));
#1776=CARTESIAN_POINT('',(-0.0863744179793015,-0.0543327090209473,0.00304568480357535));
#1777=CARTESIAN_POINT('',(-0.0904119967746559,-0.0541958017067301,0.00209574022600621));
#1778=CARTESIAN_POINT('',(-0.0902778426990468,-0.0583081798333877,0.00161746734973023));
#1779=CARTESIAN_POINT('',(-0.0858727124389671,-0.0541666162471783,0.0010071860711267));
#1780=CARTESIAN_POINT('',(-0.0896566035093445,-0.0541028691916232,-0.000541597718352045));
#1781=CARTESIAN_POINT('',(-0.0895936987804158,-0.0581744706515818,-0.000620323600039339));
#1782=CARTESIAN_POINT('',(-0.0848946141199048,-0.054248226494269,-0.00129804680758526));
#1783=CARTESIAN_POINT('',(-0.0881267549447005,-0.0544148441000401,-0.00338786735617528));
#1784=CARTESIAN_POINT('',(-0.0882599283453027,-0.0582401691109107,-0.00315092574906357));
#1785=CARTESIAN_POINT('',(-0.0831729783599529,-0.0546322054374478,-0.00397254304242205));
#1786=CARTESIAN_POINT('',(-0.085571392421622,-0.0551550434903117,-0.00641716029704519));
#1787=CARTESIAN_POINT('',(-0.0859122432182344,-0.0585492825618032,-0.00608689199429689));
#1788=CARTESIAN_POINT('',(-0.0814736928863789,-0.0550844968425528,-0.0054705265306384));
#1789=CARTESIAN_POINT('',(-0.0831891118817032,-0.0558447624091107,-0.00797631913342593));
#1790=CARTESIAN_POINT('',(-0.0835950357536353,-0.0589133893905595,-0.0077313246544307));
#1791=CARTESIAN_POINT('',(-0.0802313139473649,-0.0553291052878127,-0.00617937714560154));
#1792=CARTESIAN_POINT('',(-0.0815191358413707,-0.0561936766281854,-0.00868481773107124));
#1793=CARTESIAN_POINT('',(-0.0819008826554976,-0.0591103058176351,-0.00850947548930463));
#1794=CARTESIAN_POINT('',(-0.07564,-0.0693243696111713,0.0161214213401079));
#1795=CARTESIAN_POINT('',(-0.00564,-0.0693243696111713,0.0161214213401079));
#1796=CARTESIAN_POINT('',(-0.07564,-0.0878167940010395,0.0201214213401079));
#1797=CARTESIAN_POINT('',(-0.07564,-0.0884330137892965,0.0201214213401079));
#1798=CARTESIAN_POINT('',(-0.07564,-0.0890206622603801,0.0199359594791429));
#1799=CARTESIAN_POINT('',(-0.0763367847695245,-0.087816794010641,0.0201214213401079));
#1800=CARTESIAN_POINT('',(-0.0762460850340245,-0.0884330138002664,0.0201214213370603));
#1801=CARTESIAN_POINT('',(-0.076150975497649,-0.0890206622723839,0.0199359594753545));
#1802=CARTESIAN_POINT('',(-0.0776772293199835,-0.0880504666136831,0.0200234120653166));
#1803=CARTESIAN_POINT('',(-0.077416419316527,-0.0887013083850365,0.0200485647932031));
#1804=CARTESIAN_POINT('',(-0.077133968167989,-0.0893127871255005,0.019846107157298));
#1805=CARTESIAN_POINT('',(-0.0800370834432584,-0.0890480712886899,0.0195431366467309));
#1806=CARTESIAN_POINT('',(-0.0794938170392774,-0.0898540962805276,0.0196895409400623));
#1807=CARTESIAN_POINT('',(-0.0788645278583888,-0.0905599385474544,0.0194058032915209));
#1808=CARTESIAN_POINT('',(-0.0825172909970934,-0.0906337745470647,0.0185710043385935));
#1809=CARTESIAN_POINT('',(-0.0817292363338938,-0.0917221095040366,0.0189485416564177));
#1810=CARTESIAN_POINT('',(-0.0806833467312021,-0.0925422990185152,0.0185145779789352));
#1811=CARTESIAN_POINT('',(-0.0851303874407191,-0.0925959224239261,0.0168764022515648));
#1812=CARTESIAN_POINT('',(-0.0841775295031135,-0.0940976954794906,0.0176236118120053));
#1813=CARTESIAN_POINT('',(-0.0825996174565271,-0.0949952701963949,0.0169610113864681));
#1814=CARTESIAN_POINT('',(-0.0873813615369296,-0.0944846289557182,0.014642490547419));
#1815=CARTESIAN_POINT('',(-0.0864445872936813,-0.0965077971402579,0.0157841717051484));
#1816=CARTESIAN_POINT('',(-0.0842503317937491,-0.0973564289758154,0.0149130199320127));
#1817=CARTESIAN_POINT('',(-0.089211887994038,-0.0962102139560936,0.0118163851821548));
#1818=CARTESIAN_POINT('',(-0.0885070736134864,-0.0988839133087994,0.0132614424910237));
#1819=CARTESIAN_POINT('',(-0.0855927178622918,-0.0995136620369819,0.0123221209152338));
#1820=CARTESIAN_POINT('',(-0.0902345795408897,-0.0974061255759904,0.00897247420632701));
#1821=CARTESIAN_POINT('',(-0.0898629673649087,-0.100671860645001,0.0104573895290783));
#1822=CARTESIAN_POINT('',(-0.0863426916633273,-0.101008726078598,0.00971489818336466));
#1823=CARTESIAN_POINT('',(-0.0906247999358952,-0.0981482264059597,0.00642602517930886));
#1824=CARTESIAN_POINT('',(-0.0905282018590174,-0.101847261312279,0.00768351636213777));
#1825=CARTESIAN_POINT('',(-0.0866288532863091,-0.101936460409022,0.00738038073706221));
#1826=CARTESIAN_POINT('',(-0.0906862073392628,-0.0987060778464073,0.00383006312658266));
#1827=CARTESIAN_POINT('',(-0.0907964031994419,-0.102745393100941,0.00466285210844694));
#1828=CARTESIAN_POINT('',(-0.0866738853822022,-0.102633856116128,0.00500047105194717));
#1829=CARTESIAN_POINT('',(-0.0903262560002013,-0.0989216882804131,0.00177996709814277));
#1830=CARTESIAN_POINT('',(-0.0904490975671319,-0.103026636216712,0.00221877388700038));
#1831=CARTESIAN_POINT('',(-0.0864099210664761,-0.102903400619666,0.00312099697093807));
#1832=CARTESIAN_POINT('',(-0.0899057604707977,-0.098972196009153,0.000485897832474059));
#1833=CARTESIAN_POINT('',(-0.0899692859795915,-0.103033243330428,0.000681396720732365));
#1834=CARTESIAN_POINT('',(-0.086101557678585,-0.102966542653121,0.00193462832760124));
#1835=CARTESIAN_POINT('',(-0.07564,-0.0878167940010395,0.0161214213401079));
#1836=CARTESIAN_POINT('',(-0.00564,-0.0878167940010395,0.0161214213401079));
#1837=CARTESIAN_POINT('',(-0.07564,-0.068343809676716,0.0189566465895265));
#1838=CARTESIAN_POINT('',(-0.07564,-0.0688202451467971,0.0191214213401079));
#1839=CARTESIAN_POINT('',(-0.07564,-0.0693243696111713,0.0191214213401079));
#1840=CARTESIAN_POINT('',(-0.0766315798015356,-0.0683438096587222,0.0189566465833034));
#1841=CARTESIAN_POINT('',(-0.0767706134375147,-0.0688202451299792,0.0191214213348407));
#1842=CARTESIAN_POINT('',(-0.0769020106564986,-0.0693243695959379,0.0191214213401079));
#1843=CARTESIAN_POINT('',(-0.0784561871306829,-0.0673957302342384,0.0186384526092638));
#1844=CARTESIAN_POINT('',(-0.0788768822650258,-0.0679198294035744,0.018845746784366));
#1845=CARTESIAN_POINT('',(-0.0792242381663242,-0.0685220314260365,0.0187787008693289));
#1846=CARTESIAN_POINT('',(-0.0806176544146269,-0.0652686339338239,0.0176479546054747));
#1847=CARTESIAN_POINT('',(-0.0813979605318739,-0.0658881038550405,0.0179839435502374));
#1848=CARTESIAN_POINT('',(-0.0819751965277069,-0.0667219179452195,0.0177118549863623));
#1849=CARTESIAN_POINT('',(-0.0824979856160482,-0.0630531836877754,0.0162354869094628));
#1850=CARTESIAN_POINT('',(-0.0836664787098169,-0.0637220489294621,0.0167278748212963));
#1851=CARTESIAN_POINT('',(-0.0843683453295158,-0.0648470325189177,0.0161905138557726));
#1852=CARTESIAN_POINT('',(-0.0841311167400098,-0.0608742544395293,0.0143693726617523));
#1853=CARTESIAN_POINT('',(-0.0857455754709474,-0.061509482301707,0.015006557593965));
#1854=CARTESIAN_POINT('',(-0.0864468758509224,-0.0630030539869026,0.0141805589625972));
#1855=CARTESIAN_POINT('',(-0.0854565360994497,-0.0588805993194139,0.0120554496717937));
#1856=CARTESIAN_POINT('',(-0.0875807928230139,-0.059370727255622,0.0127465027073598));
#1857=CARTESIAN_POINT('',(-0.0881337732174783,-0.0613158687583012,0.0116882780946977));
#1858=CARTESIAN_POINT('',(-0.0863940787034562,-0.0571570142199656,0.00924235817751194));
#1859=CARTESIAN_POINT('',(-0.0890616291592811,-0.0573875857163067,0.00976835304887506));
#1860=CARTESIAN_POINT('',(-0.0893270092589561,-0.0598572376789154,0.0086583526645654));
#1861=CARTESIAN_POINT('',(-0.0866976249672378,-0.0561013164418764,0.00654651564730756));
#1862=CARTESIAN_POINT('',(-0.0896948286139479,-0.0561144098909667,0.00666575479769567));
#1863=CARTESIAN_POINT('',(-0.0897133408673588,-0.0589638245305278,0.00575471378386561));
#1864=CARTESIAN_POINT('',(-0.0865853673032759,-0.0555593042860191,0.00433551771819453));
#1865=CARTESIAN_POINT('',(-0.0896566271069023,-0.0554734188517034,0.00396530537736951));
#1866=CARTESIAN_POINT('',(-0.0895704674769568,-0.0585051319048288,0.0033732914713207));
#1867=CARTESIAN_POINT('',(-0.0864000528602144,-0.0553845904505745,0.00319861266142095));
#1868=CARTESIAN_POINT('',(-0.0894268085339269,-0.055291371250517,0.00255490942698305));
#1869=CARTESIAN_POINT('',(-0.089334612731049,-0.0583572755368773,0.0021487534321141));
#1870=CARTESIAN_POINT('',(-0.0862767445589815,-0.0553238068962938,0.00264578942519809));
#1871=CARTESIAN_POINT('',(-0.0892607949607497,-0.055238363119836,0.00186868276245796));
#1872=CARTESIAN_POINT('',(-0.0891776748932492,-0.0583058357908125,0.00155331841492603));
#1873=CARTESIAN_POINT('',(-0.0863112082030599,-0.0553418965062527,0.00280434356614351));
#1874=CARTESIAN_POINT('',(-0.0867597418919431,-0.0555924147160919,0.00492316267085268));
#1875=CARTESIAN_POINT('',(-0.086708234110511,-0.0565384683663219,0.00815615461069029));
#1876=CARTESIAN_POINT('',(-0.0855641401896399,-0.0586998724183871,0.0117952094353297));
#1877=CARTESIAN_POINT('',(-0.0843077345739952,-0.0606218718411441,0.0141106087350014));
#1878=CARTESIAN_POINT('',(-0.0827322206449197,-0.0627542842170625,0.0160103963872271));
#1879=CARTESIAN_POINT('',(-0.0808716268510718,-0.0649909517647284,0.0174957511617885));
#1880=CARTESIAN_POINT('',(-0.0790515972759994,-0.0668341871345547,0.0183881441084768));
#1881=CARTESIAN_POINT('',(-0.0772758050808537,-0.0680365450244048,0.0188525681283391));
#1882=CARTESIAN_POINT('',(-0.0761955953142467,-0.068343809676716,0.0189566465895266));
#1883=CARTESIAN_POINT('',(-0.07564,-0.068343809676716,0.0189566465895266));
#1884=CARTESIAN_POINT('',(-0.0863112082030602,-0.0553418965062527,0.0028043435661434));
#1885=CARTESIAN_POINT('',(-0.07564,-0.068343809676716,0.0189566465895265));
#1886=CARTESIAN_POINT('',(-0.07564,-0.0693243696111713,0.0161214213401079));
#1887=CARTESIAN_POINT('',(-0.07564,-0.0693243696111713,0.0191214213401079));
#1888=CARTESIAN_POINT('',(-0.07564,-0.0693243696111713,0.0191214213401079));
#1889=CARTESIAN_POINT('',(-0.0765502804727288,-0.0693243696111713,0.0191214213401079));
#1890=CARTESIAN_POINT('',(-0.0783172009163524,-0.0688971642309981,0.0189405591313077));
#1891=CARTESIAN_POINT('',(-0.0806308116428274,-0.0676239417257463,0.0182691603308376));
#1892=CARTESIAN_POINT('',(-0.0826709718492055,-0.0661890125626326,0.017296357168829));
#1893=CARTESIAN_POINT('',(-0.0845200316543234,-0.0647044956839596,0.0160231149331986));
#1894=CARTESIAN_POINT('',(-0.0861618089746082,-0.063255253553632,0.0144493609288033));
#1895=CARTESIAN_POINT('',(-0.0880037687110748,-0.0614717559481099,0.0120037994075053));
#1896=CARTESIAN_POINT('',(-0.0889774882962422,-0.0603202758248648,0.00970680064172318));
#1897=CARTESIAN_POINT('',(-0.0893330203980362,-0.0597170691589664,0.0080371017716651));
#1898=CARTESIAN_POINT('',(-0.0893330203980363,-0.0597170691589663,0.00803710177166519));
#1899=CARTESIAN_POINT('',(-0.0893330203980363,-0.0597170691589663,0.00803710177166519));
#1900=CARTESIAN_POINT('',(-0.0892691137295035,-0.0594991108789348,0.00833722907859449));
#1901=CARTESIAN_POINT('',(-0.0890466308771597,-0.0588164633595288,0.0087079860505344));
#1902=CARTESIAN_POINT('',(-0.0885814864274531,-0.0577926655327039,0.0083629423891321));
#1903=CARTESIAN_POINT('',(-0.0881450367138821,-0.0570316459623794,0.00767268738831176));
#1904=CARTESIAN_POINT('',(-0.0876072221440467,-0.0562633561951979,0.00651988572556281));
#1905=CARTESIAN_POINT('',(-0.0870137111691821,-0.0556690578177499,0.00487609786326988));
#1906=CARTESIAN_POINT('',(-0.0865508776779744,-0.0554230953824899,0.00349110294529446));
#1907=CARTESIAN_POINT('',(-0.0863112082030591,-0.0553418965062514,0.0028043435661439));
#1908=CARTESIAN_POINT('',(-0.08964,-0.0785833531866038,-0.024257448981059));
#1909=CARTESIAN_POINT('',(-0.08964,-0.0785833531866038,0.00512142134010792));
#1910=CARTESIAN_POINT('',(-0.08964,-0.0949629023598836,0.00512142134010792));
#1911=CARTESIAN_POINT('',(-0.08964,-0.0620792955232456,0.00512142134010792));
#1912=CARTESIAN_POINT('',(-0.08964,-0.0785210989415646,0.00672139371856988));
#1913=CARTESIAN_POINT('',(-0.08964,-0.0932457608653019,-0.000767073580559404));
#1914=CARTESIAN_POINT('',(-0.08964,-0.0861978206898699,-0.00576045794402245));
#1915=CARTESIAN_POINT('',(-0.08964,-0.0784358538067622,-0.00197110203261923));
#1916=CARTESIAN_POINT('',(-0.08964,-0.0705923694196179,-0.00513665364011951));
#1917=CARTESIAN_POINT('',(-0.08964,-0.0636028289097068,-0.000373536197578682));
#1918=CARTESIAN_POINT('',(-0.08964,-0.0785210989415646,0.00672139371856988));
#1919=CARTESIAN_POINT('',(-0.08964,-0.0785833531866038,-0.024257448981059));
#1920=CARTESIAN_POINT('',(-0.08964,-0.0705894686754798,-0.00579183170847173));
#1921=CARTESIAN_POINT('',(-0.08964,-0.0763349319497881,-0.00585028690278853));
#1922=CARTESIAN_POINT('',(-0.08964,-0.0654030527414074,-0.00331900842223239));
#1923=CARTESIAN_POINT('',(-0.08964,-0.0782743812476094,-0.0161668011661019));
#1924=CARTESIAN_POINT('',(-0.08964,-0.0714367904791778,-0.00820192310002785));
#1925=CARTESIAN_POINT('',(-0.08964,-0.0785210989415646,0.00672139371856988));
#1926=CARTESIAN_POINT('',(-0.00564,-0.0861978206898699,-0.00576045794402245));
#1927=CARTESIAN_POINT('',(-0.00564,-0.0784358538067622,-0.00197110203261923));
#1928=CARTESIAN_POINT('',(-0.00664,-0.0784358538067622,-0.00197110203261923));
#1929=CARTESIAN_POINT('',(-0.0894875747184392,-0.0941879682434056,-0.00247946873488542));
#1930=CARTESIAN_POINT('',(-0.0895843400655542,-0.0939402664398054,-0.0018762439651938));
#1931=CARTESIAN_POINT('',(-0.08964,-0.0936271325830877,-0.00130536281605735));
#1932=CARTESIAN_POINT('',(-0.08964,-0.0932457608653019,-0.000767073580559404));
#1933=CARTESIAN_POINT('',(-0.0894875747184392,-0.0941879682434056,-0.00247946873488542));
#1934=CARTESIAN_POINT('',(-0.0894875747184392,-0.0941879682434056,-0.00247946873488542));
#1935=CARTESIAN_POINT('',(-0.00664,-0.0941879682434056,-0.00247946873488545));
#1936=CARTESIAN_POINT('',(-0.00664,-0.0861978206898699,-0.00576045794402245));
#1937=CARTESIAN_POINT('',(-0.00564,-0.0705923694196179,-0.00513665364011951));
#1938=CARTESIAN_POINT('',(-0.00664,-0.0705923694196179,-0.00513665364011951));
#1939=CARTESIAN_POINT('',(-0.00664,-0.0622810776217796,-0.00356713366181049));
#1940=CARTESIAN_POINT('',(-0.0892237809865378,-0.0622810776217796,-0.00356713366181049));
#1941=CARTESIAN_POINT('',(-0.0892237809865378,-0.0622810776217796,-0.00356713366181049));
#1942=CARTESIAN_POINT('',(-0.08964,-0.0636028289097068,-0.000373536197578682));
#1943=CARTESIAN_POINT('',(-0.08964,-0.0629378452089432,-0.00134935310131612));
#1944=CARTESIAN_POINT('',(-0.0894717740770972,-0.0624949754402978,-0.00243445156206329));
#1945=CARTESIAN_POINT('',(-0.0892237809865378,-0.0622810776217796,-0.00356713366181049));
#1946=CARTESIAN_POINT('',(-0.00564,-0.0637365537705847,-0.00361229868204661));
#1947=CARTESIAN_POINT('',(-0.00664,-0.0637365537705847,-0.00361229868204661));
#1948=CARTESIAN_POINT('',(-0.00664,-0.0651639400954441,-0.00390042882347254));
#1949=CARTESIAN_POINT('',(-0.0896234109413016,-0.0651639400954441,-0.00390042882347255));
#1950=CARTESIAN_POINT('',(-0.0896234109413016,-0.0651639400954441,-0.00390042882347255));
#1951=CARTESIAN_POINT('',(-0.0892237809865378,-0.0622810776217796,-0.00356713366181049));
#1952=CARTESIAN_POINT('',(-0.0891596807543535,-0.0622698352325645,-0.00392942796108575));
#1953=CARTESIAN_POINT('',(-0.0890891214477754,-0.0625321806362137,-0.00466358096566684));
#1954=CARTESIAN_POINT('',(-0.0892698195864989,-0.0635648076358528,-0.00519697257721161));
#1955=CARTESIAN_POINT('',(-0.089527973671819,-0.064665317297182,-0.00490619309142993));
#1956=CARTESIAN_POINT('',(-0.0896063043925785,-0.0650911645527598,-0.00426095623618177));
#1957=CARTESIAN_POINT('',(-0.0896234109413016,-0.0651639400954441,-0.00390042882347254));
#1958=CARTESIAN_POINT('',(-0.00564,-0.0705894686754798,-0.00579183170847173));
#1959=CARTESIAN_POINT('',(-0.00664,-0.0705894686754798,-0.00579183170847173));
#1960=CARTESIAN_POINT('',(-0.00664,-0.0763349319497881,-0.00585028690278853));
#1961=CARTESIAN_POINT('',(-0.08964,-0.0763349319497881,-0.00585028690278853));
#1962=CARTESIAN_POINT('',(-0.0896234109413016,-0.0651639400954441,-0.00390042882347255));
#1963=CARTESIAN_POINT('',(-0.0896341908724499,-0.0652329801092242,-0.00370238610560387));
#1964=CARTESIAN_POINT('',(-0.08964,-0.065312667106115,-0.00350858019701331));
#1965=CARTESIAN_POINT('',(-0.08964,-0.0654030527414074,-0.00331900842223239));
#1966=CARTESIAN_POINT('',(-0.00564,-0.0782743812476094,-0.0161668011661019));
#1967=CARTESIAN_POINT('',(-0.00664,-0.0782743812476094,-0.0161668011661019));
#1968=CARTESIAN_POINT('',(-0.00664,-0.0690696001551627,-0.0111206209112849));
#1969=CARTESIAN_POINT('',(-0.0888571366648822,-0.0690696001551627,-0.0111206209112849));
#1970=CARTESIAN_POINT('',(-0.0888571366648822,-0.0690696001551627,-0.0111206209112849));
#1971=CARTESIAN_POINT('',(-0.08964,-0.0714367904791778,-0.00820192310002785));
#1972=CARTESIAN_POINT('',(-0.08964,-0.0704467734619198,-0.0090518207584273));
#1973=CARTESIAN_POINT('',(-0.0893896411450462,-0.0696425976624681,-0.0100754111972188));
#1974=CARTESIAN_POINT('',(-0.0888571366648822,-0.0690696001551627,-0.0111206209112849));
#1975=CARTESIAN_POINT('',(-0.00564,-0.0718296869814715,-0.0129883158039919));
#1976=CARTESIAN_POINT('',(-0.00664,-0.0718296869814715,-0.0129883158039919));
#1977=CARTESIAN_POINT('',(-0.00664,-0.071158985410038,-0.016252748818021));
#1978=CARTESIAN_POINT('',(-0.0854521761194025,-0.071158985410038,-0.016252748818021));
#1979=CARTESIAN_POINT('',(-0.0854521761194025,-0.071158985410038,-0.016252748818021));
#1980=CARTESIAN_POINT('',(-0.0888571366648822,-0.0690696001551627,-0.0111206209112849));
#1981=CARTESIAN_POINT('',(-0.0886003924468651,-0.0687456756139945,-0.0115993178667071));
#1982=CARTESIAN_POINT('',(-0.0879629698294265,-0.0683940152668822,-0.012647823315553));
#1983=CARTESIAN_POINT('',(-0.0868289119669897,-0.0685951958075099,-0.0141655434548237));
#1984=CARTESIAN_POINT('',(-0.0858968926340891,-0.0692859802492174,-0.0152676160745297));
#1985=CARTESIAN_POINT('',(-0.085417763002587,-0.0702453269964896,-0.0159701106818423));
#1986=CARTESIAN_POINT('',(-0.0853990793157365,-0.0708522013242808,-0.0161897177901139));
#1987=CARTESIAN_POINT('',(-0.0854521761194025,-0.071158985410038,-0.016252748818021));
#1988=CARTESIAN_POINT('',(-0.00564,-0.0777499042451382,0.0111911096687947));
#1989=CARTESIAN_POINT('',(-0.00664,-0.0777499042451382,0.0111911096687947));
#1990=CARTESIAN_POINT('',(-0.00664,-0.0842749904724753,-0.0162684757152031));
#1991=CARTESIAN_POINT('',(-0.0860672175007826,-0.0842749904724753,-0.0162684757152031));
#1992=CARTESIAN_POINT('',(-0.0860672175007826,-0.0842749904724753,-0.0162684757152031));
#1993=CARTESIAN_POINT('',(-0.0854521761194025,-0.071158985410038,-0.016252748818021));
#1994=CARTESIAN_POINT('',(-0.0857119678604257,-0.0733087725361246,-0.0167690418337275));
#1995=CARTESIAN_POINT('',(-0.0860389452140383,-0.0776565035872274,-0.01729001592592));
#1996=CARTESIAN_POINT('',(-0.0861023783140753,-0.0821098072467778,-0.0167829775566581));
#1997=CARTESIAN_POINT('',(-0.086067217500782,-0.0842749904724753,-0.0162684757152031));
#1998=CARTESIAN_POINT('',(-0.00564,-0.0839845098736534,-0.0125602631707996));
#1999=CARTESIAN_POINT('',(-0.00664,-0.0839845098736534,-0.0125602631707996));
#2000=CARTESIAN_POINT('',(-0.00664,-0.087423884454117,-0.0111439575018059));
#2001=CARTESIAN_POINT('',(-0.0889561155939834,-0.087423884454117,-0.0111439575018059));
#2002=CARTESIAN_POINT('',(-0.0889561155939834,-0.087423884454117,-0.0111439575018059));
#2003=CARTESIAN_POINT('',(-0.0860672175007826,-0.0842749904724753,-0.0162684757152031));
#2004=CARTESIAN_POINT('',(-0.0859969651451324,-0.0845933713192752,-0.0162435355431055));
#2005=CARTESIAN_POINT('',(-0.0859434447930635,-0.0852339789434416,-0.0161096517012683));
#2006=CARTESIAN_POINT('',(-0.0862344225570564,-0.0863822866965061,-0.0155212894729158));
#2007=CARTESIAN_POINT('',(-0.0870394647423074,-0.0873355667833547,-0.0144332106593873));
#2008=CARTESIAN_POINT('',(-0.0880979432972112,-0.0878148256339631,-0.012848370564118));
#2009=CARTESIAN_POINT('',(-0.0887073173528914,-0.0876534104141306,-0.0117013412429784));
#2010=CARTESIAN_POINT('',(-0.0889561155939834,-0.087423884454117,-0.0111439575018059));
#2011=CARTESIAN_POINT('',(-0.00564,-0.0753755010582675,-0.0205523008586984));
#2012=CARTESIAN_POINT('',(-0.00664,-0.0753755010582675,-0.0205523008586984));
#2013=CARTESIAN_POINT('',(-0.00664,-0.0800204052378793,-0.00598846440202291));
#2014=CARTESIAN_POINT('',(-0.08964,-0.0800204052378793,-0.00598846440202291));
#2015=CARTESIAN_POINT('',(-0.08964,-0.0800204052378793,-0.00598846440202291));
#2016=CARTESIAN_POINT('',(-0.08964,-0.0753755010582675,-0.0205523008586984));
#2017=CARTESIAN_POINT('',(-0.08964,-0.0848348369880839,-0.00854391083582478));
#2018=CARTESIAN_POINT('',(-0.0889561155939834,-0.087423884454117,-0.0111439575018059));
#2019=CARTESIAN_POINT('',(-0.0894315891337086,-0.0867022200217991,-0.010219789512407));
#2020=CARTESIAN_POINT('',(-0.08964,-0.0858279063184676,-0.00932617859859765));
#2021=CARTESIAN_POINT('',(-0.08964,-0.0848348369880839,-0.00854391083582478));
#2022=CARTESIAN_POINT('',(-0.00564,-0.0862757418081996,-0.00686807448868597));
#2023=CARTESIAN_POINT('',(-0.08964,-0.0862757418081996,-0.00686807448868597));
#2024=CARTESIAN_POINT('',(-0.08964,-0.0915652049029308,-0.00341488325708241));
#2025=CARTESIAN_POINT('',(-0.00664,-0.0862757418081996,-0.00686807448868597));
#2026=CARTESIAN_POINT('',(-0.00664,-0.0915988729312993,-0.00346701221950689));
#2027=CARTESIAN_POINT('',(-0.0896398093282065,-0.0915988729312993,-0.00346701221950689));
#2028=CARTESIAN_POINT('',(-0.0896398093282065,-0.0915988729312993,-0.00346701221950689));
#2029=CARTESIAN_POINT('',(-0.08964,-0.0915652049029308,-0.00341488325708241));
#2030=CARTESIAN_POINT('',(-0.08964,-0.0915765130381326,-0.00343220461573548));
#2031=CARTESIAN_POINT('',(-0.0896399362525453,-0.0915877357123292,-0.00344958093709206));
#2032=CARTESIAN_POINT('',(-0.0896398093282065,-0.0915988729312993,-0.00346701221950689));
#2033=CARTESIAN_POINT('',(-0.00564,-0.0747225711402834,0.00051287285776477));
#2034=CARTESIAN_POINT('',(-0.0841831186985868,-0.0554005324143941,-0.00222942667962205));
#2035=CARTESIAN_POINT('',(-0.0850330522864371,-0.0551746182661172,-0.000637652381366096));
#2036=CARTESIAN_POINT('',(-0.0857046983162105,-0.0551364138461969,0.00106642365169055));
#2037=CARTESIAN_POINT('',(-0.0863112082030602,-0.0553418965062527,0.0028043435661434));
#2038=CARTESIAN_POINT('',(-0.084183118698588,-0.0554005324143942,-0.00222942667962267));
#2039=CARTESIAN_POINT('',(-0.0805530707695479,-0.0562125502617145,-0.00567101866396014));
#2040=CARTESIAN_POINT('',(-0.082010257918495,-0.0559253833147572,-0.00481145213289454));
#2041=CARTESIAN_POINT('',(-0.0832279029829097,-0.0555980374110711,-0.00362103220714407));
#2042=CARTESIAN_POINT('',(-0.0841831186985891,-0.0554005324143942,-0.00222942667962331));
#2043=CARTESIAN_POINT('',(-0.0805530707695479,-0.0562125502617145,-0.00567101866396014));
#2044=CARTESIAN_POINT('',(-0.0805530707695479,-0.0562125502617145,-0.00567101866396014));
#2045=CARTESIAN_POINT('',(-0.00664,-0.0562125502617145,-0.00567101866396012));
#2046=CARTESIAN_POINT('',(-0.00664,-0.0747225711402834,0.00051287285776477));
#2047=CARTESIAN_POINT('',(-0.00664,-0.068343809676716,0.0189566465895265));
#2048=CARTESIAN_POINT('',(-0.00564,-0.068343809676716,0.0189566465895265));
#2049=CARTESIAN_POINT('',(-0.00564,-0.0785437300801277,0.0191214213401079));
#2050=CARTESIAN_POINT('',(-0.00664,-0.0785833531866038,0.0191214213401079));
#2051=CARTESIAN_POINT('',(-0.00664,-0.0693243696111713,0.0191214213401079));
#2052=CARTESIAN_POINT('',(-0.00664,-0.0878167940010395,0.0191214213401079));
#2053=CARTESIAN_POINT('',(-0.00564,-0.0878167940010395,0.0191214213401079));
#2054=CARTESIAN_POINT('',(-0.07564,-0.0878167940010395,0.0191214213401079));
#2055=CARTESIAN_POINT('',(-0.07564,-0.0785437300801277,0.0191214213401079));
#2056=CARTESIAN_POINT('',(-0.00564,-0.0693243696111713,0.0191214213401079));
#2057=CARTESIAN_POINT('',(-0.00564,-0.0830041301682941,0.00087216993911381));
#2058=CARTESIAN_POINT('',(-0.00664,-0.0830041301682941,0.00087216993911381));
#2059=CARTESIAN_POINT('',(-0.00664,-0.100836503868397,-0.00565866814764932));
#2060=CARTESIAN_POINT('',(-0.00664,-0.0887196951955449,0.0189823249443841));
#2061=CARTESIAN_POINT('',(-0.08064,-0.100836503868397,-0.00565866814764934));
#2062=CARTESIAN_POINT('',(-0.08064,-0.100836503868397,-0.00565866814764934));
#2063=CARTESIAN_POINT('',(-0.0865471006262318,-0.101696588934601,0.00422439057110884));
#2064=CARTESIAN_POINT('',(-0.0862369009178364,-0.1018661427917,0.00327893416163503));
#2065=CARTESIAN_POINT('',(-0.0855789122636594,-0.102055571717947,0.0014008962518523));
#2066=CARTESIAN_POINT('',(-0.0846312552829024,-0.101950360309645,-0.000899962370789289));
#2067=CARTESIAN_POINT('',(-0.0837379531351061,-0.101673423208415,-0.00269173104663353));
#2068=CARTESIAN_POINT('',(-0.0829675418886711,-0.101382605796099,-0.00396687914834565));
#2069=CARTESIAN_POINT('',(-0.0820573165005758,-0.101036428476806,-0.00511757944699985));
#2070=CARTESIAN_POINT('',(-0.0811513578863576,-0.100836503868397,-0.00565866814764937));
#2071=CARTESIAN_POINT('',(-0.08064,-0.100836503868397,-0.00565866814764937));
#2072=CARTESIAN_POINT('',(-0.0865471006262318,-0.101696588934601,0.00422439057110884));
#2073=CARTESIAN_POINT('',(-0.07564,-0.0887196951955449,0.0189823249443841));
#2074=CARTESIAN_POINT('',(-0.0761673867169525,-0.0887196951955449,0.0189823249443841));
#2075=CARTESIAN_POINT('',(-0.0771875486320607,-0.0890237210366767,0.0188884117875827));
#2076=CARTESIAN_POINT('',(-0.0788634815771035,-0.0901926981512829,0.0184730336128546));
#2077=CARTESIAN_POINT('',(-0.0805916673287402,-0.0919681789174543,0.0176740856937221));
#2078=CARTESIAN_POINT('',(-0.0823780629204415,-0.0941175787801353,0.0163451753060668));
#2079=CARTESIAN_POINT('',(-0.0839312850201801,-0.0961940312790047,0.0146262869014374));
#2080=CARTESIAN_POINT('',(-0.0852027361272609,-0.0980703368156117,0.0125522020271058));
#2081=CARTESIAN_POINT('',(-0.0864801921625452,-0.1002658322032,0.00923157658199302));
#2082=CARTESIAN_POINT('',(-0.0867722288789886,-0.101329999214437,0.00626854696192488));
#2083=CARTESIAN_POINT('',(-0.0865471006262318,-0.101696588934601,0.00422439057110885));
#2084=CARTESIAN_POINT('',(-0.07564,-0.0887196951955449,0.0189823249443841));
#2085=CARTESIAN_POINT('',(-0.00564,-0.0887196951955449,0.0189823249443841));
#2086=CARTESIAN_POINT('',(-0.00564,-0.0785210989415646,0.00672139371856988));
#2087=CARTESIAN_POINT('',(-0.08064,-0.0785210989415646,0.00672139371856988));
#2088=CARTESIAN_POINT('',(-0.08064,-0.0562134374169618,-0.00567261556671295));
#2089=CARTESIAN_POINT('',(-0.00664,-0.0785210989415646,0.00672139371856988));
#2090=CARTESIAN_POINT('',(-0.08064,-0.0562134374169618,-0.00567261556671295));
#2091=CARTESIAN_POINT('',(-0.0806110373998153,-0.0562128225174383,-0.00567150882472762));
#2092=CARTESIAN_POINT('',(-0.0805820599760956,-0.0562125502617145,-0.00567101866396013));
#2093=CARTESIAN_POINT('',(-0.0805530707695479,-0.0562125502617145,-0.00567101866396013));
#2094=CARTESIAN_POINT('',(-0.00564,-0.0928736912774707,-0.00292151509545719));
#2095=CARTESIAN_POINT('',(-0.00664,-0.0928736912774707,-0.00292151509545719));
#2096=CARTESIAN_POINT('',(-0.0896398093282065,-0.0915988729312993,-0.00346701221950689));
#2097=CARTESIAN_POINT('',(-0.0896377646910607,-0.0917400361907166,-0.00379690857454993));
#2098=CARTESIAN_POINT('',(-0.0895919585463204,-0.092281500512867,-0.00432799409403688));
#2099=CARTESIAN_POINT('',(-0.0894143157150544,-0.0934137953309673,-0.00435162428337646));
#2100=CARTESIAN_POINT('',(-0.089347144685261,-0.0942569762225622,-0.00357321283362163));
#2101=CARTESIAN_POINT('',(-0.089437581111685,-0.094301221719832,-0.00281619005793104));
#2102=CARTESIAN_POINT('',(-0.0894875747184392,-0.0941879682434056,-0.00247946873488542));
#2103=CARTESIAN_POINT('',(-0.00664,-0.0785833531866038,-0.024257448981059));
#2104=CARTESIAN_POINT('',(-0.00664,-0.0878167940010395,0.0161214213401079));
#2105=CARTESIAN_POINT('',(-0.00664,-0.0693243696111713,0.0161214213401079));
#2106=CARTESIAN_POINT('',(-0.08964,-0.0785833531866038,-0.024257448981059));
#2107=CARTESIAN_POINT('',(-0.08964,-0.0785210989415646,0.00672139371856988));
#2108=CARTESIAN_POINT('',(-0.07564,-0.0785437300801277,0.00512142134010792));
#2109=CARTESIAN_POINT('',(-0.0892770669493324,-0.0975060324578678,0.00828850280723683));
#2110=CARTESIAN_POINT('',(-0.0888945524415013,-0.0969047767326185,0.0099355636759021));
#2111=CARTESIAN_POINT('',(-0.0878926897975929,-0.0957559914395636,0.0121930645209));
#2112=CARTESIAN_POINT('',(-0.0860390501840988,-0.0939766704115301,0.0145835627202984));
#2113=CARTESIAN_POINT('',(-0.0844026069383506,-0.092530145783683,0.0161156683151501));
#2114=CARTESIAN_POINT('',(-0.0825653264739376,-0.0910375805706256,0.0173548119052939));
#2115=CARTESIAN_POINT('',(-0.0805543127787898,-0.0895880229784025,0.0182952019989932));
#2116=CARTESIAN_POINT('',(-0.0782855641568245,-0.0882773983090458,0.0189438810227702));
#2117=CARTESIAN_POINT('',(-0.0765424691820026,-0.0878167940010394,0.0191214213401079));
#2118=CARTESIAN_POINT('',(-0.07564,-0.0878167940010394,0.0191214213401079));
#2119=CARTESIAN_POINT('',(-0.0892770669493324,-0.0975060324578678,0.00828850280723683));
#2120=CARTESIAN_POINT('',(-0.0892770669493324,-0.0975060324578678,0.00828850280723683));
#2121=CARTESIAN_POINT('',(-0.089531247017648,-0.0967257006013862,0.00719403440003555));
#2122=CARTESIAN_POINT('',(-0.08964,-0.095873522415073,0.0061306930668702));
#2123=CARTESIAN_POINT('',(-0.08964,-0.0949629023598836,0.00512142134010792));
#2124=CARTESIAN_POINT('',(-0.0893330203980363,-0.0597170691589663,0.00803710177166519));
#2125=CARTESIAN_POINT('',(-0.0895472435534447,-0.0604476926066864,0.00703103745645776));
#2126=CARTESIAN_POINT('',(-0.08964,-0.0612385502114477,0.00605324847015501));
#2127=CARTESIAN_POINT('',(-0.08964,-0.0620792955232456,0.00512142134010792));
#2128=CARTESIAN_POINT('',(-0.08064,-0.0785210989415646,0.00672139371856988));
#2129=CARTESIAN_POINT('',(-0.0865471006262318,-0.101696588934601,0.00422439057110885));
#2130=CARTESIAN_POINT('',(-0.0867452844317279,-0.101588262499317,0.00482843417298553));
#2131=CARTESIAN_POINT('',(-0.0871350679085821,-0.101301383686362,0.00601197040176862));
#2132=CARTESIAN_POINT('',(-0.0876858293171761,-0.10066478189546,0.00740673407890945));
#2133=CARTESIAN_POINT('',(-0.0881887949949292,-0.0999025615038693,0.00831490516187341));
#2134=CARTESIAN_POINT('',(-0.088605885192925,-0.0991577053780676,0.00881889330808935));
#2135=CARTESIAN_POINT('',(-0.0890255418405668,-0.0982367953731607,0.00893506655190893));
#2136=CARTESIAN_POINT('',(-0.0892159721370572,-0.0976935933024295,0.008551569625662));
#2137=CARTESIAN_POINT('',(-0.0892770669493323,-0.0975060324578679,0.00828850280723654));
#2138=CARTESIAN_POINT('',(-0.0841831186985869,-0.0554005324143937,-0.00222942667962208));
#2139=CARTESIAN_POINT('',(-0.0839728961098414,-0.0554564100238491,-0.00262313616288196));
#2140=CARTESIAN_POINT('',(-0.0836434024034925,-0.0555584386170563,-0.00320061307281951));
#2141=CARTESIAN_POINT('',(-0.0831726064835046,-0.055732118472269,-0.00394244583116846));
#2142=CARTESIAN_POINT('',(-0.0828011585614819,-0.0558806925146921,-0.0044826163985049));
#2143=CARTESIAN_POINT('',(-0.0824787103057474,-0.0560227602388024,-0.004922085205652));
#2144=CARTESIAN_POINT('',(-0.082200231813777,-0.056140228879702,-0.00525630561729986));
#2145=CARTESIAN_POINT('',(-0.0819976117208045,-0.056242607871417,-0.00551579086704411));
#2146=CARTESIAN_POINT('',(-0.0816749323447792,-0.0562693180005604,-0.00565498860379178));
#2147=CARTESIAN_POINT('',(-0.0812121533055518,-0.056229500356257,-0.00567472918465859));
#2148=CARTESIAN_POINT('',(-0.0808698469534783,-0.0562183172544515,-0.00568139866187697));
#2149=CARTESIAN_POINT('',(-0.08064,-0.0562134374169618,-0.00567261556671312));
#2150=CARTESIAN_POINT('',(-0.0842008620377772,-0.0553968718135024,-0.00220350944382235));
#2151=CARTESIAN_POINT('',(-0.0845174325410617,-0.0554320784301812,-0.00245398688503122));
#2152=CARTESIAN_POINT('',(-0.0848226590258353,-0.0555724792868874,-0.0026805254698048));
#2153=CARTESIAN_POINT('',(-0.0837028878624399,-0.0554993791817478,-0.00293279801867888));
#2154=CARTESIAN_POINT('',(-0.0839969237577541,-0.0555461741409422,-0.00319728956708149));
#2155=CARTESIAN_POINT('',(-0.0842806090631889,-0.0556932511876931,-0.00343464618109438));
#2156=CARTESIAN_POINT('',(-0.0825701763631911,-0.0557718824828789,-0.00426501478473583));
#2157=CARTESIAN_POINT('',(-0.0828166913703006,-0.055842405217596,-0.00454861402549141));
#2158=CARTESIAN_POINT('',(-0.083054508055699,-0.0560025544408615,-0.00480088196805186));
#2159=CARTESIAN_POINT('',(-0.0812375080316649,-0.0560781841238735,-0.0052699153064582));
#2160=CARTESIAN_POINT('',(-0.0814290374291217,-0.0561694336144645,-0.00556457523020189));
#2161=CARTESIAN_POINT('',(-0.0816147644742717,-0.0563403824800401,-0.00582540137540916));
#2162=CARTESIAN_POINT('',(-0.0805278377698097,-0.0562175135932956,-0.00568585543602167));
#2163=CARTESIAN_POINT('',(-0.0806920336388355,-0.056317215020197,-0.00598349400878775));
#2164=CARTESIAN_POINT('',(-0.0808517136212915,-0.0564924107833279,-0.00624673938047242));
#2165=CARTESIAN_POINT('',(-0.00564,-0.0693243696111713,0.0161214213401079));
#2166=CARTESIAN_POINT('',(-0.07564,-0.0878167940010395,0.0191214213401079));
#2167=CARTESIAN_POINT('',(-0.07564,-0.0882789588422322,0.0191214213401079));
#2168=CARTESIAN_POINT('',(-0.07564,-0.0887196951955449,0.0189823249443841));
#2169=CARTESIAN_POINT('',(-0.0768378517992411,-0.0878167940187246,0.0191214213401079));
#2170=CARTESIAN_POINT('',(-0.0767125564518954,-0.0882789588618505,0.0191214213344954));
#2171=CARTESIAN_POINT('',(-0.0765811692708416,-0.0887196952165572,0.0189823249377527));
#2172=CARTESIAN_POINT('',(-0.0790281457635845,-0.0886033039342972,0.0188146417181669));
#2173=CARTESIAN_POINT('',(-0.0786958538383299,-0.0891608741030898,0.0188753189786223));
#2174=CARTESIAN_POINT('',(-0.0783021145285263,-0.0896537618214967,0.0186960622228352));
#2175=CARTESIAN_POINT('',(-0.0816387926820023,-0.0903305158090296,0.0178634860939889));
#2176=CARTESIAN_POINT('',(-0.0810815679790033,-0.0911078815066473,0.0181094305473396));
#2177=CARTESIAN_POINT('',(-0.0803533371072891,-0.0917050149588402,0.0178085182588796));
#2178=CARTESIAN_POINT('',(-0.0839330098753696,-0.0921244019400268,0.0165072938856815));
#2179=CARTESIAN_POINT('',(-0.0832422743689757,-0.0931737909476325,0.0169955285038814));
#2180=CARTESIAN_POINT('',(-0.0821559363306458,-0.0938354510727093,0.0165430258709229));
#2181=CARTESIAN_POINT('',(-0.0859711839708174,-0.0939056183110453,0.0147000719666565));
#2182=CARTESIAN_POINT('',(-0.0852542455742498,-0.0952960324827978,0.0154627038255333));
#2183=CARTESIAN_POINT('',(-0.0837573588342191,-0.0959508404599519,0.0148566678678775));
#2184=CARTESIAN_POINT('',(-0.087666471485776,-0.095539144019151,0.0124822333429043));
#2185=CARTESIAN_POINT('',(-0.0870531692409823,-0.097341858302476,0.0134838942656462));
#2186=CARTESIAN_POINT('',(-0.0850893704530897,-0.0978908310208675,0.0127871545045851));
#2187=CARTESIAN_POINT('',(-0.0887626504947023,-0.0967632983640174,0.0101902611654752));
#2188=CARTESIAN_POINT('',(-0.0883364176073638,-0.0989600678656505,0.0113114130319225));
#2189=CARTESIAN_POINT('',(-0.085950653960182,-0.0993446482839392,0.0106484655129939));
#2190=CARTESIAN_POINT('',(-0.0893364874123746,-0.0975710078708821,0.00816788422252782));
#2191=CARTESIAN_POINT('',(-0.089100858816032,-0.100087168624453,0.00925344003928818));
#2192=CARTESIAN_POINT('',(-0.0864015258239068,-0.100303891723787,0.00876134168698303));
#2193=CARTESIAN_POINT('',(-0.0896903244623991,-0.0982658231018995,0.00598458881626694));
#2194=CARTESIAN_POINT('',(-0.0896553164352624,-0.101101392127474,0.00688122283021589));
#2195=CARTESIAN_POINT('',(-0.08667954064958,-0.101129060855113,0.00672406134956227));
#2196=CARTESIAN_POINT('',(-0.0896643203720641,-0.0986113093072276,0.00429612994956303));
#2197=CARTESIAN_POINT('',(-0.0897189493830776,-0.101593238310528,0.00497935012611584));
#2198=CARTESIAN_POINT('',(-0.0866591088613094,-0.101539363536507,0.00514852372956707));
#2199=CARTESIAN_POINT('',(-0.0894991525860905,-0.0987664265701598,0.00314054032513944));
#2200=CARTESIAN_POINT('',(-0.0895716426333768,-0.101795763226774,0.00364771396087176));
#2201=CARTESIAN_POINT('',(-0.0865293341747854,-0.101723582262722,0.00407021796565388));
#2202=CARTESIAN_POINT('',(-0.07564,-0.0878167940010395,0.0161214213401079));
#2203=CARTESIAN_POINT('',(-0.00564,-0.0878167940010395,0.0161214213401079));
#2204=MECHANICAL_DESIGN_GEOMETRIC_PRESENTATION_REPRESENTATION('',(#968,
#894,#895,#896,#897,#898,#899,#900,#901,#902,#903,#904,#905,#906,#907,#908,
#909,#910,#911,#912,#913),#2205);
#2205=(
GEOMETRIC_REPRESENTATION_CONTEXT(3)
GLOBAL_UNCERTAINTY_ASSIGNED_CONTEXT((#2206))
GLOBAL_UNIT_ASSIGNED_CONTEXT((#2209,#2208,#2207))
REPRESENTATION_CONTEXT('Part 24','TOP_LEVEL_ASSEMBLY_PART')
);
#2206=UNCERTAINTY_MEASURE_WITH_UNIT(LENGTH_MEASURE(2.E-5),#2209,
'DISTANCE_ACCURACY_VALUE','Maximum Tolerance applied to model');
#2207=(
NAMED_UNIT(*)
SI_UNIT($,.STERADIAN.)
SOLID_ANGLE_UNIT()
);
#2208=(
NAMED_UNIT(*)
PLANE_ANGLE_UNIT()
SI_UNIT($,.RADIAN.)
);
#2209=(
LENGTH_UNIT()
NAMED_UNIT(*)
SI_UNIT($,.METRE.)
);
#2210=PRODUCT_DEFINITION_SHAPE('','',#2211);
#2211=PRODUCT_DEFINITION('','',#2213,#2212);
#2212=PRODUCT_DEFINITION_CONTEXT('',#2219,'design');
#2213=PRODUCT_DEFINITION_FORMATION_WITH_SPECIFIED_SOURCE('','',#2215,
 .NOT_KNOWN.);
#2214=PRODUCT_RELATED_PRODUCT_CATEGORY('','',(#2215));
#2215=PRODUCT('Part 24','Part 24','Part 24',(#2217));
#2216=PRODUCT_CATEGORY('','');
#2217=PRODUCT_CONTEXT('',#2219,'mechanical');
#2218=APPLICATION_PROTOCOL_DEFINITION('international standard',
'ap242_managed_model_based_3d_engineering',2020,#2219);
#2219=APPLICATION_CONTEXT('managed model based 3d engineering');
ENDSEC;
END-ISO-10303-21;
