ISO-10303-21;
HEADER;
/* Generated by software containing ST-Developer
 * from STEP Tools, Inc. (www.steptools.com) 
 */
/* OPTION: using custom renumber hook */

FILE_DESCRIPTION(
/* description */ ('STEP AP242 Edition 2',
'CAx-IF Rec.Pracs.---Representation and Presentation of Product Manufa
cturing Information (PMI)---4.0---2014-10-13',
'CAx-IF Rec.Pracs.---3D Tessellated Geometry---0.4---2014-09-14','2;1',
'CAx-IF Rec.Pracs.---User Defined Attributes---1.5---2016-08-15'),
/* implementation_level */ '2;1');

FILE_NAME(
/* name */ 'Part Studio 1 - Part 95',
/* time_stamp */ '2026-06-18T16:33:50Z',
/* author */ (''),
/* organization */ (''),
/* preprocessor_version */ 'ST-DEVELOPER v20',
/* originating_system */ 'ONSHAPE BY PTC INC, 1.216',
/* authorisation */ '  ');

FILE_SCHEMA (('AP242_MANAGED_MODEL_BASED_3D_ENGINEERING_MIM_LF { 1 0 10303 442 3 1 4 }'));
ENDSEC;

DATA;
#10=SHAPE_REPRESENTATION_RELATIONSHIP('','',#2517,#11);
#11=ADVANCED_BREP_SHAPE_REPRESENTATION('',(#2515),#4971);
#12=B_SPLINE_SURFACE_WITH_KNOTS('',3,3,((#4522,#4523,#4524,#4525,#4526,
#4527,#4528,#4529,#4530,#4531,#4532,#4533,#4534,#4535,#4536,#4537,#4538),
(#4539,#4540,#4541,#4542,#4543,#4544,#4545,#4546,#4547,#4548,#4549,#4550,
#4551,#4552,#4553,#4554,#4555),(#4556,#4557,#4558,#4559,#4560,#4561,#4562,
#4563,#4564,#4565,#4566,#4567,#4568,#4569,#4570,#4571,#4572),(#4573,#4574,
#4575,#4576,#4577,#4578,#4579,#4580,#4581,#4582,#4583,#4584,#4585,#4586,
#4587,#4588,#4589),(#4590,#4591,#4592,#4593,#4594,#4595,#4596,#4597,#4598,
#4599,#4600,#4601,#4602,#4603,#4604,#4605,#4606),(#4607,#4608,#4609,#4610,
#4611,#4612,#4613,#4614,#4615,#4616,#4617,#4618,#4619,#4620,#4621,#4622,
#4623),(#4624,#4625,#4626,#4627,#4628,#4629,#4630,#4631,#4632,#4633,#4634,
#4635,#4636,#4637,#4638,#4639,#4640),(#4641,#4642,#4643,#4644,#4645,#4646,
#4647,#4648,#4649,#4650,#4651,#4652,#4653,#4654,#4655,#4656,#4657),(#4658,
#4659,#4660,#4661,#4662,#4663,#4664,#4665,#4666,#4667,#4668,#4669,#4670,
#4671,#4672,#4673,#4674),(#4675,#4676,#4677,#4678,#4679,#4680,#4681,#4682,
#4683,#4684,#4685,#4686,#4687,#4688,#4689,#4690,#4691),(#4692,#4693,#4694,
#4695,#4696,#4697,#4698,#4699,#4700,#4701,#4702,#4703,#4704,#4705,#4706,
#4707,#4708),(#4709,#4710,#4711,#4712,#4713,#4714,#4715,#4716,#4717,#4718,
#4719,#4720,#4721,#4722,#4723,#4724,#4725),(#4726,#4727,#4728,#4729,#4730,
#4731,#4732,#4733,#4734,#4735,#4736,#4737,#4738,#4739,#4740,#4741,#4742),
(#4743,#4744,#4745,#4746,#4747,#4748,#4749,#4750,#4751,#4752,#4753,#4754,
#4755,#4756,#4757,#4758,#4759),(#4760,#4761,#4762,#4763,#4764,#4765,#4766,
#4767,#4768,#4769,#4770,#4771,#4772,#4773,#4774,#4775,#4776),(#4777,#4778,
#4779,#4780,#4781,#4782,#4783,#4784,#4785,#4786,#4787,#4788,#4789,#4790,
#4791,#4792,#4793),(#4794,#4795,#4796,#4797,#4798,#4799,#4800,#4801,#4802,
#4803,#4804,#4805,#4806,#4807,#4808,#4809,#4810),(#4811,#4812,#4813,#4814,
#4815,#4816,#4817,#4818,#4819,#4820,#4821,#4822,#4823,#4824,#4825,#4826,
#4827),(#4828,#4829,#4830,#4831,#4832,#4833,#4834,#4835,#4836,#4837,#4838,
#4839,#4840,#4841,#4842,#4843,#4844)),.UNSPECIFIED.,.F.,.F.,.F.,(4,1,1,
1,1,1,1,1,1,1,1,1,1,1,1,1,4),(4,1,1,1,1,1,1,1,1,1,1,1,1,1,4),(-0.10088194232978,
-0.0808201104773506,-0.0707891945511357,-0.0607582786249209,-0.0406964467724912,
-0.0206346149200616,-0.000572783067631935,0.0194890487847977,0.059612712489657,
0.0997363761945163,0.139860039899376,0.220107367309094,0.380602022128532,
0.541096676947969,0.701591331767406,0.862085986586843,1.18307529622572),
(-0.000137711980548904,0.124893164149049,0.187408602213848,0.249924040278646,
0.312439478343445,0.374954916408244,0.406212635440643,0.437470354473042,
0.499985792537841,0.56250123060264,0.625016668667439,0.687532106732237,
0.750047544797036,0.875078420926634,1.00010929705623),.UNSPECIFIED.);
#13=TOROIDAL_SURFACE('',#2653,0.00175000000000005,0.0005);
#14=TOROIDAL_SURFACE('',#2668,0.0055,0.005);
#15=TOROIDAL_SURFACE('',#2675,0.0055,0.005);
#16=TOROIDAL_SURFACE('',#2677,0.0055,0.005);
#17=TOROIDAL_SURFACE('',#2679,0.0055,0.005);
#18=TOROIDAL_SURFACE('',#2692,0.0055,0.005);
#19=TOROIDAL_SURFACE('',#2696,0.0055,0.005);
#20=TOROIDAL_SURFACE('',#2698,0.0055,0.005);
#21=TOROIDAL_SURFACE('',#2700,0.0055,0.005);
#22=TOROIDAL_SURFACE('',#2702,0.0055,0.005);
#23=TOROIDAL_SURFACE('',#2712,0.0055,0.005);
#24=TOROIDAL_SURFACE('',#2713,0.0055,0.005);
#25=ELLIPSE('',#2584,0.00231766709586294,0.0005);
#26=ELLIPSE('',#2585,0.000677722338622213,0.0005);
#27=ELLIPSE('',#2586,0.00138584364932987,0.0005);
#28=ELLIPSE('',#2587,0.000797066567393636,0.0005);
#29=ELLIPSE('',#2621,0.000577350269189626,0.0005);
#30=ELLIPSE('',#2622,0.000577350269189625,0.0005);
#31=ELLIPSE('',#2624,0.000577350269189627,0.0005);
#32=ELLIPSE('',#2626,0.000577350269189625,0.0005);
#33=ELLIPSE('',#2628,0.000577350269189624,0.0005);
#34=ELLIPSE('',#2630,0.000577350269189627,0.0005);
#35=ELLIPSE('',#2633,0.000577350269189626,0.0005);
#36=ELLIPSE('',#2634,0.000577350269189626,0.0005);
#37=ELLIPSE('',#2636,0.000577350269189626,0.0005);
#38=ELLIPSE('',#2638,0.000577350269189626,0.0005);
#39=ELLIPSE('',#2640,0.000577350269189626,0.0005);
#40=ELLIPSE('',#2642,0.000577350269189625,0.0005);
#41=ELLIPSE('',#2645,0.000577350269189624,0.0005);
#42=ELLIPSE('',#2646,0.000577350269189627,0.0005);
#43=ELLIPSE('',#2648,0.000577350269189629,0.0005);
#44=ELLIPSE('',#2652,0.000577350269189624,0.0005);
#45=ELLIPSE('',#2657,0.000577350269189626,0.0005);
#46=ELLIPSE('',#2658,0.000577350269189627,0.0005);
#47=ELLIPSE('',#2660,0.000577350269189625,0.0005);
#48=ELLIPSE('',#2662,0.000577350269189625,0.0005);
#49=ELLIPSE('',#2664,0.000577350269189626,0.0005);
#50=ELLIPSE('',#2666,0.000577350269189626,0.0005);
#51=ELLIPSE('',#2717,0.00707106781186547,0.005);
#52=ELLIPSE('',#2718,0.00707106781186547,0.005);
#53=ELLIPSE('',#2720,0.00707106781186547,0.005);
#54=ELLIPSE('',#2722,0.00707106781186547,0.005);
#55=CYLINDRICAL_SURFACE('',#2548,0.0005);
#56=CYLINDRICAL_SURFACE('',#2551,0.0005);
#57=CYLINDRICAL_SURFACE('',#2554,0.0005);
#58=CYLINDRICAL_SURFACE('',#2557,0.0005);
#59=CYLINDRICAL_SURFACE('',#2560,0.0005);
#60=CYLINDRICAL_SURFACE('',#2562,0.0005);
#61=CYLINDRICAL_SURFACE('',#2565,0.0005);
#62=CYLINDRICAL_SURFACE('',#2568,0.0005);
#63=CYLINDRICAL_SURFACE('',#2571,0.0005);
#64=CYLINDRICAL_SURFACE('',#2574,0.0005);
#65=CYLINDRICAL_SURFACE('',#2577,0.000499999999999987);
#66=CYLINDRICAL_SURFACE('',#2580,0.00049999999999999);
#67=CYLINDRICAL_SURFACE('',#2595,0.00125000000000005);
#68=CYLINDRICAL_SURFACE('',#2620,0.0005);
#69=CYLINDRICAL_SURFACE('',#2623,0.0005);
#70=CYLINDRICAL_SURFACE('',#2625,0.0005);
#71=CYLINDRICAL_SURFACE('',#2627,0.0005);
#72=CYLINDRICAL_SURFACE('',#2629,0.0005);
#73=CYLINDRICAL_SURFACE('',#2631,0.0005);
#74=CYLINDRICAL_SURFACE('',#2632,0.0005);
#75=CYLINDRICAL_SURFACE('',#2635,0.0005);
#76=CYLINDRICAL_SURFACE('',#2637,0.0005);
#77=CYLINDRICAL_SURFACE('',#2639,0.0005);
#78=CYLINDRICAL_SURFACE('',#2641,0.0005);
#79=CYLINDRICAL_SURFACE('',#2643,0.0005);
#80=CYLINDRICAL_SURFACE('',#2644,0.0005);
#81=CYLINDRICAL_SURFACE('',#2647,0.0005);
#82=CYLINDRICAL_SURFACE('',#2649,0.0005);
#83=CYLINDRICAL_SURFACE('',#2651,0.0005);
#84=CYLINDRICAL_SURFACE('',#2655,0.0005);
#85=CYLINDRICAL_SURFACE('',#2656,0.0005);
#86=CYLINDRICAL_SURFACE('',#2659,0.0005);
#87=CYLINDRICAL_SURFACE('',#2661,0.0005);
#88=CYLINDRICAL_SURFACE('',#2663,0.0005);
#89=CYLINDRICAL_SURFACE('',#2665,0.0005);
#90=CYLINDRICAL_SURFACE('',#2667,0.0005);
#91=CYLINDRICAL_SURFACE('',#2671,0.005);
#92=CYLINDRICAL_SURFACE('',#2673,0.005);
#93=CYLINDRICAL_SURFACE('',#2682,0.005);
#94=CYLINDRICAL_SURFACE('',#2684,0.005);
#95=CYLINDRICAL_SURFACE('',#2688,0.005);
#96=CYLINDRICAL_SURFACE('',#2690,0.005);
#97=CYLINDRICAL_SURFACE('',#2693,0.005);
#98=CYLINDRICAL_SURFACE('',#2704,0.005);
#99=CYLINDRICAL_SURFACE('',#2706,0.005);
#100=CYLINDRICAL_SURFACE('',#2708,0.005);
#101=CYLINDRICAL_SURFACE('',#2710,0.005);
#102=CYLINDRICAL_SURFACE('',#2716,0.005);
#103=CYLINDRICAL_SURFACE('',#2719,0.005);
#104=CYLINDRICAL_SURFACE('',#2721,0.005);
#105=CYLINDRICAL_SURFACE('',#2723,0.005);
#106=LINE('',#3499,#346);
#107=LINE('',#3502,#347);
#108=LINE('',#3504,#348);
#109=LINE('',#3506,#349);
#110=LINE('',#3508,#350);
#111=LINE('',#3510,#351);
#112=LINE('',#3511,#352);
#113=LINE('',#3514,#353);
#114=LINE('',#3516,#354);
#115=LINE('',#3518,#355);
#116=LINE('',#3520,#356);
#117=LINE('',#3522,#357);
#118=LINE('',#3523,#358);
#119=LINE('',#3580,#359);
#120=LINE('',#3583,#360);
#121=LINE('',#3585,#361);
#122=LINE('',#3587,#362);
#123=LINE('',#3589,#363);
#124=LINE('',#3591,#364);
#125=LINE('',#3593,#365);
#126=LINE('',#3595,#366);
#127=LINE('',#3597,#367);
#128=LINE('',#3599,#368);
#129=LINE('',#3601,#369);
#130=LINE('',#3603,#370);
#131=LINE('',#3605,#371);
#132=LINE('',#3607,#372);
#133=LINE('',#3609,#373);
#134=LINE('',#3611,#374);
#135=LINE('',#3613,#375);
#136=LINE('',#3615,#376);
#137=LINE('',#3619,#377);
#138=LINE('',#3621,#378);
#139=LINE('',#3623,#379);
#140=LINE('',#3625,#380);
#141=LINE('',#3627,#381);
#142=LINE('',#3628,#382);
#143=LINE('',#3631,#383);
#144=LINE('',#3633,#384);
#145=LINE('',#3635,#385);
#146=LINE('',#3637,#386);
#147=LINE('',#3639,#387);
#148=LINE('',#3640,#388);
#149=LINE('',#3645,#389);
#150=LINE('',#3649,#390);
#151=LINE('',#3653,#391);
#152=LINE('',#3656,#392);
#153=LINE('',#3661,#393);
#154=LINE('',#3665,#394);
#155=LINE('',#3669,#395);
#156=LINE('',#3672,#396);
#157=LINE('',#3677,#397);
#158=LINE('',#3681,#398);
#159=LINE('',#3685,#399);
#160=LINE('',#3724,#400);
#161=LINE('',#3730,#401);
#162=LINE('',#3734,#402);
#163=LINE('',#3738,#403);
#164=LINE('',#3744,#404);
#165=LINE('',#3750,#405);
#166=LINE('',#3754,#406);
#167=LINE('',#3785,#407);
#168=LINE('',#3787,#408);
#169=LINE('',#3789,#409);
#170=LINE('',#3791,#410);
#171=LINE('',#3793,#411);
#172=LINE('',#3795,#412);
#173=LINE('',#3797,#413);
#174=LINE('',#3801,#414);
#175=LINE('',#3803,#415);
#176=LINE('',#3805,#416);
#177=LINE('',#3809,#417);
#178=LINE('',#3811,#418);
#179=LINE('',#3813,#419);
#180=LINE('',#3817,#420);
#181=LINE('',#3819,#421);
#182=LINE('',#3821,#422);
#183=LINE('',#3825,#423);
#184=LINE('',#3831,#424);
#185=LINE('',#3849,#425);
#186=LINE('',#3857,#426);
#187=LINE('',#3859,#427);
#188=LINE('',#3863,#428);
#189=LINE('',#3865,#429);
#190=LINE('',#3867,#430);
#191=LINE('',#3871,#431);
#192=LINE('',#3873,#432);
#193=LINE('',#3875,#433);
#194=LINE('',#3884,#434);
#195=LINE('',#3886,#435);
#196=LINE('',#3888,#436);
#197=LINE('',#3892,#437);
#198=LINE('',#3894,#438);
#199=LINE('',#3896,#439);
#200=LINE('',#3900,#440);
#201=LINE('',#3902,#441);
#202=LINE('',#3904,#442);
#203=LINE('',#3908,#443);
#204=LINE('',#3910,#444);
#205=LINE('',#3912,#445);
#206=LINE('',#4161,#446);
#207=LINE('',#4163,#447);
#208=LINE('',#4165,#448);
#209=LINE('',#4167,#449);
#210=LINE('',#4169,#450);
#211=LINE('',#4177,#451);
#212=LINE('',#4179,#452);
#213=LINE('',#4181,#453);
#214=LINE('',#4183,#454);
#215=LINE('',#4186,#455);
#216=LINE('',#4188,#456);
#217=LINE('',#4190,#457);
#218=LINE('',#4192,#458);
#219=LINE('',#4195,#459);
#220=LINE('',#4196,#460);
#221=LINE('',#4198,#461);
#222=LINE('',#4201,#462);
#223=LINE('',#4202,#463);
#224=LINE('',#4204,#464);
#225=LINE('',#4207,#465);
#226=LINE('',#4208,#466);
#227=LINE('',#4210,#467);
#228=LINE('',#4213,#468);
#229=LINE('',#4214,#469);
#230=LINE('',#4220,#470);
#231=LINE('',#4223,#471);
#232=LINE('',#4225,#472);
#233=LINE('',#4227,#473);
#234=LINE('',#4229,#474);
#235=LINE('',#4232,#475);
#236=LINE('',#4233,#476);
#237=LINE('',#4235,#477);
#238=LINE('',#4238,#478);
#239=LINE('',#4239,#479);
#240=LINE('',#4241,#480);
#241=LINE('',#4244,#481);
#242=LINE('',#4245,#482);
#243=LINE('',#4247,#483);
#244=LINE('',#4250,#484);
#245=LINE('',#4251,#485);
#246=LINE('',#4253,#486);
#247=LINE('',#4254,#487);
#248=LINE('',#4257,#488);
#249=LINE('',#4260,#489);
#250=LINE('',#4262,#490);
#251=LINE('',#4264,#491);
#252=LINE('',#4266,#492);
#253=LINE('',#4269,#493);
#254=LINE('',#4270,#494);
#255=LINE('',#4272,#495);
#256=LINE('',#4275,#496);
#257=LINE('',#4276,#497);
#258=LINE('',#4278,#498);
#259=LINE('',#4281,#499);
#260=LINE('',#4282,#500);
#261=LINE('',#4284,#501);
#262=LINE('',#4287,#502);
#263=LINE('',#4288,#503);
#264=LINE('',#4290,#504);
#265=LINE('',#4291,#505);
#266=LINE('',#4294,#506);
#267=LINE('',#4297,#507);
#268=LINE('',#4299,#508);
#269=LINE('',#4301,#509);
#270=LINE('',#4303,#510);
#271=LINE('',#4306,#511);
#272=LINE('',#4307,#512);
#273=LINE('',#4309,#513);
#274=LINE('',#4312,#514);
#275=LINE('',#4313,#515);
#276=LINE('',#4315,#516);
#277=LINE('',#4318,#517);
#278=LINE('',#4319,#518);
#279=LINE('',#4321,#519);
#280=LINE('',#4324,#520);
#281=LINE('',#4325,#521);
#282=LINE('',#4327,#522);
#283=LINE('',#4328,#523);
#284=LINE('',#4399,#524);
#285=LINE('',#4461,#525);
#286=LINE('',#4847,#526);
#287=LINE('',#4849,#527);
#288=LINE('',#4851,#528);
#289=LINE('',#4853,#529);
#290=LINE('',#4855,#530);
#291=LINE('',#4857,#531);
#292=LINE('',#4859,#532);
#293=LINE('',#4861,#533);
#294=LINE('',#4863,#534);
#295=LINE('',#4865,#535);
#296=LINE('',#4867,#536);
#297=LINE('',#4869,#537);
#298=LINE('',#4872,#538);
#299=LINE('',#4874,#539);
#300=LINE('',#4876,#540);
#301=LINE('',#4878,#541);
#302=LINE('',#4881,#542);
#303=LINE('',#4882,#543);
#304=LINE('',#4884,#544);
#305=LINE('',#4887,#545);
#306=LINE('',#4888,#546);
#307=LINE('',#4890,#547);
#308=LINE('',#4893,#548);
#309=LINE('',#4894,#549);
#310=LINE('',#4896,#550);
#311=LINE('',#4899,#551);
#312=LINE('',#4900,#552);
#313=LINE('',#4902,#553);
#314=LINE('',#4903,#554);
#315=LINE('',#4905,#555);
#316=LINE('',#4908,#556);
#317=LINE('',#4910,#557);
#318=LINE('',#4912,#558);
#319=LINE('',#4914,#559);
#320=LINE('',#4916,#560);
#321=LINE('',#4918,#561);
#322=LINE('',#4920,#562);
#323=LINE('',#4922,#563);
#324=LINE('',#4924,#564);
#325=LINE('',#4926,#565);
#326=LINE('',#4928,#566);
#327=LINE('',#4930,#567);
#328=LINE('',#4933,#568);
#329=LINE('',#4935,#569);
#330=LINE('',#4937,#570);
#331=LINE('',#4939,#571);
#332=LINE('',#4942,#572);
#333=LINE('',#4943,#573);
#334=LINE('',#4945,#574);
#335=LINE('',#4948,#575);
#336=LINE('',#4949,#576);
#337=LINE('',#4951,#577);
#338=LINE('',#4954,#578);
#339=LINE('',#4955,#579);
#340=LINE('',#4957,#580);
#341=LINE('',#4960,#581);
#342=LINE('',#4961,#582);
#343=LINE('',#4963,#583);
#344=LINE('',#4964,#584);
#345=LINE('',#4966,#585);
#346=VECTOR('',#2761,1.);
#347=VECTOR('',#2762,1.);
#348=VECTOR('',#2763,1.);
#349=VECTOR('',#2764,1.);
#350=VECTOR('',#2765,1.);
#351=VECTOR('',#2766,1.);
#352=VECTOR('',#2767,1.);
#353=VECTOR('',#2768,1.);
#354=VECTOR('',#2769,1.);
#355=VECTOR('',#2770,1.);
#356=VECTOR('',#2771,1.);
#357=VECTOR('',#2772,1.);
#358=VECTOR('',#2773,1.);
#359=VECTOR('',#2774,1.);
#360=VECTOR('',#2775,1.);
#361=VECTOR('',#2776,1.);
#362=VECTOR('',#2777,1.);
#363=VECTOR('',#2778,1.);
#364=VECTOR('',#2779,1.);
#365=VECTOR('',#2780,1.);
#366=VECTOR('',#2781,1.);
#367=VECTOR('',#2782,1.);
#368=VECTOR('',#2783,1.);
#369=VECTOR('',#2784,1.);
#370=VECTOR('',#2785,1.);
#371=VECTOR('',#2786,1.);
#372=VECTOR('',#2787,1.);
#373=VECTOR('',#2788,1.);
#374=VECTOR('',#2789,1.);
#375=VECTOR('',#2790,1.);
#376=VECTOR('',#2791,1.);
#377=VECTOR('',#2794,1.);
#378=VECTOR('',#2795,1.);
#379=VECTOR('',#2796,1.);
#380=VECTOR('',#2797,1.);
#381=VECTOR('',#2798,1.);
#382=VECTOR('',#2799,1.);
#383=VECTOR('',#2800,1.);
#384=VECTOR('',#2801,1.);
#385=VECTOR('',#2802,1.);
#386=VECTOR('',#2803,1.);
#387=VECTOR('',#2804,1.);
#388=VECTOR('',#2805,1.);
#389=VECTOR('',#2808,1.);
#390=VECTOR('',#2811,1.);
#391=VECTOR('',#2814,1.);
#392=VECTOR('',#2817,1.);
#393=VECTOR('',#2820,1.);
#394=VECTOR('',#2823,1.);
#395=VECTOR('',#2826,1.);
#396=VECTOR('',#2829,1.);
#397=VECTOR('',#2832,1.);
#398=VECTOR('',#2835,1.);
#399=VECTOR('',#2838,1.);
#400=VECTOR('',#2847,1.);
#401=VECTOR('',#2852,1.);
#402=VECTOR('',#2855,1.);
#403=VECTOR('',#2858,1.);
#404=VECTOR('',#2863,1.);
#405=VECTOR('',#2868,1.);
#406=VECTOR('',#2871,1.);
#407=VECTOR('',#2872,1.);
#408=VECTOR('',#2873,1.);
#409=VECTOR('',#2874,1.);
#410=VECTOR('',#2875,1.);
#411=VECTOR('',#2878,1.);
#412=VECTOR('',#2879,1.);
#413=VECTOR('',#2880,1.);
#414=VECTOR('',#2885,1.);
#415=VECTOR('',#2888,1.);
#416=VECTOR('',#2889,1.);
#417=VECTOR('',#2894,1.);
#418=VECTOR('',#2897,1.);
#419=VECTOR('',#2898,1.);
#420=VECTOR('',#2903,1.);
#421=VECTOR('',#2906,1.);
#422=VECTOR('',#2907,1.);
#423=VECTOR('',#2914,1.);
#424=VECTOR('',#2915,1.);
#425=VECTOR('',#2918,1.);
#426=VECTOR('',#2921,1.);
#427=VECTOR('',#2922,1.);
#428=VECTOR('',#2927,1.);
#429=VECTOR('',#2930,1.);
#430=VECTOR('',#2931,1.);
#431=VECTOR('',#2936,1.);
#432=VECTOR('',#2939,1.);
#433=VECTOR('',#2940,1.);
#434=VECTOR('',#2947,1.);
#435=VECTOR('',#2948,1.);
#436=VECTOR('',#2949,1.);
#437=VECTOR('',#2954,1.);
#438=VECTOR('',#2957,1.);
#439=VECTOR('',#2958,1.);
#440=VECTOR('',#2963,1.);
#441=VECTOR('',#2966,1.);
#442=VECTOR('',#2967,1.);
#443=VECTOR('',#2972,1.);
#444=VECTOR('',#2975,1.);
#445=VECTOR('',#2976,1.);
#446=VECTOR('',#2983,1.);
#447=VECTOR('',#2984,1.);
#448=VECTOR('',#2985,1.);
#449=VECTOR('',#2988,1.);
#450=VECTOR('',#2989,1.);
#451=VECTOR('',#3000,1.);
#452=VECTOR('',#3001,1.);
#453=VECTOR('',#3004,1.);
#454=VECTOR('',#3007,1.);
#455=VECTOR('',#3008,1.);
#456=VECTOR('',#3009,1.);
#457=VECTOR('',#3010,1.);
#458=VECTOR('',#3013,1.);
#459=VECTOR('',#3014,1.);
#460=VECTOR('',#3015,1.);
#461=VECTOR('',#3018,1.);
#462=VECTOR('',#3019,1.);
#463=VECTOR('',#3020,1.);
#464=VECTOR('',#3023,1.);
#465=VECTOR('',#3024,1.);
#466=VECTOR('',#3025,1.);
#467=VECTOR('',#3028,1.);
#468=VECTOR('',#3029,1.);
#469=VECTOR('',#3030,1.);
#470=VECTOR('',#3041,1.);
#471=VECTOR('',#3042,1.);
#472=VECTOR('',#3043,1.);
#473=VECTOR('',#3044,1.);
#474=VECTOR('',#3047,1.);
#475=VECTOR('',#3048,1.);
#476=VECTOR('',#3049,1.);
#477=VECTOR('',#3052,1.);
#478=VECTOR('',#3053,1.);
#479=VECTOR('',#3054,1.);
#480=VECTOR('',#3057,1.);
#481=VECTOR('',#3058,1.);
#482=VECTOR('',#3059,1.);
#483=VECTOR('',#3062,1.);
#484=VECTOR('',#3063,1.);
#485=VECTOR('',#3064,1.);
#486=VECTOR('',#3067,1.);
#487=VECTOR('',#3068,1.);
#488=VECTOR('',#3073,1.);
#489=VECTOR('',#3074,1.);
#490=VECTOR('',#3075,1.);
#491=VECTOR('',#3076,1.);
#492=VECTOR('',#3079,1.);
#493=VECTOR('',#3080,1.);
#494=VECTOR('',#3081,1.);
#495=VECTOR('',#3084,1.);
#496=VECTOR('',#3085,1.);
#497=VECTOR('',#3086,1.);
#498=VECTOR('',#3089,1.);
#499=VECTOR('',#3090,1.);
#500=VECTOR('',#3091,1.);
#501=VECTOR('',#3094,1.);
#502=VECTOR('',#3095,1.);
#503=VECTOR('',#3096,1.);
#504=VECTOR('',#3099,1.);
#505=VECTOR('',#3100,1.);
#506=VECTOR('',#3105,1.);
#507=VECTOR('',#3106,1.);
#508=VECTOR('',#3107,1.);
#509=VECTOR('',#3108,1.);
#510=VECTOR('',#3111,1.);
#511=VECTOR('',#3112,1.);
#512=VECTOR('',#3113,1.);
#513=VECTOR('',#3116,1.);
#514=VECTOR('',#3117,1.);
#515=VECTOR('',#3118,1.);
#516=VECTOR('',#3121,1.);
#517=VECTOR('',#3122,1.);
#518=VECTOR('',#3123,1.);
#519=VECTOR('',#3126,1.);
#520=VECTOR('',#3127,1.);
#521=VECTOR('',#3128,1.);
#522=VECTOR('',#3131,1.);
#523=VECTOR('',#3132,1.);
#524=VECTOR('',#3261,1.);
#525=VECTOR('',#3306,1.);
#526=VECTOR('',#3349,1.);
#527=VECTOR('',#3350,1.);
#528=VECTOR('',#3351,1.);
#529=VECTOR('',#3354,1.);
#530=VECTOR('',#3355,1.);
#531=VECTOR('',#3358,1.);
#532=VECTOR('',#3359,1.);
#533=VECTOR('',#3362,1.);
#534=VECTOR('',#3363,1.);
#535=VECTOR('',#3366,1.);
#536=VECTOR('',#3367,1.);
#537=VECTOR('',#3370,1.);
#538=VECTOR('',#3371,1.);
#539=VECTOR('',#3372,1.);
#540=VECTOR('',#3373,1.);
#541=VECTOR('',#3376,1.);
#542=VECTOR('',#3377,1.);
#543=VECTOR('',#3378,1.);
#544=VECTOR('',#3381,1.);
#545=VECTOR('',#3382,1.);
#546=VECTOR('',#3383,1.);
#547=VECTOR('',#3386,1.);
#548=VECTOR('',#3387,1.);
#549=VECTOR('',#3388,1.);
#550=VECTOR('',#3391,1.);
#551=VECTOR('',#3392,1.);
#552=VECTOR('',#3393,1.);
#553=VECTOR('',#3396,1.);
#554=VECTOR('',#3397,1.);
#555=VECTOR('',#3400,1.);
#556=VECTOR('',#3405,1.);
#557=VECTOR('',#3406,1.);
#558=VECTOR('',#3407,1.);
#559=VECTOR('',#3410,1.);
#560=VECTOR('',#3411,1.);
#561=VECTOR('',#3414,1.);
#562=VECTOR('',#3415,1.);
#563=VECTOR('',#3418,1.);
#564=VECTOR('',#3419,1.);
#565=VECTOR('',#3422,1.);
#566=VECTOR('',#3423,1.);
#567=VECTOR('',#3426,1.);
#568=VECTOR('',#3427,1.);
#569=VECTOR('',#3428,1.);
#570=VECTOR('',#3429,1.);
#571=VECTOR('',#3432,1.);
#572=VECTOR('',#3433,1.);
#573=VECTOR('',#3434,1.);
#574=VECTOR('',#3437,1.);
#575=VECTOR('',#3438,1.);
#576=VECTOR('',#3439,1.);
#577=VECTOR('',#3442,1.);
#578=VECTOR('',#3443,1.);
#579=VECTOR('',#3444,1.);
#580=VECTOR('',#3447,1.);
#581=VECTOR('',#3448,1.);
#582=VECTOR('',#3449,1.);
#583=VECTOR('',#3452,1.);
#584=VECTOR('',#3453,1.);
#585=VECTOR('',#3456,1.);
#586=PLANE('',#2521);
#587=PLANE('',#2535);
#588=PLANE('',#2547);
#589=PLANE('',#2550);
#590=PLANE('',#2553);
#591=PLANE('',#2556);
#592=PLANE('',#2559);
#593=PLANE('',#2561);
#594=PLANE('',#2564);
#595=PLANE('',#2567);
#596=PLANE('',#2570);
#597=PLANE('',#2573);
#598=PLANE('',#2576);
#599=PLANE('',#2579);
#600=PLANE('',#2582);
#601=PLANE('',#2583);
#602=PLANE('',#2588);
#603=PLANE('',#2589);
#604=PLANE('',#2590);
#605=PLANE('',#2591);
#606=PLANE('',#2592);
#607=PLANE('',#2593);
#608=PLANE('',#2594);
#609=PLANE('',#2598);
#610=PLANE('',#2599);
#611=PLANE('',#2600);
#612=PLANE('',#2601);
#613=PLANE('',#2602);
#614=PLANE('',#2603);
#615=PLANE('',#2604);
#616=PLANE('',#2605);
#617=PLANE('',#2606);
#618=PLANE('',#2607);
#619=PLANE('',#2608);
#620=PLANE('',#2609);
#621=PLANE('',#2610);
#622=PLANE('',#2611);
#623=PLANE('',#2612);
#624=PLANE('',#2613);
#625=PLANE('',#2614);
#626=PLANE('',#2615);
#627=PLANE('',#2616);
#628=PLANE('',#2617);
#629=PLANE('',#2618);
#630=PLANE('',#2619);
#631=PLANE('',#2724);
#632=PLANE('',#2725);
#633=PLANE('',#2726);
#634=PLANE('',#2727);
#635=PLANE('',#2728);
#636=PLANE('',#2729);
#637=PLANE('',#2730);
#638=PLANE('',#2731);
#639=PLANE('',#2732);
#640=PLANE('',#2733);
#641=PLANE('',#2734);
#642=PLANE('',#2735);
#643=PLANE('',#2736);
#644=PLANE('',#2737);
#645=PLANE('',#2738);
#646=PLANE('',#2739);
#647=PLANE('',#2740);
#648=PLANE('',#2741);
#649=PLANE('',#2742);
#650=PLANE('',#2743);
#651=PLANE('',#2744);
#652=PLANE('',#2745);
#653=PLANE('',#2746);
#654=PLANE('',#2747);
#655=PLANE('',#2748);
#656=PLANE('',#2749);
#657=PLANE('',#2750);
#658=PLANE('',#2751);
#659=PLANE('',#2752);
#660=B_SPLINE_CURVE_WITH_KNOTS('',3,(#3485,#3486,#3487,#3488,#3489),
 .UNSPECIFIED.,.F.,.F.,(4,1,4),(0.,0.00618829626533732,0.0123765925306746),
 .UNSPECIFIED.);
#661=B_SPLINE_CURVE_WITH_KNOTS('',3,(#3493,#3494,#3495,#3496,#3497),
 .UNSPECIFIED.,.F.,.F.,(4,1,4),(0.0013041066324753,0.00844555569210453,
0.0155870047517337),.UNSPECIFIED.);
#662=B_SPLINE_CURVE_WITH_KNOTS('',3,(#3526,#3527,#3528,#3529,#3530,#3531,
#3532,#3533,#3534,#3535,#3536,#3537,#3538,#3539,#3540,#3541,#3542,#3543,
#3544,#3545,#3546,#3547,#3548,#3549,#3550,#3551,#3552,#3553,#3554,#3555,
#3556,#3557,#3558,#3559,#3560,#3561,#3562,#3563,#3564,#3565,#3566,#3567,
#3568,#3569,#3570,#3571,#3572,#3573,#3574,#3575,#3576,#3577,#3578,#3579),
 .UNSPECIFIED.,.F.,.F.,(4,1,1,1,1,1,1,1,1,1,1,1,1,1,1,1,1,1,1,1,1,1,1,1,
1,1,1,1,1,1,1,1,1,1,1,1,1,1,1,1,1,1,1,1,1,1,1,1,1,1,1,4),(0.0268082833908565,
0.0338961360422935,0.0409839886937305,0.0480718413451674,0.0551596939966044,
0.0693353992994783,0.0764232519509153,0.0835111046023522,0.0976868099052261,
0.1118625152081,0.118950367859537,0.126038220510974,0.140213925813848,0.154389631116722,
0.168565336419596,0.175653189071033,0.18274104172247,0.196916747025344,
0.204004599676781,0.211092452328217,0.218180304979654,0.225268157631091,
0.232356010282528,0.235899936608247,0.239443862933965,0.242987789259684,
0.246531715585402,0.250075641911121,0.253619568236839,0.257163494562558,
0.260707420888276,0.267795273539713,0.27488312619115,0.281970978842587,
0.289058831494024,0.296146684145461,0.310322389448335,0.324498094751209,
0.338673800054083,0.352849505356957,0.359937358008394,0.367025210659831,
0.381200915962705,0.395376621265578,0.409552326568452,0.423728031871326,
0.4379037371742,0.452079442477074,0.459167295128511,0.466255147779948,0.473343000431385,
0.480430853082822),.UNSPECIFIED.);
#663=B_SPLINE_CURVE_WITH_KNOTS('',3,(#3689,#3690,#3691,#3692,#3693,#3694,
#3695,#3696,#3697,#3698,#3699,#3700,#3701,#3702,#3703,#3704,#3705,#3706,
#3707,#3708,#3709,#3710,#3711,#3712,#3713,#3714,#3715,#3716,#3717),
 .UNSPECIFIED.,.F.,.F.,(4,1,1,1,1,1,1,1,1,1,1,1,1,1,1,1,1,1,1,1,1,1,1,1,
1,1,4),(0.213816623639502,0.224881476416523,0.230413902805033,0.235946329193544,
0.238712542387799,0.241478755582054,0.244244968776309,0.247011181970564,
0.252543608359075,0.25530982155333,0.258076034747585,0.260842247941841,
0.263608461136096,0.269140887524606,0.274673313913117,0.280205740301627,
0.291270593078648,0.296803019467158,0.302335445855669,0.31340029863269,
0.324465151409711,0.335530004186732,0.346594856963752,0.357659709740773,
0.368724562517794,0.379789415294815,0.390854268071836),.UNSPECIFIED.);
#664=B_SPLINE_CURVE_WITH_KNOTS('',3,(#3756,#3757,#3758,#3759,#3760,#3761,
#3762,#3763,#3764,#3765,#3766,#3767,#3768,#3769,#3770,#3771,#3772,#3773,
#3774,#3775,#3776,#3777,#3778,#3779,#3780,#3781,#3782,#3783),
 .UNSPECIFIED.,.F.,.F.,(4,1,1,1,1,1,1,1,1,1,1,1,1,1,1,1,1,1,1,1,1,1,1,1,
1,4),(0.00623281427633518,0.0190133077263771,0.0254035544513981,0.031793801176419,
0.0349889245389295,0.03818404790144,0.0413791712639505,0.0445742946264609,
0.0477694179889714,0.0509645413514819,0.0573547880765028,0.0637450348015238,
0.0701352815265448,0.0765255282515657,0.0829157749765867,0.0893060217016076,
0.0956962684266286,0.108476761876671,0.121257255326712,0.134037748776754,
0.146818242226796,0.159598735676838,0.17237922912688,0.185159722576922,
0.197940216026964,0.210720709477006),.UNSPECIFIED.);
#665=B_SPLINE_CURVE_WITH_KNOTS('',3,(#3826,#3827,#3828,#3829),
 .UNSPECIFIED.,.F.,.F.,(4,4),(0.0123765925306746,0.0134338893800288),
 .UNSPECIFIED.);
#666=B_SPLINE_CURVE_WITH_KNOTS('',3,(#3833,#3834,#3835,#3836,#3837,#3838,
#3839,#3840,#3841,#3842,#3843,#3844,#3845,#3846,#3847),.UNSPECIFIED.,.F.,
 .F.,(4,1,1,1,1,1,1,1,1,1,1,1,4),(0.,0.000415076814630266,0.000622615221945398,
0.000830153629260531,0.000933922832918098,0.00103769203657566,0.00114146124023323,
0.0012452304438908,0.00145276885120593,0.00166030725852106,0.00207538407315133,
0.00249046088778159,0.00332061451704213),.UNSPECIFIED.);
#667=B_SPLINE_CURVE_WITH_KNOTS('',3,(#3851,#3852,#3853,#3854,#3855),
 .UNSPECIFIED.,.F.,.F.,(4,1,4),(0.,0.00362949454921045,0.0072589890984209),
 .UNSPECIFIED.);
#668=B_SPLINE_CURVE_WITH_KNOTS('',3,(#3879,#3880,#3881,#3882),
 .UNSPECIFIED.,.F.,.F.,(4,4),(0.,0.00013944028216854),.UNSPECIFIED.);
#669=B_SPLINE_CURVE_WITH_KNOTS('',3,(#4113,#4114,#4115,#4116,#4117,#4118,
#4119,#4120,#4121,#4122,#4123,#4124,#4125),.UNSPECIFIED.,.F.,.F.,(4,1,1,
1,1,1,1,1,1,1,4),(0.00526054705096028,0.00802379802909965,0.010787049007239,
0.0135502999853784,0.0163135509635178,0.0218400529197965,0.0273665548760752,
0.032893056832354,0.0384195587886327,0.0439460607449115,0.0494725627011902),
 .UNSPECIFIED.);
#670=B_SPLINE_CURVE_WITH_KNOTS('',3,(#4126,#4127,#4128,#4129),
 .UNSPECIFIED.,.F.,.F.,(4,4),(0.,0.0013041066324753),.UNSPECIFIED.);
#671=B_SPLINE_CURVE_WITH_KNOTS('',3,(#4131,#4132,#4133,#4134),
 .UNSPECIFIED.,.F.,.F.,(4,4),(0.,0.00174817091615366),.UNSPECIFIED.);
#672=B_SPLINE_CURVE_WITH_KNOTS('',3,(#4135,#4136,#4137,#4138),
 .UNSPECIFIED.,.F.,.F.,(4,4),(0.,0.00258363871971323),.UNSPECIFIED.);
#673=B_SPLINE_CURVE_WITH_KNOTS('',3,(#4140,#4141,#4142,#4143),
 .UNSPECIFIED.,.F.,.F.,(4,4),(0.,0.00288544350229801),.UNSPECIFIED.);
#674=B_SPLINE_CURVE_WITH_KNOTS('',3,(#4144,#4145,#4146,#4147,#4148),
 .UNSPECIFIED.,.F.,.F.,(4,1,4),(0.,0.00485103296741145,0.00970206593482289),
 .UNSPECIFIED.);
#675=B_SPLINE_CURVE_WITH_KNOTS('',3,(#4150,#4151,#4152,#4153,#4154,#4155,
#4156,#4157,#4158,#4159),.UNSPECIFIED.,.F.,.F.,(4,1,1,1,1,1,1,4),(0.,0.00274108519215803,
0.00411162778823704,0.00548217038431606,0.00685271298039507,0.00822325557647409,
0.0095937981725531,0.0109643407686321),.UNSPECIFIED.);
#676=B_SPLINE_CURVE_WITH_KNOTS('',3,(#4386,#4387,#4388,#4389,#4390),
 .UNSPECIFIED.,.F.,.F.,(4,1,4),(-1.47547831745101E-5,0.00230722479943777,
0.00462920438205004),.UNSPECIFIED.);
#677=B_SPLINE_CURVE_WITH_KNOTS('',3,(#4426,#4427,#4428,#4429,#4430),
 .UNSPECIFIED.,.F.,.F.,(4,1,4),(-1.47547831745101E-5,0.00230722479943771,
0.00462920438204992),.UNSPECIFIED.);
#678=B_SPLINE_CURVE_WITH_KNOTS('',3,(#4447,#4448,#4449,#4450,#4451),
 .UNSPECIFIED.,.F.,.F.,(4,1,4),(-1.47547831745101E-5,0.00230722479943777,
0.00462920438205005),.UNSPECIFIED.);
#679=B_SPLINE_CURVE_WITH_KNOTS('',3,(#4471,#4472,#4473,#4474,#4475),
 .UNSPECIFIED.,.F.,.F.,(4,1,4),(-1.47547831745101E-5,0.00230722479943771,
0.00462920438204992),.UNSPECIFIED.);
#680=B_SPLINE_CURVE_WITH_KNOTS('',3,(#4489,#4490,#4491,#4492,#4493),
 .UNSPECIFIED.,.F.,.F.,(4,1,4),(0.,0.00176916750667491,0.00353833501334982),
 .UNSPECIFIED.);
#681=B_SPLINE_CURVE_WITH_KNOTS('',3,(#4510,#4511,#4512,#4513),
 .UNSPECIFIED.,.F.,.F.,(4,4),(0.,0.000560916269754771),.UNSPECIFIED.);
#682=ORIENTED_EDGE('',*,*,#1400,.F.);
#683=ORIENTED_EDGE('',*,*,#1401,.F.);
#684=ORIENTED_EDGE('',*,*,#1402,.F.);
#685=ORIENTED_EDGE('',*,*,#1403,.F.);
#686=ORIENTED_EDGE('',*,*,#1404,.T.);
#687=ORIENTED_EDGE('',*,*,#1405,.T.);
#688=ORIENTED_EDGE('',*,*,#1406,.T.);
#689=ORIENTED_EDGE('',*,*,#1407,.T.);
#690=ORIENTED_EDGE('',*,*,#1408,.T.);
#691=ORIENTED_EDGE('',*,*,#1409,.T.);
#692=ORIENTED_EDGE('',*,*,#1410,.T.);
#693=ORIENTED_EDGE('',*,*,#1411,.T.);
#694=ORIENTED_EDGE('',*,*,#1412,.T.);
#695=ORIENTED_EDGE('',*,*,#1413,.T.);
#696=ORIENTED_EDGE('',*,*,#1414,.T.);
#697=ORIENTED_EDGE('',*,*,#1415,.T.);
#698=ORIENTED_EDGE('',*,*,#1416,.F.);
#699=ORIENTED_EDGE('',*,*,#1417,.T.);
#700=ORIENTED_EDGE('',*,*,#1418,.F.);
#701=ORIENTED_EDGE('',*,*,#1419,.T.);
#702=ORIENTED_EDGE('',*,*,#1420,.T.);
#703=ORIENTED_EDGE('',*,*,#1421,.T.);
#704=ORIENTED_EDGE('',*,*,#1422,.T.);
#705=ORIENTED_EDGE('',*,*,#1423,.T.);
#706=ORIENTED_EDGE('',*,*,#1424,.T.);
#707=ORIENTED_EDGE('',*,*,#1425,.F.);
#708=ORIENTED_EDGE('',*,*,#1426,.T.);
#709=ORIENTED_EDGE('',*,*,#1427,.T.);
#710=ORIENTED_EDGE('',*,*,#1428,.T.);
#711=ORIENTED_EDGE('',*,*,#1429,.T.);
#712=ORIENTED_EDGE('',*,*,#1430,.T.);
#713=ORIENTED_EDGE('',*,*,#1431,.T.);
#714=ORIENTED_EDGE('',*,*,#1432,.F.);
#715=ORIENTED_EDGE('',*,*,#1433,.F.);
#716=ORIENTED_EDGE('',*,*,#1434,.T.);
#717=ORIENTED_EDGE('',*,*,#1435,.T.);
#718=ORIENTED_EDGE('',*,*,#1436,.T.);
#719=ORIENTED_EDGE('',*,*,#1437,.T.);
#720=ORIENTED_EDGE('',*,*,#1438,.T.);
#721=ORIENTED_EDGE('',*,*,#1439,.T.);
#722=ORIENTED_EDGE('',*,*,#1440,.T.);
#723=ORIENTED_EDGE('',*,*,#1441,.T.);
#724=ORIENTED_EDGE('',*,*,#1442,.T.);
#725=ORIENTED_EDGE('',*,*,#1443,.T.);
#726=ORIENTED_EDGE('',*,*,#1444,.T.);
#727=ORIENTED_EDGE('',*,*,#1445,.T.);
#728=ORIENTED_EDGE('',*,*,#1446,.T.);
#729=ORIENTED_EDGE('',*,*,#1447,.T.);
#730=ORIENTED_EDGE('',*,*,#1448,.F.);
#731=ORIENTED_EDGE('',*,*,#1449,.F.);
#732=ORIENTED_EDGE('',*,*,#1450,.F.);
#733=ORIENTED_EDGE('',*,*,#1451,.F.);
#734=ORIENTED_EDGE('',*,*,#1452,.F.);
#735=ORIENTED_EDGE('',*,*,#1453,.F.);
#736=ORIENTED_EDGE('',*,*,#1454,.F.);
#737=ORIENTED_EDGE('',*,*,#1455,.F.);
#738=ORIENTED_EDGE('',*,*,#1456,.F.);
#739=ORIENTED_EDGE('',*,*,#1457,.F.);
#740=ORIENTED_EDGE('',*,*,#1458,.F.);
#741=ORIENTED_EDGE('',*,*,#1459,.F.);
#742=ORIENTED_EDGE('',*,*,#1460,.F.);
#743=ORIENTED_EDGE('',*,*,#1461,.F.);
#744=ORIENTED_EDGE('',*,*,#1462,.F.);
#745=ORIENTED_EDGE('',*,*,#1463,.F.);
#746=ORIENTED_EDGE('',*,*,#1464,.F.);
#747=ORIENTED_EDGE('',*,*,#1465,.F.);
#748=ORIENTED_EDGE('',*,*,#1466,.F.);
#749=ORIENTED_EDGE('',*,*,#1467,.F.);
#750=ORIENTED_EDGE('',*,*,#1468,.F.);
#751=ORIENTED_EDGE('',*,*,#1469,.F.);
#752=ORIENTED_EDGE('',*,*,#1470,.F.);
#753=ORIENTED_EDGE('',*,*,#1471,.F.);
#754=ORIENTED_EDGE('',*,*,#1472,.T.);
#755=ORIENTED_EDGE('',*,*,#1473,.T.);
#756=ORIENTED_EDGE('',*,*,#1474,.T.);
#757=ORIENTED_EDGE('',*,*,#1475,.T.);
#758=ORIENTED_EDGE('',*,*,#1476,.T.);
#759=ORIENTED_EDGE('',*,*,#1477,.T.);
#760=ORIENTED_EDGE('',*,*,#1478,.T.);
#761=ORIENTED_EDGE('',*,*,#1479,.T.);
#762=ORIENTED_EDGE('',*,*,#1480,.T.);
#763=ORIENTED_EDGE('',*,*,#1481,.T.);
#764=ORIENTED_EDGE('',*,*,#1482,.T.);
#765=ORIENTED_EDGE('',*,*,#1483,.T.);
#766=ORIENTED_EDGE('',*,*,#1484,.T.);
#767=ORIENTED_EDGE('',*,*,#1485,.T.);
#768=ORIENTED_EDGE('',*,*,#1486,.T.);
#769=ORIENTED_EDGE('',*,*,#1487,.T.);
#770=ORIENTED_EDGE('',*,*,#1488,.T.);
#771=ORIENTED_EDGE('',*,*,#1489,.T.);
#772=ORIENTED_EDGE('',*,*,#1490,.T.);
#773=ORIENTED_EDGE('',*,*,#1491,.T.);
#774=ORIENTED_EDGE('',*,*,#1492,.T.);
#775=ORIENTED_EDGE('',*,*,#1493,.T.);
#776=ORIENTED_EDGE('',*,*,#1494,.T.);
#777=ORIENTED_EDGE('',*,*,#1495,.T.);
#778=ORIENTED_EDGE('',*,*,#1496,.T.);
#779=ORIENTED_EDGE('',*,*,#1497,.T.);
#780=ORIENTED_EDGE('',*,*,#1498,.F.);
#781=ORIENTED_EDGE('',*,*,#1464,.T.);
#782=ORIENTED_EDGE('',*,*,#1498,.T.);
#783=ORIENTED_EDGE('',*,*,#1499,.T.);
#784=ORIENTED_EDGE('',*,*,#1500,.F.);
#785=ORIENTED_EDGE('',*,*,#1465,.T.);
#786=ORIENTED_EDGE('',*,*,#1500,.T.);
#787=ORIENTED_EDGE('',*,*,#1501,.T.);
#788=ORIENTED_EDGE('',*,*,#1502,.F.);
#789=ORIENTED_EDGE('',*,*,#1466,.T.);
#790=ORIENTED_EDGE('',*,*,#1502,.T.);
#791=ORIENTED_EDGE('',*,*,#1503,.T.);
#792=ORIENTED_EDGE('',*,*,#1504,.F.);
#793=ORIENTED_EDGE('',*,*,#1467,.T.);
#794=ORIENTED_EDGE('',*,*,#1504,.T.);
#795=ORIENTED_EDGE('',*,*,#1505,.T.);
#796=ORIENTED_EDGE('',*,*,#1506,.F.);
#797=ORIENTED_EDGE('',*,*,#1468,.T.);
#798=ORIENTED_EDGE('',*,*,#1506,.T.);
#799=ORIENTED_EDGE('',*,*,#1507,.T.);
#800=ORIENTED_EDGE('',*,*,#1508,.F.);
#801=ORIENTED_EDGE('',*,*,#1469,.T.);
#802=ORIENTED_EDGE('',*,*,#1508,.T.);
#803=ORIENTED_EDGE('',*,*,#1509,.T.);
#804=ORIENTED_EDGE('',*,*,#1510,.F.);
#805=ORIENTED_EDGE('',*,*,#1470,.T.);
#806=ORIENTED_EDGE('',*,*,#1510,.T.);
#807=ORIENTED_EDGE('',*,*,#1511,.T.);
#808=ORIENTED_EDGE('',*,*,#1496,.F.);
#809=ORIENTED_EDGE('',*,*,#1471,.T.);
#810=ORIENTED_EDGE('',*,*,#1512,.T.);
#811=ORIENTED_EDGE('',*,*,#1401,.T.);
#812=ORIENTED_EDGE('',*,*,#1513,.T.);
#813=ORIENTED_EDGE('',*,*,#1514,.F.);
#814=ORIENTED_EDGE('',*,*,#1456,.T.);
#815=ORIENTED_EDGE('',*,*,#1514,.T.);
#816=ORIENTED_EDGE('',*,*,#1515,.T.);
#817=ORIENTED_EDGE('',*,*,#1516,.F.);
#818=ORIENTED_EDGE('',*,*,#1457,.T.);
#819=ORIENTED_EDGE('',*,*,#1516,.T.);
#820=ORIENTED_EDGE('',*,*,#1517,.T.);
#821=ORIENTED_EDGE('',*,*,#1518,.T.);
#822=ORIENTED_EDGE('',*,*,#1519,.F.);
#823=ORIENTED_EDGE('',*,*,#1458,.T.);
#824=ORIENTED_EDGE('',*,*,#1519,.T.);
#825=ORIENTED_EDGE('',*,*,#1520,.T.);
#826=ORIENTED_EDGE('',*,*,#1521,.F.);
#827=ORIENTED_EDGE('',*,*,#1459,.T.);
#828=ORIENTED_EDGE('',*,*,#1521,.T.);
#829=ORIENTED_EDGE('',*,*,#1522,.T.);
#830=ORIENTED_EDGE('',*,*,#1523,.F.);
#831=ORIENTED_EDGE('',*,*,#1460,.T.);
#832=ORIENTED_EDGE('',*,*,#1523,.T.);
#833=ORIENTED_EDGE('',*,*,#1524,.T.);
#834=ORIENTED_EDGE('',*,*,#1525,.F.);
#835=ORIENTED_EDGE('',*,*,#1461,.T.);
#836=ORIENTED_EDGE('',*,*,#1525,.T.);
#837=ORIENTED_EDGE('',*,*,#1526,.T.);
#838=ORIENTED_EDGE('',*,*,#1527,.F.);
#839=ORIENTED_EDGE('',*,*,#1462,.T.);
#840=ORIENTED_EDGE('',*,*,#1527,.T.);
#841=ORIENTED_EDGE('',*,*,#1528,.T.);
#842=ORIENTED_EDGE('',*,*,#1529,.T.);
#843=ORIENTED_EDGE('',*,*,#1512,.F.);
#844=ORIENTED_EDGE('',*,*,#1463,.T.);
#845=ORIENTED_EDGE('',*,*,#1530,.T.);
#846=ORIENTED_EDGE('',*,*,#1531,.T.);
#847=ORIENTED_EDGE('',*,*,#1532,.F.);
#848=ORIENTED_EDGE('',*,*,#1448,.T.);
#849=ORIENTED_EDGE('',*,*,#1532,.T.);
#850=ORIENTED_EDGE('',*,*,#1533,.T.);
#851=ORIENTED_EDGE('',*,*,#1534,.F.);
#852=ORIENTED_EDGE('',*,*,#1449,.T.);
#853=ORIENTED_EDGE('',*,*,#1534,.T.);
#854=ORIENTED_EDGE('',*,*,#1535,.T.);
#855=ORIENTED_EDGE('',*,*,#1536,.F.);
#856=ORIENTED_EDGE('',*,*,#1450,.T.);
#857=ORIENTED_EDGE('',*,*,#1536,.T.);
#858=ORIENTED_EDGE('',*,*,#1537,.T.);
#859=ORIENTED_EDGE('',*,*,#1538,.F.);
#860=ORIENTED_EDGE('',*,*,#1451,.T.);
#861=ORIENTED_EDGE('',*,*,#1538,.T.);
#862=ORIENTED_EDGE('',*,*,#1539,.T.);
#863=ORIENTED_EDGE('',*,*,#1540,.F.);
#864=ORIENTED_EDGE('',*,*,#1452,.T.);
#865=ORIENTED_EDGE('',*,*,#1540,.T.);
#866=ORIENTED_EDGE('',*,*,#1541,.T.);
#867=ORIENTED_EDGE('',*,*,#1542,.F.);
#868=ORIENTED_EDGE('',*,*,#1453,.T.);
#869=ORIENTED_EDGE('',*,*,#1542,.T.);
#870=ORIENTED_EDGE('',*,*,#1543,.T.);
#871=ORIENTED_EDGE('',*,*,#1544,.F.);
#872=ORIENTED_EDGE('',*,*,#1454,.T.);
#873=ORIENTED_EDGE('',*,*,#1544,.T.);
#874=ORIENTED_EDGE('',*,*,#1545,.T.);
#875=ORIENTED_EDGE('',*,*,#1530,.F.);
#876=ORIENTED_EDGE('',*,*,#1455,.T.);
#877=ORIENTED_EDGE('',*,*,#1546,.F.);
#878=ORIENTED_EDGE('',*,*,#1417,.F.);
#879=ORIENTED_EDGE('',*,*,#1547,.T.);
#880=ORIENTED_EDGE('',*,*,#1403,.T.);
#881=ORIENTED_EDGE('',*,*,#1548,.T.);
#882=ORIENTED_EDGE('',*,*,#1472,.F.);
#883=ORIENTED_EDGE('',*,*,#1549,.T.);
#884=ORIENTED_EDGE('',*,*,#1550,.T.);
#885=ORIENTED_EDGE('',*,*,#1491,.F.);
#886=ORIENTED_EDGE('',*,*,#1551,.T.);
#887=ORIENTED_EDGE('',*,*,#1552,.T.);
#888=ORIENTED_EDGE('',*,*,#1553,.T.);
#889=ORIENTED_EDGE('',*,*,#1554,.T.);
#890=ORIENTED_EDGE('',*,*,#1555,.F.);
#891=ORIENTED_EDGE('',*,*,#1435,.F.);
#892=ORIENTED_EDGE('',*,*,#1555,.T.);
#893=ORIENTED_EDGE('',*,*,#1556,.T.);
#894=ORIENTED_EDGE('',*,*,#1557,.F.);
#895=ORIENTED_EDGE('',*,*,#1432,.T.);
#896=ORIENTED_EDGE('',*,*,#1558,.T.);
#897=ORIENTED_EDGE('',*,*,#1559,.T.);
#898=ORIENTED_EDGE('',*,*,#1425,.T.);
#899=ORIENTED_EDGE('',*,*,#1560,.T.);
#900=ORIENTED_EDGE('',*,*,#1561,.T.);
#901=ORIENTED_EDGE('',*,*,#1418,.T.);
#902=ORIENTED_EDGE('',*,*,#1557,.T.);
#903=ORIENTED_EDGE('',*,*,#1562,.T.);
#904=ORIENTED_EDGE('',*,*,#1563,.F.);
#905=ORIENTED_EDGE('',*,*,#1433,.T.);
#906=ORIENTED_EDGE('',*,*,#1563,.T.);
#907=ORIENTED_EDGE('',*,*,#1564,.T.);
#908=ORIENTED_EDGE('',*,*,#1553,.F.);
#909=ORIENTED_EDGE('',*,*,#1434,.F.);
#910=ORIENTED_EDGE('',*,*,#1565,.F.);
#911=ORIENTED_EDGE('',*,*,#1566,.T.);
#912=ORIENTED_EDGE('',*,*,#1567,.T.);
#913=ORIENTED_EDGE('',*,*,#1568,.T.);
#914=ORIENTED_EDGE('',*,*,#1569,.F.);
#915=ORIENTED_EDGE('',*,*,#1570,.T.);
#916=ORIENTED_EDGE('',*,*,#1565,.T.);
#917=ORIENTED_EDGE('',*,*,#1571,.T.);
#918=ORIENTED_EDGE('',*,*,#1572,.F.);
#919=ORIENTED_EDGE('',*,*,#1573,.T.);
#920=ORIENTED_EDGE('',*,*,#1569,.T.);
#921=ORIENTED_EDGE('',*,*,#1574,.T.);
#922=ORIENTED_EDGE('',*,*,#1575,.F.);
#923=ORIENTED_EDGE('',*,*,#1576,.T.);
#924=ORIENTED_EDGE('',*,*,#1572,.T.);
#925=ORIENTED_EDGE('',*,*,#1577,.T.);
#926=ORIENTED_EDGE('',*,*,#1578,.F.);
#927=ORIENTED_EDGE('',*,*,#1579,.T.);
#928=ORIENTED_EDGE('',*,*,#1575,.T.);
#929=ORIENTED_EDGE('',*,*,#1580,.T.);
#930=ORIENTED_EDGE('',*,*,#1567,.F.);
#931=ORIENTED_EDGE('',*,*,#1581,.T.);
#932=ORIENTED_EDGE('',*,*,#1578,.T.);
#933=ORIENTED_EDGE('',*,*,#1582,.T.);
#934=ORIENTED_EDGE('',*,*,#1568,.F.);
#935=ORIENTED_EDGE('',*,*,#1582,.F.);
#936=ORIENTED_EDGE('',*,*,#1580,.F.);
#937=ORIENTED_EDGE('',*,*,#1577,.F.);
#938=ORIENTED_EDGE('',*,*,#1574,.F.);
#939=ORIENTED_EDGE('',*,*,#1571,.F.);
#940=ORIENTED_EDGE('',*,*,#1583,.F.);
#941=ORIENTED_EDGE('',*,*,#1584,.T.);
#942=ORIENTED_EDGE('',*,*,#1585,.T.);
#943=ORIENTED_EDGE('',*,*,#1586,.T.);
#944=ORIENTED_EDGE('',*,*,#1587,.F.);
#945=ORIENTED_EDGE('',*,*,#1588,.T.);
#946=ORIENTED_EDGE('',*,*,#1583,.T.);
#947=ORIENTED_EDGE('',*,*,#1589,.T.);
#948=ORIENTED_EDGE('',*,*,#1590,.F.);
#949=ORIENTED_EDGE('',*,*,#1591,.T.);
#950=ORIENTED_EDGE('',*,*,#1587,.T.);
#951=ORIENTED_EDGE('',*,*,#1592,.T.);
#952=ORIENTED_EDGE('',*,*,#1593,.F.);
#953=ORIENTED_EDGE('',*,*,#1594,.T.);
#954=ORIENTED_EDGE('',*,*,#1590,.T.);
#955=ORIENTED_EDGE('',*,*,#1595,.T.);
#956=ORIENTED_EDGE('',*,*,#1596,.F.);
#957=ORIENTED_EDGE('',*,*,#1597,.T.);
#958=ORIENTED_EDGE('',*,*,#1593,.T.);
#959=ORIENTED_EDGE('',*,*,#1598,.T.);
#960=ORIENTED_EDGE('',*,*,#1585,.F.);
#961=ORIENTED_EDGE('',*,*,#1599,.T.);
#962=ORIENTED_EDGE('',*,*,#1596,.T.);
#963=ORIENTED_EDGE('',*,*,#1600,.T.);
#964=ORIENTED_EDGE('',*,*,#1586,.F.);
#965=ORIENTED_EDGE('',*,*,#1600,.F.);
#966=ORIENTED_EDGE('',*,*,#1598,.F.);
#967=ORIENTED_EDGE('',*,*,#1595,.F.);
#968=ORIENTED_EDGE('',*,*,#1592,.F.);
#969=ORIENTED_EDGE('',*,*,#1589,.F.);
#970=ORIENTED_EDGE('',*,*,#1601,.F.);
#971=ORIENTED_EDGE('',*,*,#1602,.T.);
#972=ORIENTED_EDGE('',*,*,#1603,.T.);
#973=ORIENTED_EDGE('',*,*,#1604,.T.);
#974=ORIENTED_EDGE('',*,*,#1605,.F.);
#975=ORIENTED_EDGE('',*,*,#1606,.T.);
#976=ORIENTED_EDGE('',*,*,#1601,.T.);
#977=ORIENTED_EDGE('',*,*,#1607,.T.);
#978=ORIENTED_EDGE('',*,*,#1608,.F.);
#979=ORIENTED_EDGE('',*,*,#1609,.T.);
#980=ORIENTED_EDGE('',*,*,#1605,.T.);
#981=ORIENTED_EDGE('',*,*,#1610,.T.);
#982=ORIENTED_EDGE('',*,*,#1611,.F.);
#983=ORIENTED_EDGE('',*,*,#1612,.T.);
#984=ORIENTED_EDGE('',*,*,#1608,.T.);
#985=ORIENTED_EDGE('',*,*,#1613,.T.);
#986=ORIENTED_EDGE('',*,*,#1614,.F.);
#987=ORIENTED_EDGE('',*,*,#1615,.T.);
#988=ORIENTED_EDGE('',*,*,#1611,.T.);
#989=ORIENTED_EDGE('',*,*,#1616,.T.);
#990=ORIENTED_EDGE('',*,*,#1603,.F.);
#991=ORIENTED_EDGE('',*,*,#1617,.T.);
#992=ORIENTED_EDGE('',*,*,#1614,.T.);
#993=ORIENTED_EDGE('',*,*,#1618,.T.);
#994=ORIENTED_EDGE('',*,*,#1604,.F.);
#995=ORIENTED_EDGE('',*,*,#1618,.F.);
#996=ORIENTED_EDGE('',*,*,#1616,.F.);
#997=ORIENTED_EDGE('',*,*,#1613,.F.);
#998=ORIENTED_EDGE('',*,*,#1610,.F.);
#999=ORIENTED_EDGE('',*,*,#1607,.F.);
#1000=ORIENTED_EDGE('',*,*,#1619,.F.);
#1001=ORIENTED_EDGE('',*,*,#1620,.T.);
#1002=ORIENTED_EDGE('',*,*,#1621,.T.);
#1003=ORIENTED_EDGE('',*,*,#1622,.T.);
#1004=ORIENTED_EDGE('',*,*,#1623,.F.);
#1005=ORIENTED_EDGE('',*,*,#1624,.T.);
#1006=ORIENTED_EDGE('',*,*,#1619,.T.);
#1007=ORIENTED_EDGE('',*,*,#1625,.T.);
#1008=ORIENTED_EDGE('',*,*,#1626,.F.);
#1009=ORIENTED_EDGE('',*,*,#1627,.T.);
#1010=ORIENTED_EDGE('',*,*,#1623,.T.);
#1011=ORIENTED_EDGE('',*,*,#1628,.T.);
#1012=ORIENTED_EDGE('',*,*,#1629,.F.);
#1013=ORIENTED_EDGE('',*,*,#1630,.T.);
#1014=ORIENTED_EDGE('',*,*,#1626,.T.);
#1015=ORIENTED_EDGE('',*,*,#1631,.T.);
#1016=ORIENTED_EDGE('',*,*,#1632,.F.);
#1017=ORIENTED_EDGE('',*,*,#1633,.T.);
#1018=ORIENTED_EDGE('',*,*,#1629,.T.);
#1019=ORIENTED_EDGE('',*,*,#1634,.T.);
#1020=ORIENTED_EDGE('',*,*,#1621,.F.);
#1021=ORIENTED_EDGE('',*,*,#1635,.T.);
#1022=ORIENTED_EDGE('',*,*,#1632,.T.);
#1023=ORIENTED_EDGE('',*,*,#1636,.T.);
#1024=ORIENTED_EDGE('',*,*,#1622,.F.);
#1025=ORIENTED_EDGE('',*,*,#1636,.F.);
#1026=ORIENTED_EDGE('',*,*,#1634,.F.);
#1027=ORIENTED_EDGE('',*,*,#1631,.F.);
#1028=ORIENTED_EDGE('',*,*,#1628,.F.);
#1029=ORIENTED_EDGE('',*,*,#1625,.F.);
#1030=ORIENTED_EDGE('',*,*,#1637,.F.);
#1031=ORIENTED_EDGE('',*,*,#1422,.F.);
#1032=ORIENTED_EDGE('',*,*,#1638,.F.);
#1033=ORIENTED_EDGE('',*,*,#1584,.F.);
#1034=ORIENTED_EDGE('',*,*,#1638,.T.);
#1035=ORIENTED_EDGE('',*,*,#1421,.F.);
#1036=ORIENTED_EDGE('',*,*,#1639,.F.);
#1037=ORIENTED_EDGE('',*,*,#1599,.F.);
#1038=ORIENTED_EDGE('',*,*,#1637,.T.);
#1039=ORIENTED_EDGE('',*,*,#1588,.F.);
#1040=ORIENTED_EDGE('',*,*,#1640,.F.);
#1041=ORIENTED_EDGE('',*,*,#1423,.F.);
#1042=ORIENTED_EDGE('',*,*,#1639,.T.);
#1043=ORIENTED_EDGE('',*,*,#1420,.F.);
#1044=ORIENTED_EDGE('',*,*,#1641,.F.);
#1045=ORIENTED_EDGE('',*,*,#1597,.F.);
#1046=ORIENTED_EDGE('',*,*,#1640,.T.);
#1047=ORIENTED_EDGE('',*,*,#1591,.F.);
#1048=ORIENTED_EDGE('',*,*,#1642,.F.);
#1049=ORIENTED_EDGE('',*,*,#1560,.F.);
#1050=ORIENTED_EDGE('',*,*,#1424,.F.);
#1051=ORIENTED_EDGE('',*,*,#1641,.T.);
#1052=ORIENTED_EDGE('',*,*,#1419,.F.);
#1053=ORIENTED_EDGE('',*,*,#1561,.F.);
#1054=ORIENTED_EDGE('',*,*,#1642,.T.);
#1055=ORIENTED_EDGE('',*,*,#1594,.F.);
#1056=ORIENTED_EDGE('',*,*,#1643,.F.);
#1057=ORIENTED_EDGE('',*,*,#1429,.F.);
#1058=ORIENTED_EDGE('',*,*,#1644,.F.);
#1059=ORIENTED_EDGE('',*,*,#1606,.F.);
#1060=ORIENTED_EDGE('',*,*,#1644,.T.);
#1061=ORIENTED_EDGE('',*,*,#1428,.F.);
#1062=ORIENTED_EDGE('',*,*,#1645,.F.);
#1063=ORIENTED_EDGE('',*,*,#1602,.F.);
#1064=ORIENTED_EDGE('',*,*,#1643,.T.);
#1065=ORIENTED_EDGE('',*,*,#1609,.F.);
#1066=ORIENTED_EDGE('',*,*,#1646,.F.);
#1067=ORIENTED_EDGE('',*,*,#1430,.F.);
#1068=ORIENTED_EDGE('',*,*,#1645,.T.);
#1069=ORIENTED_EDGE('',*,*,#1427,.F.);
#1070=ORIENTED_EDGE('',*,*,#1647,.F.);
#1071=ORIENTED_EDGE('',*,*,#1617,.F.);
#1072=ORIENTED_EDGE('',*,*,#1646,.T.);
#1073=ORIENTED_EDGE('',*,*,#1612,.F.);
#1074=ORIENTED_EDGE('',*,*,#1648,.F.);
#1075=ORIENTED_EDGE('',*,*,#1558,.F.);
#1076=ORIENTED_EDGE('',*,*,#1431,.F.);
#1077=ORIENTED_EDGE('',*,*,#1647,.T.);
#1078=ORIENTED_EDGE('',*,*,#1426,.F.);
#1079=ORIENTED_EDGE('',*,*,#1559,.F.);
#1080=ORIENTED_EDGE('',*,*,#1648,.T.);
#1081=ORIENTED_EDGE('',*,*,#1615,.F.);
#1082=ORIENTED_EDGE('',*,*,#1649,.F.);
#1083=ORIENTED_EDGE('',*,*,#1440,.F.);
#1084=ORIENTED_EDGE('',*,*,#1650,.F.);
#1085=ORIENTED_EDGE('',*,*,#1576,.F.);
#1086=ORIENTED_EDGE('',*,*,#1650,.T.);
#1087=ORIENTED_EDGE('',*,*,#1439,.F.);
#1088=ORIENTED_EDGE('',*,*,#1651,.F.);
#1089=ORIENTED_EDGE('',*,*,#1573,.F.);
#1090=ORIENTED_EDGE('',*,*,#1649,.T.);
#1091=ORIENTED_EDGE('',*,*,#1579,.F.);
#1092=ORIENTED_EDGE('',*,*,#1652,.F.);
#1093=ORIENTED_EDGE('',*,*,#1441,.F.);
#1094=ORIENTED_EDGE('',*,*,#1651,.T.);
#1095=ORIENTED_EDGE('',*,*,#1438,.F.);
#1096=ORIENTED_EDGE('',*,*,#1653,.F.);
#1097=ORIENTED_EDGE('',*,*,#1570,.F.);
#1098=ORIENTED_EDGE('',*,*,#1652,.T.);
#1099=ORIENTED_EDGE('',*,*,#1581,.F.);
#1100=ORIENTED_EDGE('',*,*,#1654,.F.);
#1101=ORIENTED_EDGE('',*,*,#1436,.F.);
#1102=ORIENTED_EDGE('',*,*,#1653,.T.);
#1103=ORIENTED_EDGE('',*,*,#1437,.F.);
#1104=ORIENTED_EDGE('',*,*,#1654,.T.);
#1105=ORIENTED_EDGE('',*,*,#1566,.F.);
#1106=ORIENTED_EDGE('',*,*,#1655,.F.);
#1107=ORIENTED_EDGE('',*,*,#1446,.F.);
#1108=ORIENTED_EDGE('',*,*,#1656,.F.);
#1109=ORIENTED_EDGE('',*,*,#1630,.F.);
#1110=ORIENTED_EDGE('',*,*,#1656,.T.);
#1111=ORIENTED_EDGE('',*,*,#1445,.F.);
#1112=ORIENTED_EDGE('',*,*,#1657,.F.);
#1113=ORIENTED_EDGE('',*,*,#1627,.F.);
#1114=ORIENTED_EDGE('',*,*,#1655,.T.);
#1115=ORIENTED_EDGE('',*,*,#1633,.F.);
#1116=ORIENTED_EDGE('',*,*,#1658,.F.);
#1117=ORIENTED_EDGE('',*,*,#1447,.F.);
#1118=ORIENTED_EDGE('',*,*,#1657,.T.);
#1119=ORIENTED_EDGE('',*,*,#1444,.F.);
#1120=ORIENTED_EDGE('',*,*,#1659,.F.);
#1121=ORIENTED_EDGE('',*,*,#1624,.F.);
#1122=ORIENTED_EDGE('',*,*,#1658,.T.);
#1123=ORIENTED_EDGE('',*,*,#1635,.F.);
#1124=ORIENTED_EDGE('',*,*,#1660,.F.);
#1125=ORIENTED_EDGE('',*,*,#1442,.F.);
#1126=ORIENTED_EDGE('',*,*,#1659,.T.);
#1127=ORIENTED_EDGE('',*,*,#1443,.F.);
#1128=ORIENTED_EDGE('',*,*,#1660,.T.);
#1129=ORIENTED_EDGE('',*,*,#1620,.F.);
#1130=ORIENTED_EDGE('',*,*,#1661,.F.);
#1131=ORIENTED_EDGE('',*,*,#1479,.F.);
#1132=ORIENTED_EDGE('',*,*,#1662,.F.);
#1133=ORIENTED_EDGE('',*,*,#1545,.F.);
#1134=ORIENTED_EDGE('',*,*,#1662,.T.);
#1135=ORIENTED_EDGE('',*,*,#1478,.F.);
#1136=ORIENTED_EDGE('',*,*,#1663,.F.);
#1137=ORIENTED_EDGE('',*,*,#1531,.F.);
#1138=ORIENTED_EDGE('',*,*,#1661,.T.);
#1139=ORIENTED_EDGE('',*,*,#1543,.F.);
#1140=ORIENTED_EDGE('',*,*,#1664,.F.);
#1141=ORIENTED_EDGE('',*,*,#1480,.F.);
#1142=ORIENTED_EDGE('',*,*,#1663,.T.);
#1143=ORIENTED_EDGE('',*,*,#1477,.F.);
#1144=ORIENTED_EDGE('',*,*,#1665,.F.);
#1145=ORIENTED_EDGE('',*,*,#1666,.F.);
#1146=ORIENTED_EDGE('',*,*,#1533,.F.);
#1147=ORIENTED_EDGE('',*,*,#1664,.T.);
#1148=ORIENTED_EDGE('',*,*,#1541,.F.);
#1149=ORIENTED_EDGE('',*,*,#1667,.F.);
#1150=ORIENTED_EDGE('',*,*,#1481,.F.);
#1151=ORIENTED_EDGE('',*,*,#1665,.T.);
#1152=ORIENTED_EDGE('',*,*,#1476,.F.);
#1153=ORIENTED_EDGE('',*,*,#1668,.F.);
#1154=ORIENTED_EDGE('',*,*,#1511,.F.);
#1155=ORIENTED_EDGE('',*,*,#1669,.F.);
#1156=ORIENTED_EDGE('',*,*,#1535,.F.);
#1157=ORIENTED_EDGE('',*,*,#1666,.T.);
#1158=ORIENTED_EDGE('',*,*,#1670,.F.);
#1159=ORIENTED_EDGE('',*,*,#1671,.F.);
#1160=ORIENTED_EDGE('',*,*,#1667,.T.);
#1161=ORIENTED_EDGE('',*,*,#1539,.F.);
#1162=ORIENTED_EDGE('',*,*,#1672,.F.);
#1163=ORIENTED_EDGE('',*,*,#1482,.F.);
#1164=ORIENTED_EDGE('',*,*,#1673,.T.);
#1165=ORIENTED_EDGE('',*,*,#1551,.F.);
#1166=ORIENTED_EDGE('',*,*,#1674,.F.);
#1167=ORIENTED_EDGE('',*,*,#1517,.F.);
#1168=ORIENTED_EDGE('',*,*,#1668,.T.);
#1169=ORIENTED_EDGE('',*,*,#1475,.F.);
#1170=ORIENTED_EDGE('',*,*,#1675,.F.);
#1171=ORIENTED_EDGE('',*,*,#1497,.F.);
#1172=ORIENTED_EDGE('',*,*,#1669,.T.);
#1173=ORIENTED_EDGE('',*,*,#1509,.F.);
#1174=ORIENTED_EDGE('',*,*,#1676,.F.);
#1175=ORIENTED_EDGE('',*,*,#1670,.T.);
#1176=ORIENTED_EDGE('',*,*,#1537,.F.);
#1177=ORIENTED_EDGE('',*,*,#1671,.T.);
#1178=ORIENTED_EDGE('',*,*,#1677,.F.);
#1179=ORIENTED_EDGE('',*,*,#1483,.F.);
#1180=ORIENTED_EDGE('',*,*,#1672,.T.);
#1181=ORIENTED_EDGE('',*,*,#1674,.T.);
#1182=ORIENTED_EDGE('',*,*,#1490,.F.);
#1183=ORIENTED_EDGE('',*,*,#1678,.F.);
#1184=ORIENTED_EDGE('',*,*,#1518,.F.);
#1185=ORIENTED_EDGE('',*,*,#1402,.T.);
#1186=ORIENTED_EDGE('',*,*,#1529,.F.);
#1187=ORIENTED_EDGE('',*,*,#1679,.F.);
#1188=ORIENTED_EDGE('',*,*,#1548,.F.);
#1189=ORIENTED_EDGE('',*,*,#1675,.T.);
#1190=ORIENTED_EDGE('',*,*,#1474,.F.);
#1191=ORIENTED_EDGE('',*,*,#1680,.F.);
#1192=ORIENTED_EDGE('',*,*,#1681,.F.);
#1193=ORIENTED_EDGE('',*,*,#1499,.F.);
#1194=ORIENTED_EDGE('',*,*,#1676,.T.);
#1195=ORIENTED_EDGE('',*,*,#1507,.F.);
#1196=ORIENTED_EDGE('',*,*,#1682,.F.);
#1197=ORIENTED_EDGE('',*,*,#1484,.F.);
#1198=ORIENTED_EDGE('',*,*,#1677,.T.);
#1199=ORIENTED_EDGE('',*,*,#1678,.T.);
#1200=ORIENTED_EDGE('',*,*,#1489,.F.);
#1201=ORIENTED_EDGE('',*,*,#1683,.F.);
#1202=ORIENTED_EDGE('',*,*,#1520,.F.);
#1203=ORIENTED_EDGE('',*,*,#1679,.T.);
#1204=ORIENTED_EDGE('',*,*,#1528,.F.);
#1205=ORIENTED_EDGE('',*,*,#1684,.F.);
#1206=ORIENTED_EDGE('',*,*,#1680,.T.);
#1207=ORIENTED_EDGE('',*,*,#1473,.F.);
#1208=ORIENTED_EDGE('',*,*,#1501,.F.);
#1209=ORIENTED_EDGE('',*,*,#1681,.T.);
#1210=ORIENTED_EDGE('',*,*,#1685,.F.);
#1211=ORIENTED_EDGE('',*,*,#1686,.F.);
#1212=ORIENTED_EDGE('',*,*,#1682,.T.);
#1213=ORIENTED_EDGE('',*,*,#1505,.F.);
#1214=ORIENTED_EDGE('',*,*,#1687,.F.);
#1215=ORIENTED_EDGE('',*,*,#1485,.F.);
#1216=ORIENTED_EDGE('',*,*,#1683,.T.);
#1217=ORIENTED_EDGE('',*,*,#1488,.F.);
#1218=ORIENTED_EDGE('',*,*,#1688,.F.);
#1219=ORIENTED_EDGE('',*,*,#1522,.F.);
#1220=ORIENTED_EDGE('',*,*,#1684,.T.);
#1221=ORIENTED_EDGE('',*,*,#1526,.F.);
#1222=ORIENTED_EDGE('',*,*,#1689,.F.);
#1223=ORIENTED_EDGE('',*,*,#1685,.T.);
#1224=ORIENTED_EDGE('',*,*,#1503,.F.);
#1225=ORIENTED_EDGE('',*,*,#1686,.T.);
#1226=ORIENTED_EDGE('',*,*,#1690,.F.);
#1227=ORIENTED_EDGE('',*,*,#1486,.F.);
#1228=ORIENTED_EDGE('',*,*,#1687,.T.);
#1229=ORIENTED_EDGE('',*,*,#1688,.T.);
#1230=ORIENTED_EDGE('',*,*,#1487,.F.);
#1231=ORIENTED_EDGE('',*,*,#1690,.T.);
#1232=ORIENTED_EDGE('',*,*,#1689,.T.);
#1233=ORIENTED_EDGE('',*,*,#1524,.F.);
#1234=ORIENTED_EDGE('',*,*,#1691,.F.);
#1235=ORIENTED_EDGE('',*,*,#1549,.F.);
#1236=ORIENTED_EDGE('',*,*,#1692,.F.);
#1237=ORIENTED_EDGE('',*,*,#1693,.F.);
#1238=ORIENTED_EDGE('',*,*,#1550,.F.);
#1239=ORIENTED_EDGE('',*,*,#1691,.T.);
#1240=ORIENTED_EDGE('',*,*,#1694,.F.);
#1241=ORIENTED_EDGE('',*,*,#1492,.F.);
#1242=ORIENTED_EDGE('',*,*,#1693,.T.);
#1243=ORIENTED_EDGE('',*,*,#1695,.F.);
#1244=ORIENTED_EDGE('',*,*,#1554,.F.);
#1245=ORIENTED_EDGE('',*,*,#1696,.F.);
#1246=ORIENTED_EDGE('',*,*,#1692,.T.);
#1247=ORIENTED_EDGE('',*,*,#1495,.F.);
#1248=ORIENTED_EDGE('',*,*,#1697,.F.);
#1249=ORIENTED_EDGE('',*,*,#1556,.F.);
#1250=ORIENTED_EDGE('',*,*,#1695,.T.);
#1251=ORIENTED_EDGE('',*,*,#1694,.T.);
#1252=ORIENTED_EDGE('',*,*,#1696,.T.);
#1253=ORIENTED_EDGE('',*,*,#1564,.F.);
#1254=ORIENTED_EDGE('',*,*,#1698,.F.);
#1255=ORIENTED_EDGE('',*,*,#1493,.F.);
#1256=ORIENTED_EDGE('',*,*,#1697,.T.);
#1257=ORIENTED_EDGE('',*,*,#1494,.F.);
#1258=ORIENTED_EDGE('',*,*,#1698,.T.);
#1259=ORIENTED_EDGE('',*,*,#1562,.F.);
#1260=ORIENTED_EDGE('',*,*,#1400,.T.);
#1261=ORIENTED_EDGE('',*,*,#1547,.F.);
#1262=ORIENTED_EDGE('',*,*,#1552,.F.);
#1263=ORIENTED_EDGE('',*,*,#1673,.F.);
#1264=ORIENTED_EDGE('',*,*,#1515,.F.);
#1265=ORIENTED_EDGE('',*,*,#1513,.F.);
#1266=ORIENTED_EDGE('',*,*,#1416,.T.);
#1267=ORIENTED_EDGE('',*,*,#1546,.T.);
#1268=ORIENTED_EDGE('',*,*,#1410,.F.);
#1269=ORIENTED_EDGE('',*,*,#1699,.F.);
#1270=ORIENTED_EDGE('',*,*,#1700,.T.);
#1271=ORIENTED_EDGE('',*,*,#1701,.T.);
#1272=ORIENTED_EDGE('',*,*,#1411,.F.);
#1273=ORIENTED_EDGE('',*,*,#1701,.F.);
#1274=ORIENTED_EDGE('',*,*,#1702,.T.);
#1275=ORIENTED_EDGE('',*,*,#1703,.T.);
#1276=ORIENTED_EDGE('',*,*,#1412,.F.);
#1277=ORIENTED_EDGE('',*,*,#1703,.F.);
#1278=ORIENTED_EDGE('',*,*,#1704,.T.);
#1279=ORIENTED_EDGE('',*,*,#1705,.T.);
#1280=ORIENTED_EDGE('',*,*,#1413,.F.);
#1281=ORIENTED_EDGE('',*,*,#1705,.F.);
#1282=ORIENTED_EDGE('',*,*,#1706,.T.);
#1283=ORIENTED_EDGE('',*,*,#1707,.T.);
#1284=ORIENTED_EDGE('',*,*,#1414,.F.);
#1285=ORIENTED_EDGE('',*,*,#1707,.F.);
#1286=ORIENTED_EDGE('',*,*,#1708,.T.);
#1287=ORIENTED_EDGE('',*,*,#1709,.T.);
#1288=ORIENTED_EDGE('',*,*,#1710,.T.);
#1289=ORIENTED_EDGE('',*,*,#1711,.T.);
#1290=ORIENTED_EDGE('',*,*,#1712,.F.);
#1291=ORIENTED_EDGE('',*,*,#1713,.F.);
#1292=ORIENTED_EDGE('',*,*,#1714,.T.);
#1293=ORIENTED_EDGE('',*,*,#1715,.T.);
#1294=ORIENTED_EDGE('',*,*,#1710,.F.);
#1295=ORIENTED_EDGE('',*,*,#1716,.F.);
#1296=ORIENTED_EDGE('',*,*,#1717,.T.);
#1297=ORIENTED_EDGE('',*,*,#1718,.T.);
#1298=ORIENTED_EDGE('',*,*,#1714,.F.);
#1299=ORIENTED_EDGE('',*,*,#1719,.F.);
#1300=ORIENTED_EDGE('',*,*,#1720,.T.);
#1301=ORIENTED_EDGE('',*,*,#1721,.T.);
#1302=ORIENTED_EDGE('',*,*,#1717,.F.);
#1303=ORIENTED_EDGE('',*,*,#1722,.F.);
#1304=ORIENTED_EDGE('',*,*,#1723,.T.);
#1305=ORIENTED_EDGE('',*,*,#1724,.T.);
#1306=ORIENTED_EDGE('',*,*,#1720,.F.);
#1307=ORIENTED_EDGE('',*,*,#1725,.F.);
#1308=ORIENTED_EDGE('',*,*,#1712,.T.);
#1309=ORIENTED_EDGE('',*,*,#1726,.T.);
#1310=ORIENTED_EDGE('',*,*,#1723,.F.);
#1311=ORIENTED_EDGE('',*,*,#1727,.F.);
#1312=ORIENTED_EDGE('',*,*,#1415,.F.);
#1313=ORIENTED_EDGE('',*,*,#1709,.F.);
#1314=ORIENTED_EDGE('',*,*,#1728,.T.);
#1315=ORIENTED_EDGE('',*,*,#1699,.T.);
#1316=ORIENTED_EDGE('',*,*,#1713,.T.);
#1317=ORIENTED_EDGE('',*,*,#1727,.T.);
#1318=ORIENTED_EDGE('',*,*,#1725,.T.);
#1319=ORIENTED_EDGE('',*,*,#1722,.T.);
#1320=ORIENTED_EDGE('',*,*,#1719,.T.);
#1321=ORIENTED_EDGE('',*,*,#1716,.T.);
#1322=ORIENTED_EDGE('',*,*,#1700,.F.);
#1323=ORIENTED_EDGE('',*,*,#1728,.F.);
#1324=ORIENTED_EDGE('',*,*,#1708,.F.);
#1325=ORIENTED_EDGE('',*,*,#1706,.F.);
#1326=ORIENTED_EDGE('',*,*,#1704,.F.);
#1327=ORIENTED_EDGE('',*,*,#1702,.F.);
#1328=ORIENTED_EDGE('',*,*,#1404,.F.);
#1329=ORIENTED_EDGE('',*,*,#1729,.F.);
#1330=ORIENTED_EDGE('',*,*,#1730,.T.);
#1331=ORIENTED_EDGE('',*,*,#1731,.T.);
#1332=ORIENTED_EDGE('',*,*,#1405,.F.);
#1333=ORIENTED_EDGE('',*,*,#1731,.F.);
#1334=ORIENTED_EDGE('',*,*,#1732,.T.);
#1335=ORIENTED_EDGE('',*,*,#1733,.T.);
#1336=ORIENTED_EDGE('',*,*,#1406,.F.);
#1337=ORIENTED_EDGE('',*,*,#1733,.F.);
#1338=ORIENTED_EDGE('',*,*,#1734,.T.);
#1339=ORIENTED_EDGE('',*,*,#1735,.T.);
#1340=ORIENTED_EDGE('',*,*,#1407,.F.);
#1341=ORIENTED_EDGE('',*,*,#1735,.F.);
#1342=ORIENTED_EDGE('',*,*,#1736,.T.);
#1343=ORIENTED_EDGE('',*,*,#1737,.T.);
#1344=ORIENTED_EDGE('',*,*,#1408,.F.);
#1345=ORIENTED_EDGE('',*,*,#1737,.F.);
#1346=ORIENTED_EDGE('',*,*,#1738,.T.);
#1347=ORIENTED_EDGE('',*,*,#1739,.T.);
#1348=ORIENTED_EDGE('',*,*,#1740,.T.);
#1349=ORIENTED_EDGE('',*,*,#1741,.T.);
#1350=ORIENTED_EDGE('',*,*,#1742,.F.);
#1351=ORIENTED_EDGE('',*,*,#1743,.F.);
#1352=ORIENTED_EDGE('',*,*,#1744,.T.);
#1353=ORIENTED_EDGE('',*,*,#1745,.T.);
#1354=ORIENTED_EDGE('',*,*,#1740,.F.);
#1355=ORIENTED_EDGE('',*,*,#1746,.F.);
#1356=ORIENTED_EDGE('',*,*,#1747,.T.);
#1357=ORIENTED_EDGE('',*,*,#1748,.T.);
#1358=ORIENTED_EDGE('',*,*,#1744,.F.);
#1359=ORIENTED_EDGE('',*,*,#1749,.F.);
#1360=ORIENTED_EDGE('',*,*,#1750,.T.);
#1361=ORIENTED_EDGE('',*,*,#1751,.T.);
#1362=ORIENTED_EDGE('',*,*,#1747,.F.);
#1363=ORIENTED_EDGE('',*,*,#1752,.F.);
#1364=ORIENTED_EDGE('',*,*,#1753,.T.);
#1365=ORIENTED_EDGE('',*,*,#1754,.T.);
#1366=ORIENTED_EDGE('',*,*,#1750,.F.);
#1367=ORIENTED_EDGE('',*,*,#1755,.F.);
#1368=ORIENTED_EDGE('',*,*,#1742,.T.);
#1369=ORIENTED_EDGE('',*,*,#1756,.T.);
#1370=ORIENTED_EDGE('',*,*,#1753,.F.);
#1371=ORIENTED_EDGE('',*,*,#1757,.F.);
#1372=ORIENTED_EDGE('',*,*,#1409,.F.);
#1373=ORIENTED_EDGE('',*,*,#1739,.F.);
#1374=ORIENTED_EDGE('',*,*,#1758,.T.);
#1375=ORIENTED_EDGE('',*,*,#1729,.T.);
#1376=ORIENTED_EDGE('',*,*,#1743,.T.);
#1377=ORIENTED_EDGE('',*,*,#1757,.T.);
#1378=ORIENTED_EDGE('',*,*,#1755,.T.);
#1379=ORIENTED_EDGE('',*,*,#1752,.T.);
#1380=ORIENTED_EDGE('',*,*,#1749,.T.);
#1381=ORIENTED_EDGE('',*,*,#1746,.T.);
#1382=ORIENTED_EDGE('',*,*,#1730,.F.);
#1383=ORIENTED_EDGE('',*,*,#1758,.F.);
#1384=ORIENTED_EDGE('',*,*,#1738,.F.);
#1385=ORIENTED_EDGE('',*,*,#1736,.F.);
#1386=ORIENTED_EDGE('',*,*,#1734,.F.);
#1387=ORIENTED_EDGE('',*,*,#1732,.F.);
#1388=ORIENTED_EDGE('',*,*,#1756,.F.);
#1389=ORIENTED_EDGE('',*,*,#1741,.F.);
#1390=ORIENTED_EDGE('',*,*,#1745,.F.);
#1391=ORIENTED_EDGE('',*,*,#1748,.F.);
#1392=ORIENTED_EDGE('',*,*,#1751,.F.);
#1393=ORIENTED_EDGE('',*,*,#1754,.F.);
#1394=ORIENTED_EDGE('',*,*,#1726,.F.);
#1395=ORIENTED_EDGE('',*,*,#1711,.F.);
#1396=ORIENTED_EDGE('',*,*,#1715,.F.);
#1397=ORIENTED_EDGE('',*,*,#1718,.F.);
#1398=ORIENTED_EDGE('',*,*,#1721,.F.);
#1399=ORIENTED_EDGE('',*,*,#1724,.F.);
#1400=EDGE_CURVE('',#1759,#1760,#1979,.T.);
#1401=EDGE_CURVE('',#1761,#1759,#660,.T.);
#1402=EDGE_CURVE('',#1762,#1761,#1980,.T.);
#1403=EDGE_CURVE('',#1760,#1762,#661,.T.);
#1404=EDGE_CURVE('',#1763,#1764,#106,.T.);
#1405=EDGE_CURVE('',#1764,#1765,#107,.T.);
#1406=EDGE_CURVE('',#1765,#1766,#108,.T.);
#1407=EDGE_CURVE('',#1766,#1767,#109,.T.);
#1408=EDGE_CURVE('',#1767,#1768,#110,.T.);
#1409=EDGE_CURVE('',#1768,#1763,#111,.T.);
#1410=EDGE_CURVE('',#1769,#1770,#112,.T.);
#1411=EDGE_CURVE('',#1770,#1771,#113,.T.);
#1412=EDGE_CURVE('',#1771,#1772,#114,.T.);
#1413=EDGE_CURVE('',#1772,#1773,#115,.T.);
#1414=EDGE_CURVE('',#1773,#1774,#116,.T.);
#1415=EDGE_CURVE('',#1774,#1769,#117,.T.);
#1416=EDGE_CURVE('',#1775,#1776,#118,.T.);
#1417=EDGE_CURVE('',#1775,#1776,#662,.T.);
#1418=EDGE_CURVE('',#1777,#1778,#119,.T.);
#1419=EDGE_CURVE('',#1777,#1779,#120,.F.);
#1420=EDGE_CURVE('',#1779,#1780,#121,.F.);
#1421=EDGE_CURVE('',#1780,#1781,#122,.F.);
#1422=EDGE_CURVE('',#1781,#1782,#123,.F.);
#1423=EDGE_CURVE('',#1782,#1783,#124,.F.);
#1424=EDGE_CURVE('',#1783,#1784,#125,.F.);
#1425=EDGE_CURVE('',#1785,#1784,#126,.T.);
#1426=EDGE_CURVE('',#1785,#1786,#127,.F.);
#1427=EDGE_CURVE('',#1786,#1787,#128,.F.);
#1428=EDGE_CURVE('',#1787,#1788,#129,.F.);
#1429=EDGE_CURVE('',#1788,#1789,#130,.F.);
#1430=EDGE_CURVE('',#1789,#1790,#131,.F.);
#1431=EDGE_CURVE('',#1790,#1791,#132,.F.);
#1432=EDGE_CURVE('',#1792,#1791,#133,.T.);
#1433=EDGE_CURVE('',#1793,#1792,#134,.T.);
#1434=EDGE_CURVE('',#1793,#1794,#135,.T.);
#1435=EDGE_CURVE('',#1794,#1778,#136,.T.);
#1436=EDGE_CURVE('',#1795,#1796,#1981,.F.);
#1437=EDGE_CURVE('',#1796,#1797,#137,.F.);
#1438=EDGE_CURVE('',#1797,#1798,#138,.F.);
#1439=EDGE_CURVE('',#1798,#1799,#139,.F.);
#1440=EDGE_CURVE('',#1799,#1800,#140,.F.);
#1441=EDGE_CURVE('',#1800,#1795,#141,.F.);
#1442=EDGE_CURVE('',#1801,#1802,#142,.F.);
#1443=EDGE_CURVE('',#1802,#1803,#143,.F.);
#1444=EDGE_CURVE('',#1803,#1804,#144,.F.);
#1445=EDGE_CURVE('',#1804,#1805,#145,.F.);
#1446=EDGE_CURVE('',#1805,#1806,#146,.F.);
#1447=EDGE_CURVE('',#1806,#1801,#147,.F.);
#1448=EDGE_CURVE('',#1807,#1808,#148,.T.);
#1449=EDGE_CURVE('',#1809,#1807,#1982,.T.);
#1450=EDGE_CURVE('',#1810,#1809,#149,.T.);
#1451=EDGE_CURVE('',#1811,#1810,#1983,.T.);
#1452=EDGE_CURVE('',#1812,#1811,#150,.F.);
#1453=EDGE_CURVE('',#1813,#1812,#1984,.T.);
#1454=EDGE_CURVE('',#1814,#1813,#151,.F.);
#1455=EDGE_CURVE('',#1808,#1814,#1985,.T.);
#1456=EDGE_CURVE('',#1815,#1816,#152,.T.);
#1457=EDGE_CURVE('',#1817,#1815,#1986,.T.);
#1458=EDGE_CURVE('',#1818,#1817,#153,.T.);
#1459=EDGE_CURVE('',#1819,#1818,#1987,.T.);
#1460=EDGE_CURVE('',#1820,#1819,#154,.F.);
#1461=EDGE_CURVE('',#1821,#1820,#1988,.T.);
#1462=EDGE_CURVE('',#1822,#1821,#155,.F.);
#1463=EDGE_CURVE('',#1816,#1822,#1989,.T.);
#1464=EDGE_CURVE('',#1823,#1824,#156,.T.);
#1465=EDGE_CURVE('',#1825,#1823,#1990,.T.);
#1466=EDGE_CURVE('',#1826,#1825,#157,.T.);
#1467=EDGE_CURVE('',#1827,#1826,#1991,.T.);
#1468=EDGE_CURVE('',#1828,#1827,#158,.F.);
#1469=EDGE_CURVE('',#1829,#1828,#1992,.T.);
#1470=EDGE_CURVE('',#1830,#1829,#159,.F.);
#1471=EDGE_CURVE('',#1824,#1830,#1993,.T.);
#1472=EDGE_CURVE('',#1831,#1832,#663,.T.);
#1473=EDGE_CURVE('',#1832,#1833,#1994,.T.);
#1474=EDGE_CURVE('',#1833,#1834,#1995,.T.);
#1475=EDGE_CURVE('',#1834,#1835,#160,.F.);
#1476=EDGE_CURVE('',#1835,#1836,#1996,.T.);
#1477=EDGE_CURVE('',#1836,#1837,#1997,.T.);
#1478=EDGE_CURVE('',#1837,#1838,#161,.F.);
#1479=EDGE_CURVE('',#1838,#1839,#1998,.T.);
#1480=EDGE_CURVE('',#1839,#1840,#162,.F.);
#1481=EDGE_CURVE('',#1840,#1841,#1999,.T.);
#1482=EDGE_CURVE('',#1841,#1842,#163,.F.);
#1483=EDGE_CURVE('',#1842,#1843,#2000,.T.);
#1484=EDGE_CURVE('',#1843,#1844,#2001,.T.);
#1485=EDGE_CURVE('',#1844,#1845,#164,.F.);
#1486=EDGE_CURVE('',#1845,#1846,#2002,.T.);
#1487=EDGE_CURVE('',#1846,#1847,#2003,.T.);
#1488=EDGE_CURVE('',#1847,#1848,#165,.F.);
#1489=EDGE_CURVE('',#1848,#1849,#2004,.T.);
#1490=EDGE_CURVE('',#1849,#1850,#166,.F.);
#1491=EDGE_CURVE('',#1850,#1851,#664,.T.);
#1492=EDGE_CURVE('',#1851,#1852,#167,.T.);
#1493=EDGE_CURVE('',#1852,#1853,#168,.T.);
#1494=EDGE_CURVE('',#1853,#1854,#169,.F.);
#1495=EDGE_CURVE('',#1854,#1831,#170,.F.);
#1496=EDGE_CURVE('',#1824,#1855,#171,.T.);
#1497=EDGE_CURVE('',#1855,#1856,#172,.T.);
#1498=EDGE_CURVE('',#1823,#1856,#173,.T.);
#1499=EDGE_CURVE('',#1856,#1857,#2005,.F.);
#1500=EDGE_CURVE('',#1825,#1857,#174,.T.);
#1501=EDGE_CURVE('',#1857,#1858,#175,.T.);
#1502=EDGE_CURVE('',#1826,#1858,#176,.T.);
#1503=EDGE_CURVE('',#1858,#1859,#2006,.F.);
#1504=EDGE_CURVE('',#1827,#1859,#177,.T.);
#1505=EDGE_CURVE('',#1859,#1860,#178,.F.);
#1506=EDGE_CURVE('',#1828,#1860,#179,.T.);
#1507=EDGE_CURVE('',#1860,#1861,#2007,.F.);
#1508=EDGE_CURVE('',#1829,#1861,#180,.T.);
#1509=EDGE_CURVE('',#1861,#1862,#181,.F.);
#1510=EDGE_CURVE('',#1830,#1862,#182,.T.);
#1511=EDGE_CURVE('',#1862,#1855,#2008,.F.);
#1512=EDGE_CURVE('',#1816,#1761,#183,.T.);
#1513=EDGE_CURVE('',#1759,#1863,#665,.T.);
#1514=EDGE_CURVE('',#1815,#1863,#184,.T.);
#1515=EDGE_CURVE('',#1863,#1864,#666,.T.);
#1516=EDGE_CURVE('',#1817,#1864,#185,.T.);
#1517=EDGE_CURVE('',#1864,#1865,#667,.T.);
#1518=EDGE_CURVE('',#1865,#1866,#186,.T.);
#1519=EDGE_CURVE('',#1818,#1866,#187,.T.);
#1520=EDGE_CURVE('',#1866,#1867,#2009,.F.);
#1521=EDGE_CURVE('',#1819,#1867,#188,.T.);
#1522=EDGE_CURVE('',#1867,#1868,#189,.F.);
#1523=EDGE_CURVE('',#1820,#1868,#190,.T.);
#1524=EDGE_CURVE('',#1868,#1869,#2010,.F.);
#1525=EDGE_CURVE('',#1821,#1869,#191,.T.);
#1526=EDGE_CURVE('',#1869,#1870,#192,.F.);
#1527=EDGE_CURVE('',#1822,#1870,#193,.T.);
#1528=EDGE_CURVE('',#1870,#1871,#2011,.F.);
#1529=EDGE_CURVE('',#1871,#1761,#668,.T.);
#1530=EDGE_CURVE('',#1808,#1872,#194,.T.);
#1531=EDGE_CURVE('',#1872,#1873,#195,.T.);
#1532=EDGE_CURVE('',#1807,#1873,#196,.T.);
#1533=EDGE_CURVE('',#1873,#1874,#2012,.F.);
#1534=EDGE_CURVE('',#1809,#1874,#197,.T.);
#1535=EDGE_CURVE('',#1874,#1875,#198,.T.);
#1536=EDGE_CURVE('',#1810,#1875,#199,.T.);
#1537=EDGE_CURVE('',#1875,#1876,#2013,.F.);
#1538=EDGE_CURVE('',#1811,#1876,#200,.T.);
#1539=EDGE_CURVE('',#1876,#1877,#201,.F.);
#1540=EDGE_CURVE('',#1812,#1877,#202,.T.);
#1541=EDGE_CURVE('',#1877,#1878,#2014,.F.);
#1542=EDGE_CURVE('',#1813,#1878,#203,.T.);
#1543=EDGE_CURVE('',#1878,#1879,#204,.F.);
#1544=EDGE_CURVE('',#1814,#1879,#205,.T.);
#1545=EDGE_CURVE('',#1879,#1872,#2015,.F.);
#1546=EDGE_CURVE('',#1776,#1775,#669,.T.);
#1547=EDGE_CURVE('',#1880,#1760,#670,.T.);
#1548=EDGE_CURVE('',#1762,#1832,#671,.T.);
#1549=EDGE_CURVE('',#1831,#1881,#672,.T.);
#1550=EDGE_CURVE('',#1881,#1851,#673,.T.);
#1551=EDGE_CURVE('',#1850,#1882,#674,.T.);
#1552=EDGE_CURVE('',#1882,#1880,#675,.T.);
#1553=EDGE_CURVE('',#1794,#1883,#206,.T.);
#1554=EDGE_CURVE('',#1883,#1884,#207,.F.);
#1555=EDGE_CURVE('',#1778,#1884,#208,.T.);
#1556=EDGE_CURVE('',#1884,#1885,#209,.T.);
#1557=EDGE_CURVE('',#1792,#1885,#210,.T.);
#1558=EDGE_CURVE('',#1791,#1886,#25,.F.);
#1559=EDGE_CURVE('',#1886,#1785,#26,.F.);
#1560=EDGE_CURVE('',#1784,#1887,#27,.F.);
#1561=EDGE_CURVE('',#1887,#1777,#28,.F.);
#1562=EDGE_CURVE('',#1885,#1888,#211,.T.);
#1563=EDGE_CURVE('',#1793,#1888,#212,.T.);
#1564=EDGE_CURVE('',#1888,#1883,#213,.F.);
#1565=EDGE_CURVE('',#1889,#1890,#214,.T.);
#1566=EDGE_CURVE('',#1889,#1891,#215,.T.);
#1567=EDGE_CURVE('',#1891,#1892,#216,.T.);
#1568=EDGE_CURVE('',#1892,#1890,#217,.T.);
#1569=EDGE_CURVE('',#1893,#1894,#218,.T.);
#1570=EDGE_CURVE('',#1893,#1889,#219,.T.);
#1571=EDGE_CURVE('',#1890,#1894,#220,.T.);
#1572=EDGE_CURVE('',#1895,#1896,#221,.T.);
#1573=EDGE_CURVE('',#1895,#1893,#222,.T.);
#1574=EDGE_CURVE('',#1894,#1896,#223,.T.);
#1575=EDGE_CURVE('',#1897,#1898,#224,.T.);
#1576=EDGE_CURVE('',#1897,#1895,#225,.T.);
#1577=EDGE_CURVE('',#1896,#1898,#226,.T.);
#1578=EDGE_CURVE('',#1899,#1900,#227,.T.);
#1579=EDGE_CURVE('',#1899,#1897,#228,.T.);
#1580=EDGE_CURVE('',#1898,#1900,#229,.T.);
#1581=EDGE_CURVE('',#1891,#1899,#2016,.T.);
#1582=EDGE_CURVE('',#1900,#1892,#2017,.T.);
#1583=EDGE_CURVE('',#1901,#1902,#230,.T.);
#1584=EDGE_CURVE('',#1901,#1903,#231,.T.);
#1585=EDGE_CURVE('',#1903,#1904,#232,.T.);
#1586=EDGE_CURVE('',#1904,#1902,#233,.T.);
#1587=EDGE_CURVE('',#1905,#1906,#234,.T.);
#1588=EDGE_CURVE('',#1905,#1901,#235,.T.);
#1589=EDGE_CURVE('',#1902,#1906,#236,.T.);
#1590=EDGE_CURVE('',#1907,#1908,#237,.T.);
#1591=EDGE_CURVE('',#1907,#1905,#238,.T.);
#1592=EDGE_CURVE('',#1906,#1908,#239,.T.);
#1593=EDGE_CURVE('',#1909,#1910,#240,.T.);
#1594=EDGE_CURVE('',#1909,#1907,#241,.T.);
#1595=EDGE_CURVE('',#1908,#1910,#242,.T.);
#1596=EDGE_CURVE('',#1911,#1912,#243,.T.);
#1597=EDGE_CURVE('',#1911,#1909,#244,.T.);
#1598=EDGE_CURVE('',#1910,#1912,#245,.T.);
#1599=EDGE_CURVE('',#1903,#1911,#246,.T.);
#1600=EDGE_CURVE('',#1912,#1904,#247,.T.);
#1601=EDGE_CURVE('',#1913,#1914,#248,.T.);
#1602=EDGE_CURVE('',#1913,#1915,#249,.T.);
#1603=EDGE_CURVE('',#1915,#1916,#250,.T.);
#1604=EDGE_CURVE('',#1916,#1914,#251,.T.);
#1605=EDGE_CURVE('',#1917,#1918,#252,.T.);
#1606=EDGE_CURVE('',#1917,#1913,#253,.T.);
#1607=EDGE_CURVE('',#1914,#1918,#254,.T.);
#1608=EDGE_CURVE('',#1919,#1920,#255,.T.);
#1609=EDGE_CURVE('',#1919,#1917,#256,.T.);
#1610=EDGE_CURVE('',#1918,#1920,#257,.T.);
#1611=EDGE_CURVE('',#1921,#1922,#258,.T.);
#1612=EDGE_CURVE('',#1921,#1919,#259,.T.);
#1613=EDGE_CURVE('',#1920,#1922,#260,.T.);
#1614=EDGE_CURVE('',#1923,#1924,#261,.T.);
#1615=EDGE_CURVE('',#1923,#1921,#262,.T.);
#1616=EDGE_CURVE('',#1922,#1924,#263,.T.);
#1617=EDGE_CURVE('',#1915,#1923,#264,.T.);
#1618=EDGE_CURVE('',#1924,#1916,#265,.T.);
#1619=EDGE_CURVE('',#1925,#1926,#266,.T.);
#1620=EDGE_CURVE('',#1925,#1927,#267,.T.);
#1621=EDGE_CURVE('',#1927,#1928,#268,.T.);
#1622=EDGE_CURVE('',#1928,#1926,#269,.T.);
#1623=EDGE_CURVE('',#1929,#1930,#270,.T.);
#1624=EDGE_CURVE('',#1929,#1925,#271,.T.);
#1625=EDGE_CURVE('',#1926,#1930,#272,.T.);
#1626=EDGE_CURVE('',#1931,#1932,#273,.T.);
#1627=EDGE_CURVE('',#1931,#1929,#274,.T.);
#1628=EDGE_CURVE('',#1930,#1932,#275,.T.);
#1629=EDGE_CURVE('',#1933,#1934,#276,.T.);
#1630=EDGE_CURVE('',#1933,#1931,#277,.T.);
#1631=EDGE_CURVE('',#1932,#1934,#278,.T.);
#1632=EDGE_CURVE('',#1935,#1936,#279,.T.);
#1633=EDGE_CURVE('',#1935,#1933,#280,.T.);
#1634=EDGE_CURVE('',#1934,#1936,#281,.T.);
#1635=EDGE_CURVE('',#1927,#1935,#282,.T.);
#1636=EDGE_CURVE('',#1936,#1928,#283,.T.);
#1637=EDGE_CURVE('',#1782,#1901,#29,.T.);
#1638=EDGE_CURVE('',#1903,#1781,#30,.F.);
#1639=EDGE_CURVE('',#1911,#1780,#31,.F.);
#1640=EDGE_CURVE('',#1783,#1905,#32,.T.);
#1641=EDGE_CURVE('',#1909,#1779,#33,.F.);
#1642=EDGE_CURVE('',#1887,#1907,#34,.T.);
#1643=EDGE_CURVE('',#1789,#1917,#35,.T.);
#1644=EDGE_CURVE('',#1913,#1788,#36,.F.);
#1645=EDGE_CURVE('',#1915,#1787,#37,.F.);
#1646=EDGE_CURVE('',#1790,#1919,#38,.T.);
#1647=EDGE_CURVE('',#1923,#1786,#39,.F.);
#1648=EDGE_CURVE('',#1886,#1921,#40,.T.);
#1649=EDGE_CURVE('',#1800,#1897,#41,.T.);
#1650=EDGE_CURVE('',#1895,#1799,#42,.F.);
#1651=EDGE_CURVE('',#1893,#1798,#43,.F.);
#1652=EDGE_CURVE('',#1795,#1899,#2018,.T.);
#1653=EDGE_CURVE('',#1889,#1797,#44,.F.);
#1654=EDGE_CURVE('',#1796,#1891,#2019,.T.);
#1655=EDGE_CURVE('',#1806,#1933,#45,.T.);
#1656=EDGE_CURVE('',#1931,#1805,#46,.F.);
#1657=EDGE_CURVE('',#1929,#1804,#47,.F.);
#1658=EDGE_CURVE('',#1801,#1935,#48,.T.);
#1659=EDGE_CURVE('',#1925,#1803,#49,.F.);
#1660=EDGE_CURVE('',#1802,#1927,#50,.T.);
#1661=EDGE_CURVE('',#1839,#1879,#2020,.T.);
#1662=EDGE_CURVE('',#1872,#1838,#2021,.T.);
#1663=EDGE_CURVE('',#1873,#1837,#2022,.T.);
#1664=EDGE_CURVE('',#1840,#1878,#2023,.T.);
#1665=EDGE_CURVE('',#1937,#1836,#676,.F.);
#1666=EDGE_CURVE('',#1874,#1937,#2024,.T.);
#1667=EDGE_CURVE('',#1841,#1877,#2025,.T.);
#1668=EDGE_CURVE('',#1855,#1835,#2026,.T.);
#1669=EDGE_CURVE('',#1937,#1862,#2027,.T.);
#1670=EDGE_CURVE('',#1938,#1937,#284,.F.);
#1671=EDGE_CURVE('',#1875,#1938,#2028,.T.);
#1672=EDGE_CURVE('',#1842,#1876,#2029,.T.);
#1673=EDGE_CURVE('',#1864,#1882,#2030,.T.);
#1674=EDGE_CURVE('',#1865,#1850,#2031,.T.);
#1675=EDGE_CURVE('',#1856,#1834,#2032,.T.);
#1676=EDGE_CURVE('',#1938,#1861,#2033,.T.);
#1677=EDGE_CURVE('',#1843,#1938,#677,.T.);
#1678=EDGE_CURVE('',#1866,#1849,#2034,.T.);
#1679=EDGE_CURVE('',#1832,#1871,#2035,.T.);
#1680=EDGE_CURVE('',#1939,#1833,#678,.F.);
#1681=EDGE_CURVE('',#1857,#1939,#2036,.T.);
#1682=EDGE_CURVE('',#1844,#1860,#2037,.T.);
#1683=EDGE_CURVE('',#1867,#1848,#2038,.T.);
#1684=EDGE_CURVE('',#1939,#1870,#2039,.T.);
#1685=EDGE_CURVE('',#1940,#1939,#285,.F.);
#1686=EDGE_CURVE('',#1858,#1940,#2040,.T.);
#1687=EDGE_CURVE('',#1845,#1859,#2041,.T.);
#1688=EDGE_CURVE('',#1868,#1847,#2042,.T.);
#1689=EDGE_CURVE('',#1940,#1869,#2043,.T.);
#1690=EDGE_CURVE('',#1846,#1940,#679,.T.);
#1691=EDGE_CURVE('',#1881,#1941,#680,.F.);
#1692=EDGE_CURVE('',#1941,#1831,#2044,.T.);
#1693=EDGE_CURVE('',#1851,#1942,#2045,.T.);
#1694=EDGE_CURVE('',#1942,#1941,#681,.T.);
#1695=EDGE_CURVE('',#1884,#1942,#51,.T.);
#1696=EDGE_CURVE('',#1852,#1883,#52,.F.);
#1697=EDGE_CURVE('',#1885,#1854,#53,.T.);
#1698=EDGE_CURVE('',#1853,#1888,#54,.F.);
#1699=EDGE_CURVE('',#1943,#1769,#286,.T.);
#1700=EDGE_CURVE('',#1943,#1944,#287,.T.);
#1701=EDGE_CURVE('',#1944,#1770,#288,.T.);
#1702=EDGE_CURVE('',#1944,#1945,#289,.T.);
#1703=EDGE_CURVE('',#1945,#1771,#290,.T.);
#1704=EDGE_CURVE('',#1945,#1946,#291,.T.);
#1705=EDGE_CURVE('',#1946,#1772,#292,.T.);
#1706=EDGE_CURVE('',#1946,#1947,#293,.T.);
#1707=EDGE_CURVE('',#1947,#1773,#294,.T.);
#1708=EDGE_CURVE('',#1947,#1948,#295,.T.);
#1709=EDGE_CURVE('',#1948,#1774,#296,.T.);
#1710=EDGE_CURVE('',#1949,#1950,#297,.T.);
#1711=EDGE_CURVE('',#1950,#1951,#298,.T.);
#1712=EDGE_CURVE('',#1952,#1951,#299,.T.);
#1713=EDGE_CURVE('',#1949,#1952,#300,.T.);
#1714=EDGE_CURVE('',#1953,#1954,#301,.T.);
#1715=EDGE_CURVE('',#1954,#1950,#302,.T.);
#1716=EDGE_CURVE('',#1953,#1949,#303,.T.);
#1717=EDGE_CURVE('',#1955,#1956,#304,.T.);
#1718=EDGE_CURVE('',#1956,#1954,#305,.T.);
#1719=EDGE_CURVE('',#1955,#1953,#306,.T.);
#1720=EDGE_CURVE('',#1957,#1958,#307,.T.);
#1721=EDGE_CURVE('',#1958,#1956,#308,.T.);
#1722=EDGE_CURVE('',#1957,#1955,#309,.T.);
#1723=EDGE_CURVE('',#1959,#1960,#310,.T.);
#1724=EDGE_CURVE('',#1960,#1958,#311,.T.);
#1725=EDGE_CURVE('',#1959,#1957,#312,.T.);
#1726=EDGE_CURVE('',#1951,#1960,#313,.T.);
#1727=EDGE_CURVE('',#1952,#1959,#314,.T.);
#1728=EDGE_CURVE('',#1948,#1943,#315,.T.);
#1729=EDGE_CURVE('',#1961,#1763,#316,.T.);
#1730=EDGE_CURVE('',#1961,#1962,#317,.T.);
#1731=EDGE_CURVE('',#1962,#1764,#318,.T.);
#1732=EDGE_CURVE('',#1962,#1963,#319,.T.);
#1733=EDGE_CURVE('',#1963,#1765,#320,.T.);
#1734=EDGE_CURVE('',#1963,#1964,#321,.T.);
#1735=EDGE_CURVE('',#1964,#1766,#322,.T.);
#1736=EDGE_CURVE('',#1964,#1965,#323,.T.);
#1737=EDGE_CURVE('',#1965,#1767,#324,.T.);
#1738=EDGE_CURVE('',#1965,#1966,#325,.T.);
#1739=EDGE_CURVE('',#1966,#1768,#326,.T.);
#1740=EDGE_CURVE('',#1967,#1968,#327,.T.);
#1741=EDGE_CURVE('',#1968,#1969,#328,.T.);
#1742=EDGE_CURVE('',#1970,#1969,#329,.T.);
#1743=EDGE_CURVE('',#1967,#1970,#330,.T.);
#1744=EDGE_CURVE('',#1971,#1972,#331,.T.);
#1745=EDGE_CURVE('',#1972,#1968,#332,.T.);
#1746=EDGE_CURVE('',#1971,#1967,#333,.T.);
#1747=EDGE_CURVE('',#1973,#1974,#334,.T.);
#1748=EDGE_CURVE('',#1974,#1972,#335,.T.);
#1749=EDGE_CURVE('',#1973,#1971,#336,.T.);
#1750=EDGE_CURVE('',#1975,#1976,#337,.T.);
#1751=EDGE_CURVE('',#1976,#1974,#338,.T.);
#1752=EDGE_CURVE('',#1975,#1973,#339,.T.);
#1753=EDGE_CURVE('',#1977,#1978,#340,.T.);
#1754=EDGE_CURVE('',#1978,#1976,#341,.T.);
#1755=EDGE_CURVE('',#1977,#1975,#342,.T.);
#1756=EDGE_CURVE('',#1969,#1978,#343,.T.);
#1757=EDGE_CURVE('',#1970,#1977,#344,.T.);
#1758=EDGE_CURVE('',#1966,#1961,#345,.T.);
#1759=VERTEX_POINT('',#3483);
#1760=VERTEX_POINT('',#3484);
#1761=VERTEX_POINT('',#3490);
#1762=VERTEX_POINT('',#3492);
#1763=VERTEX_POINT('',#3500);
#1764=VERTEX_POINT('',#3501);
#1765=VERTEX_POINT('',#3503);
#1766=VERTEX_POINT('',#3505);
#1767=VERTEX_POINT('',#3507);
#1768=VERTEX_POINT('',#3509);
#1769=VERTEX_POINT('',#3512);
#1770=VERTEX_POINT('',#3513);
#1771=VERTEX_POINT('',#3515);
#1772=VERTEX_POINT('',#3517);
#1773=VERTEX_POINT('',#3519);
#1774=VERTEX_POINT('',#3521);
#1775=VERTEX_POINT('',#3524);
#1776=VERTEX_POINT('',#3525);
#1777=VERTEX_POINT('',#3581);
#1778=VERTEX_POINT('',#3582);
#1779=VERTEX_POINT('',#3584);
#1780=VERTEX_POINT('',#3586);
#1781=VERTEX_POINT('',#3588);
#1782=VERTEX_POINT('',#3590);
#1783=VERTEX_POINT('',#3592);
#1784=VERTEX_POINT('',#3594);
#1785=VERTEX_POINT('',#3596);
#1786=VERTEX_POINT('',#3598);
#1787=VERTEX_POINT('',#3600);
#1788=VERTEX_POINT('',#3602);
#1789=VERTEX_POINT('',#3604);
#1790=VERTEX_POINT('',#3606);
#1791=VERTEX_POINT('',#3608);
#1792=VERTEX_POINT('',#3610);
#1793=VERTEX_POINT('',#3612);
#1794=VERTEX_POINT('',#3614);
#1795=VERTEX_POINT('',#3617);
#1796=VERTEX_POINT('',#3618);
#1797=VERTEX_POINT('',#3620);
#1798=VERTEX_POINT('',#3622);
#1799=VERTEX_POINT('',#3624);
#1800=VERTEX_POINT('',#3626);
#1801=VERTEX_POINT('',#3629);
#1802=VERTEX_POINT('',#3630);
#1803=VERTEX_POINT('',#3632);
#1804=VERTEX_POINT('',#3634);
#1805=VERTEX_POINT('',#3636);
#1806=VERTEX_POINT('',#3638);
#1807=VERTEX_POINT('',#3641);
#1808=VERTEX_POINT('',#3642);
#1809=VERTEX_POINT('',#3644);
#1810=VERTEX_POINT('',#3646);
#1811=VERTEX_POINT('',#3648);
#1812=VERTEX_POINT('',#3650);
#1813=VERTEX_POINT('',#3652);
#1814=VERTEX_POINT('',#3654);
#1815=VERTEX_POINT('',#3657);
#1816=VERTEX_POINT('',#3658);
#1817=VERTEX_POINT('',#3660);
#1818=VERTEX_POINT('',#3662);
#1819=VERTEX_POINT('',#3664);
#1820=VERTEX_POINT('',#3666);
#1821=VERTEX_POINT('',#3668);
#1822=VERTEX_POINT('',#3670);
#1823=VERTEX_POINT('',#3673);
#1824=VERTEX_POINT('',#3674);
#1825=VERTEX_POINT('',#3676);
#1826=VERTEX_POINT('',#3678);
#1827=VERTEX_POINT('',#3680);
#1828=VERTEX_POINT('',#3682);
#1829=VERTEX_POINT('',#3684);
#1830=VERTEX_POINT('',#3686);
#1831=VERTEX_POINT('',#3718);
#1832=VERTEX_POINT('',#3719);
#1833=VERTEX_POINT('',#3721);
#1834=VERTEX_POINT('',#3723);
#1835=VERTEX_POINT('',#3725);
#1836=VERTEX_POINT('',#3727);
#1837=VERTEX_POINT('',#3729);
#1838=VERTEX_POINT('',#3731);
#1839=VERTEX_POINT('',#3733);
#1840=VERTEX_POINT('',#3735);
#1841=VERTEX_POINT('',#3737);
#1842=VERTEX_POINT('',#3739);
#1843=VERTEX_POINT('',#3741);
#1844=VERTEX_POINT('',#3743);
#1845=VERTEX_POINT('',#3745);
#1846=VERTEX_POINT('',#3747);
#1847=VERTEX_POINT('',#3749);
#1848=VERTEX_POINT('',#3751);
#1849=VERTEX_POINT('',#3753);
#1850=VERTEX_POINT('',#3755);
#1851=VERTEX_POINT('',#3784);
#1852=VERTEX_POINT('',#3786);
#1853=VERTEX_POINT('',#3788);
#1854=VERTEX_POINT('',#3790);
#1855=VERTEX_POINT('',#3794);
#1856=VERTEX_POINT('',#3796);
#1857=VERTEX_POINT('',#3800);
#1858=VERTEX_POINT('',#3804);
#1859=VERTEX_POINT('',#3808);
#1860=VERTEX_POINT('',#3812);
#1861=VERTEX_POINT('',#3816);
#1862=VERTEX_POINT('',#3820);
#1863=VERTEX_POINT('',#3830);
#1864=VERTEX_POINT('',#3848);
#1865=VERTEX_POINT('',#3856);
#1866=VERTEX_POINT('',#3858);
#1867=VERTEX_POINT('',#3862);
#1868=VERTEX_POINT('',#3866);
#1869=VERTEX_POINT('',#3870);
#1870=VERTEX_POINT('',#3874);
#1871=VERTEX_POINT('',#3878);
#1872=VERTEX_POINT('',#3885);
#1873=VERTEX_POINT('',#3887);
#1874=VERTEX_POINT('',#3891);
#1875=VERTEX_POINT('',#3895);
#1876=VERTEX_POINT('',#3899);
#1877=VERTEX_POINT('',#3903);
#1878=VERTEX_POINT('',#3907);
#1879=VERTEX_POINT('',#3911);
#1880=VERTEX_POINT('',#4130);
#1881=VERTEX_POINT('',#4139);
#1882=VERTEX_POINT('',#4149);
#1883=VERTEX_POINT('',#4162);
#1884=VERTEX_POINT('',#4164);
#1885=VERTEX_POINT('',#4168);
#1886=VERTEX_POINT('',#4171);
#1887=VERTEX_POINT('',#4174);
#1888=VERTEX_POINT('',#4178);
#1889=VERTEX_POINT('',#4184);
#1890=VERTEX_POINT('',#4185);
#1891=VERTEX_POINT('',#4187);
#1892=VERTEX_POINT('',#4189);
#1893=VERTEX_POINT('',#4193);
#1894=VERTEX_POINT('',#4194);
#1895=VERTEX_POINT('',#4199);
#1896=VERTEX_POINT('',#4200);
#1897=VERTEX_POINT('',#4205);
#1898=VERTEX_POINT('',#4206);
#1899=VERTEX_POINT('',#4211);
#1900=VERTEX_POINT('',#4212);
#1901=VERTEX_POINT('',#4221);
#1902=VERTEX_POINT('',#4222);
#1903=VERTEX_POINT('',#4224);
#1904=VERTEX_POINT('',#4226);
#1905=VERTEX_POINT('',#4230);
#1906=VERTEX_POINT('',#4231);
#1907=VERTEX_POINT('',#4236);
#1908=VERTEX_POINT('',#4237);
#1909=VERTEX_POINT('',#4242);
#1910=VERTEX_POINT('',#4243);
#1911=VERTEX_POINT('',#4248);
#1912=VERTEX_POINT('',#4249);
#1913=VERTEX_POINT('',#4258);
#1914=VERTEX_POINT('',#4259);
#1915=VERTEX_POINT('',#4261);
#1916=VERTEX_POINT('',#4263);
#1917=VERTEX_POINT('',#4267);
#1918=VERTEX_POINT('',#4268);
#1919=VERTEX_POINT('',#4273);
#1920=VERTEX_POINT('',#4274);
#1921=VERTEX_POINT('',#4279);
#1922=VERTEX_POINT('',#4280);
#1923=VERTEX_POINT('',#4285);
#1924=VERTEX_POINT('',#4286);
#1925=VERTEX_POINT('',#4295);
#1926=VERTEX_POINT('',#4296);
#1927=VERTEX_POINT('',#4298);
#1928=VERTEX_POINT('',#4300);
#1929=VERTEX_POINT('',#4304);
#1930=VERTEX_POINT('',#4305);
#1931=VERTEX_POINT('',#4310);
#1932=VERTEX_POINT('',#4311);
#1933=VERTEX_POINT('',#4316);
#1934=VERTEX_POINT('',#4317);
#1935=VERTEX_POINT('',#4322);
#1936=VERTEX_POINT('',#4323);
#1937=VERTEX_POINT('',#4391);
#1938=VERTEX_POINT('',#4400);
#1939=VERTEX_POINT('',#4452);
#1940=VERTEX_POINT('',#4462);
#1941=VERTEX_POINT('',#4494);
#1942=VERTEX_POINT('',#4509);
#1943=VERTEX_POINT('',#4848);
#1944=VERTEX_POINT('',#4850);
#1945=VERTEX_POINT('',#4854);
#1946=VERTEX_POINT('',#4858);
#1947=VERTEX_POINT('',#4862);
#1948=VERTEX_POINT('',#4866);
#1949=VERTEX_POINT('',#4870);
#1950=VERTEX_POINT('',#4871);
#1951=VERTEX_POINT('',#4873);
#1952=VERTEX_POINT('',#4875);
#1953=VERTEX_POINT('',#4879);
#1954=VERTEX_POINT('',#4880);
#1955=VERTEX_POINT('',#4885);
#1956=VERTEX_POINT('',#4886);
#1957=VERTEX_POINT('',#4891);
#1958=VERTEX_POINT('',#4892);
#1959=VERTEX_POINT('',#4897);
#1960=VERTEX_POINT('',#4898);
#1961=VERTEX_POINT('',#4909);
#1962=VERTEX_POINT('',#4911);
#1963=VERTEX_POINT('',#4915);
#1964=VERTEX_POINT('',#4919);
#1965=VERTEX_POINT('',#4923);
#1966=VERTEX_POINT('',#4927);
#1967=VERTEX_POINT('',#4931);
#1968=VERTEX_POINT('',#4932);
#1969=VERTEX_POINT('',#4934);
#1970=VERTEX_POINT('',#4936);
#1971=VERTEX_POINT('',#4940);
#1972=VERTEX_POINT('',#4941);
#1973=VERTEX_POINT('',#4946);
#1974=VERTEX_POINT('',#4947);
#1975=VERTEX_POINT('',#4952);
#1976=VERTEX_POINT('',#4953);
#1977=VERTEX_POINT('',#4958);
#1978=VERTEX_POINT('',#4959);
#1979=CIRCLE('',#2519,0.005);
#1980=CIRCLE('',#2520,0.005);
#1981=CIRCLE('',#2522,0.00175000000000005);
#1982=CIRCLE('',#2523,0.0005);
#1983=CIRCLE('',#2524,0.0005);
#1984=CIRCLE('',#2525,0.000499999999999987);
#1985=CIRCLE('',#2526,0.00049999999999999);
#1986=CIRCLE('',#2527,0.0005);
#1987=CIRCLE('',#2528,0.0005);
#1988=CIRCLE('',#2529,0.0005);
#1989=CIRCLE('',#2530,0.0005);
#1990=CIRCLE('',#2531,0.0005);
#1991=CIRCLE('',#2532,0.0005);
#1992=CIRCLE('',#2533,0.0005);
#1993=CIRCLE('',#2534,0.0005);
#1994=CIRCLE('',#2536,0.0055);
#1995=CIRCLE('',#2537,0.0055);
#1996=CIRCLE('',#2538,0.0055);
#1997=CIRCLE('',#2539,0.0055);
#1998=CIRCLE('',#2540,0.0055);
#1999=CIRCLE('',#2541,0.0055);
#2000=CIRCLE('',#2542,0.0055);
#2001=CIRCLE('',#2543,0.0055);
#2002=CIRCLE('',#2544,0.0055);
#2003=CIRCLE('',#2545,0.0055);
#2004=CIRCLE('',#2546,0.0055);
#2005=CIRCLE('',#2549,0.0005);
#2006=CIRCLE('',#2552,0.0005);
#2007=CIRCLE('',#2555,0.0005);
#2008=CIRCLE('',#2558,0.0005);
#2009=CIRCLE('',#2563,0.0005);
#2010=CIRCLE('',#2566,0.0005);
#2011=CIRCLE('',#2569,0.0005);
#2012=CIRCLE('',#2572,0.0005);
#2013=CIRCLE('',#2575,0.0005);
#2014=CIRCLE('',#2578,0.000499999999999987);
#2015=CIRCLE('',#2581,0.00049999999999999);
#2016=CIRCLE('',#2596,0.00125000000000005);
#2017=CIRCLE('',#2597,0.00125000000000005);
#2018=CIRCLE('',#2650,0.0005);
#2019=CIRCLE('',#2654,0.0005);
#2020=CIRCLE('',#2669,0.005);
#2021=CIRCLE('',#2670,0.005);
#2022=CIRCLE('',#2672,0.005);
#2023=CIRCLE('',#2674,0.005);
#2024=CIRCLE('',#2676,0.005);
#2025=CIRCLE('',#2678,0.005);
#2026=CIRCLE('',#2680,0.005);
#2027=CIRCLE('',#2681,0.005);
#2028=CIRCLE('',#2683,0.005);
#2029=CIRCLE('',#2685,0.005);
#2030=CIRCLE('',#2686,0.005);
#2031=CIRCLE('',#2687,0.005);
#2032=CIRCLE('',#2689,0.005);
#2033=CIRCLE('',#2691,0.005);
#2034=CIRCLE('',#2694,0.005);
#2035=CIRCLE('',#2695,0.005);
#2036=CIRCLE('',#2697,0.005);
#2037=CIRCLE('',#2699,0.005);
#2038=CIRCLE('',#2701,0.005);
#2039=CIRCLE('',#2703,0.005);
#2040=CIRCLE('',#2705,0.005);
#2041=CIRCLE('',#2707,0.005);
#2042=CIRCLE('',#2709,0.005);
#2043=CIRCLE('',#2711,0.005);
#2044=CIRCLE('',#2714,0.005);
#2045=CIRCLE('',#2715,0.005);
#2046=EDGE_LOOP('',(#682,#683,#684,#685));
#2047=EDGE_LOOP('',(#686,#687,#688,#689,#690,#691));
#2048=EDGE_LOOP('',(#692,#693,#694,#695,#696,#697));
#2049=EDGE_LOOP('',(#698,#699));
#2050=EDGE_LOOP('',(#700,#701,#702,#703,#704,#705,#706,#707,#708,#709,#710,
#711,#712,#713,#714,#715,#716,#717));
#2051=EDGE_LOOP('',(#718,#719,#720,#721,#722,#723));
#2052=EDGE_LOOP('',(#724,#725,#726,#727,#728,#729));
#2053=EDGE_LOOP('',(#730,#731,#732,#733,#734,#735,#736,#737));
#2054=EDGE_LOOP('',(#738,#739,#740,#741,#742,#743,#744,#745));
#2055=EDGE_LOOP('',(#746,#747,#748,#749,#750,#751,#752,#753));
#2056=EDGE_LOOP('',(#754,#755,#756,#757,#758,#759,#760,#761,#762,#763,#764,
#765,#766,#767,#768,#769,#770,#771,#772,#773,#774,#775,#776,#777));
#2057=EDGE_LOOP('',(#778,#779,#780,#781));
#2058=EDGE_LOOP('',(#782,#783,#784,#785));
#2059=EDGE_LOOP('',(#786,#787,#788,#789));
#2060=EDGE_LOOP('',(#790,#791,#792,#793));
#2061=EDGE_LOOP('',(#794,#795,#796,#797));
#2062=EDGE_LOOP('',(#798,#799,#800,#801));
#2063=EDGE_LOOP('',(#802,#803,#804,#805));
#2064=EDGE_LOOP('',(#806,#807,#808,#809));
#2065=EDGE_LOOP('',(#810,#811,#812,#813,#814));
#2066=EDGE_LOOP('',(#815,#816,#817,#818));
#2067=EDGE_LOOP('',(#819,#820,#821,#822,#823));
#2068=EDGE_LOOP('',(#824,#825,#826,#827));
#2069=EDGE_LOOP('',(#828,#829,#830,#831));
#2070=EDGE_LOOP('',(#832,#833,#834,#835));
#2071=EDGE_LOOP('',(#836,#837,#838,#839));
#2072=EDGE_LOOP('',(#840,#841,#842,#843,#844));
#2073=EDGE_LOOP('',(#845,#846,#847,#848));
#2074=EDGE_LOOP('',(#849,#850,#851,#852));
#2075=EDGE_LOOP('',(#853,#854,#855,#856));
#2076=EDGE_LOOP('',(#857,#858,#859,#860));
#2077=EDGE_LOOP('',(#861,#862,#863,#864));
#2078=EDGE_LOOP('',(#865,#866,#867,#868));
#2079=EDGE_LOOP('',(#869,#870,#871,#872));
#2080=EDGE_LOOP('',(#873,#874,#875,#876));
#2081=EDGE_LOOP('',(#877,#878));
#2082=EDGE_LOOP('',(#879,#880,#881,#882,#883,#884,#885,#886,#887));
#2083=EDGE_LOOP('',(#888,#889,#890,#891));
#2084=EDGE_LOOP('',(#892,#893,#894,#895,#896,#897,#898,#899,#900,#901));
#2085=EDGE_LOOP('',(#902,#903,#904,#905));
#2086=EDGE_LOOP('',(#906,#907,#908,#909));
#2087=EDGE_LOOP('',(#910,#911,#912,#913));
#2088=EDGE_LOOP('',(#914,#915,#916,#917));
#2089=EDGE_LOOP('',(#918,#919,#920,#921));
#2090=EDGE_LOOP('',(#922,#923,#924,#925));
#2091=EDGE_LOOP('',(#926,#927,#928,#929));
#2092=EDGE_LOOP('',(#930,#931,#932,#933));
#2093=EDGE_LOOP('',(#934,#935,#936,#937,#938,#939));
#2094=EDGE_LOOP('',(#940,#941,#942,#943));
#2095=EDGE_LOOP('',(#944,#945,#946,#947));
#2096=EDGE_LOOP('',(#948,#949,#950,#951));
#2097=EDGE_LOOP('',(#952,#953,#954,#955));
#2098=EDGE_LOOP('',(#956,#957,#958,#959));
#2099=EDGE_LOOP('',(#960,#961,#962,#963));
#2100=EDGE_LOOP('',(#964,#965,#966,#967,#968,#969));
#2101=EDGE_LOOP('',(#970,#971,#972,#973));
#2102=EDGE_LOOP('',(#974,#975,#976,#977));
#2103=EDGE_LOOP('',(#978,#979,#980,#981));
#2104=EDGE_LOOP('',(#982,#983,#984,#985));
#2105=EDGE_LOOP('',(#986,#987,#988,#989));
#2106=EDGE_LOOP('',(#990,#991,#992,#993));
#2107=EDGE_LOOP('',(#994,#995,#996,#997,#998,#999));
#2108=EDGE_LOOP('',(#1000,#1001,#1002,#1003));
#2109=EDGE_LOOP('',(#1004,#1005,#1006,#1007));
#2110=EDGE_LOOP('',(#1008,#1009,#1010,#1011));
#2111=EDGE_LOOP('',(#1012,#1013,#1014,#1015));
#2112=EDGE_LOOP('',(#1016,#1017,#1018,#1019));
#2113=EDGE_LOOP('',(#1020,#1021,#1022,#1023));
#2114=EDGE_LOOP('',(#1024,#1025,#1026,#1027,#1028,#1029));
#2115=EDGE_LOOP('',(#1030,#1031,#1032,#1033));
#2116=EDGE_LOOP('',(#1034,#1035,#1036,#1037));
#2117=EDGE_LOOP('',(#1038,#1039,#1040,#1041));
#2118=EDGE_LOOP('',(#1042,#1043,#1044,#1045));
#2119=EDGE_LOOP('',(#1046,#1047,#1048,#1049,#1050));
#2120=EDGE_LOOP('',(#1051,#1052,#1053,#1054,#1055));
#2121=EDGE_LOOP('',(#1056,#1057,#1058,#1059));
#2122=EDGE_LOOP('',(#1060,#1061,#1062,#1063));
#2123=EDGE_LOOP('',(#1064,#1065,#1066,#1067));
#2124=EDGE_LOOP('',(#1068,#1069,#1070,#1071));
#2125=EDGE_LOOP('',(#1072,#1073,#1074,#1075,#1076));
#2126=EDGE_LOOP('',(#1077,#1078,#1079,#1080,#1081));
#2127=EDGE_LOOP('',(#1082,#1083,#1084,#1085));
#2128=EDGE_LOOP('',(#1086,#1087,#1088,#1089));
#2129=EDGE_LOOP('',(#1090,#1091,#1092,#1093));
#2130=EDGE_LOOP('',(#1094,#1095,#1096,#1097));
#2131=EDGE_LOOP('',(#1098,#1099,#1100,#1101));
#2132=EDGE_LOOP('',(#1102,#1103,#1104,#1105));
#2133=EDGE_LOOP('',(#1106,#1107,#1108,#1109));
#2134=EDGE_LOOP('',(#1110,#1111,#1112,#1113));
#2135=EDGE_LOOP('',(#1114,#1115,#1116,#1117));
#2136=EDGE_LOOP('',(#1118,#1119,#1120,#1121));
#2137=EDGE_LOOP('',(#1122,#1123,#1124,#1125));
#2138=EDGE_LOOP('',(#1126,#1127,#1128,#1129));
#2139=EDGE_LOOP('',(#1130,#1131,#1132,#1133));
#2140=EDGE_LOOP('',(#1134,#1135,#1136,#1137));
#2141=EDGE_LOOP('',(#1138,#1139,#1140,#1141));
#2142=EDGE_LOOP('',(#1142,#1143,#1144,#1145,#1146));
#2143=EDGE_LOOP('',(#1147,#1148,#1149,#1150));
#2144=EDGE_LOOP('',(#1151,#1152,#1153,#1154,#1155));
#2145=EDGE_LOOP('',(#1156,#1157,#1158,#1159));
#2146=EDGE_LOOP('',(#1160,#1161,#1162,#1163));
#2147=EDGE_LOOP('',(#1164,#1165,#1166,#1167));
#2148=EDGE_LOOP('',(#1168,#1169,#1170,#1171));
#2149=EDGE_LOOP('',(#1172,#1173,#1174,#1175));
#2150=EDGE_LOOP('',(#1176,#1177,#1178,#1179,#1180));
#2151=EDGE_LOOP('',(#1181,#1182,#1183,#1184));
#2152=EDGE_LOOP('',(#1185,#1186,#1187,#1188));
#2153=EDGE_LOOP('',(#1189,#1190,#1191,#1192,#1193));
#2154=EDGE_LOOP('',(#1194,#1195,#1196,#1197,#1198));
#2155=EDGE_LOOP('',(#1199,#1200,#1201,#1202));
#2156=EDGE_LOOP('',(#1203,#1204,#1205,#1206,#1207));
#2157=EDGE_LOOP('',(#1208,#1209,#1210,#1211));
#2158=EDGE_LOOP('',(#1212,#1213,#1214,#1215));
#2159=EDGE_LOOP('',(#1216,#1217,#1218,#1219));
#2160=EDGE_LOOP('',(#1220,#1221,#1222,#1223));
#2161=EDGE_LOOP('',(#1224,#1225,#1226,#1227,#1228));
#2162=EDGE_LOOP('',(#1229,#1230,#1231,#1232,#1233));
#2163=EDGE_LOOP('',(#1234,#1235,#1236));
#2164=EDGE_LOOP('',(#1237,#1238,#1239,#1240));
#2165=EDGE_LOOP('',(#1241,#1242,#1243,#1244,#1245));
#2166=EDGE_LOOP('',(#1246,#1247,#1248,#1249,#1250,#1251));
#2167=EDGE_LOOP('',(#1252,#1253,#1254,#1255));
#2168=EDGE_LOOP('',(#1256,#1257,#1258,#1259));
#2169=EDGE_LOOP('',(#1260,#1261,#1262,#1263,#1264,#1265));
#2170=EDGE_LOOP('',(#1266,#1267));
#2171=EDGE_LOOP('',(#1268,#1269,#1270,#1271));
#2172=EDGE_LOOP('',(#1272,#1273,#1274,#1275));
#2173=EDGE_LOOP('',(#1276,#1277,#1278,#1279));
#2174=EDGE_LOOP('',(#1280,#1281,#1282,#1283));
#2175=EDGE_LOOP('',(#1284,#1285,#1286,#1287));
#2176=EDGE_LOOP('',(#1288,#1289,#1290,#1291));
#2177=EDGE_LOOP('',(#1292,#1293,#1294,#1295));
#2178=EDGE_LOOP('',(#1296,#1297,#1298,#1299));
#2179=EDGE_LOOP('',(#1300,#1301,#1302,#1303));
#2180=EDGE_LOOP('',(#1304,#1305,#1306,#1307));
#2181=EDGE_LOOP('',(#1308,#1309,#1310,#1311));
#2182=EDGE_LOOP('',(#1312,#1313,#1314,#1315));
#2183=EDGE_LOOP('',(#1316,#1317,#1318,#1319,#1320,#1321));
#2184=EDGE_LOOP('',(#1322,#1323,#1324,#1325,#1326,#1327));
#2185=EDGE_LOOP('',(#1328,#1329,#1330,#1331));
#2186=EDGE_LOOP('',(#1332,#1333,#1334,#1335));
#2187=EDGE_LOOP('',(#1336,#1337,#1338,#1339));
#2188=EDGE_LOOP('',(#1340,#1341,#1342,#1343));
#2189=EDGE_LOOP('',(#1344,#1345,#1346,#1347));
#2190=EDGE_LOOP('',(#1348,#1349,#1350,#1351));
#2191=EDGE_LOOP('',(#1352,#1353,#1354,#1355));
#2192=EDGE_LOOP('',(#1356,#1357,#1358,#1359));
#2193=EDGE_LOOP('',(#1360,#1361,#1362,#1363));
#2194=EDGE_LOOP('',(#1364,#1365,#1366,#1367));
#2195=EDGE_LOOP('',(#1368,#1369,#1370,#1371));
#2196=EDGE_LOOP('',(#1372,#1373,#1374,#1375));
#2197=EDGE_LOOP('',(#1376,#1377,#1378,#1379,#1380,#1381));
#2198=EDGE_LOOP('',(#1382,#1383,#1384,#1385,#1386,#1387));
#2199=EDGE_LOOP('',(#1388,#1389,#1390,#1391,#1392,#1393));
#2200=EDGE_LOOP('',(#1394,#1395,#1396,#1397,#1398,#1399));
#2201=FACE_BOUND('',#2046,.T.);
#2202=FACE_BOUND('',#2047,.T.);
#2203=FACE_BOUND('',#2048,.T.);
#2204=FACE_BOUND('',#2049,.T.);
#2205=FACE_BOUND('',#2050,.T.);
#2206=FACE_BOUND('',#2051,.T.);
#2207=FACE_BOUND('',#2052,.T.);
#2208=FACE_BOUND('',#2053,.T.);
#2209=FACE_BOUND('',#2054,.T.);
#2210=FACE_BOUND('',#2055,.T.);
#2211=FACE_BOUND('',#2056,.T.);
#2212=FACE_BOUND('',#2057,.T.);
#2213=FACE_BOUND('',#2058,.T.);
#2214=FACE_BOUND('',#2059,.T.);
#2215=FACE_BOUND('',#2060,.T.);
#2216=FACE_BOUND('',#2061,.T.);
#2217=FACE_BOUND('',#2062,.T.);
#2218=FACE_BOUND('',#2063,.T.);
#2219=FACE_BOUND('',#2064,.T.);
#2220=FACE_BOUND('',#2065,.T.);
#2221=FACE_BOUND('',#2066,.T.);
#2222=FACE_BOUND('',#2067,.T.);
#2223=FACE_BOUND('',#2068,.T.);
#2224=FACE_BOUND('',#2069,.T.);
#2225=FACE_BOUND('',#2070,.T.);
#2226=FACE_BOUND('',#2071,.T.);
#2227=FACE_BOUND('',#2072,.T.);
#2228=FACE_BOUND('',#2073,.T.);
#2229=FACE_BOUND('',#2074,.T.);
#2230=FACE_BOUND('',#2075,.T.);
#2231=FACE_BOUND('',#2076,.T.);
#2232=FACE_BOUND('',#2077,.T.);
#2233=FACE_BOUND('',#2078,.T.);
#2234=FACE_BOUND('',#2079,.T.);
#2235=FACE_BOUND('',#2080,.T.);
#2236=FACE_BOUND('',#2081,.T.);
#2237=FACE_BOUND('',#2082,.T.);
#2238=FACE_BOUND('',#2083,.T.);
#2239=FACE_BOUND('',#2084,.T.);
#2240=FACE_BOUND('',#2085,.T.);
#2241=FACE_BOUND('',#2086,.T.);
#2242=FACE_BOUND('',#2087,.T.);
#2243=FACE_BOUND('',#2088,.T.);
#2244=FACE_BOUND('',#2089,.T.);
#2245=FACE_BOUND('',#2090,.T.);
#2246=FACE_BOUND('',#2091,.T.);
#2247=FACE_BOUND('',#2092,.T.);
#2248=FACE_BOUND('',#2093,.T.);
#2249=FACE_BOUND('',#2094,.T.);
#2250=FACE_BOUND('',#2095,.T.);
#2251=FACE_BOUND('',#2096,.T.);
#2252=FACE_BOUND('',#2097,.T.);
#2253=FACE_BOUND('',#2098,.T.);
#2254=FACE_BOUND('',#2099,.T.);
#2255=FACE_BOUND('',#2100,.T.);
#2256=FACE_BOUND('',#2101,.T.);
#2257=FACE_BOUND('',#2102,.T.);
#2258=FACE_BOUND('',#2103,.T.);
#2259=FACE_BOUND('',#2104,.T.);
#2260=FACE_BOUND('',#2105,.T.);
#2261=FACE_BOUND('',#2106,.T.);
#2262=FACE_BOUND('',#2107,.T.);
#2263=FACE_BOUND('',#2108,.T.);
#2264=FACE_BOUND('',#2109,.T.);
#2265=FACE_BOUND('',#2110,.T.);
#2266=FACE_BOUND('',#2111,.T.);
#2267=FACE_BOUND('',#2112,.T.);
#2268=FACE_BOUND('',#2113,.T.);
#2269=FACE_BOUND('',#2114,.T.);
#2270=FACE_BOUND('',#2115,.T.);
#2271=FACE_BOUND('',#2116,.T.);
#2272=FACE_BOUND('',#2117,.T.);
#2273=FACE_BOUND('',#2118,.T.);
#2274=FACE_BOUND('',#2119,.T.);
#2275=FACE_BOUND('',#2120,.T.);
#2276=FACE_BOUND('',#2121,.T.);
#2277=FACE_BOUND('',#2122,.T.);
#2278=FACE_BOUND('',#2123,.T.);
#2279=FACE_BOUND('',#2124,.T.);
#2280=FACE_BOUND('',#2125,.T.);
#2281=FACE_BOUND('',#2126,.T.);
#2282=FACE_BOUND('',#2127,.T.);
#2283=FACE_BOUND('',#2128,.T.);
#2284=FACE_BOUND('',#2129,.T.);
#2285=FACE_BOUND('',#2130,.T.);
#2286=FACE_BOUND('',#2131,.T.);
#2287=FACE_BOUND('',#2132,.T.);
#2288=FACE_BOUND('',#2133,.T.);
#2289=FACE_BOUND('',#2134,.T.);
#2290=FACE_BOUND('',#2135,.T.);
#2291=FACE_BOUND('',#2136,.T.);
#2292=FACE_BOUND('',#2137,.T.);
#2293=FACE_BOUND('',#2138,.T.);
#2294=FACE_BOUND('',#2139,.T.);
#2295=FACE_BOUND('',#2140,.T.);
#2296=FACE_BOUND('',#2141,.T.);
#2297=FACE_BOUND('',#2142,.T.);
#2298=FACE_BOUND('',#2143,.T.);
#2299=FACE_BOUND('',#2144,.T.);
#2300=FACE_BOUND('',#2145,.T.);
#2301=FACE_BOUND('',#2146,.T.);
#2302=FACE_BOUND('',#2147,.T.);
#2303=FACE_BOUND('',#2148,.T.);
#2304=FACE_BOUND('',#2149,.T.);
#2305=FACE_BOUND('',#2150,.T.);
#2306=FACE_BOUND('',#2151,.T.);
#2307=FACE_BOUND('',#2152,.T.);
#2308=FACE_BOUND('',#2153,.T.);
#2309=FACE_BOUND('',#2154,.T.);
#2310=FACE_BOUND('',#2155,.T.);
#2311=FACE_BOUND('',#2156,.T.);
#2312=FACE_BOUND('',#2157,.T.);
#2313=FACE_BOUND('',#2158,.T.);
#2314=FACE_BOUND('',#2159,.T.);
#2315=FACE_BOUND('',#2160,.T.);
#2316=FACE_BOUND('',#2161,.T.);
#2317=FACE_BOUND('',#2162,.T.);
#2318=FACE_BOUND('',#2163,.T.);
#2319=FACE_BOUND('',#2164,.T.);
#2320=FACE_BOUND('',#2165,.T.);
#2321=FACE_BOUND('',#2166,.T.);
#2322=FACE_BOUND('',#2167,.T.);
#2323=FACE_BOUND('',#2168,.T.);
#2324=FACE_BOUND('',#2169,.T.);
#2325=FACE_BOUND('',#2170,.T.);
#2326=FACE_BOUND('',#2171,.T.);
#2327=FACE_BOUND('',#2172,.T.);
#2328=FACE_BOUND('',#2173,.T.);
#2329=FACE_BOUND('',#2174,.T.);
#2330=FACE_BOUND('',#2175,.T.);
#2331=FACE_BOUND('',#2176,.T.);
#2332=FACE_BOUND('',#2177,.T.);
#2333=FACE_BOUND('',#2178,.T.);
#2334=FACE_BOUND('',#2179,.T.);
#2335=FACE_BOUND('',#2180,.T.);
#2336=FACE_BOUND('',#2181,.T.);
#2337=FACE_BOUND('',#2182,.T.);
#2338=FACE_BOUND('',#2183,.T.);
#2339=FACE_BOUND('',#2184,.T.);
#2340=FACE_BOUND('',#2185,.T.);
#2341=FACE_BOUND('',#2186,.T.);
#2342=FACE_BOUND('',#2187,.T.);
#2343=FACE_BOUND('',#2188,.T.);
#2344=FACE_BOUND('',#2189,.T.);
#2345=FACE_BOUND('',#2190,.T.);
#2346=FACE_BOUND('',#2191,.T.);
#2347=FACE_BOUND('',#2192,.T.);
#2348=FACE_BOUND('',#2193,.T.);
#2349=FACE_BOUND('',#2194,.T.);
#2350=FACE_BOUND('',#2195,.T.);
#2351=FACE_BOUND('',#2196,.T.);
#2352=FACE_BOUND('',#2197,.T.);
#2353=FACE_BOUND('',#2198,.T.);
#2354=FACE_BOUND('',#2199,.T.);
#2355=FACE_BOUND('',#2200,.T.);
#2356=(
BOUNDED_SURFACE()
B_SPLINE_SURFACE(3,2,((#3464,#3465,#3466),(#3467,#3468,#3469),(#3470,#3471,
#3472),(#3473,#3474,#3475),(#3476,#3477,#3478),(#3479,#3480,#3481)),
 .UNSPECIFIED.,.F.,.F.,.F.)
B_SPLINE_SURFACE_WITH_KNOTS((4,1,1,4),(3,3),(0.00105073529278222,0.00412568122313018,
0.00720062715347814,0.0133505190141741),(0.,1.),.UNSPECIFIED.)
GEOMETRIC_REPRESENTATION_ITEM()
RATIONAL_B_SPLINE_SURFACE(((1.,0.46834665455357,1.),(1.,0.489237673391761,
1.),(1.,0.529163154215573,1.),(1.,0.602797973304971,1.),(1.,0.651029931034032,
1.),(1.,0.680603555775402,1.)))
REPRESENTATION_ITEM('')
SURFACE()
);
#2357=(
BOUNDED_SURFACE()
B_SPLINE_SURFACE(3,2,((#3915,#3916,#3917),(#3918,#3919,#3920),(#3921,#3922,
#3923),(#3924,#3925,#3926),(#3927,#3928,#3929),(#3930,#3931,#3932),(#3933,
#3934,#3935),(#3936,#3937,#3938),(#3939,#3940,#3941),(#3942,#3943,#3944),
(#3945,#3946,#3947),(#3948,#3949,#3950),(#3951,#3952,#3953),(#3954,#3955,
#3956),(#3957,#3958,#3959),(#3960,#3961,#3962),(#3963,#3964,#3965),(#3966,
#3967,#3968),(#3969,#3970,#3971),(#3972,#3973,#3974),(#3975,#3976,#3977),
(#3978,#3979,#3980),(#3981,#3982,#3983),(#3984,#3985,#3986),(#3987,#3988,
#3989),(#3990,#3991,#3992),(#3993,#3994,#3995),(#3996,#3997,#3998),(#3999,
#4000,#4001),(#4002,#4003,#4004),(#4005,#4006,#4007),(#4008,#4009,#4010),
(#4011,#4012,#4013),(#4014,#4015,#4016),(#4017,#4018,#4019),(#4020,#4021,
#4022),(#4023,#4024,#4025),(#4026,#4027,#4028),(#4029,#4030,#4031),(#4032,
#4033,#4034),(#4035,#4036,#4037),(#4038,#4039,#4040),(#4041,#4042,#4043),
(#4044,#4045,#4046),(#4047,#4048,#4049),(#4050,#4051,#4052),(#4053,#4054,
#4055),(#4056,#4057,#4058),(#4059,#4060,#4061),(#4062,#4063,#4064),(#4065,
#4066,#4067),(#4068,#4069,#4070),(#4071,#4072,#4073),(#4074,#4075,#4076),
(#4077,#4078,#4079),(#4080,#4081,#4082),(#4083,#4084,#4085),(#4086,#4087,
#4088),(#4089,#4090,#4091),(#4092,#4093,#4094),(#4095,#4096,#4097),(#4098,
#4099,#4100),(#4101,#4102,#4103),(#4104,#4105,#4106),(#4107,#4108,#4109),
(#4110,#4111,#4112)),.UNSPECIFIED.,.T.,.F.,.F.)
B_SPLINE_SURFACE_WITH_KNOTS((1,3,1,1,1,1,1,1,1,1,1,1,1,1,1,1,1,1,1,1,1,
1,1,1,1,1,1,1,1,1,1,1,1,1,1,1,1,1,1,1,1,1,1,1,1,1,1,1,1,1,1,1,1,1,1,1,1,
1,1,1,1,1,1,1,3,1),(3,3),(-0.00633439663451807,0.,0.00633439663451804,0.0126687932690361,
0.0190031899035541,0.0253375865380721,0.0316719831725902,0.0380063798071082,
0.0443407764416263,0.0506751730761443,0.0538423713934033,0.0570095697106623,
0.0601767680279213,0.0633439663451804,0.0665111646624394,0.0696783629796984,
0.0728455612969574,0.0760127596142164,0.0791799579314755,0.0823471562487345,
0.0855143545659935,0.0886815528832525,0.0950159495177705,0.101350346152289,
0.107684742786807,0.114019139421325,0.126687932690361,0.139356725959397,
0.152025519228433,0.164694312497469,0.177363105766505,0.190031899035541,
0.202700692304577,0.215369485573613,0.228038278842649,0.234372675477167,
0.240707072111685,0.243874270428944,0.247041468746203,0.250208667063462,
0.253375865380721,0.25654306369798,0.25971026201524,0.262877460332498,0.266044658649758,
0.269211856967017,0.272379055284276,0.275546253601535,0.278713451918794,
0.281880650236053,0.285047848553312,0.29138224518783,0.297716641822348,
0.304051038456866,0.310385435091384,0.316719831725902,0.32305422836042,
0.329388624994938,0.342057418263974,0.35472621153301,0.367395004802046,
0.380063798071082,0.392732591340118,0.399066987974636,0.405401384609154,
0.411735781243672),(0.226540919660576,1.),.UNSPECIFIED.)
GEOMETRIC_REPRESENTATION_ITEM()
RATIONAL_B_SPLINE_SURFACE(((0.89735842343844,0.773459080338893,1.),(0.89735842343844,
0.773459080338893,1.),(0.897358423438441,0.773459080338893,1.),(0.897358423438441,
0.773459080338893,1.),(0.897358423438441,0.773459080338893,1.),(0.897358423438441,
0.773459080338893,1.),(0.897358423438441,0.773459080338893,1.),(0.897358423438441,
0.773459080338893,1.),(0.897358423438441,0.773459080338893,1.),(0.897358423438441,
0.773459080338894,1.),(0.89735842343844,0.773459080338892,1.),(0.897358423438441,
0.773459080338893,1.),(0.897358423438441,0.773459080338893,1.),(0.897358423438441,
0.773459080338893,1.),(0.897358423438441,0.773459080338893,1.),(0.897358423438441,
0.773459080338893,1.),(0.897358423438441,0.773459080338893,1.),(0.89735842343844,
0.773459080338893,1.),(0.897358423438441,0.773459080338893,1.),(0.897358423438441,
0.773459080338893,1.),(0.897358423438441,0.773459080338893,1.),(0.89735842343844,
0.773459080338893,1.),(0.897358423438441,0.773459080338894,1.),(0.897358423438441,
0.773459080338893,1.),(0.897358423438441,0.773459080338893,1.),(0.897358423438441,
0.773459080338893,1.),(0.897358423438441,0.773459080338893,1.),(0.897358423438441,
0.773459080338893,1.),(0.897358423438441,0.773459080338893,1.),(0.897358423438441,
0.773459080338893,1.),(0.897358423438441,0.773459080338894,1.),(0.897358423438441,
0.773459080338893,1.),(0.897358423438441,0.773459080338893,1.),(0.89735842343844,
0.773459080338893,1.),(0.897358423438441,0.773459080338894,1.),(0.897358423438441,
0.773459080338893,1.),(0.897358423438441,0.773459080338893,1.),(0.897358423438441,
0.773459080338893,1.),(0.897358423438441,0.773459080338893,1.),(0.897358423438441,
0.773459080338893,1.),(0.897358423438441,0.773459080338893,1.),(0.897358423438441,
0.773459080338893,1.),(0.897358423438441,0.773459080338893,1.),(0.897358423438441,
0.773459080338893,1.),(0.897358423438441,0.773459080338893,1.),(0.897358423438441,
0.773459080338893,1.),(0.897358423438441,0.773459080338893,1.),(0.897358423438441,
0.773459080338893,1.),(0.897358423438441,0.773459080338893,1.),(0.897358423438441,
0.773459080338893,1.),(0.897358423438441,0.773459080338894,1.),(0.897358423438441,
0.773459080338893,1.),(0.897358423438441,0.773459080338893,1.),(0.897358423438441,
0.773459080338893,1.),(0.897358423438441,0.773459080338893,1.),(0.897358423438441,
0.773459080338893,1.),(0.897358423438441,0.773459080338893,1.),(0.897358423438441,
0.773459080338893,1.),(0.897358423438441,0.773459080338893,1.),(0.897358423438441,
0.773459080338893,1.),(0.897358423438441,0.773459080338893,1.),(0.897358423438441,
0.773459080338893,1.),(0.897358423438441,0.773459080338893,1.),(0.897358423438441,
0.773459080338893,1.),(0.897358423438441,0.773459080338893,1.),(0.89735842343844,
0.773459080338893,1.)))
REPRESENTATION_ITEM('')
SURFACE()
);
#2358=(
BOUNDED_SURFACE()
B_SPLINE_SURFACE(3,2,((#4404,#4405,#4406),(#4407,#4408,#4409),(#4410,#4411,
#4412),(#4413,#4414,#4415),(#4416,#4417,#4418)),.UNSPECIFIED.,.F.,.F.,.F.)
B_SPLINE_SURFACE_WITH_KNOTS((4,1,4),(3,3),(-1.73472347597681E-18,0.00358778901245203,
0.00717557802490406),(0.,1.),.UNSPECIFIED.)
GEOMETRIC_REPRESENTATION_ITEM()
RATIONAL_B_SPLINE_SURFACE(((1.,0.707106781186546,1.),(1.,0.686193647679022,
1.),(1.,0.644331464798819,1.),(1.,0.601606467651792,1.),(1.,0.581048102404833,
1.)))
REPRESENTATION_ITEM('')
SURFACE()
);
#2359=(
BOUNDED_SURFACE()
B_SPLINE_SURFACE(3,2,((#4433,#4434,#4435),(#4436,#4437,#4438),(#4439,#4440,
#4441),(#4442,#4443,#4444)),.UNSPECIFIED.,.F.,.F.,.F.)
B_SPLINE_SURFACE_WITH_KNOTS((4,4),(3,3),(1.60461921527855E-16,0.00148807772894925),
(0.,1.),.PIECEWISE_BEZIER_KNOTS.)
GEOMETRIC_REPRESENTATION_ITEM()
RATIONAL_B_SPLINE_SURFACE(((1.,0.680603555775401,1.),(1.,0.688956791401672,
1.),(1.,0.698349420148064,1.),(1.,0.707106781186538,1.)))
REPRESENTATION_ITEM('')
SURFACE()
);
#2360=(
BOUNDED_SURFACE()
B_SPLINE_SURFACE(3,2,((#4477,#4478,#4479),(#4480,#4481,#4482),(#4483,#4484,
#4485),(#4486,#4487,#4488)),.UNSPECIFIED.,.F.,.F.,.F.)
B_SPLINE_SURFACE_WITH_KNOTS((4,4),(3,3),(-9.4542429440736E-17,0.00196963543110232),
(0.730386903288653,1.),.PIECEWISE_BEZIER_KNOTS.)
GEOMETRIC_REPRESENTATION_ITEM()
RATIONAL_B_SPLINE_SURFACE(((0.884645836474159,0.921032152269951,1.),(0.880063885483078,
0.917895492117332,1.),(0.875466538634439,0.91474829244279,1.),(0.870845998976728,
0.911585215697502,1.)))
REPRESENTATION_ITEM('')
SURFACE()
);
#2361=(
BOUNDED_SURFACE()
B_SPLINE_SURFACE(3,2,((#4496,#4497,#4498),(#4499,#4500,#4501),(#4502,#4503,
#4504),(#4505,#4506,#4507)),.UNSPECIFIED.,.F.,.F.,.F.)
B_SPLINE_SURFACE_WITH_KNOTS((4,4),(3,3),(-1.21430643318376E-17,0.00234239786643076),
(0.,0.32148972689427),.PIECEWISE_BEZIER_KNOTS.)
GEOMETRIC_REPRESENTATION_ITEM()
RATIONAL_B_SPLINE_SURFACE(((1.,0.905837839074381,0.872220012948266),(1.,
0.901439691965628,0.866251636956427),(1.,0.896968021237414,0.860183487902348),
(1.,0.892419423229447,0.85401094694908)))
REPRESENTATION_ITEM('')
SURFACE()
);
#2362=ADVANCED_FACE('',(#2201),#2356,.T.);
#2363=ADVANCED_FACE('',(#2202,#2203,#2204,#2205,#2206,#2207,#2208,#2209,
#2210),#586,.T.);
#2364=ADVANCED_FACE('',(#2211),#587,.F.);
#2365=ADVANCED_FACE('',(#2212),#588,.F.);
#2366=ADVANCED_FACE('',(#2213),#55,.F.);
#2367=ADVANCED_FACE('',(#2214),#589,.F.);
#2368=ADVANCED_FACE('',(#2215),#56,.F.);
#2369=ADVANCED_FACE('',(#2216),#590,.T.);
#2370=ADVANCED_FACE('',(#2217),#57,.F.);
#2371=ADVANCED_FACE('',(#2218),#591,.T.);
#2372=ADVANCED_FACE('',(#2219),#58,.F.);
#2373=ADVANCED_FACE('',(#2220),#592,.F.);
#2374=ADVANCED_FACE('',(#2221),#59,.F.);
#2375=ADVANCED_FACE('',(#2222),#593,.F.);
#2376=ADVANCED_FACE('',(#2223),#60,.F.);
#2377=ADVANCED_FACE('',(#2224),#594,.T.);
#2378=ADVANCED_FACE('',(#2225),#61,.F.);
#2379=ADVANCED_FACE('',(#2226),#595,.T.);
#2380=ADVANCED_FACE('',(#2227),#62,.F.);
#2381=ADVANCED_FACE('',(#2228),#596,.F.);
#2382=ADVANCED_FACE('',(#2229),#63,.F.);
#2383=ADVANCED_FACE('',(#2230),#597,.F.);
#2384=ADVANCED_FACE('',(#2231),#64,.F.);
#2385=ADVANCED_FACE('',(#2232),#598,.T.);
#2386=ADVANCED_FACE('',(#2233),#65,.F.);
#2387=ADVANCED_FACE('',(#2234),#599,.T.);
#2388=ADVANCED_FACE('',(#2235),#66,.F.);
#2389=ADVANCED_FACE('',(#2236,#2237),#2357,.T.);
#2390=ADVANCED_FACE('',(#2238),#600,.T.);
#2391=ADVANCED_FACE('',(#2239),#601,.F.);
#2392=ADVANCED_FACE('',(#2240),#602,.F.);
#2393=ADVANCED_FACE('',(#2241),#603,.T.);
#2394=ADVANCED_FACE('',(#2242),#604,.F.);
#2395=ADVANCED_FACE('',(#2243),#605,.F.);
#2396=ADVANCED_FACE('',(#2244),#606,.F.);
#2397=ADVANCED_FACE('',(#2245),#607,.F.);
#2398=ADVANCED_FACE('',(#2246),#608,.F.);
#2399=ADVANCED_FACE('',(#2247),#67,.F.);
#2400=ADVANCED_FACE('',(#2248),#609,.F.);
#2401=ADVANCED_FACE('',(#2249),#610,.F.);
#2402=ADVANCED_FACE('',(#2250),#611,.F.);
#2403=ADVANCED_FACE('',(#2251),#612,.F.);
#2404=ADVANCED_FACE('',(#2252),#613,.F.);
#2405=ADVANCED_FACE('',(#2253),#614,.F.);
#2406=ADVANCED_FACE('',(#2254),#615,.F.);
#2407=ADVANCED_FACE('',(#2255),#616,.F.);
#2408=ADVANCED_FACE('',(#2256),#617,.F.);
#2409=ADVANCED_FACE('',(#2257),#618,.F.);
#2410=ADVANCED_FACE('',(#2258),#619,.F.);
#2411=ADVANCED_FACE('',(#2259),#620,.F.);
#2412=ADVANCED_FACE('',(#2260),#621,.F.);
#2413=ADVANCED_FACE('',(#2261),#622,.F.);
#2414=ADVANCED_FACE('',(#2262),#623,.F.);
#2415=ADVANCED_FACE('',(#2263),#624,.F.);
#2416=ADVANCED_FACE('',(#2264),#625,.F.);
#2417=ADVANCED_FACE('',(#2265),#626,.F.);
#2418=ADVANCED_FACE('',(#2266),#627,.F.);
#2419=ADVANCED_FACE('',(#2267),#628,.F.);
#2420=ADVANCED_FACE('',(#2268),#629,.F.);
#2421=ADVANCED_FACE('',(#2269),#630,.F.);
#2422=ADVANCED_FACE('',(#2270),#68,.T.);
#2423=ADVANCED_FACE('',(#2271),#69,.T.);
#2424=ADVANCED_FACE('',(#2272),#70,.T.);
#2425=ADVANCED_FACE('',(#2273),#71,.T.);
#2426=ADVANCED_FACE('',(#2274),#72,.T.);
#2427=ADVANCED_FACE('',(#2275),#73,.T.);
#2428=ADVANCED_FACE('',(#2276),#74,.T.);
#2429=ADVANCED_FACE('',(#2277),#75,.T.);
#2430=ADVANCED_FACE('',(#2278),#76,.T.);
#2431=ADVANCED_FACE('',(#2279),#77,.T.);
#2432=ADVANCED_FACE('',(#2280),#78,.T.);
#2433=ADVANCED_FACE('',(#2281),#79,.T.);
#2434=ADVANCED_FACE('',(#2282),#80,.T.);
#2435=ADVANCED_FACE('',(#2283),#81,.T.);
#2436=ADVANCED_FACE('',(#2284),#82,.T.);
#2437=ADVANCED_FACE('',(#2285),#83,.T.);
#2438=ADVANCED_FACE('',(#2286),#13,.T.);
#2439=ADVANCED_FACE('',(#2287),#84,.T.);
#2440=ADVANCED_FACE('',(#2288),#85,.T.);
#2441=ADVANCED_FACE('',(#2289),#86,.T.);
#2442=ADVANCED_FACE('',(#2290),#87,.T.);
#2443=ADVANCED_FACE('',(#2291),#88,.T.);
#2444=ADVANCED_FACE('',(#2292),#89,.T.);
#2445=ADVANCED_FACE('',(#2293),#90,.T.);
#2446=ADVANCED_FACE('',(#2294),#14,.T.);
#2447=ADVANCED_FACE('',(#2295),#91,.T.);
#2448=ADVANCED_FACE('',(#2296),#92,.T.);
#2449=ADVANCED_FACE('',(#2297),#15,.T.);
#2450=ADVANCED_FACE('',(#2298),#16,.T.);
#2451=ADVANCED_FACE('',(#2299),#17,.T.);
#2452=ADVANCED_FACE('',(#2300),#93,.T.);
#2453=ADVANCED_FACE('',(#2301),#94,.T.);
#2454=ADVANCED_FACE('',(#2302),#2358,.T.);
#2455=ADVANCED_FACE('',(#2303),#95,.T.);
#2456=ADVANCED_FACE('',(#2304),#96,.T.);
#2457=ADVANCED_FACE('',(#2305),#18,.T.);
#2458=ADVANCED_FACE('',(#2306),#97,.T.);
#2459=ADVANCED_FACE('',(#2307),#2359,.T.);
#2460=ADVANCED_FACE('',(#2308),#19,.T.);
#2461=ADVANCED_FACE('',(#2309),#20,.T.);
#2462=ADVANCED_FACE('',(#2310),#21,.T.);
#2463=ADVANCED_FACE('',(#2311),#22,.T.);
#2464=ADVANCED_FACE('',(#2312),#98,.T.);
#2465=ADVANCED_FACE('',(#2313),#99,.T.);
#2466=ADVANCED_FACE('',(#2314),#100,.T.);
#2467=ADVANCED_FACE('',(#2315),#101,.T.);
#2468=ADVANCED_FACE('',(#2316),#23,.T.);
#2469=ADVANCED_FACE('',(#2317),#24,.T.);
#2470=ADVANCED_FACE('',(#2318),#2360,.T.);
#2471=ADVANCED_FACE('',(#2319),#2361,.T.);
#2472=ADVANCED_FACE('',(#2320),#102,.T.);
#2473=ADVANCED_FACE('',(#2321),#103,.T.);
#2474=ADVANCED_FACE('',(#2322),#104,.T.);
#2475=ADVANCED_FACE('',(#2323),#105,.T.);
#2476=ADVANCED_FACE('',(#2324),#12,.F.);
#2477=ADVANCED_FACE('',(#2325),#631,.F.);
#2478=ADVANCED_FACE('',(#2326),#632,.T.);
#2479=ADVANCED_FACE('',(#2327),#633,.T.);
#2480=ADVANCED_FACE('',(#2328),#634,.T.);
#2481=ADVANCED_FACE('',(#2329),#635,.T.);
#2482=ADVANCED_FACE('',(#2330),#636,.T.);
#2483=ADVANCED_FACE('',(#2331),#637,.F.);
#2484=ADVANCED_FACE('',(#2332),#638,.F.);
#2485=ADVANCED_FACE('',(#2333),#639,.F.);
#2486=ADVANCED_FACE('',(#2334),#640,.F.);
#2487=ADVANCED_FACE('',(#2335),#641,.F.);
#2488=ADVANCED_FACE('',(#2336),#642,.F.);
#2489=ADVANCED_FACE('',(#2337),#643,.T.);
#2490=ADVANCED_FACE('',(#2338,#2339),#644,.F.);
#2491=ADVANCED_FACE('',(#2340),#645,.T.);
#2492=ADVANCED_FACE('',(#2341),#646,.T.);
#2493=ADVANCED_FACE('',(#2342),#647,.T.);
#2494=ADVANCED_FACE('',(#2343),#648,.T.);
#2495=ADVANCED_FACE('',(#2344),#649,.T.);
#2496=ADVANCED_FACE('',(#2345),#650,.F.);
#2497=ADVANCED_FACE('',(#2346),#651,.F.);
#2498=ADVANCED_FACE('',(#2347),#652,.F.);
#2499=ADVANCED_FACE('',(#2348),#653,.F.);
#2500=ADVANCED_FACE('',(#2349),#654,.F.);
#2501=ADVANCED_FACE('',(#2350),#655,.F.);
#2502=ADVANCED_FACE('',(#2351),#656,.T.);
#2503=ADVANCED_FACE('',(#2352,#2353),#657,.F.);
#2504=ADVANCED_FACE('',(#2354),#658,.T.);
#2505=ADVANCED_FACE('',(#2355),#659,.T.);
#2506=CLOSED_SHELL('',(#2362,#2363,#2364,#2365,#2366,#2367,#2368,#2369,
#2370,#2371,#2372,#2373,#2374,#2375,#2376,#2377,#2378,#2379,#2380,#2381,
#2382,#2383,#2384,#2385,#2386,#2387,#2388,#2389,#2390,#2391,#2392,#2393,
#2394,#2395,#2396,#2397,#2398,#2399,#2400,#2401,#2402,#2403,#2404,#2405,
#2406,#2407,#2408,#2409,#2410,#2411,#2412,#2413,#2414,#2415,#2416,#2417,
#2418,#2419,#2420,#2421,#2422,#2423,#2424,#2425,#2426,#2427,#2428,#2429,
#2430,#2431,#2432,#2433,#2434,#2435,#2436,#2437,#2438,#2439,#2440,#2441,
#2442,#2443,#2444,#2445,#2446,#2447,#2448,#2449,#2450,#2451,#2452,#2453,
#2454,#2455,#2456,#2457,#2458,#2459,#2460,#2461,#2462,#2463,#2464,#2465,
#2466,#2467,#2468,#2469,#2470,#2471,#2472,#2473,#2474,#2475,#2476,#2477,
#2478,#2479,#2480,#2481,#2482,#2483,#2484,#2485,#2486,#2487,#2488,#2489,
#2490,#2491,#2492,#2493,#2494,#2495,#2496,#2497,#2498,#2499,#2500,#2501,
#2502,#2503,#2504,#2505));
#2507=STYLED_ITEM('',(#2508),#2515);
#2508=PRESENTATION_STYLE_ASSIGNMENT((#2509));
#2509=SURFACE_STYLE_USAGE(.BOTH.,#2510);
#2510=SURFACE_SIDE_STYLE('',(#2511));
#2511=SURFACE_STYLE_FILL_AREA(#2512);
#2512=FILL_AREA_STYLE('',(#2513));
#2513=FILL_AREA_STYLE_COLOUR('',#2514);
#2514=COLOUR_RGB('',0.458823529411765,0.105882352941176,0.);
#2515=MANIFOLD_SOLID_BREP('Part 95',#2506);
#2516=SHAPE_DEFINITION_REPRESENTATION(#4976,#2517);
#2517=SHAPE_REPRESENTATION('Part 95',(#2518),#4971);
#2518=AXIS2_PLACEMENT_3D('',#3463,#2753,#2754);
#2519=AXIS2_PLACEMENT_3D('',#3482,#2755,#2756);
#2520=AXIS2_PLACEMENT_3D('',#3491,#2757,#2758);
#2521=AXIS2_PLACEMENT_3D('',#3498,#2759,#2760);
#2522=AXIS2_PLACEMENT_3D('',#3616,#2792,#2793);
#2523=AXIS2_PLACEMENT_3D('',#3643,#2806,#2807);
#2524=AXIS2_PLACEMENT_3D('',#3647,#2809,#2810);
#2525=AXIS2_PLACEMENT_3D('',#3651,#2812,#2813);
#2526=AXIS2_PLACEMENT_3D('',#3655,#2815,#2816);
#2527=AXIS2_PLACEMENT_3D('',#3659,#2818,#2819);
#2528=AXIS2_PLACEMENT_3D('',#3663,#2821,#2822);
#2529=AXIS2_PLACEMENT_3D('',#3667,#2824,#2825);
#2530=AXIS2_PLACEMENT_3D('',#3671,#2827,#2828);
#2531=AXIS2_PLACEMENT_3D('',#3675,#2830,#2831);
#2532=AXIS2_PLACEMENT_3D('',#3679,#2833,#2834);
#2533=AXIS2_PLACEMENT_3D('',#3683,#2836,#2837);
#2534=AXIS2_PLACEMENT_3D('',#3687,#2839,#2840);
#2535=AXIS2_PLACEMENT_3D('',#3688,#2841,#2842);
#2536=AXIS2_PLACEMENT_3D('',#3720,#2843,#2844);
#2537=AXIS2_PLACEMENT_3D('',#3722,#2845,#2846);
#2538=AXIS2_PLACEMENT_3D('',#3726,#2848,#2849);
#2539=AXIS2_PLACEMENT_3D('',#3728,#2850,#2851);
#2540=AXIS2_PLACEMENT_3D('',#3732,#2853,#2854);
#2541=AXIS2_PLACEMENT_3D('',#3736,#2856,#2857);
#2542=AXIS2_PLACEMENT_3D('',#3740,#2859,#2860);
#2543=AXIS2_PLACEMENT_3D('',#3742,#2861,#2862);
#2544=AXIS2_PLACEMENT_3D('',#3746,#2864,#2865);
#2545=AXIS2_PLACEMENT_3D('',#3748,#2866,#2867);
#2546=AXIS2_PLACEMENT_3D('',#3752,#2869,#2870);
#2547=AXIS2_PLACEMENT_3D('',#3792,#2876,#2877);
#2548=AXIS2_PLACEMENT_3D('',#3798,#2881,#2882);
#2549=AXIS2_PLACEMENT_3D('',#3799,#2883,#2884);
#2550=AXIS2_PLACEMENT_3D('',#3802,#2886,#2887);
#2551=AXIS2_PLACEMENT_3D('',#3806,#2890,#2891);
#2552=AXIS2_PLACEMENT_3D('',#3807,#2892,#2893);
#2553=AXIS2_PLACEMENT_3D('',#3810,#2895,#2896);
#2554=AXIS2_PLACEMENT_3D('',#3814,#2899,#2900);
#2555=AXIS2_PLACEMENT_3D('',#3815,#2901,#2902);
#2556=AXIS2_PLACEMENT_3D('',#3818,#2904,#2905);
#2557=AXIS2_PLACEMENT_3D('',#3822,#2908,#2909);
#2558=AXIS2_PLACEMENT_3D('',#3823,#2910,#2911);
#2559=AXIS2_PLACEMENT_3D('',#3824,#2912,#2913);
#2560=AXIS2_PLACEMENT_3D('',#3832,#2916,#2917);
#2561=AXIS2_PLACEMENT_3D('',#3850,#2919,#2920);
#2562=AXIS2_PLACEMENT_3D('',#3860,#2923,#2924);
#2563=AXIS2_PLACEMENT_3D('',#3861,#2925,#2926);
#2564=AXIS2_PLACEMENT_3D('',#3864,#2928,#2929);
#2565=AXIS2_PLACEMENT_3D('',#3868,#2932,#2933);
#2566=AXIS2_PLACEMENT_3D('',#3869,#2934,#2935);
#2567=AXIS2_PLACEMENT_3D('',#3872,#2937,#2938);
#2568=AXIS2_PLACEMENT_3D('',#3876,#2941,#2942);
#2569=AXIS2_PLACEMENT_3D('',#3877,#2943,#2944);
#2570=AXIS2_PLACEMENT_3D('',#3883,#2945,#2946);
#2571=AXIS2_PLACEMENT_3D('',#3889,#2950,#2951);
#2572=AXIS2_PLACEMENT_3D('',#3890,#2952,#2953);
#2573=AXIS2_PLACEMENT_3D('',#3893,#2955,#2956);
#2574=AXIS2_PLACEMENT_3D('',#3897,#2959,#2960);
#2575=AXIS2_PLACEMENT_3D('',#3898,#2961,#2962);
#2576=AXIS2_PLACEMENT_3D('',#3901,#2964,#2965);
#2577=AXIS2_PLACEMENT_3D('',#3905,#2968,#2969);
#2578=AXIS2_PLACEMENT_3D('',#3906,#2970,#2971);
#2579=AXIS2_PLACEMENT_3D('',#3909,#2973,#2974);
#2580=AXIS2_PLACEMENT_3D('',#3913,#2977,#2978);
#2581=AXIS2_PLACEMENT_3D('',#3914,#2979,#2980);
#2582=AXIS2_PLACEMENT_3D('',#4160,#2981,#2982);
#2583=AXIS2_PLACEMENT_3D('',#4166,#2986,#2987);
#2584=AXIS2_PLACEMENT_3D('',#4170,#2990,#2991);
#2585=AXIS2_PLACEMENT_3D('',#4172,#2992,#2993);
#2586=AXIS2_PLACEMENT_3D('',#4173,#2994,#2995);
#2587=AXIS2_PLACEMENT_3D('',#4175,#2996,#2997);
#2588=AXIS2_PLACEMENT_3D('',#4176,#2998,#2999);
#2589=AXIS2_PLACEMENT_3D('',#4180,#3002,#3003);
#2590=AXIS2_PLACEMENT_3D('',#4182,#3005,#3006);
#2591=AXIS2_PLACEMENT_3D('',#4191,#3011,#3012);
#2592=AXIS2_PLACEMENT_3D('',#4197,#3016,#3017);
#2593=AXIS2_PLACEMENT_3D('',#4203,#3021,#3022);
#2594=AXIS2_PLACEMENT_3D('',#4209,#3026,#3027);
#2595=AXIS2_PLACEMENT_3D('',#4215,#3031,#3032);
#2596=AXIS2_PLACEMENT_3D('',#4216,#3033,#3034);
#2597=AXIS2_PLACEMENT_3D('',#4217,#3035,#3036);
#2598=AXIS2_PLACEMENT_3D('',#4218,#3037,#3038);
#2599=AXIS2_PLACEMENT_3D('',#4219,#3039,#3040);
#2600=AXIS2_PLACEMENT_3D('',#4228,#3045,#3046);
#2601=AXIS2_PLACEMENT_3D('',#4234,#3050,#3051);
#2602=AXIS2_PLACEMENT_3D('',#4240,#3055,#3056);
#2603=AXIS2_PLACEMENT_3D('',#4246,#3060,#3061);
#2604=AXIS2_PLACEMENT_3D('',#4252,#3065,#3066);
#2605=AXIS2_PLACEMENT_3D('',#4255,#3069,#3070);
#2606=AXIS2_PLACEMENT_3D('',#4256,#3071,#3072);
#2607=AXIS2_PLACEMENT_3D('',#4265,#3077,#3078);
#2608=AXIS2_PLACEMENT_3D('',#4271,#3082,#3083);
#2609=AXIS2_PLACEMENT_3D('',#4277,#3087,#3088);
#2610=AXIS2_PLACEMENT_3D('',#4283,#3092,#3093);
#2611=AXIS2_PLACEMENT_3D('',#4289,#3097,#3098);
#2612=AXIS2_PLACEMENT_3D('',#4292,#3101,#3102);
#2613=AXIS2_PLACEMENT_3D('',#4293,#3103,#3104);
#2614=AXIS2_PLACEMENT_3D('',#4302,#3109,#3110);
#2615=AXIS2_PLACEMENT_3D('',#4308,#3114,#3115);
#2616=AXIS2_PLACEMENT_3D('',#4314,#3119,#3120);
#2617=AXIS2_PLACEMENT_3D('',#4320,#3124,#3125);
#2618=AXIS2_PLACEMENT_3D('',#4326,#3129,#3130);
#2619=AXIS2_PLACEMENT_3D('',#4329,#3133,#3134);
#2620=AXIS2_PLACEMENT_3D('',#4330,#3135,#3136);
#2621=AXIS2_PLACEMENT_3D('',#4331,#3137,#3138);
#2622=AXIS2_PLACEMENT_3D('',#4332,#3139,#3140);
#2623=AXIS2_PLACEMENT_3D('',#4333,#3141,#3142);
#2624=AXIS2_PLACEMENT_3D('',#4334,#3143,#3144);
#2625=AXIS2_PLACEMENT_3D('',#4335,#3145,#3146);
#2626=AXIS2_PLACEMENT_3D('',#4336,#3147,#3148);
#2627=AXIS2_PLACEMENT_3D('',#4337,#3149,#3150);
#2628=AXIS2_PLACEMENT_3D('',#4338,#3151,#3152);
#2629=AXIS2_PLACEMENT_3D('',#4339,#3153,#3154);
#2630=AXIS2_PLACEMENT_3D('',#4340,#3155,#3156);
#2631=AXIS2_PLACEMENT_3D('',#4341,#3157,#3158);
#2632=AXIS2_PLACEMENT_3D('',#4342,#3159,#3160);
#2633=AXIS2_PLACEMENT_3D('',#4343,#3161,#3162);
#2634=AXIS2_PLACEMENT_3D('',#4344,#3163,#3164);
#2635=AXIS2_PLACEMENT_3D('',#4345,#3165,#3166);
#2636=AXIS2_PLACEMENT_3D('',#4346,#3167,#3168);
#2637=AXIS2_PLACEMENT_3D('',#4347,#3169,#3170);
#2638=AXIS2_PLACEMENT_3D('',#4348,#3171,#3172);
#2639=AXIS2_PLACEMENT_3D('',#4349,#3173,#3174);
#2640=AXIS2_PLACEMENT_3D('',#4350,#3175,#3176);
#2641=AXIS2_PLACEMENT_3D('',#4351,#3177,#3178);
#2642=AXIS2_PLACEMENT_3D('',#4352,#3179,#3180);
#2643=AXIS2_PLACEMENT_3D('',#4353,#3181,#3182);
#2644=AXIS2_PLACEMENT_3D('',#4354,#3183,#3184);
#2645=AXIS2_PLACEMENT_3D('',#4355,#3185,#3186);
#2646=AXIS2_PLACEMENT_3D('',#4356,#3187,#3188);
#2647=AXIS2_PLACEMENT_3D('',#4357,#3189,#3190);
#2648=AXIS2_PLACEMENT_3D('',#4358,#3191,#3192);
#2649=AXIS2_PLACEMENT_3D('',#4359,#3193,#3194);
#2650=AXIS2_PLACEMENT_3D('',#4360,#3195,#3196);
#2651=AXIS2_PLACEMENT_3D('',#4361,#3197,#3198);
#2652=AXIS2_PLACEMENT_3D('',#4362,#3199,#3200);
#2653=AXIS2_PLACEMENT_3D('',#4363,#3201,#3202);
#2654=AXIS2_PLACEMENT_3D('',#4364,#3203,#3204);
#2655=AXIS2_PLACEMENT_3D('',#4365,#3205,#3206);
#2656=AXIS2_PLACEMENT_3D('',#4366,#3207,#3208);
#2657=AXIS2_PLACEMENT_3D('',#4367,#3209,#3210);
#2658=AXIS2_PLACEMENT_3D('',#4368,#3211,#3212);
#2659=AXIS2_PLACEMENT_3D('',#4369,#3213,#3214);
#2660=AXIS2_PLACEMENT_3D('',#4370,#3215,#3216);
#2661=AXIS2_PLACEMENT_3D('',#4371,#3217,#3218);
#2662=AXIS2_PLACEMENT_3D('',#4372,#3219,#3220);
#2663=AXIS2_PLACEMENT_3D('',#4373,#3221,#3222);
#2664=AXIS2_PLACEMENT_3D('',#4374,#3223,#3224);
#2665=AXIS2_PLACEMENT_3D('',#4375,#3225,#3226);
#2666=AXIS2_PLACEMENT_3D('',#4376,#3227,#3228);
#2667=AXIS2_PLACEMENT_3D('',#4377,#3229,#3230);
#2668=AXIS2_PLACEMENT_3D('',#4378,#3231,#3232);
#2669=AXIS2_PLACEMENT_3D('',#4379,#3233,#3234);
#2670=AXIS2_PLACEMENT_3D('',#4380,#3235,#3236);
#2671=AXIS2_PLACEMENT_3D('',#4381,#3237,#3238);
#2672=AXIS2_PLACEMENT_3D('',#4382,#3239,#3240);
#2673=AXIS2_PLACEMENT_3D('',#4383,#3241,#3242);
#2674=AXIS2_PLACEMENT_3D('',#4384,#3243,#3244);
#2675=AXIS2_PLACEMENT_3D('',#4385,#3245,#3246);
#2676=AXIS2_PLACEMENT_3D('',#4392,#3247,#3248);
#2677=AXIS2_PLACEMENT_3D('',#4393,#3249,#3250);
#2678=AXIS2_PLACEMENT_3D('',#4394,#3251,#3252);
#2679=AXIS2_PLACEMENT_3D('',#4395,#3253,#3254);
#2680=AXIS2_PLACEMENT_3D('',#4396,#3255,#3256);
#2681=AXIS2_PLACEMENT_3D('',#4397,#3257,#3258);
#2682=AXIS2_PLACEMENT_3D('',#4398,#3259,#3260);
#2683=AXIS2_PLACEMENT_3D('',#4401,#3262,#3263);
#2684=AXIS2_PLACEMENT_3D('',#4402,#3264,#3265);
#2685=AXIS2_PLACEMENT_3D('',#4403,#3266,#3267);
#2686=AXIS2_PLACEMENT_3D('',#4419,#3268,#3269);
#2687=AXIS2_PLACEMENT_3D('',#4420,#3270,#3271);
#2688=AXIS2_PLACEMENT_3D('',#4421,#3272,#3273);
#2689=AXIS2_PLACEMENT_3D('',#4422,#3274,#3275);
#2690=AXIS2_PLACEMENT_3D('',#4423,#3276,#3277);
#2691=AXIS2_PLACEMENT_3D('',#4424,#3278,#3279);
#2692=AXIS2_PLACEMENT_3D('',#4425,#3280,#3281);
#2693=AXIS2_PLACEMENT_3D('',#4431,#3282,#3283);
#2694=AXIS2_PLACEMENT_3D('',#4432,#3284,#3285);
#2695=AXIS2_PLACEMENT_3D('',#4445,#3286,#3287);
#2696=AXIS2_PLACEMENT_3D('',#4446,#3288,#3289);
#2697=AXIS2_PLACEMENT_3D('',#4453,#3290,#3291);
#2698=AXIS2_PLACEMENT_3D('',#4454,#3292,#3293);
#2699=AXIS2_PLACEMENT_3D('',#4455,#3294,#3295);
#2700=AXIS2_PLACEMENT_3D('',#4456,#3296,#3297);
#2701=AXIS2_PLACEMENT_3D('',#4457,#3298,#3299);
#2702=AXIS2_PLACEMENT_3D('',#4458,#3300,#3301);
#2703=AXIS2_PLACEMENT_3D('',#4459,#3302,#3303);
#2704=AXIS2_PLACEMENT_3D('',#4460,#3304,#3305);
#2705=AXIS2_PLACEMENT_3D('',#4463,#3307,#3308);
#2706=AXIS2_PLACEMENT_3D('',#4464,#3309,#3310);
#2707=AXIS2_PLACEMENT_3D('',#4465,#3311,#3312);
#2708=AXIS2_PLACEMENT_3D('',#4466,#3313,#3314);
#2709=AXIS2_PLACEMENT_3D('',#4467,#3315,#3316);
#2710=AXIS2_PLACEMENT_3D('',#4468,#3317,#3318);
#2711=AXIS2_PLACEMENT_3D('',#4469,#3319,#3320);
#2712=AXIS2_PLACEMENT_3D('',#4470,#3321,#3322);
#2713=AXIS2_PLACEMENT_3D('',#4476,#3323,#3324);
#2714=AXIS2_PLACEMENT_3D('',#4495,#3325,#3326);
#2715=AXIS2_PLACEMENT_3D('',#4508,#3327,#3328);
#2716=AXIS2_PLACEMENT_3D('',#4514,#3329,#3330);
#2717=AXIS2_PLACEMENT_3D('',#4515,#3331,#3332);
#2718=AXIS2_PLACEMENT_3D('',#4516,#3333,#3334);
#2719=AXIS2_PLACEMENT_3D('',#4517,#3335,#3336);
#2720=AXIS2_PLACEMENT_3D('',#4518,#3337,#3338);
#2721=AXIS2_PLACEMENT_3D('',#4519,#3339,#3340);
#2722=AXIS2_PLACEMENT_3D('',#4520,#3341,#3342);
#2723=AXIS2_PLACEMENT_3D('',#4521,#3343,#3344);
#2724=AXIS2_PLACEMENT_3D('',#4845,#3345,#3346);
#2725=AXIS2_PLACEMENT_3D('',#4846,#3347,#3348);
#2726=AXIS2_PLACEMENT_3D('',#4852,#3352,#3353);
#2727=AXIS2_PLACEMENT_3D('',#4856,#3356,#3357);
#2728=AXIS2_PLACEMENT_3D('',#4860,#3360,#3361);
#2729=AXIS2_PLACEMENT_3D('',#4864,#3364,#3365);
#2730=AXIS2_PLACEMENT_3D('',#4868,#3368,#3369);
#2731=AXIS2_PLACEMENT_3D('',#4877,#3374,#3375);
#2732=AXIS2_PLACEMENT_3D('',#4883,#3379,#3380);
#2733=AXIS2_PLACEMENT_3D('',#4889,#3384,#3385);
#2734=AXIS2_PLACEMENT_3D('',#4895,#3389,#3390);
#2735=AXIS2_PLACEMENT_3D('',#4901,#3394,#3395);
#2736=AXIS2_PLACEMENT_3D('',#4904,#3398,#3399);
#2737=AXIS2_PLACEMENT_3D('',#4906,#3401,#3402);
#2738=AXIS2_PLACEMENT_3D('',#4907,#3403,#3404);
#2739=AXIS2_PLACEMENT_3D('',#4913,#3408,#3409);
#2740=AXIS2_PLACEMENT_3D('',#4917,#3412,#3413);
#2741=AXIS2_PLACEMENT_3D('',#4921,#3416,#3417);
#2742=AXIS2_PLACEMENT_3D('',#4925,#3420,#3421);
#2743=AXIS2_PLACEMENT_3D('',#4929,#3424,#3425);
#2744=AXIS2_PLACEMENT_3D('',#4938,#3430,#3431);
#2745=AXIS2_PLACEMENT_3D('',#4944,#3435,#3436);
#2746=AXIS2_PLACEMENT_3D('',#4950,#3440,#3441);
#2747=AXIS2_PLACEMENT_3D('',#4956,#3445,#3446);
#2748=AXIS2_PLACEMENT_3D('',#4962,#3450,#3451);
#2749=AXIS2_PLACEMENT_3D('',#4965,#3454,#3455);
#2750=AXIS2_PLACEMENT_3D('',#4967,#3457,#3458);
#2751=AXIS2_PLACEMENT_3D('',#4968,#3459,#3460);
#2752=AXIS2_PLACEMENT_3D('',#4969,#3461,#3462);
#2753=DIRECTION('',(0.,0.,1.));
#2754=DIRECTION('',(1.,0.,0.));
#2755=DIRECTION('',(0.912090140055567,0.,0.409989727204738));
#2756=DIRECTION('',(0.409989727204738,0.,-0.912090140055568));
#2757=DIRECTION('',(-0.999361330149222,-2.21902791730338E-14,-0.0357341825480663));
#2758=DIRECTION('',(-0.0357341825480663,0.,0.999361330149222));
#2759=DIRECTION('',(0.,0.,1.));
#2760=DIRECTION('',(1.,0.,0.));
#2761=DIRECTION('',(-0.890774306189033,-0.454445965361611,0.));
#2762=DIRECTION('',(-0.838948903745016,0.544210195517353,0.));
#2763=DIRECTION('',(0.0518254024440156,0.998656160878966,0.));
#2764=DIRECTION('',(0.890774306189032,0.454445965361614,0.));
#2765=DIRECTION('',(0.838948903745017,-0.544210195517352,0.));
#2766=DIRECTION('',(-0.0518254024440148,-0.998656160878966,0.));
#2767=DIRECTION('',(-0.949279232374767,0.314434315846687,0.));
#2768=DIRECTION('',(-0.202331510842564,0.979317088444884,0.));
#2769=DIRECTION('',(0.746947721532194,0.664882772598195,0.));
#2770=DIRECTION('',(0.949279232374767,-0.314434315846686,0.));
#2771=DIRECTION('',(0.20233151084257,-0.979317088444883,0.));
#2772=DIRECTION('',(-0.746947721532196,-0.664882772598194,0.));
#2773=DIRECTION('',(0.,1.,0.));
#2774=DIRECTION('',(0.,-1.,0.));
#2775=DIRECTION('',(0.627300178496976,0.778777558778925,0.));
#2776=DIRECTION('',(0.988091239048267,-0.153869110987424,0.));
#2777=DIRECTION('',(0.360791060551289,-0.932646669766357,0.));
#2778=DIRECTION('',(-0.627300178496973,-0.778777558778927,0.));
#2779=DIRECTION('',(-0.988091239048266,0.153869110987429,0.));
#2780=DIRECTION('',(-0.360791060551296,0.932646669766355,0.));
#2781=DIRECTION('',(0.,-1.,0.));
#2782=DIRECTION('',(0.737765263893298,0.675057342299491,0.));
#2783=DIRECTION('',(0.953499439389216,-0.301394789411581,0.));
#2784=DIRECTION('',(0.215734175495916,-0.976452131711072,0.));
#2785=DIRECTION('',(-0.737765263893298,-0.675057342299491,0.));
#2786=DIRECTION('',(-0.953499439389216,0.30139478941158,0.));
#2787=DIRECTION('',(-0.215734175495914,0.976452131711073,0.));
#2788=DIRECTION('',(0.,-1.,0.));
#2789=DIRECTION('',(-1.,0.,0.));
#2790=DIRECTION('',(0.,-1.,0.));
#2791=DIRECTION('',(-1.,0.,0.));
#2792=DIRECTION('',(0.,0.,1.));
#2793=DIRECTION('',(1.,0.,0.));
#2794=DIRECTION('',(-0.62730017849696,-0.778777558778938,0.));
#2795=DIRECTION('',(-0.988091239048271,0.1538691109874,0.));
#2796=DIRECTION('',(-0.360791060551301,0.932646669766352,0.));
#2797=DIRECTION('',(0.627300178496972,0.778777558778928,0.));
#2798=DIRECTION('',(0.988091239048268,-0.153869110987418,0.));
#2799=DIRECTION('',(0.625002713209465,0.78062257748595,0.));
#2800=DIRECTION('',(0.988540339475251,-0.150956938330626,0.));
#2801=DIRECTION('',(0.36353762626578,-0.931579515816574,0.));
#2802=DIRECTION('',(-0.625002713209465,-0.78062257748595,0.));
#2803=DIRECTION('',(-0.98854033947525,0.150956938330629,0.));
#2804=DIRECTION('',(-0.36353762626578,0.931579515816574,0.));
#2805=DIRECTION('',(-1.,0.,0.));
#2806=DIRECTION('',(0.,0.,1.));
#2807=DIRECTION('',(1.,0.,0.));
#2808=DIRECTION('',(0.,1.,0.));
#2809=DIRECTION('',(0.,0.,1.));
#2810=DIRECTION('',(1.,0.,0.));
#2811=DIRECTION('',(-1.,0.,0.));
#2812=DIRECTION('',(0.,0.,1.));
#2813=DIRECTION('',(1.,0.,0.));
#2814=DIRECTION('',(0.,1.,0.));
#2815=DIRECTION('',(0.,0.,1.));
#2816=DIRECTION('',(1.,0.,0.));
#2817=DIRECTION('',(-1.,0.,0.));
#2818=DIRECTION('',(0.,0.,1.));
#2819=DIRECTION('',(1.,0.,0.));
#2820=DIRECTION('',(0.,1.,0.));
#2821=DIRECTION('',(0.,0.,1.));
#2822=DIRECTION('',(1.,0.,0.));
#2823=DIRECTION('',(-1.,0.,0.));
#2824=DIRECTION('',(0.,0.,1.));
#2825=DIRECTION('',(1.,0.,0.));
#2826=DIRECTION('',(0.,1.,0.));
#2827=DIRECTION('',(0.,0.,1.));
#2828=DIRECTION('',(1.,0.,0.));
#2829=DIRECTION('',(-1.,0.,0.));
#2830=DIRECTION('',(0.,0.,1.));
#2831=DIRECTION('',(1.,0.,0.));
#2832=DIRECTION('',(0.,1.,0.));
#2833=DIRECTION('',(0.,0.,1.));
#2834=DIRECTION('',(1.,0.,0.));
#2835=DIRECTION('',(-1.,0.,0.));
#2836=DIRECTION('',(0.,0.,1.));
#2837=DIRECTION('',(1.,0.,0.));
#2838=DIRECTION('',(0.,1.,0.));
#2839=DIRECTION('',(0.,0.,1.));
#2840=DIRECTION('',(1.,0.,0.));
#2841=DIRECTION('',(0.,0.,1.));
#2842=DIRECTION('',(1.,0.,0.));
#2843=DIRECTION('',(0.,0.,1.));
#2844=DIRECTION('',(1.,0.,0.));
#2845=DIRECTION('',(0.,0.,1.));
#2846=DIRECTION('',(1.,0.,0.));
#2847=DIRECTION('',(1.,0.,0.));
#2848=DIRECTION('',(0.,0.,1.));
#2849=DIRECTION('',(1.,0.,0.));
#2850=DIRECTION('',(0.,0.,1.));
#2851=DIRECTION('',(1.,0.,0.));
#2852=DIRECTION('',(1.,0.,0.));
#2853=DIRECTION('',(0.,0.,1.));
#2854=DIRECTION('',(1.,0.,0.));
#2855=DIRECTION('',(0.,1.,0.));
#2856=DIRECTION('',(0.,0.,1.));
#2857=DIRECTION('',(1.,0.,0.));
#2858=DIRECTION('',(-1.,0.,0.));
#2859=DIRECTION('',(0.,0.,1.));
#2860=DIRECTION('',(1.,0.,0.));
#2861=DIRECTION('',(0.,0.,1.));
#2862=DIRECTION('',(1.,0.,0.));
#2863=DIRECTION('',(-1.,0.,0.));
#2864=DIRECTION('',(0.,0.,1.));
#2865=DIRECTION('',(1.,0.,0.));
#2866=DIRECTION('',(0.,0.,1.));
#2867=DIRECTION('',(1.,0.,0.));
#2868=DIRECTION('',(-1.,0.,0.));
#2869=DIRECTION('',(0.,0.,1.));
#2870=DIRECTION('',(1.,0.,0.));
#2871=DIRECTION('',(0.,-1.,0.));
#2872=DIRECTION('',(1.,0.,0.));
#2873=DIRECTION('',(0.,1.,0.));
#2874=DIRECTION('',(1.,0.,0.));
#2875=DIRECTION('',(0.,1.,0.));
#2876=DIRECTION('',(0.,1.,0.));
#2877=DIRECTION('',(1.,0.,0.));
#2878=DIRECTION('',(0.,0.,-1.));
#2879=DIRECTION('',(1.,0.,0.));
#2880=DIRECTION('',(0.,0.,-1.));
#2881=DIRECTION('',(0.,0.,-1.));
#2882=DIRECTION('',(-1.,0.,0.));
#2883=DIRECTION('',(0.,0.,1.));
#2884=DIRECTION('',(1.,0.,0.));
#2885=DIRECTION('',(0.,0.,-1.));
#2886=DIRECTION('',(1.,0.,0.));
#2887=DIRECTION('',(0.,-1.,0.));
#2888=DIRECTION('',(0.,-1.,0.));
#2889=DIRECTION('',(0.,0.,-1.));
#2890=DIRECTION('',(0.,0.,-1.));
#2891=DIRECTION('',(-1.,0.,0.));
#2892=DIRECTION('',(0.,0.,1.));
#2893=DIRECTION('',(1.,0.,0.));
#2894=DIRECTION('',(0.,0.,-1.));
#2895=DIRECTION('',(0.,1.,0.));
#2896=DIRECTION('',(1.,0.,0.));
#2897=DIRECTION('',(1.,0.,0.));
#2898=DIRECTION('',(0.,0.,-1.));
#2899=DIRECTION('',(0.,0.,-1.));
#2900=DIRECTION('',(-1.,0.,0.));
#2901=DIRECTION('',(0.,0.,1.));
#2902=DIRECTION('',(1.,0.,0.));
#2903=DIRECTION('',(0.,0.,-1.));
#2904=DIRECTION('',(1.,0.,0.));
#2905=DIRECTION('',(0.,-1.,0.));
#2906=DIRECTION('',(0.,-1.,0.));
#2907=DIRECTION('',(0.,0.,-1.));
#2908=DIRECTION('',(0.,0.,-1.));
#2909=DIRECTION('',(-1.,0.,0.));
#2910=DIRECTION('',(0.,0.,1.));
#2911=DIRECTION('',(1.,0.,0.));
#2912=DIRECTION('',(0.,1.,0.));
#2913=DIRECTION('',(1.,0.,0.));
#2914=DIRECTION('',(0.,0.,-1.));
#2915=DIRECTION('',(0.,0.,-1.));
#2916=DIRECTION('',(0.,0.,-1.));
#2917=DIRECTION('',(-1.,0.,0.));
#2918=DIRECTION('',(0.,0.,-1.));
#2919=DIRECTION('',(1.,0.,0.));
#2920=DIRECTION('',(0.,-1.,0.));
#2921=DIRECTION('',(0.,-1.,0.));
#2922=DIRECTION('',(0.,0.,-1.));
#2923=DIRECTION('',(0.,0.,-1.));
#2924=DIRECTION('',(-1.,0.,0.));
#2925=DIRECTION('',(0.,0.,1.));
#2926=DIRECTION('',(1.,0.,0.));
#2927=DIRECTION('',(0.,0.,-1.));
#2928=DIRECTION('',(0.,1.,0.));
#2929=DIRECTION('',(1.,0.,0.));
#2930=DIRECTION('',(1.,0.,0.));
#2931=DIRECTION('',(0.,0.,-1.));
#2932=DIRECTION('',(0.,0.,-1.));
#2933=DIRECTION('',(-1.,0.,0.));
#2934=DIRECTION('',(0.,0.,1.));
#2935=DIRECTION('',(1.,0.,0.));
#2936=DIRECTION('',(0.,0.,-1.));
#2937=DIRECTION('',(1.,0.,0.));
#2938=DIRECTION('',(0.,-1.,0.));
#2939=DIRECTION('',(0.,-1.,0.));
#2940=DIRECTION('',(0.,0.,-1.));
#2941=DIRECTION('',(0.,0.,-1.));
#2942=DIRECTION('',(-1.,0.,0.));
#2943=DIRECTION('',(0.,0.,1.));
#2944=DIRECTION('',(1.,0.,0.));
#2945=DIRECTION('',(0.,1.,0.));
#2946=DIRECTION('',(1.,0.,0.));
#2947=DIRECTION('',(0.,0.,-1.));
#2948=DIRECTION('',(1.,0.,0.));
#2949=DIRECTION('',(0.,0.,-1.));
#2950=DIRECTION('',(0.,0.,-1.));
#2951=DIRECTION('',(-1.,0.,0.));
#2952=DIRECTION('',(0.,0.,1.));
#2953=DIRECTION('',(1.,0.,0.));
#2954=DIRECTION('',(0.,0.,-1.));
#2955=DIRECTION('',(1.,0.,0.));
#2956=DIRECTION('',(0.,-1.,0.));
#2957=DIRECTION('',(0.,-1.,0.));
#2958=DIRECTION('',(0.,0.,-1.));
#2959=DIRECTION('',(0.,0.,-1.));
#2960=DIRECTION('',(-1.,0.,0.));
#2961=DIRECTION('',(0.,0.,1.));
#2962=DIRECTION('',(1.,0.,0.));
#2963=DIRECTION('',(0.,0.,-1.));
#2964=DIRECTION('',(0.,1.,0.));
#2965=DIRECTION('',(1.,0.,0.));
#2966=DIRECTION('',(1.,0.,0.));
#2967=DIRECTION('',(0.,0.,-1.));
#2968=DIRECTION('',(0.,0.,-1.));
#2969=DIRECTION('',(-1.,0.,0.));
#2970=DIRECTION('',(0.,0.,1.));
#2971=DIRECTION('',(1.,0.,0.));
#2972=DIRECTION('',(0.,0.,-1.));
#2973=DIRECTION('',(1.,0.,0.));
#2974=DIRECTION('',(0.,-1.,0.));
#2975=DIRECTION('',(0.,-1.,0.));
#2976=DIRECTION('',(0.,0.,-1.));
#2977=DIRECTION('',(0.,0.,-1.));
#2978=DIRECTION('',(-1.,0.,0.));
#2979=DIRECTION('',(0.,0.,1.));
#2980=DIRECTION('',(1.,0.,0.));
#2981=DIRECTION('',(0.,1.,0.));
#2982=DIRECTION('',(0.,0.,1.));
#2983=DIRECTION('',(0.,0.,-1.));
#2984=DIRECTION('',(1.,0.,0.));
#2985=DIRECTION('',(0.,0.,-1.));
#2986=DIRECTION('',(-1.,0.,0.));
#2987=DIRECTION('',(0.,0.,1.));
#2988=DIRECTION('',(0.,1.,0.));
#2989=DIRECTION('',(0.,0.,-1.));
#2990=DIRECTION('',(-1.,0.,0.));
#2991=DIRECTION('',(0.,-1.,0.));
#2992=DIRECTION('',(-1.,0.,0.));
#2993=DIRECTION('',(0.,-1.,0.));
#2994=DIRECTION('',(-1.,0.,0.));
#2995=DIRECTION('',(0.,-1.,0.));
#2996=DIRECTION('',(-1.,0.,0.));
#2997=DIRECTION('',(0.,-1.,0.));
#2998=DIRECTION('',(0.,1.,0.));
#2999=DIRECTION('',(0.,0.,1.));
#3000=DIRECTION('',(1.,0.,0.));
#3001=DIRECTION('',(0.,0.,-1.));
#3002=DIRECTION('',(-1.,0.,0.));
#3003=DIRECTION('',(0.,0.,1.));
#3004=DIRECTION('',(0.,1.,0.));
#3005=DIRECTION('',(-0.778777558778938,0.62730017849696,0.));
#3006=DIRECTION('',(-0.62730017849696,-0.778777558778938,0.));
#3007=DIRECTION('',(0.,0.,-1.));
#3008=DIRECTION('',(-0.62730017849696,-0.778777558778938,0.));
#3009=DIRECTION('',(0.,0.,-1.));
#3010=DIRECTION('',(0.62730017849696,0.778777558778938,0.));
#3011=DIRECTION('',(0.1538691109874,0.988091239048271,0.));
#3012=DIRECTION('',(-0.988091239048271,0.1538691109874,0.));
#3013=DIRECTION('',(0.,0.,-1.));
#3014=DIRECTION('',(-0.988091239048271,0.1538691109874,0.));
#3015=DIRECTION('',(0.988091239048271,-0.1538691109874,0.));
#3016=DIRECTION('',(0.932646669766352,0.360791060551301,0.));
#3017=DIRECTION('',(-0.360791060551301,0.932646669766352,0.));
#3018=DIRECTION('',(0.,0.,-1.));
#3019=DIRECTION('',(-0.360791060551301,0.932646669766352,0.));
#3020=DIRECTION('',(0.360791060551301,-0.932646669766352,0.));
#3021=DIRECTION('',(0.778777558778928,-0.627300178496972,0.));
#3022=DIRECTION('',(0.627300178496972,0.778777558778928,0.));
#3023=DIRECTION('',(0.,0.,-1.));
#3024=DIRECTION('',(0.627300178496972,0.778777558778928,0.));
#3025=DIRECTION('',(-0.627300178496972,-0.778777558778928,0.));
#3026=DIRECTION('',(-0.153869110987418,-0.988091239048268,0.));
#3027=DIRECTION('',(0.988091239048268,-0.153869110987418,0.));
#3028=DIRECTION('',(0.,0.,-1.));
#3029=DIRECTION('',(0.988091239048268,-0.153869110987418,0.));
#3030=DIRECTION('',(-0.988091239048268,0.153869110987418,0.));
#3031=DIRECTION('',(0.,0.,-1.));
#3032=DIRECTION('',(-1.,0.,0.));
#3033=DIRECTION('',(0.,0.,1.));
#3034=DIRECTION('',(1.,0.,0.));
#3035=DIRECTION('',(0.,0.,-1.));
#3036=DIRECTION('',(-1.,0.,0.));
#3037=DIRECTION('',(0.,0.,-1.));
#3038=DIRECTION('',(1.,0.,0.));
#3039=DIRECTION('',(-0.778777558778927,0.627300178496973,0.));
#3040=DIRECTION('',(-0.627300178496973,-0.778777558778927,0.));
#3041=DIRECTION('',(0.,0.,-1.));
#3042=DIRECTION('',(-0.627300178496973,-0.778777558778927,0.));
#3043=DIRECTION('',(0.,0.,-1.));
#3044=DIRECTION('',(0.627300178496973,0.778777558778927,0.));
#3045=DIRECTION('',(0.153869110987429,0.988091239048266,0.));
#3046=DIRECTION('',(-0.988091239048266,0.153869110987429,0.));
#3047=DIRECTION('',(0.,0.,-1.));
#3048=DIRECTION('',(-0.988091239048266,0.153869110987429,0.));
#3049=DIRECTION('',(0.988091239048266,-0.153869110987429,0.));
#3050=DIRECTION('',(0.932646669766355,0.360791060551296,0.));
#3051=DIRECTION('',(-0.360791060551296,0.932646669766355,0.));
#3052=DIRECTION('',(0.,0.,-1.));
#3053=DIRECTION('',(-0.360791060551296,0.932646669766355,0.));
#3054=DIRECTION('',(0.360791060551296,-0.932646669766355,0.));
#3055=DIRECTION('',(0.778777558778925,-0.627300178496976,0.));
#3056=DIRECTION('',(0.627300178496976,0.778777558778925,0.));
#3057=DIRECTION('',(0.,0.,-1.));
#3058=DIRECTION('',(0.627300178496976,0.778777558778925,0.));
#3059=DIRECTION('',(-0.627300178496976,-0.778777558778925,0.));
#3060=DIRECTION('',(-0.153869110987424,-0.988091239048267,0.));
#3061=DIRECTION('',(0.988091239048267,-0.153869110987424,0.));
#3062=DIRECTION('',(0.,0.,-1.));
#3063=DIRECTION('',(0.988091239048267,-0.153869110987424,0.));
#3064=DIRECTION('',(-0.988091239048267,0.153869110987424,0.));
#3065=DIRECTION('',(-0.932646669766357,-0.360791060551289,0.));
#3066=DIRECTION('',(0.360791060551289,-0.932646669766357,0.));
#3067=DIRECTION('',(0.360791060551289,-0.932646669766357,0.));
#3068=DIRECTION('',(-0.360791060551289,0.932646669766357,0.));
#3069=DIRECTION('',(0.,0.,-1.));
#3070=DIRECTION('',(1.,0.,0.));
#3071=DIRECTION('',(-0.976452131711072,-0.215734175495916,0.));
#3072=DIRECTION('',(0.215734175495916,-0.976452131711072,0.));
#3073=DIRECTION('',(0.,0.,-1.));
#3074=DIRECTION('',(0.215734175495916,-0.976452131711072,0.));
#3075=DIRECTION('',(0.,0.,-1.));
#3076=DIRECTION('',(-0.215734175495916,0.976452131711072,0.));
#3077=DIRECTION('',(-0.675057342299491,0.737765263893298,0.));
#3078=DIRECTION('',(-0.737765263893298,-0.675057342299491,0.));
#3079=DIRECTION('',(0.,0.,-1.));
#3080=DIRECTION('',(-0.737765263893298,-0.675057342299491,0.));
#3081=DIRECTION('',(0.737765263893298,0.675057342299491,0.));
#3082=DIRECTION('',(0.30139478941158,0.953499439389216,0.));
#3083=DIRECTION('',(-0.953499439389216,0.30139478941158,0.));
#3084=DIRECTION('',(0.,0.,-1.));
#3085=DIRECTION('',(-0.953499439389216,0.30139478941158,0.));
#3086=DIRECTION('',(0.953499439389216,-0.30139478941158,0.));
#3087=DIRECTION('',(0.976452131711073,0.215734175495914,0.));
#3088=DIRECTION('',(-0.215734175495914,0.976452131711073,0.));
#3089=DIRECTION('',(0.,0.,-1.));
#3090=DIRECTION('',(-0.215734175495914,0.976452131711073,0.));
#3091=DIRECTION('',(0.215734175495914,-0.976452131711073,0.));
#3092=DIRECTION('',(0.675057342299491,-0.737765263893298,0.));
#3093=DIRECTION('',(0.737765263893298,0.675057342299491,0.));
#3094=DIRECTION('',(0.,0.,-1.));
#3095=DIRECTION('',(0.737765263893298,0.675057342299491,0.));
#3096=DIRECTION('',(-0.737765263893298,-0.675057342299491,0.));
#3097=DIRECTION('',(-0.301394789411581,-0.953499439389216,0.));
#3098=DIRECTION('',(0.953499439389216,-0.301394789411581,0.));
#3099=DIRECTION('',(0.953499439389216,-0.301394789411581,0.));
#3100=DIRECTION('',(-0.953499439389216,0.301394789411581,0.));
#3101=DIRECTION('',(0.,0.,-1.));
#3102=DIRECTION('',(1.,0.,0.));
#3103=DIRECTION('',(-0.150956938330626,-0.988540339475251,0.));
#3104=DIRECTION('',(0.988540339475251,-0.150956938330626,0.));
#3105=DIRECTION('',(0.,0.,-1.));
#3106=DIRECTION('',(0.988540339475251,-0.150956938330626,0.));
#3107=DIRECTION('',(0.,0.,-1.));
#3108=DIRECTION('',(-0.988540339475251,0.150956938330626,0.));
#3109=DIRECTION('',(-0.931579515816574,-0.36353762626578,0.));
#3110=DIRECTION('',(0.36353762626578,-0.931579515816574,0.));
#3111=DIRECTION('',(0.,0.,-1.));
#3112=DIRECTION('',(0.36353762626578,-0.931579515816574,0.));
#3113=DIRECTION('',(-0.36353762626578,0.931579515816574,0.));
#3114=DIRECTION('',(-0.78062257748595,0.625002713209465,0.));
#3115=DIRECTION('',(-0.625002713209465,-0.78062257748595,0.));
#3116=DIRECTION('',(0.,0.,-1.));
#3117=DIRECTION('',(-0.625002713209465,-0.78062257748595,0.));
#3118=DIRECTION('',(0.625002713209465,0.78062257748595,0.));
#3119=DIRECTION('',(0.150956938330629,0.98854033947525,0.));
#3120=DIRECTION('',(-0.98854033947525,0.150956938330629,0.));
#3121=DIRECTION('',(0.,0.,-1.));
#3122=DIRECTION('',(-0.98854033947525,0.150956938330629,0.));
#3123=DIRECTION('',(0.98854033947525,-0.150956938330629,0.));
#3124=DIRECTION('',(0.931579515816574,0.36353762626578,0.));
#3125=DIRECTION('',(-0.36353762626578,0.931579515816574,0.));
#3126=DIRECTION('',(0.,0.,-1.));
#3127=DIRECTION('',(-0.36353762626578,0.931579515816574,0.));
#3128=DIRECTION('',(0.36353762626578,-0.931579515816574,0.));
#3129=DIRECTION('',(0.78062257748595,-0.625002713209465,0.));
#3130=DIRECTION('',(0.625002713209465,0.78062257748595,0.));
#3131=DIRECTION('',(0.625002713209465,0.78062257748595,0.));
#3132=DIRECTION('',(-0.625002713209465,-0.78062257748595,0.));
#3133=DIRECTION('',(0.,0.,-1.));
#3134=DIRECTION('',(1.,0.,0.));
#3135=DIRECTION('',(0.627300178496973,0.778777558778927,0.));
#3136=DIRECTION('',(-0.778777558778927,0.627300178496973,0.));
#3137=DIRECTION('',(0.932646669766355,0.360791060551293,0.));
#3138=DIRECTION('',(-0.360791060551293,0.932646669766355,0.));
#3139=DIRECTION('',(0.153869110987431,0.988091239048266,0.));
#3140=DIRECTION('',(-0.988091239048266,0.153869110987431,0.));
#3141=DIRECTION('',(-0.360791060551289,0.932646669766357,0.));
#3142=DIRECTION('',(-0.932646669766357,-0.360791060551289,0.));
#3143=DIRECTION('',(-0.778777558778927,0.627300178496973,0.));
#3144=DIRECTION('',(-0.627300178496973,-0.778777558778927,0.));
#3145=DIRECTION('',(0.988091239048266,-0.153869110987429,0.));
#3146=DIRECTION('',(0.153869110987429,0.988091239048266,0.));
#3147=DIRECTION('',(0.778777558778928,-0.627300178496973,0.));
#3148=DIRECTION('',(-0.627300178496973,-0.778777558778928,0.));
#3149=DIRECTION('',(-0.988091239048267,0.153869110987424,0.));
#3150=DIRECTION('',(-0.153869110987424,-0.988091239048267,0.));
#3151=DIRECTION('',(-0.932646669766355,-0.360791060551294,0.));
#3152=DIRECTION('',(0.360791060551294,-0.932646669766355,0.));
#3153=DIRECTION('',(0.360791060551296,-0.932646669766355,0.));
#3154=DIRECTION('',(0.932646669766355,0.360791060551296,0.));
#3155=DIRECTION('',(-0.153869110987429,-0.988091239048266,0.));
#3156=DIRECTION('',(0.988091239048266,-0.153869110987429,0.));
#3157=DIRECTION('',(-0.627300178496976,-0.778777558778925,0.));
#3158=DIRECTION('',(0.778777558778925,-0.627300178496976,0.));
#3159=DIRECTION('',(0.737765263893298,0.675057342299491,0.));
#3160=DIRECTION('',(-0.675057342299491,0.737765263893298,0.));
#3161=DIRECTION('',(0.976452131711072,0.215734175495918,0.));
#3162=DIRECTION('',(-0.215734175495918,0.976452131711072,0.));
#3163=DIRECTION('',(0.301394789411582,0.953499439389215,0.));
#3164=DIRECTION('',(-0.953499439389216,0.301394789411582,0.));
#3165=DIRECTION('',(-0.215734175495916,0.976452131711072,0.));
#3166=DIRECTION('',(-0.976452131711072,-0.215734175495916,0.));
#3167=DIRECTION('',(-0.67505734229949,0.737765263893299,0.));
#3168=DIRECTION('',(-0.737765263893299,-0.67505734229949,0.));
#3169=DIRECTION('',(0.953499439389216,-0.30139478941158,0.));
#3170=DIRECTION('',(0.30139478941158,0.953499439389216,0.));
#3171=DIRECTION('',(0.67505734229949,-0.737765263893299,0.));
#3172=DIRECTION('',(-0.737765263893299,-0.67505734229949,0.));
#3173=DIRECTION('',(-0.953499439389216,0.301394789411581,0.));
#3174=DIRECTION('',(-0.301394789411581,-0.953499439389216,0.));
#3175=DIRECTION('',(-0.976452131711072,-0.215734175495917,0.));
#3176=DIRECTION('',(0.215734175495917,-0.976452131711072,0.));
#3177=DIRECTION('',(0.215734175495914,-0.976452131711073,0.));
#3178=DIRECTION('',(0.976452131711073,0.215734175495914,0.));
#3179=DIRECTION('',(-0.301394789411583,-0.953499439389215,0.));
#3180=DIRECTION('',(0.953499439389215,-0.301394789411583,0.));
#3181=DIRECTION('',(-0.737765263893298,-0.675057342299491,0.));
#3182=DIRECTION('',(0.675057342299491,-0.737765263893298,0.));
#3183=DIRECTION('',(-0.627300178496972,-0.778777558778928,0.));
#3184=DIRECTION('',(0.778777558778928,-0.627300178496972,0.));
#3185=DIRECTION('',(-0.932646669766353,-0.360791060551299,0.));
#3186=DIRECTION('',(-0.360791060551299,0.932646669766353,0.));
#3187=DIRECTION('',(-0.153869110987423,-0.988091239048267,0.));
#3188=DIRECTION('',(-0.988091239048267,0.153869110987423,0.));
#3189=DIRECTION('',(0.360791060551301,-0.932646669766352,0.));
#3190=DIRECTION('',(0.932646669766352,0.360791060551301,0.));
#3191=DIRECTION('',(0.778777558778939,-0.627300178496959,0.));
#3192=DIRECTION('',(-0.627300178496959,-0.778777558778939,0.));
#3193=DIRECTION('',(-0.988091239048268,0.153869110987418,0.));
#3194=DIRECTION('',(-0.153869110987418,-0.988091239048268,0.));
#3195=DIRECTION('',(-0.988091239048264,0.153869110987444,0.));
#3196=DIRECTION('',(-0.153869110987444,-0.988091239048264,0.));
#3197=DIRECTION('',(0.988091239048271,-0.1538691109874,0.));
#3198=DIRECTION('',(0.1538691109874,0.988091239048271,0.));
#3199=DIRECTION('',(0.932646669766347,0.360791060551314,0.));
#3200=DIRECTION('',(-0.360791060551314,0.932646669766347,0.));
#3201=DIRECTION('',(0.,0.,1.));
#3202=DIRECTION('',(1.,0.,0.));
#3203=DIRECTION('',(0.627300178496958,0.77877755877894,0.));
#3204=DIRECTION('',(-0.77877755877894,0.627300178496958,0.));
#3205=DIRECTION('',(0.62730017849696,0.778777558778938,0.));
#3206=DIRECTION('',(-0.778777558778938,0.62730017849696,0.));
#3207=DIRECTION('',(0.98854033947525,-0.150956938330629,0.));
#3208=DIRECTION('',(0.150956938330629,0.98854033947525,0.));
#3209=DIRECTION('',(0.780622577485945,-0.625002713209471,0.));
#3210=DIRECTION('',(-0.625002713209471,-0.780622577485945,0.));
#3211=DIRECTION('',(0.931579515816573,0.363537626265783,0.));
#3212=DIRECTION('',(-0.363537626265783,0.931579515816573,0.));
#3213=DIRECTION('',(0.625002713209465,0.78062257748595,0.));
#3214=DIRECTION('',(-0.78062257748595,0.625002713209465,0.));
#3215=DIRECTION('',(0.150956938330626,0.988540339475251,0.));
#3216=DIRECTION('',(-0.988540339475251,0.150956938330626,0.));
#3217=DIRECTION('',(0.36353762626578,-0.931579515816574,0.));
#3218=DIRECTION('',(0.931579515816574,0.36353762626578,0.));
#3219=DIRECTION('',(-0.150956938330626,-0.988540339475251,0.));
#3220=DIRECTION('',(-0.988540339475251,0.150956938330626,0.));
#3221=DIRECTION('',(-0.36353762626578,0.931579515816574,0.));
#3222=DIRECTION('',(-0.931579515816574,-0.36353762626578,0.));
#3223=DIRECTION('',(-0.780622577485946,0.625002713209469,0.));
#3224=DIRECTION('',(-0.625002713209469,-0.780622577485946,0.));
#3225=DIRECTION('',(-0.625002713209465,-0.78062257748595,0.));
#3226=DIRECTION('',(0.78062257748595,-0.625002713209465,0.));
#3227=DIRECTION('',(-0.931579515816572,-0.363537626265785,0.));
#3228=DIRECTION('',(-0.363537626265785,0.931579515816572,0.));
#3229=DIRECTION('',(-0.988540339475251,0.150956938330626,0.));
#3230=DIRECTION('',(-0.150956938330626,-0.988540339475251,0.));
#3231=DIRECTION('',(0.,0.,1.));
#3232=DIRECTION('',(1.,0.,0.));
#3233=DIRECTION('',(0.,-1.,0.));
#3234=DIRECTION('',(0.,0.,-1.));
#3235=DIRECTION('',(1.,0.,0.));
#3236=DIRECTION('',(0.,0.,-1.));
#3237=DIRECTION('',(1.,0.,0.));
#3238=DIRECTION('',(0.,0.,-1.));
#3239=DIRECTION('',(1.,0.,0.));
#3240=DIRECTION('',(0.,0.,-1.));
#3241=DIRECTION('',(0.,1.,0.));
#3242=DIRECTION('',(0.,0.,1.));
#3243=DIRECTION('',(-5.55111512312578E-14,-1.,0.));
#3244=DIRECTION('',(1.,-5.55111512312578E-14,0.));
#3245=DIRECTION('',(0.,0.,1.));
#3246=DIRECTION('',(1.,0.,0.));
#3247=DIRECTION('',(0.,-1.,0.));
#3248=DIRECTION('',(0.,0.,-1.));
#3249=DIRECTION('',(0.,0.,1.));
#3250=DIRECTION('',(1.,0.,0.));
#3251=DIRECTION('',(1.,0.,0.));
#3252=DIRECTION('',(0.,0.,-1.));
#3253=DIRECTION('',(0.,0.,1.));
#3254=DIRECTION('',(1.,0.,0.));
#3255=DIRECTION('',(1.,0.,0.));
#3256=DIRECTION('',(0.,0.,-1.));
#3257=DIRECTION('',(0.,-1.,0.));
#3258=DIRECTION('',(0.,0.,-1.));
#3259=DIRECTION('',(0.,-1.,0.));
#3260=DIRECTION('',(0.,0.,-1.));
#3261=DIRECTION('',(0.,-1.,0.));
#3262=DIRECTION('',(0.,-1.,0.));
#3263=DIRECTION('',(0.,0.,-1.));
#3264=DIRECTION('',(-1.,0.,0.));
#3265=DIRECTION('',(0.,0.,1.));
#3266=DIRECTION('',(1.,0.,0.));
#3267=DIRECTION('',(0.,0.,-1.));
#3268=DIRECTION('',(0.,-0.880730324064077,-0.473618091159942));
#3269=DIRECTION('',(0.,0.473618091159942,-0.880730324064077));
#3270=DIRECTION('',(0.,-1.,0.));
#3271=DIRECTION('',(0.,0.,-1.));
#3272=DIRECTION('',(1.,0.,0.));
#3273=DIRECTION('',(0.,0.,-1.));
#3274=DIRECTION('',(1.,0.,0.));
#3275=DIRECTION('',(0.,0.,-1.));
#3276=DIRECTION('',(0.,1.,0.));
#3277=DIRECTION('',(0.,0.,1.));
#3278=DIRECTION('',(0.,-1.,0.));
#3279=DIRECTION('',(0.,0.,-1.));
#3280=DIRECTION('',(0.,0.,1.));
#3281=DIRECTION('',(1.,0.,0.));
#3282=DIRECTION('',(0.,-1.,0.));
#3283=DIRECTION('',(0.,0.,-1.));
#3284=DIRECTION('',(0.,-1.,0.));
#3285=DIRECTION('',(0.,0.,-1.));
#3286=DIRECTION('',(-0.963417259895611,-0.268005938992466,0.));
#3287=DIRECTION('',(0.268005938992466,-0.963417259895611,0.));
#3288=DIRECTION('',(0.,0.,1.));
#3289=DIRECTION('',(1.,0.,0.));
#3290=DIRECTION('',(0.,-1.,0.));
#3291=DIRECTION('',(0.,0.,-1.));
#3292=DIRECTION('',(0.,0.,1.));
#3293=DIRECTION('',(1.,0.,0.));
#3294=DIRECTION('',(1.,0.,0.));
#3295=DIRECTION('',(0.,0.,-1.));
#3296=DIRECTION('',(0.,0.,1.));
#3297=DIRECTION('',(1.,0.,0.));
#3298=DIRECTION('',(-1.,0.,0.));
#3299=DIRECTION('',(0.,0.,1.));
#3300=DIRECTION('',(0.,0.,1.));
#3301=DIRECTION('',(1.,0.,0.));
#3302=DIRECTION('',(0.,-1.,0.));
#3303=DIRECTION('',(0.,0.,-1.));
#3304=DIRECTION('',(0.,-1.,0.));
#3305=DIRECTION('',(0.,0.,-1.));
#3306=DIRECTION('',(0.,-1.,0.));
#3307=DIRECTION('',(0.,-1.,0.));
#3308=DIRECTION('',(0.,0.,-1.));
#3309=DIRECTION('',(-1.,0.,0.));
#3310=DIRECTION('',(0.,0.,1.));
#3311=DIRECTION('',(1.,0.,0.));
#3312=DIRECTION('',(0.,0.,-1.));
#3313=DIRECTION('',(-1.,0.,0.));
#3314=DIRECTION('',(0.,0.,1.));
#3315=DIRECTION('',(-1.,0.,0.));
#3316=DIRECTION('',(0.,0.,1.));
#3317=DIRECTION('',(0.,1.,0.));
#3318=DIRECTION('',(0.,0.,1.));
#3319=DIRECTION('',(0.,-1.,0.));
#3320=DIRECTION('',(0.,0.,-1.));
#3321=DIRECTION('',(0.,0.,1.));
#3322=DIRECTION('',(1.,0.,0.));
#3323=DIRECTION('',(0.,0.,1.));
#3324=DIRECTION('',(1.,0.,0.));
#3325=DIRECTION('',(0.,1.,0.));
#3326=DIRECTION('',(0.,0.,1.));
#3327=DIRECTION('',(1.,5.34294830601209E-13,-5.3429483060121E-13));
#3328=DIRECTION('',(-5.3429483060121E-13,0.,-1.));
#3329=DIRECTION('',(-1.,0.,0.));
#3330=DIRECTION('',(0.,0.,1.));
#3331=DIRECTION('',(-0.707106781186548,0.707106781186548,0.));
#3332=DIRECTION('',(-0.707106781186548,-0.707106781186548,0.));
#3333=DIRECTION('',(-0.707106781186548,-0.707106781186548,0.));
#3334=DIRECTION('',(0.707106781186548,-0.707106781186548,0.));
#3335=DIRECTION('',(0.,1.,0.));
#3336=DIRECTION('',(0.,0.,1.));
#3337=DIRECTION('',(0.707106781186548,0.707106781186548,0.));
#3338=DIRECTION('',(0.707106781186548,-0.707106781186548,0.));
#3339=DIRECTION('',(0.,-1.,0.));
#3340=DIRECTION('',(0.,0.,-1.));
#3341=DIRECTION('',(0.707106781186548,-0.707106781186548,0.));
#3342=DIRECTION('',(0.707106781186548,0.707106781186548,0.));
#3343=DIRECTION('',(1.,0.,0.));
#3344=DIRECTION('',(0.,0.,-1.));
#3345=DIRECTION('',(1.,0.,0.));
#3346=DIRECTION('',(0.,1.,0.));
#3347=DIRECTION('',(-0.314434315846687,-0.949279232374767,0.));
#3348=DIRECTION('',(0.949279232374767,-0.314434315846687,0.));
#3349=DIRECTION('',(0.,0.,-1.));
#3350=DIRECTION('',(-0.949279232374767,0.314434315846687,0.));
#3351=DIRECTION('',(0.,0.,-1.));
#3352=DIRECTION('',(-0.979317088444884,-0.202331510842564,0.));
#3353=DIRECTION('',(0.202331510842564,-0.979317088444884,0.));
#3354=DIRECTION('',(-0.202331510842564,0.979317088444884,0.));
#3355=DIRECTION('',(0.,0.,-1.));
#3356=DIRECTION('',(-0.664882772598195,0.746947721532194,0.));
#3357=DIRECTION('',(-0.746947721532194,-0.664882772598195,0.));
#3358=DIRECTION('',(0.746947721532194,0.664882772598195,0.));
#3359=DIRECTION('',(0.,0.,-1.));
#3360=DIRECTION('',(0.314434315846686,0.949279232374767,0.));
#3361=DIRECTION('',(-0.949279232374767,0.314434315846686,0.));
#3362=DIRECTION('',(0.949279232374767,-0.314434315846686,0.));
#3363=DIRECTION('',(0.,0.,-1.));
#3364=DIRECTION('',(0.979317088444883,0.20233151084257,0.));
#3365=DIRECTION('',(-0.20233151084257,0.979317088444883,0.));
#3366=DIRECTION('',(0.20233151084257,-0.979317088444883,0.));
#3367=DIRECTION('',(0.,0.,-1.));
#3368=DIRECTION('',(0.979317088444886,0.202331510842555,0.));
#3369=DIRECTION('',(-0.202331510842555,0.979317088444886,0.));
#3370=DIRECTION('',(0.,0.,-1.));
#3371=DIRECTION('',(0.202331510842555,-0.979317088444886,0.));
#3372=DIRECTION('',(0.,0.,-1.));
#3373=DIRECTION('',(0.202331510842555,-0.979317088444886,0.));
#3374=DIRECTION('',(0.314434315846684,0.949279232374768,0.));
#3375=DIRECTION('',(-0.949279232374768,0.314434315846684,0.));
#3376=DIRECTION('',(0.,0.,-1.));
#3377=DIRECTION('',(0.949279232374768,-0.314434315846683,0.));
#3378=DIRECTION('',(0.949279232374768,-0.314434315846683,0.));
#3379=DIRECTION('',(-0.664882772598195,0.746947721532195,0.));
#3380=DIRECTION('',(-0.746947721532195,-0.664882772598195,0.));
#3381=DIRECTION('',(0.,0.,-1.));
#3382=DIRECTION('',(0.746947721532195,0.664882772598195,0.));
#3383=DIRECTION('',(0.746947721532195,0.664882772598195,0.));
#3384=DIRECTION('',(-0.979317088444884,-0.202331510842564,0.));
#3385=DIRECTION('',(0.202331510842564,-0.979317088444884,0.));
#3386=DIRECTION('',(0.,0.,-1.));
#3387=DIRECTION('',(-0.202331510842564,0.979317088444884,0.));
#3388=DIRECTION('',(-0.202331510842564,0.979317088444884,0.));
#3389=DIRECTION('',(-0.31443431584669,-0.949279232374766,0.));
#3390=DIRECTION('',(0.949279232374766,-0.31443431584669,0.));
#3391=DIRECTION('',(0.,0.,-1.));
#3392=DIRECTION('',(-0.949279232374766,0.31443431584669,0.));
#3393=DIRECTION('',(-0.949279232374766,0.31443431584669,0.));
#3394=DIRECTION('',(0.664882772598195,-0.746947721532195,0.));
#3395=DIRECTION('',(0.746947721532195,0.664882772598195,0.));
#3396=DIRECTION('',(-0.746947721532195,-0.664882772598195,0.));
#3397=DIRECTION('',(-0.746947721532195,-0.664882772598195,0.));
#3398=DIRECTION('',(0.664882772598194,-0.746947721532196,0.));
#3399=DIRECTION('',(0.746947721532196,0.664882772598194,0.));
#3400=DIRECTION('',(-0.746947721532196,-0.664882772598194,0.));
#3401=DIRECTION('',(0.,0.,-1.));
#3402=DIRECTION('',(1.,0.,0.));
#3403=DIRECTION('',(0.454445965361611,-0.890774306189033,0.));
#3404=DIRECTION('',(0.890774306189033,0.454445965361611,0.));
#3405=DIRECTION('',(0.,0.,-1.));
#3406=DIRECTION('',(-0.890774306189033,-0.454445965361611,0.));
#3407=DIRECTION('',(0.,0.,-1.));
#3408=DIRECTION('',(-0.544210195517353,-0.838948903745016,0.));
#3409=DIRECTION('',(0.838948903745016,-0.544210195517353,0.));
#3410=DIRECTION('',(-0.838948903745016,0.544210195517353,0.));
#3411=DIRECTION('',(0.,0.,-1.));
#3412=DIRECTION('',(-0.998656160878966,0.0518254024440156,0.));
#3413=DIRECTION('',(-0.0518254024440156,-0.998656160878966,0.));
#3414=DIRECTION('',(0.0518254024440156,0.998656160878966,0.));
#3415=DIRECTION('',(0.,0.,-1.));
#3416=DIRECTION('',(-0.454445965361614,0.890774306189032,0.));
#3417=DIRECTION('',(-0.890774306189032,-0.454445965361614,0.));
#3418=DIRECTION('',(0.890774306189032,0.454445965361614,0.));
#3419=DIRECTION('',(0.,0.,-1.));
#3420=DIRECTION('',(0.544210195517352,0.838948903745017,0.));
#3421=DIRECTION('',(-0.838948903745017,0.544210195517352,0.));
#3422=DIRECTION('',(0.838948903745017,-0.544210195517352,0.));
#3423=DIRECTION('',(0.,0.,-1.));
#3424=DIRECTION('',(0.544210195517352,0.838948903745017,0.));
#3425=DIRECTION('',(-0.838948903745017,0.544210195517352,0.));
#3426=DIRECTION('',(0.,0.,-1.));
#3427=DIRECTION('',(0.838948903745017,-0.544210195517352,0.));
#3428=DIRECTION('',(0.,0.,-1.));
#3429=DIRECTION('',(0.838948903745017,-0.544210195517352,0.));
#3430=DIRECTION('',(-0.454445965361615,0.890774306189031,0.));
#3431=DIRECTION('',(-0.890774306189031,-0.454445965361615,0.));
#3432=DIRECTION('',(0.,0.,-1.));
#3433=DIRECTION('',(0.890774306189031,0.454445965361615,0.));
#3434=DIRECTION('',(0.890774306189031,0.454445965361615,0.));
#3435=DIRECTION('',(-0.998656160878967,0.0518254024440056,0.));
#3436=DIRECTION('',(-0.0518254024440056,-0.998656160878967,0.));
#3437=DIRECTION('',(0.,0.,-1.));
#3438=DIRECTION('',(0.0518254024440056,0.998656160878967,0.));
#3439=DIRECTION('',(0.0518254024440056,0.998656160878967,0.));
#3440=DIRECTION('',(-0.544210195517344,-0.838948903745022,0.));
#3441=DIRECTION('',(0.838948903745022,-0.544210195517344,0.));
#3442=DIRECTION('',(0.,0.,-1.));
#3443=DIRECTION('',(-0.838948903745022,0.544210195517344,0.));
#3444=DIRECTION('',(-0.838948903745022,0.544210195517344,0.));
#3445=DIRECTION('',(0.454445965361615,-0.890774306189031,0.));
#3446=DIRECTION('',(0.890774306189031,0.454445965361615,0.));
#3447=DIRECTION('',(0.,0.,-1.));
#3448=DIRECTION('',(-0.890774306189031,-0.454445965361615,0.));
#3449=DIRECTION('',(-0.890774306189031,-0.454445965361615,0.));
#3450=DIRECTION('',(0.998656160878967,-0.0518254024440062,0.));
#3451=DIRECTION('',(0.0518254024440062,0.998656160878967,0.));
#3452=DIRECTION('',(-0.0518254024440062,-0.998656160878967,0.));
#3453=DIRECTION('',(-0.0518254024440062,-0.998656160878967,0.));
#3454=DIRECTION('',(0.998656160878966,-0.0518254024440148,0.));
#3455=DIRECTION('',(0.0518254024440148,0.998656160878966,0.));
#3456=DIRECTION('',(-0.0518254024440148,-0.998656160878966,0.));
#3457=DIRECTION('',(0.,0.,-1.));
#3458=DIRECTION('',(1.,0.,0.));
#3459=DIRECTION('',(0.,0.,1.));
#3460=DIRECTION('',(1.,0.,0.));
#3461=DIRECTION('',(0.,0.,1.));
#3462=DIRECTION('',(1.,0.,0.));
#3463=CARTESIAN_POINT('',(0.,0.,0.));
#3464=CARTESIAN_POINT('',(0.143551256546639,-0.0576544947314129,-0.0325485537791795));
#3465=CARTESIAN_POINT('',(0.147418523318349,-0.0576544947314129,-0.0411519300527526));
#3466=CARTESIAN_POINT('',(0.145247815564658,-0.0498479806197281,-0.0363228306687692));
#3467=CARTESIAN_POINT('',(0.142610507116429,-0.0576544947314129,-0.0329714260179514));
#3468=CARTESIAN_POINT('',(0.145867627060358,-0.057654494731417,-0.0412833800652053));
#3469=CARTESIAN_POINT('',(0.144160400810687,-0.0500436653937865,-0.0369571390295623));
#3470=CARTESIAN_POINT('',(0.140680811053311,-0.0576544947314129,-0.0336622921977174));
#3471=CARTESIAN_POINT('',(0.143007984239287,-0.0576544947314098,-0.0413619454530105));
#3472=CARTESIAN_POINT('',(0.141943718085801,-0.0504436051427818,-0.0379934382952749));
#3473=CARTESIAN_POINT('',(0.136665838399221,-0.0576544947314129,-0.0345973763213327));
#3474=CARTESIAN_POINT('',(0.137828599086334,-0.0576544947314198,-0.0411465486308391));
#3475=CARTESIAN_POINT('',(0.137391607337595,-0.0512659540806432,-0.0393960644832351));
#3476=CARTESIAN_POINT('',(0.133572266369146,-0.0576544947314129,-0.0348926684378448));
#3477=CARTESIAN_POINT('',(0.134103940330026,-0.0576544947313887,-0.0407152502149208));
#3478=CARTESIAN_POINT('',(0.133952519965261,-0.0518841484495384,-0.039839002654491));
#3479=CARTESIAN_POINT('',(0.131506325991299,-0.0576544947314129,-0.0349665403066479));
#3480=CARTESIAN_POINT('',(0.13169866054754,-0.0576544947314129,-0.0403454717457542));
#3481=CARTESIAN_POINT('',(0.131684512879238,-0.0522867067327541,-0.0399498104599719));
#3482=CARTESIAN_POINT('',(0.143551256546638,-0.0526544947314129,-0.0325485537791793));
#3483=CARTESIAN_POINT('',(0.143551256546639,-0.0576544947314129,-0.0325485537791796));
#3484=CARTESIAN_POINT('',(0.145247815564658,-0.049847980619728,-0.0363228306687689));
#3485=CARTESIAN_POINT('',(0.131506325991299,-0.0576544947314129,-0.0349665403066479));
#3486=CARTESIAN_POINT('',(0.133572266368979,-0.0576544947314129,-0.0348926684363221));
#3487=CARTESIAN_POINT('',(0.137699852754932,-0.0576544947314129,-0.0344935003480744));
#3488=CARTESIAN_POINT('',(0.141669757687906,-0.0576544947314129,-0.033394298262045));
#3489=CARTESIAN_POINT('',(0.143551256546639,-0.0576544947314129,-0.0325485537791796));
#3490=CARTESIAN_POINT('',(0.131506325991299,-0.0576544947314129,-0.0349665403066479));
#3491=CARTESIAN_POINT('',(0.131506325991299,-0.0526544947314129,-0.0349665403066479));
#3492=CARTESIAN_POINT('',(0.131684512879238,-0.0522867067327541,-0.0399498104599719));
#3493=CARTESIAN_POINT('',(0.145247815564658,-0.049847980619728,-0.0363228306687688));
#3494=CARTESIAN_POINT('',(0.143199223640528,-0.0502166331967194,-0.0375178107655392));
#3495=CARTESIAN_POINT('',(0.138782199399317,-0.0510156164817397,-0.0391903382424332));
#3496=CARTESIAN_POINT('',(0.13405539046122,-0.0518658895248827,-0.0398339767204915));
#3497=CARTESIAN_POINT('',(0.131684512879238,-0.0522867067327541,-0.0399498104599719));
#3498=CARTESIAN_POINT('',(0.0851591126763599,-0.08374,-0.03));
#3499=CARTESIAN_POINT('',(0.120227113544579,-0.0525532528767523,-0.03));
#3500=CARTESIAN_POINT('',(0.121049975601323,-0.0521334536760585,-0.03));
#3501=CARTESIAN_POINT('',(0.119404251487834,-0.0529730520774462,-0.03));
#3502=CARTESIAN_POINT('',(0.118629263687172,-0.0524703322328419,-0.03));
#3503=CARTESIAN_POINT('',(0.117854275886511,-0.0519676123882376,-0.03));
#3504=CARTESIAN_POINT('',(0.117902150142594,-0.0510450933429394,-0.03));
#3505=CARTESIAN_POINT('',(0.117950024398677,-0.0501225742976413,-0.03));
#3506=CARTESIAN_POINT('',(0.118772886455421,-0.0497027750969474,-0.03));
#3507=CARTESIAN_POINT('',(0.119595748512166,-0.0492829758962535,-0.03));
#3508=CARTESIAN_POINT('',(0.120370736312828,-0.0497856957408578,-0.03));
#3509=CARTESIAN_POINT('',(0.121145724113489,-0.0502884155854621,-0.03));
#3510=CARTESIAN_POINT('',(0.121097849857406,-0.0512109346307603,-0.03));
#3511=CARTESIAN_POINT('',(0.118996905094645,-0.125146860758649,-0.03));
#3512=CARTESIAN_POINT('',(0.119873811687202,-0.125437322737684,-0.03));
#3513=CARTESIAN_POINT('',(0.118119998502089,-0.124856398779615,-0.03));
#3514=CARTESIAN_POINT('',(0.117933092658488,-0.123951744404198,-0.03));
#3515=CARTESIAN_POINT('',(0.117746186814887,-0.123047090028781,-0.03));
#3516=CARTESIAN_POINT('',(0.118436187563843,-0.122432897632398,-0.03));
#3517=CARTESIAN_POINT('',(0.119126188312798,-0.121818705236016,-0.03));
#3518=CARTESIAN_POINT('',(0.120003094905355,-0.12210916721505,-0.03));
#3519=CARTESIAN_POINT('',(0.120880001497911,-0.122399629194085,-0.03));
#3520=CARTESIAN_POINT('',(0.121066907341512,-0.123304283569502,-0.03));
#3521=CARTESIAN_POINT('',(0.121253813185113,-0.124208937944919,-0.03));
#3522=CARTESIAN_POINT('',(0.120563812436157,-0.124823130341301,-0.03));
#3523=CARTESIAN_POINT('',(-0.00564,-0.08374,-0.03));
#3524=CARTESIAN_POINT('',(-0.00564,-0.0942579157009401,-0.0299999999999908));
#3525=CARTESIAN_POINT('',(-0.00564,-0.0543983045295627,-0.03));
#3526=CARTESIAN_POINT('',(-0.00563999999999731,-0.0942579157009382,-0.03));
#3527=CARTESIAN_POINT('',(-0.0044467097317621,-0.0962999996988104,-0.03));
#3528=CARTESIAN_POINT('',(-0.00180547586788902,-0.100198258285507,-0.03));
#3529=CARTESIAN_POINT('',(0.00280882642387936,-0.105600189859178,-0.03));
#3530=CARTESIAN_POINT('',(0.00794115574087127,-0.110555567356421,-0.03));
#3531=CARTESIAN_POINT('',(0.015210682527131,-0.116501132490964,-0.03));
#3532=CARTESIAN_POINT('',(0.0230796381908599,-0.12164657684158,-0.03));
#3533=CARTESIAN_POINT('',(0.0314507598862507,-0.126124588437109,-0.03));
#3534=CARTESIAN_POINT('',(0.0399737510441622,-0.130104853275645,-0.03));
#3535=CARTESIAN_POINT('',(0.050909970038049,-0.134247631602713,-0.03));
#3536=CARTESIAN_POINT('',(0.0621774248876324,-0.137394564284962,-0.03));
#3537=CARTESIAN_POINT('',(0.071381413392058,-0.139338733714434,-0.03));
#3538=CARTESIAN_POINT('',(0.0807199302770279,-0.140897568129157,-0.03));
#3539=CARTESIAN_POINT('',(0.0923802490542655,-0.142086449199574,-0.03));
#3540=CARTESIAN_POINT('',(0.106394803598642,-0.142304012086407,-0.03));
#3541=CARTESIAN_POINT('',(0.118069435256426,-0.141410933217411,-0.03));
#3542=CARTESIAN_POINT('',(0.127441886277417,-0.139946952518707,-0.03));
#3543=CARTESIAN_POINT('',(0.136673797093208,-0.137957818116623,-0.03));
#3544=CARTESIAN_POINT('',(0.145658604341732,-0.135139321319209,-0.03));
#3545=CARTESIAN_POINT('',(0.154344829334213,-0.131249583167373,-0.03));
#3546=CARTESIAN_POINT('',(0.160500103873218,-0.127793548887599,-0.03));
#3547=CARTESIAN_POINT('',(0.166270634182982,-0.123716242643692,-0.03));
#3548=CARTESIAN_POINT('',(0.171565274300185,-0.118870225221627,-0.03));
#3549=CARTESIAN_POINT('',(0.175267307628529,-0.114297827042695,-0.03));
#3550=CARTESIAN_POINT('',(0.177762738427983,-0.110209670197593,-0.03));
#3551=CARTESIAN_POINT('',(0.179314027533783,-0.107012036884368,-0.03));
#3552=CARTESIAN_POINT('',(0.180533292743806,-0.103693375198664,-0.03));
#3553=CARTESIAN_POINT('',(0.181409908878112,-0.100220015428143,-0.03));
#3554=CARTESIAN_POINT('',(0.181904978174564,-0.0966810086924262,-0.03));
#3555=CARTESIAN_POINT('',(0.182021131703398,-0.0931494634353826,-0.03));
#3556=CARTESIAN_POINT('',(0.181772756136943,-0.0896006250623939,-0.03));
#3557=CARTESIAN_POINT('',(0.180962578700552,-0.0848823782150462,-0.03));
#3558=CARTESIAN_POINT('',(0.179158387430022,-0.07924487669463,-0.03));
#3559=CARTESIAN_POINT('',(0.175917700990707,-0.0728441943943693,-0.03));
#3560=CARTESIAN_POINT('',(0.171936546025618,-0.0670392812846273,-0.03));
#3561=CARTESIAN_POINT('',(0.167274074938323,-0.0616312966742383,-0.03));
#3562=CARTESIAN_POINT('',(0.160445850089279,-0.0550959347347523,-0.03));
#3563=CARTESIAN_POINT('',(0.151071809160591,-0.0480727285114665,-0.03));
#3564=CARTESIAN_POINT('',(0.138668323618859,-0.0410449233129343,-0.03));
#3565=CARTESIAN_POINT('',(0.125789537125021,-0.0354765400012997,-0.03));
#3566=CARTESIAN_POINT('',(0.114676878219717,-0.0318557434528621,-0.03));
#3567=CARTESIAN_POINT('',(0.105587410469252,-0.0295400471517376,-0.03));
#3568=CARTESIAN_POINT('',(0.09633575818739,-0.0276031202821928,-0.03));
#3569=CARTESIAN_POINT('',(0.0847046167571004,-0.0259351356002655,-0.03));
#3570=CARTESIAN_POINT('',(0.0707148553419908,-0.0251274763080151,-0.03));
#3571=CARTESIAN_POINT('',(0.0566816113536759,-0.025556439606041,-0.03));
#3572=CARTESIAN_POINT('',(0.0425624086535925,-0.0273904908789369,-0.03));
#3573=CARTESIAN_POINT('',(0.0288991966340151,-0.0307599671470774,-0.03));
#3574=CARTESIAN_POINT('',(0.0178361067511243,-0.0351690166213296,-0.03));
#3575=CARTESIAN_POINT('',(0.00966143503790534,-0.0397839187161992,-0.03));
#3576=CARTESIAN_POINT('',(0.00387363182426384,-0.0439037887739826,-0.03));
#3577=CARTESIAN_POINT('',(-0.00136845403103667,-0.0487397888641957,-0.03));
#3578=CARTESIAN_POINT('',(-0.00431942969341952,-0.0524150678465999,-0.03));
#3579=CARTESIAN_POINT('',(-0.00563999999999998,-0.0543983045295627,-0.03));
#3580=CARTESIAN_POINT('',(0.0228852390474554,-0.08374,-0.03));
#3581=CARTESIAN_POINT('',(0.0228852390474554,-0.0931209957326673,-0.03));
#3582=CARTESIAN_POINT('',(0.0228852390474554,-0.0973029037929671,-0.03));
#3583=CARTESIAN_POINT('',(0.0219101458192157,-0.0943315497065078,-0.03));
#3584=CARTESIAN_POINT('',(0.0217290598557567,-0.0945563634231077,-0.03));
#3585=CARTESIAN_POINT('',(0.0200176356272115,-0.0942898543051621,-0.03));
#3586=CARTESIAN_POINT('',(0.0197323982557873,-0.0942454361188378,-0.03));
#3587=CARTESIAN_POINT('',(0.0191074898079957,-0.0926300447012925,-0.03));
#3588=CARTESIAN_POINT('',(0.0190033384000305,-0.0923608127983683,-0.03));
#3589=CARTESIAN_POINT('',(0.0200898541807843,-0.0910119304987688,-0.03));
#3590=CARTESIAN_POINT('',(0.0202709401442433,-0.0907871167821688,-0.03));
#3591=CARTESIAN_POINT('',(0.0219823643727886,-0.0910536259001145,-0.03));
#3592=CARTESIAN_POINT('',(0.0222676017442128,-0.0910980440864388,-0.03));
#3593=CARTESIAN_POINT('',(0.0228925101920043,-0.092713435503984,-0.03));
#3594=CARTESIAN_POINT('',(0.0228852390474554,-0.0926946395594877,-0.03));
#3595=CARTESIAN_POINT('',(0.0228852390474554,-0.08374,-0.03));
#3596=CARTESIAN_POINT('',(0.0228852390474554,-0.0613187691271636,-0.03));
#3597=CARTESIAN_POINT('',(0.0216489141318897,-0.0624500099873204,-0.03));
#3598=CARTESIAN_POINT('',(0.0214359396450359,-0.0626448822564679,-0.03));
#3599=CARTESIAN_POINT('',(0.0197844301710253,-0.0621228511680705,-0.03));
#3600=CARTESIAN_POINT('',(0.0195091785920236,-0.062035845986671,-0.03));
#3601=CARTESIAN_POINT('',(0.0191355160391357,-0.0603445812833885,-0.03));
#3602=CARTESIAN_POINT('',(0.0190732389469877,-0.0600627038328414,-0.03));
#3603=CARTESIAN_POINT('',(0.0203510858681103,-0.0588934702179562,-0.03));
#3604=CARTESIAN_POINT('',(0.0205640603549641,-0.0586985979488087,-0.03));
#3605=CARTESIAN_POINT('',(0.0222155698289747,-0.0592206290372061,-0.03));
#3606=CARTESIAN_POINT('',(0.0224908214079764,-0.0593076342186057,-0.03));
#3607=CARTESIAN_POINT('',(0.0228644839608643,-0.0609988989218882,-0.03));
#3608=CARTESIAN_POINT('',(0.0228852390474554,-0.0610928402202436,-0.03));
#3609=CARTESIAN_POINT('',(0.0228852390474554,-0.08374,-0.03));
#3610=CARTESIAN_POINT('',(0.0228852390474554,-0.0568426832858083,-0.03));
#3611=CARTESIAN_POINT('',(0.0851591126763599,-0.0568426832858083,-0.03));
#3612=CARTESIAN_POINT('',(0.0689919714145453,-0.0568426832858083,-0.03));
#3613=CARTESIAN_POINT('',(0.0689919714145453,-0.08374,-0.03));
#3614=CARTESIAN_POINT('',(0.0689919714145453,-0.0973029037929671,-0.03));
#3615=CARTESIAN_POINT('',(0.0851591126763599,-0.0973029037929671,-0.03));
#3616=CARTESIAN_POINT('',(0.073,-0.0926717401026383,-0.03));
#3617=CARTESIAN_POINT('',(0.072730729055772,-0.0944008997709728,-0.03));
#3618=CARTESIAN_POINT('',(0.0716371392721368,-0.0915739647902686,-0.03));
#3619=CARTESIAN_POINT('',(0.0720898541807843,-0.0910119304987688,-0.03));
#3620=CARTESIAN_POINT('',(0.0722709401442432,-0.0907871167821689,-0.03));
#3621=CARTESIAN_POINT('',(0.0739823643727885,-0.0910536259001145,-0.03));
#3622=CARTESIAN_POINT('',(0.0742676017442127,-0.0910980440864388,-0.03));
#3623=CARTESIAN_POINT('',(0.0748925101920043,-0.092713435503984,-0.03));
#3624=CARTESIAN_POINT('',(0.0749966615999695,-0.0929826674069082,-0.03));
#3625=CARTESIAN_POINT('',(0.0739101458192157,-0.0943315497065078,-0.03));
#3626=CARTESIAN_POINT('',(0.0737290598557568,-0.0945563634231077,-0.03));
#3627=CARTESIAN_POINT('',(0.072730729055772,-0.0944008997709728,-0.03));
#3628=CARTESIAN_POINT('',(0.0739150326547058,-0.0623288606698137,-0.03));
#3629=CARTESIAN_POINT('',(0.0749975691088529,-0.0609767827040726,-0.03));
#3630=CARTESIAN_POINT('',(0.0737346099123479,-0.0625542069974372,-0.03));
#3631=CARTESIAN_POINT('',(0.0720224078190453,-0.0622927419104935,-0.03));
#3632=CARTESIAN_POINT('',(0.0717370408034949,-0.0622491643960028,-0.03));
#3633=CARTESIAN_POINT('',(0.0711073751643396,-0.0606356213433182,-0.03));
#3634=CARTESIAN_POINT('',(0.071002430891147,-0.060366697501204,-0.03));
#3635=CARTESIAN_POINT('',(0.0720849673452943,-0.059014619535463,-0.03));
#3636=CARTESIAN_POINT('',(0.0722653900876522,-0.0587892732078394,-0.03));
#3637=CARTESIAN_POINT('',(0.0739775921809547,-0.0590507382947831,-0.03));
#3638=CARTESIAN_POINT('',(0.0742629591965051,-0.0590943158092737,-0.03));
#3639=CARTESIAN_POINT('',(0.0748926248356604,-0.0607078588619585,-0.03));
#3640=CARTESIAN_POINT('',(0.0851591126763599,-0.0576544947314129,-0.03));
#3641=CARTESIAN_POINT('',(0.106406325991299,-0.0576544947314129,-0.03));
#3642=CARTESIAN_POINT('',(0.0934063259912993,-0.0576544947314129,-0.03));
#3643=CARTESIAN_POINT('',(0.106406325991299,-0.0581544947314129,-0.03));
#3644=CARTESIAN_POINT('',(0.106906325991299,-0.0581544947314129,-0.03));
#3645=CARTESIAN_POINT('',(0.106906325991299,-0.08374,-0.03));
#3646=CARTESIAN_POINT('',(0.106906325991299,-0.0711544947314129,-0.03));
#3647=CARTESIAN_POINT('',(0.106406325991299,-0.0711544947314129,-0.03));
#3648=CARTESIAN_POINT('',(0.106406325991299,-0.0716544947314129,-0.03));
#3649=CARTESIAN_POINT('',(0.0851591126763599,-0.0716544947314129,-0.03));
#3650=CARTESIAN_POINT('',(0.0934063259912993,-0.0716544947314129,-0.03));
#3651=CARTESIAN_POINT('',(0.0934063259912993,-0.0711544947314129,-0.03));
#3652=CARTESIAN_POINT('',(0.0929063259912993,-0.0711544947314129,-0.03));
#3653=CARTESIAN_POINT('',(0.0929063259912993,-0.08374,-0.03));
#3654=CARTESIAN_POINT('',(0.0929063259912993,-0.0581544947314129,-0.03));
#3655=CARTESIAN_POINT('',(0.0934063259912993,-0.0581544947314129,-0.03));
#3656=CARTESIAN_POINT('',(0.0851591126763599,-0.0576544947314129,-0.03));
#3657=CARTESIAN_POINT('',(0.144506325991299,-0.0576544947314129,-0.03));
#3658=CARTESIAN_POINT('',(0.131506325991299,-0.0576544947314129,-0.03));
#3659=CARTESIAN_POINT('',(0.144506325991299,-0.0581544947314129,-0.03));
#3660=CARTESIAN_POINT('',(0.145006325991299,-0.0581544947314129,-0.03));
#3661=CARTESIAN_POINT('',(0.145006325991299,-0.08374,-0.03));
#3662=CARTESIAN_POINT('',(0.145006325991299,-0.0711544947314129,-0.03));
#3663=CARTESIAN_POINT('',(0.144506325991299,-0.0711544947314129,-0.03));
#3664=CARTESIAN_POINT('',(0.144506325991299,-0.0716544947314129,-0.03));
#3665=CARTESIAN_POINT('',(0.0851591126763599,-0.0716544947314129,-0.03));
#3666=CARTESIAN_POINT('',(0.131506325991299,-0.0716544947314129,-0.03));
#3667=CARTESIAN_POINT('',(0.131506325991299,-0.0711544947314129,-0.03));
#3668=CARTESIAN_POINT('',(0.131006325991299,-0.0711544947314129,-0.03));
#3669=CARTESIAN_POINT('',(0.131006325991299,-0.08374,-0.03));
#3670=CARTESIAN_POINT('',(0.131006325991299,-0.0581544947314129,-0.03));
#3671=CARTESIAN_POINT('',(0.131506325991299,-0.0581544947314129,-0.03));
#3672=CARTESIAN_POINT('',(0.0851591126763599,-0.0576544947314129,-0.03));
#3673=CARTESIAN_POINT('',(0.125456325991299,-0.0576544947314129,-0.03));
#3674=CARTESIAN_POINT('',(0.112456325991299,-0.0576544947314129,-0.03));
#3675=CARTESIAN_POINT('',(0.125456325991299,-0.0581544947314129,-0.03));
#3676=CARTESIAN_POINT('',(0.125956325991299,-0.0581544947314129,-0.03));
#3677=CARTESIAN_POINT('',(0.125956325991299,-0.08374,-0.03));
#3678=CARTESIAN_POINT('',(0.125956325991299,-0.0711544947314129,-0.03));
#3679=CARTESIAN_POINT('',(0.125456325991299,-0.0711544947314129,-0.03));
#3680=CARTESIAN_POINT('',(0.125456325991299,-0.0716544947314129,-0.03));
#3681=CARTESIAN_POINT('',(0.0851591126763599,-0.0716544947314129,-0.03));
#3682=CARTESIAN_POINT('',(0.112456325991299,-0.0716544947314129,-0.03));
#3683=CARTESIAN_POINT('',(0.112456325991299,-0.0711544947314129,-0.03));
#3684=CARTESIAN_POINT('',(0.111956325991299,-0.0711544947314129,-0.03));
#3685=CARTESIAN_POINT('',(0.111956325991299,-0.08374,-0.03));
#3686=CARTESIAN_POINT('',(0.111956325991299,-0.0581544947314129,-0.03));
#3687=CARTESIAN_POINT('',(0.112456325991299,-0.0581544947314129,-0.03));
#3688=CARTESIAN_POINT('',(0.0851591126763599,-0.08374,-0.04));
#3689=CARTESIAN_POINT('',(0.0178852390474554,-0.100339333225419,-0.04));
#3690=CARTESIAN_POINT('',(0.0151453918001253,-0.0979469363184776,-0.04));
#3691=CARTESIAN_POINT('',(0.0113190290226306,-0.0940923399132622,-0.04));
#3692=CARTESIAN_POINT('',(0.00698966528161054,-0.0880630514343261,-0.04));
#3693=CARTESIAN_POINT('',(0.00482300632392216,-0.0839737013774464,-0.04));
#3694=CARTESIAN_POINT('',(0.00352948130504712,-0.0804729708935064,-0.04));
#3695=CARTESIAN_POINT('',(0.0028448027087626,-0.0777900287846921,-0.04));
#3696=CARTESIAN_POINT('',(0.00247822365050187,-0.0750674209933365,-0.04));
#3697=CARTESIAN_POINT('',(0.00247990802844855,-0.0713147095064512,-0.04));
#3698=CARTESIAN_POINT('',(0.00327975607087119,-0.0677271944222125,-0.04));
#3699=CARTESIAN_POINT('',(0.00482553819078537,-0.0643135389824732,-0.04));
#3700=CARTESIAN_POINT('',(0.00626684750991354,-0.0619499642655796,-0.04));
#3701=CARTESIAN_POINT('',(0.0079424881284461,-0.0597522633567466,-0.04));
#3702=CARTESIAN_POINT('',(0.0104679472696831,-0.0570051845201335,-0.04));
#3703=CARTESIAN_POINT('',(0.0139619873949851,-0.0540122376298939,-0.04));
#3704=CARTESIAN_POINT('',(0.0185569741708084,-0.0509493971729506,-0.04));
#3705=CARTESIAN_POINT('',(0.0251116463262628,-0.0474667756580325,-0.04));
#3706=CARTESIAN_POINT('',(0.0319357734630022,-0.0448535367151097,-0.04));
#3707=CARTESIAN_POINT('',(0.0389893647370812,-0.0428640381096555,-0.04));
#3708=CARTESIAN_POINT('',(0.0462009593574883,-0.041260463484836,-0.04));
#3709=CARTESIAN_POINT('',(0.0552657125625724,-0.0399572343085555,-0.04));
#3710=CARTESIAN_POINT('',(0.066169520200652,-0.0393408802920429,-0.04));
#3711=CARTESIAN_POINT('',(0.0770951918661688,-0.039576172720809,-0.04));
#3712=CARTESIAN_POINT('',(0.0880928883216534,-0.0406324060089558,-0.04));
#3713=CARTESIAN_POINT('',(0.0989139795753991,-0.042470505857678,-0.04));
#3714=CARTESIAN_POINT('',(0.109521766232954,-0.0450692917444791,-0.04));
#3715=CARTESIAN_POINT('',(0.119911873671264,-0.0484516633119431,-0.04));
#3716=CARTESIAN_POINT('',(0.126701914748243,-0.0512843805093641,-0.04));
#3717=CARTESIAN_POINT('',(0.130032293326841,-0.0528556998019871,-0.04));
#3718=CARTESIAN_POINT('',(0.0178852390474554,-0.100339333225419,-0.04));
#3719=CARTESIAN_POINT('',(0.130032293326841,-0.052855699801987,-0.04));
#3720=CARTESIAN_POINT('',(0.131506325991299,-0.0581544947314129,-0.04));
#3721=CARTESIAN_POINT('',(0.128481325991299,-0.0535610891320781,-0.04));
#3722=CARTESIAN_POINT('',(0.125456325991299,-0.0581544947314129,-0.04));
#3723=CARTESIAN_POINT('',(0.125456325991299,-0.0526544947314129,-0.04));
#3724=CARTESIAN_POINT('',(0.0851591126763599,-0.0526544947314129,-0.04));
#3725=CARTESIAN_POINT('',(0.112456325991299,-0.0526544947314129,-0.04));
#3726=CARTESIAN_POINT('',(0.112456325991299,-0.0581544947314129,-0.04));
#3727=CARTESIAN_POINT('',(0.109431325991299,-0.0535610891320781,-0.04));
#3728=CARTESIAN_POINT('',(0.106406325991299,-0.0581544947314129,-0.04));
#3729=CARTESIAN_POINT('',(0.106406325991299,-0.0526544947314129,-0.04));
#3730=CARTESIAN_POINT('',(0.0851591126763599,-0.0526544947314129,-0.04));
#3731=CARTESIAN_POINT('',(0.0934063259912993,-0.0526544947314129,-0.04));
#3732=CARTESIAN_POINT('',(0.0934063259912993,-0.0581544947314129,-0.04));
#3733=CARTESIAN_POINT('',(0.0879063259912993,-0.0581544947314129,-0.04));
#3734=CARTESIAN_POINT('',(0.0879063259912993,-0.08374,-0.04));
#3735=CARTESIAN_POINT('',(0.0879063259912993,-0.0711544947314126,-0.04));
#3736=CARTESIAN_POINT('',(0.0934063259912993,-0.0711544947314129,-0.04));
#3737=CARTESIAN_POINT('',(0.0934063259912993,-0.0766544947314129,-0.04));
#3738=CARTESIAN_POINT('',(0.0851591126763599,-0.0766544947314129,-0.04));
#3739=CARTESIAN_POINT('',(0.106406325991299,-0.0766544947314129,-0.04));
#3740=CARTESIAN_POINT('',(0.106406325991299,-0.0711544947314129,-0.04));
#3741=CARTESIAN_POINT('',(0.109431325991299,-0.0757479003307476,-0.04));
#3742=CARTESIAN_POINT('',(0.112456325991299,-0.0711544947314129,-0.04));
#3743=CARTESIAN_POINT('',(0.112456325991299,-0.0766544947314129,-0.04));
#3744=CARTESIAN_POINT('',(0.0851591126763599,-0.0766544947314129,-0.04));
#3745=CARTESIAN_POINT('',(0.125456325991299,-0.0766544947314129,-0.04));
#3746=CARTESIAN_POINT('',(0.125456325991299,-0.0711544947314129,-0.04));
#3747=CARTESIAN_POINT('',(0.128481325991299,-0.0757479003307476,-0.04));
#3748=CARTESIAN_POINT('',(0.131506325991299,-0.0711544947314129,-0.04));
#3749=CARTESIAN_POINT('',(0.131506325991299,-0.0766544947314129,-0.04));
#3750=CARTESIAN_POINT('',(0.0851591126763599,-0.0766544947314129,-0.04));
#3751=CARTESIAN_POINT('',(0.144506325991299,-0.0766544947314129,-0.04));
#3752=CARTESIAN_POINT('',(0.144506325991299,-0.0711544947314129,-0.04));
#3753=CARTESIAN_POINT('',(0.150006325991299,-0.0711544947314129,-0.04));
#3754=CARTESIAN_POINT('',(0.150006325991299,-0.08374,-0.04));
#3755=CARTESIAN_POINT('',(0.150006325991299,-0.0651101035001836,-0.04));
#3756=CARTESIAN_POINT('',(0.150006325991299,-0.0651101035001837,-0.04));
#3757=CARTESIAN_POINT('',(0.153318857048468,-0.0677686060913333,-0.04));
#3758=CARTESIAN_POINT('',(0.157929007595874,-0.0720895406304602,-0.04));
#3759=CARTESIAN_POINT('',(0.163072769925472,-0.0789419838035114,-0.04));
#3760=CARTESIAN_POINT('',(0.165589882731358,-0.0836335188643382,-0.04));
#3761=CARTESIAN_POINT('',(0.167009444787155,-0.0876913608298957,-0.04));
#3762=CARTESIAN_POINT('',(0.167683262858162,-0.0907902132618797,-0.04));
#3763=CARTESIAN_POINT('',(0.167909745022355,-0.0940208736430108,-0.04));
#3764=CARTESIAN_POINT('',(0.167614962172187,-0.0971918879169083,-0.04));
#3765=CARTESIAN_POINT('',(0.166782011207806,-0.100314006097422,-0.04));
#3766=CARTESIAN_POINT('',(0.165039340097282,-0.10421122265886,-0.04));
#3767=CARTESIAN_POINT('',(0.161870781081137,-0.108571092342943,-0.04));
#3768=CARTESIAN_POINT('',(0.157181125777973,-0.112884512732754,-0.04));
#3769=CARTESIAN_POINT('',(0.151881963632179,-0.116491778208978,-0.04));
#3770=CARTESIAN_POINT('',(0.146291529790139,-0.119429682256774,-0.04));
#3771=CARTESIAN_POINT('',(0.140393284737005,-0.121867332727778,-0.04));
#3772=CARTESIAN_POINT('',(0.134336690875728,-0.123827341914752,-0.04));
#3773=CARTESIAN_POINT('',(0.126175448060853,-0.12586973140364,-0.04));
#3774=CARTESIAN_POINT('',(0.11580309038234,-0.127501499727323,-0.04));
#3775=CARTESIAN_POINT('',(0.103068690290505,-0.128202694978437,-0.04));
#3776=CARTESIAN_POINT('',(0.090484328187844,-0.127756808060258,-0.04));
#3777=CARTESIAN_POINT('',(0.0780252022418474,-0.126268634730857,-0.04));
#3778=CARTESIAN_POINT('',(0.0657042733046604,-0.123762323098093,-0.04));
#3779=CARTESIAN_POINT('',(0.0534774747016651,-0.120173137268113,-0.04));
#3780=CARTESIAN_POINT('',(0.0417521666824378,-0.115535066667363,-0.04));
#3781=CARTESIAN_POINT('',(0.0305723886957311,-0.10976039764988,-0.04));
#3782=CARTESIAN_POINT('',(0.0235115212279895,-0.10494497460719,-0.04));
#3783=CARTESIAN_POINT('',(0.0202285406351521,-0.102302903792951,-0.04));
#3784=CARTESIAN_POINT('',(0.0202285406351521,-0.102302903792951,-0.04));
#3785=CARTESIAN_POINT('',(0.0689919714145453,-0.102302903792967,-0.04));
#3786=CARTESIAN_POINT('',(0.0739919714145453,-0.102302903792967,-0.04));
#3787=CARTESIAN_POINT('',(0.0739919714145453,-0.0568426832858083,-0.04));
#3788=CARTESIAN_POINT('',(0.0739919714145453,-0.0518426832858083,-0.04));
#3789=CARTESIAN_POINT('',(0.0851591126763599,-0.0518426832858083,-0.04));
#3790=CARTESIAN_POINT('',(0.0178852390474554,-0.0518426832858083,-0.04));
#3791=CARTESIAN_POINT('',(0.0178852390474554,-0.08374,-0.04));
#3792=CARTESIAN_POINT('',(0.118956325991299,-0.0576544947314129,-0.04));
#3793=CARTESIAN_POINT('',(0.112456325991299,-0.0576544947314129,-0.04));
#3794=CARTESIAN_POINT('',(0.112456325991299,-0.0576544947314129,-0.035));
#3795=CARTESIAN_POINT('',(0.118956325991299,-0.0576544947314129,-0.035));
#3796=CARTESIAN_POINT('',(0.125456325991299,-0.0576544947314129,-0.035));
#3797=CARTESIAN_POINT('',(0.125456325991299,-0.0576544947314129,-0.04));
#3798=CARTESIAN_POINT('',(0.125456325991299,-0.0581544947314129,-0.04));
#3799=CARTESIAN_POINT('',(0.125456325991299,-0.0581544947314129,-0.035));
#3800=CARTESIAN_POINT('',(0.125956325991299,-0.0581544947314129,-0.035));
#3801=CARTESIAN_POINT('',(0.125956325991299,-0.0581544947314129,-0.04));
#3802=CARTESIAN_POINT('',(0.125956325991299,-0.0646544947314129,-0.04));
#3803=CARTESIAN_POINT('',(0.125956325991299,-0.0646544947314129,-0.035));
#3804=CARTESIAN_POINT('',(0.125956325991299,-0.0711544947314129,-0.035));
#3805=CARTESIAN_POINT('',(0.125956325991299,-0.0711544947314129,-0.04));
#3806=CARTESIAN_POINT('',(0.125456325991299,-0.0711544947314129,-0.04));
#3807=CARTESIAN_POINT('',(0.125456325991299,-0.0711544947314129,-0.035));
#3808=CARTESIAN_POINT('',(0.125456325991299,-0.0716544947314129,-0.035));
#3809=CARTESIAN_POINT('',(0.125456325991299,-0.0716544947314129,-0.04));
#3810=CARTESIAN_POINT('',(0.118956325991299,-0.0716544947314129,-0.04));
#3811=CARTESIAN_POINT('',(0.118956325991299,-0.0716544947314129,-0.035));
#3812=CARTESIAN_POINT('',(0.112456325991299,-0.0716544947314129,-0.035));
#3813=CARTESIAN_POINT('',(0.112456325991299,-0.0716544947314129,-0.04));
#3814=CARTESIAN_POINT('',(0.112456325991299,-0.0711544947314129,-0.04));
#3815=CARTESIAN_POINT('',(0.112456325991299,-0.0711544947314129,-0.035));
#3816=CARTESIAN_POINT('',(0.111956325991299,-0.0711544947314129,-0.035));
#3817=CARTESIAN_POINT('',(0.111956325991299,-0.0711544947314129,-0.04));
#3818=CARTESIAN_POINT('',(0.111956325991299,-0.0646544947314129,-0.04));
#3819=CARTESIAN_POINT('',(0.111956325991299,-0.0646544947314129,-0.035));
#3820=CARTESIAN_POINT('',(0.111956325991299,-0.0581544947314129,-0.035));
#3821=CARTESIAN_POINT('',(0.111956325991299,-0.0581544947314129,-0.04));
#3822=CARTESIAN_POINT('',(0.112456325991299,-0.0581544947314129,-0.04));
#3823=CARTESIAN_POINT('',(0.112456325991299,-0.0581544947314129,-0.035));
#3824=CARTESIAN_POINT('',(0.138006325991299,-0.0576544947314129,-0.04));
#3825=CARTESIAN_POINT('',(0.131506325991299,-0.0576544947314129,-0.04));
#3826=CARTESIAN_POINT('',(0.143551256546639,-0.0576544947314129,-0.0325485537791796));
#3827=CARTESIAN_POINT('',(0.143872718663206,-0.0576544947314129,-0.0324040547218056));
#3828=CARTESIAN_POINT('',(0.144191231962692,-0.0576544947314129,-0.0322503702791323));
#3829=CARTESIAN_POINT('',(0.144506325991299,-0.0576544947314129,-0.0320860350162857));
#3830=CARTESIAN_POINT('',(0.144506325991299,-0.0576544947314129,-0.0320860350162857));
#3831=CARTESIAN_POINT('',(0.144506325991299,-0.0576544947314129,-0.04));
#3832=CARTESIAN_POINT('',(0.144506325991299,-0.0581544947314129,-0.04));
#3833=CARTESIAN_POINT('',(0.144506325991299,-0.0576544947314129,-0.0320860350162857));
#3834=CARTESIAN_POINT('',(0.144530087709693,-0.0576544947314129,-0.0319497145318662));
#3835=CARTESIAN_POINT('',(0.144567761873871,-0.0576571156026593,-0.0317450374157891));
#3836=CARTESIAN_POINT('',(0.144624878258319,-0.0576676893072924,-0.031475941128346));
#3837=CARTESIAN_POINT('',(0.144671793628274,-0.0576823799382428,-0.0313062874299693));
#3838=CARTESIAN_POINT('',(0.144711854003787,-0.0576973168847418,-0.0311824964172655));
#3839=CARTESIAN_POINT('',(0.14478749331905,-0.0577377761673066,-0.0310802970499828));
#3840=CARTESIAN_POINT('',(0.144845394854627,-0.057785847414695,-0.0311942838097302));
#3841=CARTESIAN_POINT('',(0.14487592024894,-0.0578169884085777,-0.031315780985779));
#3842=CARTESIAN_POINT('',(0.144906699556863,-0.0578534740486001,-0.0314878498536608));
#3843=CARTESIAN_POINT('',(0.144939132817403,-0.0579016928274394,-0.0317569109704666));
#3844=CARTESIAN_POINT('',(0.144967671468078,-0.0579574041902407,-0.0320986565037822));
#3845=CARTESIAN_POINT('',(0.144997252702703,-0.0580431707148825,-0.0326456429289302));
#3846=CARTESIAN_POINT('',(0.145006325991299,-0.0581082579931251,-0.0330563924933617));
#3847=CARTESIAN_POINT('',(0.145006325991299,-0.0581544947314129,-0.0333298974544618));
#3848=CARTESIAN_POINT('',(0.145006325991299,-0.0581544947314129,-0.0333298974544618));
#3849=CARTESIAN_POINT('',(0.145006325991299,-0.0581544947314129,-0.04));
#3850=CARTESIAN_POINT('',(0.145006325991299,-0.0646544947314129,-0.04));
#3851=CARTESIAN_POINT('',(0.145006325991299,-0.0581544947314129,-0.0333298974544618));
#3852=CARTESIAN_POINT('',(0.145006325991299,-0.0592235945370071,-0.033904812380575));
#3853=CARTESIAN_POINT('',(0.1450063259913,-0.0615205702516819,-0.0347396756769597));
#3854=CARTESIAN_POINT('',(0.145006325991299,-0.0638983463820459,-0.035));
#3855=CARTESIAN_POINT('',(0.145006325991299,-0.0651101035001836,-0.035));
#3856=CARTESIAN_POINT('',(0.145006325991299,-0.0651101035001836,-0.035));
#3857=CARTESIAN_POINT('',(0.145006325991299,-0.0646544947314129,-0.035));
#3858=CARTESIAN_POINT('',(0.145006325991299,-0.0711544947314129,-0.035));
#3859=CARTESIAN_POINT('',(0.145006325991299,-0.0711544947314129,-0.04));
#3860=CARTESIAN_POINT('',(0.144506325991299,-0.0711544947314129,-0.04));
#3861=CARTESIAN_POINT('',(0.144506325991299,-0.0711544947314129,-0.035));
#3862=CARTESIAN_POINT('',(0.144506325991299,-0.0716544947314129,-0.035));
#3863=CARTESIAN_POINT('',(0.144506325991299,-0.0716544947314129,-0.04));
#3864=CARTESIAN_POINT('',(0.138006325991299,-0.0716544947314129,-0.04));
#3865=CARTESIAN_POINT('',(0.138006325991299,-0.0716544947314129,-0.035));
#3866=CARTESIAN_POINT('',(0.131506325991299,-0.0716544947314129,-0.035));
#3867=CARTESIAN_POINT('',(0.131506325991299,-0.0716544947314129,-0.04));
#3868=CARTESIAN_POINT('',(0.131506325991299,-0.0711544947314129,-0.04));
#3869=CARTESIAN_POINT('',(0.131506325991299,-0.0711544947314129,-0.035));
#3870=CARTESIAN_POINT('',(0.131006325991299,-0.0711544947314129,-0.035));
#3871=CARTESIAN_POINT('',(0.131006325991299,-0.0711544947314129,-0.04));
#3872=CARTESIAN_POINT('',(0.131006325991299,-0.0646544947314129,-0.04));
#3873=CARTESIAN_POINT('',(0.131006325991299,-0.0646544947314129,-0.035));
#3874=CARTESIAN_POINT('',(0.131006325991299,-0.0581544947314129,-0.035));
#3875=CARTESIAN_POINT('',(0.131006325991299,-0.0581544947314129,-0.04));
#3876=CARTESIAN_POINT('',(0.131506325991299,-0.0581544947314129,-0.04));
#3877=CARTESIAN_POINT('',(0.131506325991299,-0.0581544947314129,-0.035));
#3878=CARTESIAN_POINT('',(0.131372323021803,-0.0576727861014651,-0.035));
#3879=CARTESIAN_POINT('',(0.131372323021803,-0.0576727861014651,-0.035));
#3880=CARTESIAN_POINT('',(0.131418169428349,-0.057660032427904,-0.035));
#3881=CARTESIAN_POINT('',(0.131462497355146,-0.0576544947314129,-0.0349837793020112));
#3882=CARTESIAN_POINT('',(0.131506325991299,-0.0576544947314129,-0.0349665403066479));
#3883=CARTESIAN_POINT('',(0.0999063259912993,-0.0576544947314129,-0.04));
#3884=CARTESIAN_POINT('',(0.0934063259912993,-0.0576544947314129,-0.04));
#3885=CARTESIAN_POINT('',(0.0934063259912993,-0.0576544947314129,-0.035));
#3886=CARTESIAN_POINT('',(0.0999063259912993,-0.0576544947314129,-0.035));
#3887=CARTESIAN_POINT('',(0.106406325991299,-0.0576544947314129,-0.035));
#3888=CARTESIAN_POINT('',(0.106406325991299,-0.0576544947314129,-0.04));
#3889=CARTESIAN_POINT('',(0.106406325991299,-0.0581544947314129,-0.04));
#3890=CARTESIAN_POINT('',(0.106406325991299,-0.0581544947314129,-0.035));
#3891=CARTESIAN_POINT('',(0.106906325991299,-0.0581544947314129,-0.035));
#3892=CARTESIAN_POINT('',(0.106906325991299,-0.0581544947314129,-0.04));
#3893=CARTESIAN_POINT('',(0.106906325991299,-0.0646544947314129,-0.04));
#3894=CARTESIAN_POINT('',(0.106906325991299,-0.0646544947314129,-0.035));
#3895=CARTESIAN_POINT('',(0.106906325991299,-0.0711544947314129,-0.035));
#3896=CARTESIAN_POINT('',(0.106906325991299,-0.0711544947314129,-0.04));
#3897=CARTESIAN_POINT('',(0.106406325991299,-0.0711544947314129,-0.04));
#3898=CARTESIAN_POINT('',(0.106406325991299,-0.0711544947314129,-0.035));
#3899=CARTESIAN_POINT('',(0.106406325991299,-0.0716544947314129,-0.035));
#3900=CARTESIAN_POINT('',(0.106406325991299,-0.0716544947314129,-0.04));
#3901=CARTESIAN_POINT('',(0.0999063259912993,-0.0716544947314129,-0.04));
#3902=CARTESIAN_POINT('',(0.0999063259912993,-0.0716544947314129,-0.035));
#3903=CARTESIAN_POINT('',(0.0934063259912993,-0.0716544947314129,-0.035));
#3904=CARTESIAN_POINT('',(0.0934063259912993,-0.0716544947314129,-0.04));
#3905=CARTESIAN_POINT('',(0.0934063259912993,-0.0711544947314129,-0.04));
#3906=CARTESIAN_POINT('',(0.0934063259912993,-0.0711544947314129,-0.035));
#3907=CARTESIAN_POINT('',(0.0929063259912993,-0.0711544947314129,-0.035));
#3908=CARTESIAN_POINT('',(0.0929063259912993,-0.0711544947314129,-0.04));
#3909=CARTESIAN_POINT('',(0.0929063259912993,-0.0646544947314129,-0.04));
#3910=CARTESIAN_POINT('',(0.0929063259912993,-0.0646544947314129,-0.035));
#3911=CARTESIAN_POINT('',(0.0929063259912993,-0.0581544947314129,-0.035));
#3912=CARTESIAN_POINT('',(0.0929063259912993,-0.0581544947314129,-0.04));
#3913=CARTESIAN_POINT('',(0.0934063259912993,-0.0581544947314129,-0.04));
#3914=CARTESIAN_POINT('',(0.0934063259912993,-0.0581544947314129,-0.035));
#3915=CARTESIAN_POINT('',(0.134094253346694,-0.0391541704423397,-0.0299999999999908));
#3916=CARTESIAN_POINT('',(0.132636662285108,-0.0423752616079473,-0.04));
#3917=CARTESIAN_POINT('',(0.128263889100341,-0.0520385351047876,-0.04));
#3918=CARTESIAN_POINT('',(0.136246194283193,-0.0401279156110534,-0.0299999999999908));
#3919=CARTESIAN_POINT('',(0.134733496453863,-0.0433240712691655,-0.04));
#3920=CARTESIAN_POINT('',(0.130195402965868,-0.0529125382435195,-0.04));
#3921=CARTESIAN_POINT('',(0.14051535166904,-0.0421928048662701,-0.0299999999999909));
#3922=CARTESIAN_POINT('',(0.138889706334556,-0.0453344648925549,-0.04));
#3923=CARTESIAN_POINT('',(0.134012770331095,-0.0547594449714266,-0.04));
#3924=CARTESIAN_POINT('',(0.146773986501827,-0.0456601094686596,-0.0299999999999908));
#3925=CARTESIAN_POINT('',(0.14496904944085,-0.0487027325320033,-0.04));
#3926=CARTESIAN_POINT('',(0.139554238257908,-0.0578306017220511,-0.04));
#3927=CARTESIAN_POINT('',(0.152887924979388,-0.0495499635782062,-0.0299999999999909));
#3928=CARTESIAN_POINT('',(0.150890469198857,-0.0524705460846023,-0.04));
#3929=CARTESIAN_POINT('',(0.144898101857252,-0.0612322936038067,-0.04));
#3930=CARTESIAN_POINT('',(0.15887003075313,-0.0539624640558375,-0.0299999999999908));
#3931=CARTESIAN_POINT('',(0.156661596020893,-0.0567281745284592,-0.04));
#3932=CARTESIAN_POINT('',(0.15003629182417,-0.0650253059463395,-0.04));
#3933=CARTESIAN_POINT('',(0.16457431755282,-0.058919391731381,-0.0299999999999908));
#3934=CARTESIAN_POINT('',(0.162135704806595,-0.0614862606880166,-0.04));
#3935=CARTESIAN_POINT('',(0.15481986656791,-0.0691868675579374,-0.04));
#3936=CARTESIAN_POINT('',(0.169942436565945,-0.064536421146781,-0.0299999999999908));
#3937=CARTESIAN_POINT('',(0.167250621948771,-0.0668407626181094,-0.04));
#3938=CARTESIAN_POINT('',(0.159175178097236,-0.0737537870321074,-0.04));
#3939=CARTESIAN_POINT('',(0.174932834523101,-0.0711478451951675,-0.0299999999999908));
#3940=CARTESIAN_POINT('',(0.171957748615537,-0.0730813589512701,-0.04));
#3941=CARTESIAN_POINT('',(0.163032490892829,-0.0788819002195883,-0.04));
#3942=CARTESIAN_POINT('',(0.178451688737141,-0.0776079797807956,-0.0299999999999908));
#3943=CARTESIAN_POINT('',(0.175227402424588,-0.0790954036119362,-0.04));
#3944=CARTESIAN_POINT('',(0.16555454348691,-0.0835576751053661,-0.04));
#3945=CARTESIAN_POINT('',(0.180602779169348,-0.0836648976552354,-0.0299999999999909));
#3946=CARTESIAN_POINT('',(0.177198153839504,-0.0846498040250238,-0.04));
#3947=CARTESIAN_POINT('',(0.166984277849954,-0.0876045231343945,-0.04));
#3948=CARTESIAN_POINT('',(0.181698899433088,-0.0885678803037227,-0.0299999999999908));
#3949=CARTESIAN_POINT('',(0.17819135413545,-0.0890997216677305,-0.04));
#3950=CARTESIAN_POINT('',(0.167668718242516,-0.0906952457597566,-0.04));
#3951=CARTESIAN_POINT('',(0.182114627448336,-0.0939784556708027,-0.0299999999999908));
#3952=CARTESIAN_POINT('',(0.178563512873907,-0.0939631365086057,-0.04));
#3953=CARTESIAN_POINT('',(0.167910169150599,-0.0939171790220144,-0.04));
#3954=CARTESIAN_POINT('',(0.181636395921402,-0.0995016754605804,-0.0299999999999908));
#3955=CARTESIAN_POINT('',(0.178135615555779,-0.0988977067580845,-0.04));
#3956=CARTESIAN_POINT('',(0.167633274458892,-0.0970858006505936,-0.04));
#3957=CARTESIAN_POINT('',(0.180219033582395,-0.104916168474021,-0.0299999999999908));
#3958=CARTESIAN_POINT('',(0.176869304774119,-0.103738449348087,-0.04));
#3959=CARTESIAN_POINT('',(0.166820118349272,-0.100205291970278,-0.04));
#3960=CARTESIAN_POINT('',(0.178064782144275,-0.109779965460952,-0.0299999999999908));
#3961=CARTESIAN_POINT('',(0.174931709886736,-0.108117116777662,-0.04));
#3962=CARTESIAN_POINT('',(0.165532493114099,-0.103128570727784,-0.04));
#3963=CARTESIAN_POINT('',(0.175397475306319,-0.114070479402141,-0.0299999999999908));
#3964=CARTESIAN_POINT('',(0.172508176147979,-0.112018416296644,-0.04));
#3965=CARTESIAN_POINT('',(0.163840278672943,-0.105862226980144,-0.04));
#3966=CARTESIAN_POINT('',(0.172435014875599,-0.117768114532281,-0.0299999999999908));
#3967=CARTESIAN_POINT('',(0.169787899957677,-0.11541566776206,-0.04));
#3968=CARTESIAN_POINT('',(0.161846555203896,-0.108358327451386,-0.04));
#3969=CARTESIAN_POINT('',(0.169307436128452,-0.120962854458601,-0.0299999999999908));
#3970=CARTESIAN_POINT('',(0.166888672654399,-0.118378332208126,-0.04));
#3971=CARTESIAN_POINT('',(0.159632382232226,-0.110624765456688,-0.04));
#3972=CARTESIAN_POINT('',(0.16603889195402,-0.123778064701893,-0.0299999999999908));
#3973=CARTESIAN_POINT('',(0.163833924466648,-0.121010194641702,-0.04));
#3974=CARTESIAN_POINT('',(0.157219022004521,-0.112706584461115,-0.04));
#3975=CARTESIAN_POINT('',(0.162670256307148,-0.126267888539625,-0.0299999999999908));
#3976=CARTESIAN_POINT('',(0.1606635090799,-0.123354042165689,-0.04));
#3977=CARTESIAN_POINT('',(0.154643267398145,-0.114612503043865,-0.04));
#3978=CARTESIAN_POINT('',(0.158155500231452,-0.129171292502021,-0.0299999999999909));
#3979=CARTESIAN_POINT('',(0.156389491615742,-0.126103151521198,-0.04));
#3980=CARTESIAN_POINT('',(0.151091465768603,-0.116898728578715,-0.04));
#3981=CARTESIAN_POINT('',(0.152440575550208,-0.132188534579999,-0.0299999999999908));
#3982=CARTESIAN_POINT('',(0.150940172009135,-0.12898168740561,-0.04));
#3983=CARTESIAN_POINT('',(0.146438961385908,-0.119361145882424,-0.04));
#3984=CARTESIAN_POINT('',(0.145450863175099,-0.135090555557994,-0.0299999999999909));
#3985=CARTESIAN_POINT('',(0.144228799250371,-0.131769085842527,-0.04));
#3986=CARTESIAN_POINT('',(0.140562607476182,-0.121804676696111,-0.04));
#3987=CARTESIAN_POINT('',(0.138425317953892,-0.137378199142717,-0.0299999999999908));
#3988=CARTESIAN_POINT('',(0.137448361361478,-0.133977516637233,-0.04));
#3989=CARTESIAN_POINT('',(0.134517491584228,-0.12377546912076,-0.04));
#3990=CARTESIAN_POINT('',(0.12912082488919,-0.139723352993473,-0.0299999999999908));
#3991=CARTESIAN_POINT('',(0.128434362504206,-0.136249979667992,-0.04));
#3992=CARTESIAN_POINT('',(0.126374975349253,-0.125829859691531,-0.04));
#3993=CARTESIAN_POINT('',(0.117511735367183,-0.141564863728142,-0.0299999999999908));
#3994=CARTESIAN_POINT('',(0.117140154711067,-0.138043004624401,-0.04));
#3995=CARTESIAN_POINT('',(0.116025412742719,-0.127477427313159,-0.04));
#3996=CARTESIAN_POINT('',(0.103459935579636,-0.142360203557615,-0.0299999999999908));
#3997=CARTESIAN_POINT('',(0.103424110379219,-0.138820088237916,-0.04));
#3998=CARTESIAN_POINT('',(0.10331663477797,-0.128199742278797,-0.04));
#3999=CARTESIAN_POINT('',(0.0896791118014556,-0.141894554319766,-0.0299999999999908));
#4000=CARTESIAN_POINT('',(0.0899471890827809,-0.138365107032037,-0.04));
#4001=CARTESIAN_POINT('',(0.0907514209267582,-0.127776765168832,-0.04));
#4002=CARTESIAN_POINT('',(0.0760851959178162,-0.140295508189864,-0.0299999999999908));
#4003=CARTESIAN_POINT('',(0.0766420264029735,-0.136800130428407,-0.04));
#4004=CARTESIAN_POINT('',(0.0783125178584486,-0.126313997144014,-0.04));
#4005=CARTESIAN_POINT('',(0.0626423394751548,-0.137589318381468,-0.0299999999999908));
#4006=CARTESIAN_POINT('',(0.0634847535003661,-0.134151314861848,-0.04));
#4007=CARTESIAN_POINT('',(0.0660119955760048,-0.123837304302968,-0.04));
#4008=CARTESIAN_POINT('',(0.0492472682452399,-0.133691880868212,-0.0299999999999908));
#4009=CARTESIAN_POINT('',(0.0503856426428399,-0.130339583797496,-0.04));
#4010=CARTESIAN_POINT('',(0.0538007658356462,-0.120282692585331,-0.04));
#4011=CARTESIAN_POINT('',(0.0362849519837209,-0.128607686813281,-0.0299999999999908));
#4012=CARTESIAN_POINT('',(0.0377341229436018,-0.125376411429904,-0.04));
#4013=CARTESIAN_POINT('',(0.0420816358232527,-0.115682585279755,-0.04));
#4014=CARTESIAN_POINT('',(0.0237449369084612,-0.122188517329809,-0.0299999999999908));
#4015=CARTESIAN_POINT('',(0.0255352545663996,-0.119130254179419,-0.04));
#4016=CARTESIAN_POINT('',(0.0309062075402245,-0.109955464728232,-0.04));
#4017=CARTESIAN_POINT('',(0.0135815109515063,-0.115337613983927,-0.0299999999999908));
#4018=CARTESIAN_POINT('',(0.0157051527308274,-0.112500088217189,-0.04));
#4019=CARTESIAN_POINT('',(0.0220760780688024,-0.103987510916958,-0.04));
#4020=CARTESIAN_POINT('',(0.0060197450183427,-0.108819861875738,-0.0299999999999908));
#4021=CARTESIAN_POINT('',(0.00844647420859402,-0.106241895502346,-0.04));
#4022=CARTESIAN_POINT('',(0.0157266617793613,-0.0985079963821538,-0.04));
#4023=CARTESIAN_POINT('',(0.00154914468268966,-0.104188205284106,-0.0299999999999908));
#4024=CARTESIAN_POINT('',(0.0041849896666454,-0.101824985768098,-0.04));
#4025=CARTESIAN_POINT('',(0.0120925246185271,-0.0947353272200611,-0.04));
#4026=CARTESIAN_POINT('',(-0.00182787249567055,-0.100025008635676,-0.0299999999999908));
#4027=CARTESIAN_POINT('',(0.000989044081122072,-0.097884311863201,-0.04));
#4028=CARTESIAN_POINT('',(0.00943979381151542,-0.0914622215457646,-0.04));
#4029=CARTESIAN_POINT('',(-0.00425095185697086,-0.09660553779865,-0.0299999999999908));
#4030=CARTESIAN_POINT('',(-0.00129064573861933,-0.0946664315255356,-0.04));
#4031=CARTESIAN_POINT('',(0.0075902726164515,-0.0888491127061817,-0.04));
#4032=CARTESIAN_POINT('',(-0.00649660123986004,-0.0928677895161679,-0.0299999999999908));
#4033=CARTESIAN_POINT('',(-0.00338836381727146,-0.0911737166212558,-0.04));
#4034=CARTESIAN_POINT('',(0.00593634845051137,-0.0860914979365099,-0.04));
#4035=CARTESIAN_POINT('',(-0.00847957288418322,-0.0888127638979651,-0.0299999999999908));
#4036=CARTESIAN_POINT('',(-0.00522522328462514,-0.0874154562503858,-0.04));
#4037=CARTESIAN_POINT('',(0.00453782551406696,-0.0832235333076402,-0.04));
#4038=CARTESIAN_POINT('',(-0.0101430146712535,-0.0842957535099583,-0.0299999999999909));
#4039=CARTESIAN_POINT('',(-0.00675095354406989,-0.0832688520732363,-0.04));
#4040=CARTESIAN_POINT('',(0.00342522983749973,-0.0801881477630649,-0.04));
#4041=CARTESIAN_POINT('',(-0.0112975406894398,-0.0794075670097058,-0.0299999999999908));
#4042=CARTESIAN_POINT('',(-0.00779824324575237,-0.0788280146307029,-0.04));
#4043=CARTESIAN_POINT('',(0.00269964908532915,-0.0770893574936908,-0.04));
#4044=CARTESIAN_POINT('',(-0.0117948390079472,-0.0741113693410832,-0.0299999999999908));
#4045=CARTESIAN_POINT('',(-0.00824406183175769,-0.0740630713755764,-0.04));
#4046=CARTESIAN_POINT('',(0.00240826969683029,-0.0739181774790557,-0.04));
#4047=CARTESIAN_POINT('',(-0.0114003466306478,-0.0684748528849984,-0.0299999999999908));
#4048=CARTESIAN_POINT('',(-0.00789071338884133,-0.0690253699778774,-0.04));
#4049=CARTESIAN_POINT('',(0.00263818633659721,-0.0706769212565176,-0.04));
#4050=CARTESIAN_POINT('',(-0.0100937642597075,-0.0631319120588189,-0.0299999999999908));
#4051=CARTESIAN_POINT('',(-0.00672381019355901,-0.0642506397494742,-0.04));
#4052=CARTESIAN_POINT('',(0.00338605200490494,-0.0676068228214466,-0.04));
#4053=CARTESIAN_POINT('',(-0.00797956376141369,-0.0581366777739817,-0.0299999999999908));
#4054=CARTESIAN_POINT('',(-0.00482395951611987,-0.0597578136427165,-0.04));
#4055=CARTESIAN_POINT('',(0.00464285321977892,-0.06462122124893,-0.04));
#4056=CARTESIAN_POINT('',(-0.00536274102724567,-0.0538160618354871,-0.0299999999999909));
#4057=CARTESIAN_POINT('',(-0.00244867866451149,-0.0558329141467514,-0.04));
#4058=CARTESIAN_POINT('',(0.00629350842370708,-0.0618834710805551,-0.04));
#4059=CARTESIAN_POINT('',(-0.00243286748110988,-0.0500669964918785,-0.0299999999999908));
#4060=CARTESIAN_POINT('',(0.000238706565189562,-0.0523921832866446,-0.04));
#4061=CARTESIAN_POINT('',(0.00825342870410256,-0.0593677436709558,-0.04));
#4062=CARTESIAN_POINT('',(0.000739171966084701,-0.0467703090781542,-0.0299999999999908));
#4063=CARTESIAN_POINT('',(0.0031766725529859,-0.0493374881013711,-0.04));
#4064=CARTESIAN_POINT('',(0.0104891743137029,-0.0570390251710358,-0.04));
#4065=CARTESIAN_POINT('',(0.00507910692508986,-0.0429863909616759,-0.0299999999999908));
#4066=CARTESIAN_POINT('',(0.00723034078022266,-0.0458019740140524,-0.04));
#4067=CARTESIAN_POINT('',(0.0136840423456329,-0.0542487231711975,-0.04));
#4068=CARTESIAN_POINT('',(0.0106976845153063,-0.0391017317555929,-0.0299999999999908));
#4069=CARTESIAN_POINT('',(0.0125328653030873,-0.0421326598092559,-0.04));
#4070=CARTESIAN_POINT('',(0.0180384076664404,-0.0512254439702615,-0.04));
#4071=CARTESIAN_POINT('',(0.0176675305007013,-0.0353875795243811,-0.0299999999999908));
#4072=CARTESIAN_POINT('',(0.0191768367111792,-0.0385904532037309,-0.04));
#4073=CARTESIAN_POINT('',(0.0237047553426209,-0.0481990742417981,-0.04));
#4074=CARTESIAN_POINT('',(0.0246158900040043,-0.032484507052548,-0.0299999999999908));
#4075=CARTESIAN_POINT('',(0.0258474324093263,-0.0358024112665537,-0.04));
#4076=CARTESIAN_POINT('',(0.029542059625299,-0.045756123908589,-0.04));
#4077=CARTESIAN_POINT('',(0.0316067409754843,-0.0301840373573569,-0.0299999999999908));
#4078=CARTESIAN_POINT('',(0.0325931149920281,-0.0335820440185652,-0.04));
#4079=CARTESIAN_POINT('',(0.0355522370416647,-0.043776064002209,-0.04));
#4080=CARTESIAN_POINT('',(0.0386477425664788,-0.0283892696144532,-0.0299999999999908));
#4081=CARTESIAN_POINT('',(0.0394133448693833,-0.0318431552109201,-0.04));
#4082=CARTESIAN_POINT('',(0.041710151778101,-0.0422048120003399,-0.04));
#4083=CARTESIAN_POINT('',(0.0457277373590694,-0.027039370002223,-0.0299999999999908));
#4084=CARTESIAN_POINT('',(0.0462914326825076,-0.0305314975103818,-0.04));
#4085=CARTESIAN_POINT('',(0.0479825186528254,-0.0410078800348774,-0.04));
#4086=CARTESIAN_POINT('',(0.0550637390543274,-0.0257896386626291,-0.0299999999999908));
#4087=CARTESIAN_POINT('',(0.0553814129663723,-0.0293144418288496,-0.04));
#4088=CARTESIAN_POINT('',(0.0563344347025087,-0.0398888513275304,-0.04));
#4089=CARTESIAN_POINT('',(0.0666513131645929,-0.0251256303990514,-0.0299999999999908));
#4090=CARTESIAN_POINT('',(0.0666919452489809,-0.0286655966122979,-0.04));
#4091=CARTESIAN_POINT('',(0.066813841502145,-0.0392854952520569,-0.04));
#4092=CARTESIAN_POINT('',(0.0804780056895416,-0.0255676110548351,-0.0299999999999908));
#4093=CARTESIAN_POINT('',(0.0802133214082253,-0.029097448930042,-0.04));
#4094=CARTESIAN_POINT('',(0.0794192685642751,-0.0396869625556821,-0.04));
#4095=CARTESIAN_POINT('',(0.0943216896989529,-0.0271928438873253,-0.0299999999999908));
#4096=CARTESIAN_POINT('',(0.0937629989691383,-0.0306880461417235,-0.04));
#4097=CARTESIAN_POINT('',(0.0920869267796914,-0.0411736529049376,-0.04));
#4098=CARTESIAN_POINT('',(0.107824595214437,-0.0299296985860982,-0.0299999999999908));
#4099=CARTESIAN_POINT('',(0.106978958568141,-0.0333668538227907,-0.04));
#4100=CARTESIAN_POINT('',(0.104442048629249,-0.0436783195328872,-0.04));
#4101=CARTESIAN_POINT('',(0.118877954716279,-0.0331519247185897,-0.0299999999999908));
#4102=CARTESIAN_POINT('',(0.117787999472983,-0.0365182203304208,-0.04));
#4103=CARTESIAN_POINT('',(0.11451813374309,-0.0466171071659324,-0.04));
#4104=CARTESIAN_POINT('',(0.12760370605005,-0.0363503338539881,-0.0299999999999909));
#4105=CARTESIAN_POINT('',(0.126308701322023,-0.0396416069252453,-0.04));
#4106=CARTESIAN_POINT('',(0.122423687137935,-0.049515426139035,-0.04));
#4107=CARTESIAN_POINT('',(0.131942312410196,-0.038180425273626,-0.0299999999999908));
#4108=CARTESIAN_POINT('',(0.130539828116353,-0.041426451946729,-0.04));
#4109=CARTESIAN_POINT('',(0.126332375234814,-0.0511645319660557,-0.04));
#4110=CARTESIAN_POINT('',(0.134094253346694,-0.0391541704423397,-0.0299999999999908));
#4111=CARTESIAN_POINT('',(0.132636662285108,-0.0423752616079473,-0.04));
#4112=CARTESIAN_POINT('',(0.128263889100341,-0.0520385351047876,-0.04));
#4113=CARTESIAN_POINT('',(-0.00564,-0.0543983045295628,-0.0299999999999999));
#4114=CARTESIAN_POINT('',(-0.00564,-0.0548956210784415,-0.030779605460491));
#4115=CARTESIAN_POINT('',(-0.00564,-0.0561063916743105,-0.0322210007253403));
#4116=CARTESIAN_POINT('',(-0.00564,-0.0582921189216994,-0.0339223681805061));
#4117=CARTESIAN_POINT('',(-0.00564,-0.0607567101670292,-0.0352488008880742));
#4118=CARTESIAN_POINT('',(-0.00564,-0.0641951127940453,-0.0365377356100637));
#4119=CARTESIAN_POINT('',(-0.00564,-0.0687658961625926,-0.0374479726307197));
#4120=CARTESIAN_POINT('',(-0.00564,-0.0742350743485899,-0.0377123201762177));
#4121=CARTESIAN_POINT('',(-0.00564,-0.0797897981334465,-0.0373001251371594));
#4122=CARTESIAN_POINT('',(-0.00564,-0.0851636626605864,-0.0361472042250346));
#4123=CARTESIAN_POINT('',(-0.00564,-0.0903230189829304,-0.0339536481507775));
#4124=CARTESIAN_POINT('',(-0.00564,-0.0931854670662927,-0.0315303982865218));
#4125=CARTESIAN_POINT('',(-0.00564,-0.09425791570094,-0.0299999999999908));
#4126=CARTESIAN_POINT('',(0.146354163971739,-0.0496490793300022,-0.0356290525244286));
#4127=CARTESIAN_POINT('',(0.145990896869725,-0.049714320679598,-0.0358738540539265));
#4128=CARTESIAN_POINT('',(0.145621910834846,-0.0497806606309247,-0.0361046142456225));
#4129=CARTESIAN_POINT('',(0.145247815564658,-0.0498479806197281,-0.0363228306687688));
#4130=CARTESIAN_POINT('',(0.146353414294063,-0.0496476879449307,-0.0356282631844389));
#4131=CARTESIAN_POINT('',(0.131684512879238,-0.0522867067327541,-0.0399498104599719));
#4132=CARTESIAN_POINT('',(0.131104276497441,-0.0523896953712012,-0.0399781590134345));
#4133=CARTESIAN_POINT('',(0.130556598935791,-0.0525878010400077,-0.04));
#4134=CARTESIAN_POINT('',(0.130032293326841,-0.052855699801987,-0.04));
#4135=CARTESIAN_POINT('',(0.0178852390474554,-0.100339333225419,-0.04));
#4136=CARTESIAN_POINT('',(0.0177217138243404,-0.101186731667917,-0.04));
#4137=CARTESIAN_POINT('',(0.017561669325178,-0.102031132152701,-0.0399446691382601));
#4138=CARTESIAN_POINT('',(0.0174048138013547,-0.102872381739704,-0.0398325310739533));
#4139=CARTESIAN_POINT('',(0.0174048138013517,-0.102872381739703,-0.0398325310739531));
#4140=CARTESIAN_POINT('',(0.0174048138013517,-0.102872381739703,-0.0398325310739531));
#4141=CARTESIAN_POINT('',(0.0183432741047771,-0.102685492359337,-0.0399452473865066));
#4142=CARTESIAN_POINT('',(0.019284560971565,-0.102495572702525,-0.0399999999999993));
#4143=CARTESIAN_POINT('',(0.0202285406351526,-0.10230290379297,-0.04));
#4144=CARTESIAN_POINT('',(0.1500063259913,-0.0651101035001836,-0.04));
#4145=CARTESIAN_POINT('',(0.150308738263739,-0.0634942662971638,-0.04));
#4146=CARTESIAN_POINT('',(0.150880104306094,-0.06033656085958,-0.0395927951938193));
#4147=CARTESIAN_POINT('',(0.151397149756778,-0.0573098765139167,-0.0383359190789821));
#4148=CARTESIAN_POINT('',(0.151630157018217,-0.0559147682089199,-0.0374948461816927));
#4149=CARTESIAN_POINT('',(0.151630157018217,-0.0559147682089199,-0.0374948461816927));
#4150=CARTESIAN_POINT('',(0.151630157018217,-0.0559147682089199,-0.0374948461816926));
#4151=CARTESIAN_POINT('',(0.151761021037143,-0.0551312326293791,-0.0370224738664728));
#4152=CARTESIAN_POINT('',(0.15179664977695,-0.0539884165364729,-0.0362606803480039));
#4153=CARTESIAN_POINT('',(0.151443139135587,-0.0524888051741727,-0.0352309069510308));
#4154=CARTESIAN_POINT('',(0.150928607662544,-0.0514075583052975,-0.0345379777055009));
#4155=CARTESIAN_POINT('',(0.150023347498377,-0.0503825145299305,-0.034087842496197));
#4156=CARTESIAN_POINT('',(0.148759674530705,-0.0497173346974261,-0.0342615564674024));
#4157=CARTESIAN_POINT('',(0.147515651077082,-0.049518354045429,-0.0348725975608692));
#4158=CARTESIAN_POINT('',(0.146734689546845,-0.0495807399099048,-0.0353726212185594));
#4159=CARTESIAN_POINT('',(0.146354185588251,-0.0496490754478036,-0.0356290379573242));
#4160=CARTESIAN_POINT('',(0.0459386052310003,-0.0973029037929671,-0.025));
#4161=CARTESIAN_POINT('',(0.0689919714145453,-0.0973029037929671,-0.025));
#4162=CARTESIAN_POINT('',(0.0689919714145453,-0.0973029037929671,-0.035));
#4163=CARTESIAN_POINT('',(0.0228852390474554,-0.0973029037929671,-0.035));
#4164=CARTESIAN_POINT('',(0.0228852390474554,-0.0973029037929671,-0.035));
#4165=CARTESIAN_POINT('',(0.0228852390474554,-0.0973029037929671,-0.025));
#4166=CARTESIAN_POINT('',(0.0228852390474554,-0.0770727935393877,-0.025));
#4167=CARTESIAN_POINT('',(0.0228852390474554,-0.0770727935393877,-0.035));
#4168=CARTESIAN_POINT('',(0.0228852390474554,-0.0568426832858083,-0.035));
#4169=CARTESIAN_POINT('',(0.0228852390474554,-0.0568426832858083,-0.025));
#4170=CARTESIAN_POINT('',(0.0228852390474554,-0.0610928402202434,-0.0305));
#4171=CARTESIAN_POINT('',(0.0228852390474554,-0.0612676515444555,-0.0300014242821208));
#4172=CARTESIAN_POINT('',(0.0228852390474554,-0.0613187691271636,-0.0305));
#4173=CARTESIAN_POINT('',(0.0228852390474554,-0.0926946395594878,-0.0305));
#4174=CARTESIAN_POINT('',(0.0228852390474554,-0.0929653162874754,-0.0300096297673346));
#4175=CARTESIAN_POINT('',(0.0228852390474554,-0.0931209957326673,-0.0305));
#4176=CARTESIAN_POINT('',(0.0459386052310003,-0.0568426832858083,-0.025));
#4177=CARTESIAN_POINT('',(0.0459386052310003,-0.0568426832858083,-0.035));
#4178=CARTESIAN_POINT('',(0.0689919714145453,-0.0568426832858083,-0.035));
#4179=CARTESIAN_POINT('',(0.0689919714145453,-0.0568426832858083,-0.025));
#4180=CARTESIAN_POINT('',(0.0689919714145453,-0.0770727935393877,-0.025));
#4181=CARTESIAN_POINT('',(0.0689919714145453,-0.0973029037929671,-0.035));
#4182=CARTESIAN_POINT('',(0.0722528855058501,-0.0916065977337672,-0.0285));
#4183=CARTESIAN_POINT('',(0.0724792429601738,-0.0913255805880173,-0.0285));
#4184=CARTESIAN_POINT('',(0.0724792429601738,-0.0913255805880173,-0.0305));
#4185=CARTESIAN_POINT('',(0.0724792429601738,-0.0913255805880173,-0.0365));
#4186=CARTESIAN_POINT('',(0.0720265280515263,-0.0918876148795171,-0.0305));
#4187=CARTESIAN_POINT('',(0.0720265280515263,-0.0918876148795171,-0.0305));
#4188=CARTESIAN_POINT('',(0.0720265280515263,-0.0918876148795171,-0.0285));
#4189=CARTESIAN_POINT('',(0.0720265280515263,-0.0918876148795171,-0.0365));
#4190=CARTESIAN_POINT('',(0.0722528855058501,-0.0916065977337672,-0.0365));
#4191=CARTESIAN_POINT('',(0.0735488831030146,-0.0914921487867333,-0.0285));
#4192=CARTESIAN_POINT('',(0.0739054298172948,-0.0915476715196387,-0.0285));
#4193=CARTESIAN_POINT('',(0.0739054298172948,-0.0915476715196387,-0.0305));
#4194=CARTESIAN_POINT('',(0.0739054298172948,-0.0915476715196387,-0.0365));
#4195=CARTESIAN_POINT('',(0.0724792429601738,-0.0913255805880173,-0.0305));
#4196=CARTESIAN_POINT('',(0.0735488831030146,-0.0914921487867333,-0.0365));
#4197=CARTESIAN_POINT('',(0.0742959975971645,-0.0925572911556044,-0.0285));
#4198=CARTESIAN_POINT('',(0.0744261868571211,-0.0928938310342597,-0.0285));
#4199=CARTESIAN_POINT('',(0.0744261868571211,-0.0928938310342597,-0.0305));
#4200=CARTESIAN_POINT('',(0.0744261868571211,-0.0928938310342597,-0.0365));
#4201=CARTESIAN_POINT('',(0.0739054298172948,-0.0915476715196387,-0.0305));
#4202=CARTESIAN_POINT('',(0.0742959975971645,-0.0925572911556044,-0.0365));
#4203=CARTESIAN_POINT('',(0.07374711449415,-0.0937368824715094,-0.0285));
#4204=CARTESIAN_POINT('',(0.0735207570398262,-0.0940178996172593,-0.0285));
#4205=CARTESIAN_POINT('',(0.0735207570398262,-0.0940178996172593,-0.0305));
#4206=CARTESIAN_POINT('',(0.0735207570398262,-0.0940178996172593,-0.0365));
#4207=CARTESIAN_POINT('',(0.0744261868571211,-0.0928938310342597,-0.0305));
#4208=CARTESIAN_POINT('',(0.07374711449415,-0.0937368824715094,-0.0365));
#4209=CARTESIAN_POINT('',(0.073164210325546,-0.093962376884354,-0.0285));
#4210=CARTESIAN_POINT('',(0.0728076636112657,-0.0939068541514486,-0.0285));
#4211=CARTESIAN_POINT('',(0.0728076636112657,-0.0939068541514486,-0.0305));
#4212=CARTESIAN_POINT('',(0.0728076636112657,-0.0939068541514486,-0.0365));
#4213=CARTESIAN_POINT('',(0.0735207570398262,-0.0940178996172593,-0.0305));
#4214=CARTESIAN_POINT('',(0.073164210325546,-0.093962376884354,-0.0365));
#4215=CARTESIAN_POINT('',(0.073,-0.0926717401026383,-0.0285));
#4216=CARTESIAN_POINT('',(0.073,-0.0926717401026383,-0.0305));
#4217=CARTESIAN_POINT('',(0.073,-0.0926717401026383,-0.0365));
#4218=CARTESIAN_POINT('',(0.0851615946802412,-0.0841519675402101,-0.0365));
#4219=CARTESIAN_POINT('',(0.0198001705972027,-0.092168632025267,-0.0285));
#4220=CARTESIAN_POINT('',(0.0204792429601738,-0.0913255805880173,-0.0285));
#4221=CARTESIAN_POINT('',(0.0204792429601738,-0.0913255805880173,-0.0305));
#4222=CARTESIAN_POINT('',(0.0204792429601738,-0.0913255805880173,-0.0365));
#4223=CARTESIAN_POINT('',(0.019573813142879,-0.0924496491710169,-0.0305));
#4224=CARTESIAN_POINT('',(0.019573813142879,-0.0924496491710169,-0.0305));
#4225=CARTESIAN_POINT('',(0.019573813142879,-0.0924496491710169,-0.0285));
#4226=CARTESIAN_POINT('',(0.019573813142879,-0.0924496491710169,-0.0365));
#4227=CARTESIAN_POINT('',(0.0198001705972027,-0.092168632025267,-0.0365));
#4228=CARTESIAN_POINT('',(0.020835789674454,-0.0913811033209226,-0.0285));
#4229=CARTESIAN_POINT('',(0.0219054298172949,-0.0915476715196387,-0.0285));
#4230=CARTESIAN_POINT('',(0.0219054298172949,-0.0915476715196387,-0.0305));
#4231=CARTESIAN_POINT('',(0.0219054298172949,-0.0915476715196387,-0.0365));
#4232=CARTESIAN_POINT('',(0.0204792429601738,-0.0913255805880173,-0.0305));
#4233=CARTESIAN_POINT('',(0.020835789674454,-0.0913811033209226,-0.0365));
#4234=CARTESIAN_POINT('',(0.0222959975971645,-0.0925572911556044,-0.0285));
#4235=CARTESIAN_POINT('',(0.0224261868571211,-0.0928938310342597,-0.0285));
#4236=CARTESIAN_POINT('',(0.0224261868571211,-0.0928938310342597,-0.0305));
#4237=CARTESIAN_POINT('',(0.0224261868571211,-0.0928938310342597,-0.0365));
#4238=CARTESIAN_POINT('',(0.0219054298172948,-0.0915476715196387,-0.0305));
#4239=CARTESIAN_POINT('',(0.0222959975971645,-0.0925572911556044,-0.0365));
#4240=CARTESIAN_POINT('',(0.0221998294027973,-0.0931748481800096,-0.0285));
#4241=CARTESIAN_POINT('',(0.0215207570398263,-0.0940178996172593,-0.0285));
#4242=CARTESIAN_POINT('',(0.0215207570398263,-0.0940178996172593,-0.0305));
#4243=CARTESIAN_POINT('',(0.0215207570398263,-0.0940178996172593,-0.0365));
#4244=CARTESIAN_POINT('',(0.0224261868571211,-0.0928938310342597,-0.0305));
#4245=CARTESIAN_POINT('',(0.0221998294027973,-0.0931748481800096,-0.0365));
#4246=CARTESIAN_POINT('',(0.0204511168969854,-0.0938513314185433,-0.0285));
#4247=CARTESIAN_POINT('',(0.0200945701827052,-0.0937958086856379,-0.0285));
#4248=CARTESIAN_POINT('',(0.0200945701827052,-0.0937958086856379,-0.0305));
#4249=CARTESIAN_POINT('',(0.0200945701827052,-0.0937958086856379,-0.0365));
#4250=CARTESIAN_POINT('',(0.0215207570398263,-0.0940178996172593,-0.0305));
#4251=CARTESIAN_POINT('',(0.0204511168969854,-0.0938513314185433,-0.0365));
#4252=CARTESIAN_POINT('',(0.0197040024028355,-0.0927861890496721,-0.0285));
#4253=CARTESIAN_POINT('',(0.0200945701827052,-0.0937958086856379,-0.0305));
#4254=CARTESIAN_POINT('',(0.0197040024028355,-0.0927861890496721,-0.0365));
#4255=CARTESIAN_POINT('',(0.0851615946802412,-0.0841519675402101,-0.0365));
#4256=CARTESIAN_POINT('',(0.0198572812005462,-0.0612937546351921,-0.0285));
#4257=CARTESIAN_POINT('',(0.0196237421049912,-0.0602367141956405,-0.0285));
#4258=CARTESIAN_POINT('',(0.0196237421049912,-0.0602367141956405,-0.0305));
#4259=CARTESIAN_POINT('',(0.0196237421049912,-0.0602367141956405,-0.0365));
#4260=CARTESIAN_POINT('',(0.0199351275657312,-0.0616461014483759,-0.0305));
#4261=CARTESIAN_POINT('',(0.0199351275657312,-0.0616461014483759,-0.0305));
#4262=CARTESIAN_POINT('',(0.0199351275657312,-0.0616461014483759,-0.0285));
#4263=CARTESIAN_POINT('',(0.0199351275657312,-0.0616461014483759,-0.0365));
#4264=CARTESIAN_POINT('',(0.0198572812005462,-0.0612937546351921,-0.0365));
#4265=CARTESIAN_POINT('',(0.0198899602135584,-0.0599931238592061,-0.0285));
#4266=CARTESIAN_POINT('',(0.0206886145392601,-0.0592623528499029,-0.0285));
#4267=CARTESIAN_POINT('',(0.0206886145392601,-0.0592623528499029,-0.0305));
#4268=CARTESIAN_POINT('',(0.0206886145392601,-0.0592623528499029,-0.0365));
#4269=CARTESIAN_POINT('',(0.0196237421049912,-0.0602367141956405,-0.0305));
#4270=CARTESIAN_POINT('',(0.0198899602135584,-0.0599931238592061,-0.0365));
#4271=CARTESIAN_POINT('',(0.0217208079605167,-0.0595886222801512,-0.0285));
#4272=CARTESIAN_POINT('',(0.0220648724342689,-0.0596973787569007,-0.0285));
#4273=CARTESIAN_POINT('',(0.0220648724342689,-0.0596973787569007,-0.0305));
#4274=CARTESIAN_POINT('',(0.0220648724342689,-0.0596973787569007,-0.0365));
#4275=CARTESIAN_POINT('',(0.0206886145392601,-0.0592623528499029,-0.0305));
#4276=CARTESIAN_POINT('',(0.0217208079605167,-0.0595886222801512,-0.0365));
#4277=CARTESIAN_POINT('',(0.0222984115298238,-0.0607544191964523,-0.0285));
#4278=CARTESIAN_POINT('',(0.0223762578950088,-0.0611067660096361,-0.0285));
#4279=CARTESIAN_POINT('',(0.0223762578950088,-0.0611067660096361,-0.0305));
#4280=CARTESIAN_POINT('',(0.0223762578950088,-0.0611067660096361,-0.0365));
#4281=CARTESIAN_POINT('',(0.0220648724342689,-0.0596973787569007,-0.0305));
#4282=CARTESIAN_POINT('',(0.0222984115298238,-0.0607544191964523,-0.0365));
#4283=CARTESIAN_POINT('',(0.0215776035693072,-0.0618375370189393,-0.0285));
#4284=CARTESIAN_POINT('',(0.0213113854607399,-0.0620811273553737,-0.0285));
#4285=CARTESIAN_POINT('',(0.0213113854607399,-0.0620811273553737,-0.0305));
#4286=CARTESIAN_POINT('',(0.0213113854607399,-0.0620811273553737,-0.0365));
#4287=CARTESIAN_POINT('',(0.0223762578950088,-0.0611067660096361,-0.0305));
#4288=CARTESIAN_POINT('',(0.0215776035693072,-0.0618375370189393,-0.0365));
#4289=CARTESIAN_POINT('',(0.0202791920394834,-0.0617548579251254,-0.0285));
#4290=CARTESIAN_POINT('',(0.0213113854607399,-0.0620811273553737,-0.0305));
#4291=CARTESIAN_POINT('',(0.0202791920394834,-0.0617548579251254,-0.0365));
#4292=CARTESIAN_POINT('',(0.0851615946802412,-0.0841519675402101,-0.0365));
#4293=CARTESIAN_POINT('',(0.0731680125965247,-0.0619618874200956,-0.0285));
#4294=CARTESIAN_POINT('',(0.0720978862882106,-0.0617984717407559,-0.0285));
#4295=CARTESIAN_POINT('',(0.0720978862882106,-0.0617984717407559,-0.0305));
#4296=CARTESIAN_POINT('',(0.0720978862882106,-0.0617984717407559,-0.0365));
#4297=CARTESIAN_POINT('',(0.0735247213659628,-0.0620163593132089,-0.0305));
#4298=CARTESIAN_POINT('',(0.0735247213659628,-0.0620163593132089,-0.0305));
#4299=CARTESIAN_POINT('',(0.0735247213659628,-0.0620163593132089,-0.0285));
#4300=CARTESIAN_POINT('',(0.0735247213659628,-0.0620163593132089,-0.0365));
#4301=CARTESIAN_POINT('',(0.0731680125965247,-0.0619618874200956,-0.0365));
#4302=CARTESIAN_POINT('',(0.0717043452637386,-0.0607900073328279,-0.0285));
#4303=CARTESIAN_POINT('',(0.0715731649222479,-0.0604538525301853,-0.0285));
#4304=CARTESIAN_POINT('',(0.0715731649222479,-0.0604538525301853,-0.0305));
#4305=CARTESIAN_POINT('',(0.0715731649222479,-0.0604538525301853,-0.0365));
#4306=CARTESIAN_POINT('',(0.0720978862882106,-0.0617984717407559,-0.0305));
#4307=CARTESIAN_POINT('',(0.0717043452637386,-0.0607900073328279,-0.0365));
#4308=CARTESIAN_POINT('',(0.0722497502060899,-0.0596088038015971,-0.0285));
#4309=CARTESIAN_POINT('',(0.0724752786340372,-0.0593271208920677,-0.0285));
#4310=CARTESIAN_POINT('',(0.0724752786340372,-0.0593271208920677,-0.0305));
#4311=CARTESIAN_POINT('',(0.0724752786340372,-0.0593271208920677,-0.0365));
#4312=CARTESIAN_POINT('',(0.0715731649222479,-0.0604538525301853,-0.0305));
#4313=CARTESIAN_POINT('',(0.0722497502060899,-0.0596088038015971,-0.0365));
#4314=CARTESIAN_POINT('',(0.0735454049423513,-0.0594905365714075,-0.0285));
#4315=CARTESIAN_POINT('',(0.0739021137117893,-0.0595450084645208,-0.0285));
#4316=CARTESIAN_POINT('',(0.0739021137117893,-0.0595450084645208,-0.0305));
#4317=CARTESIAN_POINT('',(0.0739021137117893,-0.0595450084645208,-0.0365));
#4318=CARTESIAN_POINT('',(0.0724752786340372,-0.0593271208920677,-0.0305));
#4319=CARTESIAN_POINT('',(0.0735454049423513,-0.0594905365714075,-0.0365));
#4320=CARTESIAN_POINT('',(0.0742956547362614,-0.0605534728724487,-0.0285));
#4321=CARTESIAN_POINT('',(0.0744268350777521,-0.0608896276750914,-0.0285));
#4322=CARTESIAN_POINT('',(0.0744268350777521,-0.0608896276750914,-0.0305));
#4323=CARTESIAN_POINT('',(0.0744268350777521,-0.0608896276750914,-0.0365));
#4324=CARTESIAN_POINT('',(0.0739021137117893,-0.0595450084645208,-0.0305));
#4325=CARTESIAN_POINT('',(0.0742956547362614,-0.0605534728724487,-0.0365));
#4326=CARTESIAN_POINT('',(0.0737502497939101,-0.0617346764036795,-0.0285));
#4327=CARTESIAN_POINT('',(0.0744268350777521,-0.0608896276750914,-0.0305));
#4328=CARTESIAN_POINT('',(0.0737502497939101,-0.0617346764036795,-0.0365));
#4329=CARTESIAN_POINT('',(0.0851615946802412,-0.0841519675402101,-0.0365));
#4330=CARTESIAN_POINT('',(0.0194107818178132,-0.0918549819360185,-0.0305));
#4331=CARTESIAN_POINT('',(0.0202709401442433,-0.0907871167821688,-0.0305));
#4332=CARTESIAN_POINT('',(0.0190033384000305,-0.0923608127983683,-0.0305));
#4333=CARTESIAN_POINT('',(0.0192376790679523,-0.0929665845799478,-0.0305));
#4334=CARTESIAN_POINT('',(0.0197323982557873,-0.0942454361188378,-0.0305));
#4335=CARTESIAN_POINT('',(0.0209127242299478,-0.0908870577013985,-0.0305));
#4336=CARTESIAN_POINT('',(0.0222676017442128,-0.0910980440864388,-0.0305));
#4337=CARTESIAN_POINT('',(0.0203741823414918,-0.0943453770380674,-0.0305));
#4338=CARTESIAN_POINT('',(0.0217290598557567,-0.0945563634231077,-0.0305));
#4339=CARTESIAN_POINT('',(0.0227623209320477,-0.0923768956253288,-0.0305));
#4340=CARTESIAN_POINT('',(0.0229966615999695,-0.0929826674069082,-0.0305));
#4341=CARTESIAN_POINT('',(0.0225892181821869,-0.0934884982692581,-0.0305));
#4342=CARTESIAN_POINT('',(0.0195524315424087,-0.0596242412272594,-0.0305));
#4343=CARTESIAN_POINT('',(0.0205640603549641,-0.0586985979488087,-0.0305));
#4344=CARTESIAN_POINT('',(0.0190732389469877,-0.0600627038328414,-0.0305));
#4345=CARTESIAN_POINT('',(0.0193690551346906,-0.06140162172294,-0.0305));
#4346=CARTESIAN_POINT('',(0.0195091785920236,-0.062035845986671,-0.0305));
#4347=CARTESIAN_POINT('',(0.0218715053552225,-0.0591118725604566,-0.0305));
#4348=CARTESIAN_POINT('',(0.0224908214079764,-0.0593076342186057,-0.0305));
#4349=CARTESIAN_POINT('',(0.0201284946447776,-0.06223160764482,-0.0305));
#4350=CARTESIAN_POINT('',(0.0214359396450359,-0.0626448822564679,-0.0305));
#4351=CARTESIAN_POINT('',(0.0227866375956794,-0.0606465521087043,-0.0305));
#4352=CARTESIAN_POINT('',(0.0229267610530124,-0.0612807763724352,-0.0305));
#4353=CARTESIAN_POINT('',(0.0219151322404569,-0.062206419650886,-0.0305));
#4354=CARTESIAN_POINT('',(0.0741365032735394,-0.0940505325607579,-0.0305));
#4355=CARTESIAN_POINT('',(0.0737290598557568,-0.0945563634231077,-0.0305));
#4356=CARTESIAN_POINT('',(0.0749966615999695,-0.0929826674069082,-0.0305));
#4357=CARTESIAN_POINT('',(0.0747623209320477,-0.0923768956253288,-0.0305));
#4358=CARTESIAN_POINT('',(0.0742676017442128,-0.0910980440864388,-0.0305));
#4359=CARTESIAN_POINT('',(0.0730872757700523,-0.0944564225038781,-0.0305));
#4360=CARTESIAN_POINT('',(0.072730729055772,-0.0944008997709728,-0.0305));
#4361=CARTESIAN_POINT('',(0.0736258176585082,-0.0909981031672092,-0.0305));
#4362=CARTESIAN_POINT('',(0.0722709401442432,-0.0907871167821689,-0.0305));
#4363=CARTESIAN_POINT('',(0.073,-0.0926717401026383,-0.0305));
#4364=CARTESIAN_POINT('',(0.0716371392721368,-0.0915739647902686,-0.0305));
#4365=CARTESIAN_POINT('',(0.0718634967264606,-0.0912929476445187,-0.0305));
#4366=CARTESIAN_POINT('',(0.0736208834115166,-0.0589962664016699,-0.0305));
#4367=CARTESIAN_POINT('',(0.0742629591965051,-0.0590943158092737,-0.0305));
#4368=CARTESIAN_POINT('',(0.0722653900876522,-0.0587892732078394,-0.0305));
#4369=CARTESIAN_POINT('',(0.0718594389173469,-0.0592963024449924,-0.0305));
#4370=CARTESIAN_POINT('',(0.071002430891147,-0.060366697501204,-0.0305));
#4371=CARTESIAN_POINT('',(0.0747614444941697,-0.0603717040593158,-0.0305));
#4372=CARTESIAN_POINT('',(0.0749975691088529,-0.0609767827040726,-0.0305));
#4373=CARTESIAN_POINT('',(0.0712385555058303,-0.0609717761459608,-0.0305));
#4374=CARTESIAN_POINT('',(0.0717370408034949,-0.0622491643960028,-0.0305));
#4375=CARTESIAN_POINT('',(0.0741405610826531,-0.0620471777602843,-0.0305));
#4376=CARTESIAN_POINT('',(0.0737346099123479,-0.0625542069974372,-0.0305));
#4377=CARTESIAN_POINT('',(0.0730925341273594,-0.0624561575898333,-0.0305));
#4378=CARTESIAN_POINT('',(0.0934063259912993,-0.0581544947314129,-0.035));
#4379=CARTESIAN_POINT('',(0.0879063259912993,-0.0581544947314129,-0.035));
#4380=CARTESIAN_POINT('',(0.0934063259912993,-0.0526544947314129,-0.035));
#4381=CARTESIAN_POINT('',(0.0999063259912993,-0.0526544947314129,-0.035));
#4382=CARTESIAN_POINT('',(0.106406325991299,-0.0526544947314129,-0.035));
#4383=CARTESIAN_POINT('',(0.0879063259912993,-0.08374,-0.035));
#4384=CARTESIAN_POINT('',(0.0879063259912993,-0.0711544947314126,-0.035));
#4385=CARTESIAN_POINT('',(0.106406325991299,-0.0581544947314129,-0.035));
#4386=CARTESIAN_POINT('',(0.109431325991299,-0.0535610891320781,-0.04));
#4387=CARTESIAN_POINT('',(0.109431325991299,-0.0543350827353694,-0.04));
#4388=CARTESIAN_POINT('',(0.109431325991299,-0.0558700541198936,-0.0397286854680238));
#4389=CARTESIAN_POINT('',(0.109431325991299,-0.0573738127507006,-0.0393444648692317));
#4390=CARTESIAN_POINT('',(0.109431325991299,-0.0581544947314127,-0.0393444648692316));
#4391=CARTESIAN_POINT('',(0.109431325991299,-0.0581544947314129,-0.0393444648692329));
#4392=CARTESIAN_POINT('',(0.111906325991299,-0.0581544947314129,-0.035));
#4393=CARTESIAN_POINT('',(0.0934063259912993,-0.0711544947314129,-0.035));
#4394=CARTESIAN_POINT('',(0.0934063259912993,-0.0766544947314129,-0.035));
#4395=CARTESIAN_POINT('',(0.112456325991299,-0.0581544947314129,-0.035));
#4396=CARTESIAN_POINT('',(0.112456325991299,-0.0526544947314129,-0.035));
#4397=CARTESIAN_POINT('',(0.106956325991299,-0.0581544947314129,-0.035));
#4398=CARTESIAN_POINT('',(0.111906325991299,-0.0646544947314129,-0.035));
#4399=CARTESIAN_POINT('',(0.109431325991299,-0.0646544947314129,-0.039344464869233));
#4400=CARTESIAN_POINT('',(0.109431325991299,-0.0711544947314129,-0.039344464869233));
#4401=CARTESIAN_POINT('',(0.111906325991299,-0.0711544947314129,-0.035));
#4402=CARTESIAN_POINT('',(0.0851591126763599,-0.0766544947314129,-0.035));
#4403=CARTESIAN_POINT('',(0.106406325991299,-0.0766544947314129,-0.035));
#4404=CARTESIAN_POINT('',(0.145006325991299,-0.0651101035001836,-0.035));
#4405=CARTESIAN_POINT('',(0.145006325991299,-0.0651101035001836,-0.04));
#4406=CARTESIAN_POINT('',(0.1500063259913,-0.0651101035001836,-0.04));
#4407=CARTESIAN_POINT('',(0.145006325991299,-0.0638983463820699,-0.0349999999997394));
#4408=CARTESIAN_POINT('',(0.145006325991287,-0.0634816678254472,-0.0403047701399359));
#4409=CARTESIAN_POINT('',(0.150302082361686,-0.0635298298471264,-0.04));
#4410=CARTESIAN_POINT('',(0.145006325991299,-0.0615205702512008,-0.0347396756781835));
#4411=CARTESIAN_POINT('',(0.14500632599131,-0.0601086860880888,-0.0405741980511268));
#4412=CARTESIAN_POINT('',(0.150868284005844,-0.0604038928818193,-0.0396095135156613));
#4413=CARTESIAN_POINT('',(0.145006325991299,-0.0592235945379454,-0.033904812378388));
#4414=CARTESIAN_POINT('',(0.145006325991291,-0.0566136380727658,-0.0400429297306461));
#4415=CARTESIAN_POINT('',(0.15139124903712,-0.0573452065050091,-0.0383572185704188));
#4416=CARTESIAN_POINT('',(0.145006325991299,-0.0581544947314129,-0.0333298974544618));
#4417=CARTESIAN_POINT('',(0.145006325991299,-0.0548375302365227,-0.0394980554472));
#4418=CARTESIAN_POINT('',(0.151630157018217,-0.0559147682089199,-0.0374948461816926));
#4419=CARTESIAN_POINT('',(0.150006325991299,-0.0581544947314129,-0.0333298974544618));
#4420=CARTESIAN_POINT('',(0.150006325991299,-0.0651101035001836,-0.035));
#4421=CARTESIAN_POINT('',(0.118956325991299,-0.0526544947314129,-0.035));
#4422=CARTESIAN_POINT('',(0.125456325991299,-0.0526544947314129,-0.035));
#4423=CARTESIAN_POINT('',(0.106956325991299,-0.08374,-0.035));
#4424=CARTESIAN_POINT('',(0.106956325991299,-0.0711544947314129,-0.035));
#4425=CARTESIAN_POINT('',(0.106406325991299,-0.0711544947314129,-0.035));
#4426=CARTESIAN_POINT('',(0.109431325991299,-0.0757479003307476,-0.04));
#4427=CARTESIAN_POINT('',(0.109431325991299,-0.0749739067274563,-0.04));
#4428=CARTESIAN_POINT('',(0.109431325991299,-0.0734389353429321,-0.0397286854680238));
#4429=CARTESIAN_POINT('',(0.109431325991299,-0.0719351767121252,-0.0393444648692317));
#4430=CARTESIAN_POINT('',(0.109431325991299,-0.0711544947314131,-0.0393444648692316));
#4431=CARTESIAN_POINT('',(0.150006325991299,-0.0646544947314129,-0.035));
#4432=CARTESIAN_POINT('',(0.150006325991299,-0.0711544947314129,-0.035));
#4433=CARTESIAN_POINT('',(0.131506325991299,-0.0576544947314129,-0.0349665403066479));
#4434=CARTESIAN_POINT('',(0.13169866054754,-0.0576544947314129,-0.0403454717457542));
#4435=CARTESIAN_POINT('',(0.131684512879238,-0.0522867067327541,-0.0399498104599719));
#4436=CARTESIAN_POINT('',(0.13146083998283,-0.0576544947314129,-0.0349844311949876));
#4437=CARTESIAN_POINT('',(0.13163255592441,-0.0576372098013303,-0.0402422509590653));
#4438=CARTESIAN_POINT('',(0.131135228641099,-0.0523842015459289,-0.0399766467877426));
#4439=CARTESIAN_POINT('',(0.131416180596192,-0.0576605856864473,-0.0349999999951042));
#4440=CARTESIAN_POINT('',(0.131521029449008,-0.0576314185706454,-0.0401254008412008));
#4441=CARTESIAN_POINT('',(0.130584541856328,-0.0525735233518329,-0.04));
#4442=CARTESIAN_POINT('',(0.131372323021803,-0.0576727861014651,-0.035));
#4443=CARTESIAN_POINT('',(0.131372323021803,-0.0576727861014651,-0.0400000000000001));
#4444=CARTESIAN_POINT('',(0.130032293326841,-0.0528556998019869,-0.04));
#4445=CARTESIAN_POINT('',(0.130032293326841,-0.052855699801987,-0.035));
#4446=CARTESIAN_POINT('',(0.125456325991299,-0.0581544947314129,-0.035));
#4447=CARTESIAN_POINT('',(0.128481325991299,-0.0535610891320781,-0.04));
#4448=CARTESIAN_POINT('',(0.128481325991299,-0.0543350827353694,-0.04));
#4449=CARTESIAN_POINT('',(0.128481325991299,-0.0558700541198936,-0.0397286854680238));
#4450=CARTESIAN_POINT('',(0.128481325991299,-0.0573738127507006,-0.0393444648692317));
#4451=CARTESIAN_POINT('',(0.128481325991299,-0.0581544947314127,-0.0393444648692316));
#4452=CARTESIAN_POINT('',(0.128481325991299,-0.0581544947314129,-0.0393444648692329));
#4453=CARTESIAN_POINT('',(0.130956325991299,-0.0581544947314129,-0.035));
#4454=CARTESIAN_POINT('',(0.112456325991299,-0.0711544947314129,-0.035));
#4455=CARTESIAN_POINT('',(0.112456325991299,-0.0766544947314129,-0.035));
#4456=CARTESIAN_POINT('',(0.144506325991299,-0.0711544947314129,-0.035));
#4457=CARTESIAN_POINT('',(0.144506325991299,-0.0766544947314129,-0.035));
#4458=CARTESIAN_POINT('',(0.131506325991299,-0.0581544947314129,-0.035));
#4459=CARTESIAN_POINT('',(0.126006325991299,-0.0581544947314129,-0.035));
#4460=CARTESIAN_POINT('',(0.130956325991299,-0.0646544947314129,-0.035));
#4461=CARTESIAN_POINT('',(0.128481325991299,-0.0646544947314129,-0.039344464869233));
#4462=CARTESIAN_POINT('',(0.128481325991299,-0.0711544947314129,-0.039344464869233));
#4463=CARTESIAN_POINT('',(0.130956325991299,-0.0711544947314129,-0.035));
#4464=CARTESIAN_POINT('',(0.0851591126763599,-0.0766544947314129,-0.035));
#4465=CARTESIAN_POINT('',(0.125456325991299,-0.0766544947314129,-0.035));
#4466=CARTESIAN_POINT('',(0.0851591126763599,-0.0766544947314129,-0.035));
#4467=CARTESIAN_POINT('',(0.131506325991299,-0.0766544947314129,-0.035));
#4468=CARTESIAN_POINT('',(0.126006325991299,-0.08374,-0.035));
#4469=CARTESIAN_POINT('',(0.126006325991299,-0.0711544947314129,-0.035));
#4470=CARTESIAN_POINT('',(0.125456325991299,-0.0711544947314129,-0.035));
#4471=CARTESIAN_POINT('',(0.128481325991299,-0.0757479003307476,-0.04));
#4472=CARTESIAN_POINT('',(0.128481325991299,-0.0749739067274563,-0.04));
#4473=CARTESIAN_POINT('',(0.128481325991299,-0.0734389353429321,-0.0397286854680238));
#4474=CARTESIAN_POINT('',(0.128481325991299,-0.0719351767121252,-0.0393444648692317));
#4475=CARTESIAN_POINT('',(0.128481325991299,-0.0711544947314131,-0.0393444648692316));
#4476=CARTESIAN_POINT('',(0.131506325991299,-0.0711544947314129,-0.035));
#4477=CARTESIAN_POINT('',(0.0198701057223399,-0.100339333225419,-0.0395891507147764));
#4478=CARTESIAN_POINT('',(0.0189201934109455,-0.100339333225419,-0.04));
#4479=CARTESIAN_POINT('',(0.0178852390474554,-0.100339333225419,-0.04));
#4480=CARTESIAN_POINT('',(0.0197546760759166,-0.101180807015175,-0.0396390755204329));
#4481=CARTESIAN_POINT('',(0.0187757253773126,-0.101194844909846,-0.0400341723013987));
#4482=CARTESIAN_POINT('',(0.0177207104179921,-0.101191931385793,-0.04));
#4483=CARTESIAN_POINT('',(0.0196401155996739,-0.102020460776881,-0.0396359157472477));
#4484=CARTESIAN_POINT('',(0.0186330145094797,-0.102048405533315,-0.0400131212453841));
#4485=CARTESIAN_POINT('',(0.0175596847177113,-0.102041609001353,-0.0399439605041573));
#4486=CARTESIAN_POINT('',(0.019526297745074,-0.102858324951983,-0.0395786217459163));
#4487=CARTESIAN_POINT('',(0.0184919120906526,-0.102899702145618,-0.0399356391712716));
#4488=CARTESIAN_POINT('',(0.0174019919033538,-0.102887517687692,-0.039830507251586));
#4489=CARTESIAN_POINT('',(0.0198542790329948,-0.100339333225421,-0.039595963613362));
#4490=CARTESIAN_POINT('',(0.0194559833586156,-0.100750589941959,-0.0397666046747141));
#4491=CARTESIAN_POINT('',(0.0186512962717992,-0.101583552517326,-0.0399711839203392));
#4492=CARTESIAN_POINT('',(0.017810591805059,-0.102453537274909,-0.0399202036392658));
#4493=CARTESIAN_POINT('',(0.0174048138013519,-0.102872381739712,-0.0398325310739521));
#4494=CARTESIAN_POINT('',(0.0198542790329948,-0.100339333225421,-0.0395959636133619));
#4495=CARTESIAN_POINT('',(0.0178852390474554,-0.100339333225419,-0.035));
#4496=CARTESIAN_POINT('',(0.0202285406351514,-0.102302903792971,-0.04));
#4497=CARTESIAN_POINT('',(0.0202285406351514,-0.101048112062251,-0.0400000000000011));
#4498=CARTESIAN_POINT('',(0.0202285406351518,-0.099942009660042,-0.039407513912981));
#4499=CARTESIAN_POINT('',(0.0192806272660565,-0.102496375582963,-0.0399999999999992));
#4500=CARTESIAN_POINT('',(0.0192760023727522,-0.101212010518581,-0.0400487902534214));
#4501=CARTESIAN_POINT('',(0.0192926736066837,-0.100063014893756,-0.0394723306217796));
#4502=CARTESIAN_POINT('',(0.0183334844319208,-0.102687471495455,-0.0399447752857234));
#4503=CARTESIAN_POINT('',(0.0183241287727161,-0.101376052908505,-0.0400445357591702));
#4504=CARTESIAN_POINT('',(0.0183583290243309,-0.100184761910859,-0.0394873766236515));
#4505=CARTESIAN_POINT('',(0.017387894527154,-0.102875750856265,-0.0398304925869023));
#4506=CARTESIAN_POINT('',(0.0173729016901013,-0.101539963055092,-0.0399838161261207));
#4507=CARTESIAN_POINT('',(0.01742513717247,-0.100307087886363,-0.0394496324355083));
#4508=CARTESIAN_POINT('',(0.0202285406351548,-0.102302903792964,-0.035));
#4509=CARTESIAN_POINT('',(0.0202285406351521,-0.0999596022052703,-0.0394168923089767));
#4510=CARTESIAN_POINT('',(0.0202285406351521,-0.0999596022052703,-0.0394168923089767));
#4511=CARTESIAN_POINT('',(0.0201040224622033,-0.100084120378219,-0.0394829531526553));
#4512=CARTESIAN_POINT('',(0.0199790307399025,-0.100210521941077,-0.0395425164758669));
#4513=CARTESIAN_POINT('',(0.0198542790329948,-0.100339333225421,-0.039595963613362));
#4514=CARTESIAN_POINT('',(0.0851591126763599,-0.102302903792967,-0.035));
#4515=CARTESIAN_POINT('',(0.0178852390474554,-0.102302903792967,-0.035));
#4516=CARTESIAN_POINT('',(0.0739919714145453,-0.102302903792967,-0.035));
#4517=CARTESIAN_POINT('',(0.0178852390474554,-0.0770727935393877,-0.035));
#4518=CARTESIAN_POINT('',(0.0178852390474554,-0.0518426832858083,-0.035));
#4519=CARTESIAN_POINT('',(0.0739919714145453,-0.08374,-0.035));
#4520=CARTESIAN_POINT('',(0.0739919714145453,-0.0518426832858083,-0.035));
#4521=CARTESIAN_POINT('',(0.0459386052310003,-0.0518426832858083,-0.035));
#4522=CARTESIAN_POINT('',(0.14508451935729,-0.0584020103346346,-0.0315428345268787));
#4523=CARTESIAN_POINT('',(0.145076916879222,-0.0583144056778692,-0.0315009266730155));
#4524=CARTESIAN_POINT('',(0.145056437977563,-0.0581897506279912,-0.0314381978894926));
#4525=CARTESIAN_POINT('',(0.145010463981359,-0.0580418656212809,-0.031353436331938));
#4526=CARTESIAN_POINT('',(0.144965090743572,-0.0579402913859848,-0.0312877223341002));
#4527=CARTESIAN_POINT('',(0.144905911059571,-0.0578476526707822,-0.0312186992762632));
#4528=CARTESIAN_POINT('',(0.144843909819525,-0.0577825669014336,-0.0311592352530504));
#4529=CARTESIAN_POINT('',(0.144786167888137,-0.0577389692408751,-0.0311127353654104));
#4530=CARTESIAN_POINT('',(0.144724658515803,-0.0577022163596597,-0.0310675087343634));
#4531=CARTESIAN_POINT('',(0.144641571917409,-0.0576687037000302,-0.0310130465405102));
#4532=CARTESIAN_POINT('',(0.144533815852479,-0.0576428612011983,-0.0309506746406597));
#4533=CARTESIAN_POINT('',(0.144420520636495,-0.0576254604147832,-0.0308914258739285));
#4534=CARTESIAN_POINT('',(0.144303164215819,-0.0576119394069652,-0.0308349743868737));
#4535=CARTESIAN_POINT('',(0.144142880071943,-0.0575956971257471,-0.0307627862469482));
#4536=CARTESIAN_POINT('',(0.143937225072184,-0.0575756284643868,-0.0306770430443392));
#4537=CARTESIAN_POINT('',(0.143768901843683,-0.0575573795210193,-0.0306110620289907));
#4538=CARTESIAN_POINT('',(0.143683875633326,-0.057547562951101,-0.0305784933927576));
#4539=CARTESIAN_POINT('',(0.145080349875907,-0.0583940127620111,-0.0316399513300668));
#4540=CARTESIAN_POINT('',(0.145072763548538,-0.0583060715724928,-0.0315973261175518));
#4541=CARTESIAN_POINT('',(0.14505219420466,-0.0581807512153991,-0.0315334780175285));
#4542=CARTESIAN_POINT('',(0.145005750337926,-0.0580327351786824,-0.0314473293335189));
#4543=CARTESIAN_POINT('',(0.144960235246736,-0.0579323077581156,-0.0313807763215653));
#4544=CARTESIAN_POINT('',(0.144900892535943,-0.0578414360799115,-0.0313107260074116));
#4545=CARTESIAN_POINT('',(0.144838177421187,-0.0577773292460032,-0.0312509335837882));
#4546=CARTESIAN_POINT('',(0.144779245471544,-0.0577342945631203,-0.0312043245976601));
#4547=CARTESIAN_POINT('',(0.144716230751132,-0.0576981114157738,-0.0311589484316319));
#4548=CARTESIAN_POINT('',(0.144631590449956,-0.0576662776921542,-0.0311045130914516));
#4549=CARTESIAN_POINT('',(0.14452315104806,-0.0576424953455355,-0.0310423975585486));
#4550=CARTESIAN_POINT('',(0.144409302041181,-0.0576266569090896,-0.0309834558018746));
#4551=CARTESIAN_POINT('',(0.144291679732549,-0.0576141439240063,-0.0309273274285981));
#4552=CARTESIAN_POINT('',(0.144131259916507,-0.0575988203431978,-0.0308555354211569));
#4553=CARTESIAN_POINT('',(0.143925645557393,-0.0575794676193975,-0.0307701856236428));
#4554=CARTESIAN_POINT('',(0.143757342711551,-0.057561587167648,-0.0307043908589274));
#4555=CARTESIAN_POINT('',(0.143672321462442,-0.0575519403118391,-0.0306719043419716));
#4556=CARTESIAN_POINT('',(0.145073901160172,-0.0583822029376049,-0.0317866147611148));
#4557=CARTESIAN_POINT('',(0.145066384627473,-0.058293771834425,-0.0317429345783945));
#4558=CARTESIAN_POINT('',(0.145045657531482,-0.0581671921796648,-0.0316773353450217));
#4559=CARTESIAN_POINT('',(0.14499795327731,-0.058018010701226,-0.0315893130706607));
#4560=CARTESIAN_POINT('',(0.144951275777647,-0.0579180290418784,-0.0315216655224084));
#4561=CARTESIAN_POINT('',(0.144890930603609,-0.0578293770933912,-0.031450726121426));
#4562=CARTESIAN_POINT('',(0.144826451326317,-0.0577668707654149,-0.0313905382219374));
#4563=CARTESIAN_POINT('',(0.144766639358048,-0.0577259449257654,-0.0313436718798555));
#4564=CARTESIAN_POINT('',(0.14470254403847,-0.0576920998468654,-0.0312979312694812));
#4565=CARTESIAN_POINT('',(0.144616803457663,-0.0576629640591121,-0.0312429123380099));
#4566=CARTESIAN_POINT('',(0.144507336692138,-0.0576425961675969,-0.0311806704233046));
#4567=CARTESIAN_POINT('',(0.144392761350064,-0.0576289456186435,-0.0311219009456413));
#4568=CARTESIAN_POINT('',(0.144274854567221,-0.0576178473824663,-0.0310660626892643));
#4569=CARTESIAN_POINT('',(0.144114395946367,-0.0576037397148892,-0.0309946930894923));
#4570=CARTESIAN_POINT('',(0.143908912239306,-0.0575855143091441,-0.030909820978407));
#4571=CARTESIAN_POINT('',(0.143740654269367,-0.0575681600156901,-0.0308442786946032));
#4572=CARTESIAN_POINT('',(0.143655637129889,-0.0575587667811278,-0.0308119067459244));
#4573=CARTESIAN_POINT('',(0.1450646265769,-0.058366785172895,-0.0319836871840149));
#4574=CARTESIAN_POINT('',(0.14505761438772,-0.0582781651905793,-0.0319386887789285));
#4575=CARTESIAN_POINT('',(0.145037322020702,-0.0581502949039843,-0.0318710292277732));
#4576=CARTESIAN_POINT('',(0.144987843853938,-0.05799831668175,-0.0317804286515869));
#4577=CARTESIAN_POINT('',(0.144939175181112,-0.0578979939338217,-0.0317118725152674));
#4578=CARTESIAN_POINT('',(0.144876242275421,-0.0578110548282104,-0.0316400080777092));
#4579=CARTESIAN_POINT('',(0.144809575405282,-0.0577515726888449,-0.0315789731108736));
#4580=CARTESIAN_POINT('',(0.144748929197318,-0.0577143257515536,-0.0315311313884305));
#4581=CARTESIAN_POINT('',(0.144684180367486,-0.0576840771573637,-0.031484351502356));
#4582=CARTESIAN_POINT('',(0.144597456427884,-0.0576601758156412,-0.0314283793201999));
#4583=CARTESIAN_POINT('',(0.144486502216079,-0.057643957945583,-0.0313656247584619));
#4584=CARTESIAN_POINT('',(0.144371485302555,-0.0576328672770192,-0.0313067920255514));
#4585=CARTESIAN_POINT('',(0.144253635269747,-0.0576231029666095,-0.0312510970823413));
#4586=CARTESIAN_POINT('',(0.14409332873085,-0.0576109068541475,-0.0311800615942205));
#4587=CARTESIAN_POINT('',(0.143888115773937,-0.0575941987052775,-0.0310956792925108));
#4588=CARTESIAN_POINT('',(0.143719889492909,-0.0575775306573455,-0.0310304269630202));
#4589=CARTESIAN_POINT('',(0.143634843624783,-0.0575684182279766,-0.03099816673936));
#4590=CARTESIAN_POINT('',(0.145054799287199,-0.0583512080665425,-0.0321810940784076));
#4591=CARTESIAN_POINT('',(0.145048559202794,-0.0582629151424704,-0.0321349879066372));
#4592=CARTESIAN_POINT('',(0.145029257440249,-0.0581340745167636,-0.0320652836274807));
#4593=CARTESIAN_POINT('',(0.144978580909507,-0.0579796084791671,-0.0319726391395205));
#4594=CARTESIAN_POINT('',(0.144927430888781,-0.0578775853980198,-0.0319026951324385));
#4595=CARTESIAN_POINT('',(0.144861566457169,-0.057791411177361,-0.0318296155484201));
#4596=CARTESIAN_POINT('',(0.144793194645499,-0.0577353773187646,-0.0317673026636838));
#4597=CARTESIAN_POINT('',(0.144731666832711,-0.0577023282680023,-0.0317184016201045));
#4598=CARTESIAN_POINT('',(0.144666212942569,-0.0576771724511913,-0.0316706201227782));
#4599=CARTESIAN_POINT('',(0.144577956898693,-0.0576566219108034,-0.0316136070807718));
#4600=CARTESIAN_POINT('',(0.144466018756468,-0.0576465742876383,-0.0315504558921327));
#4601=CARTESIAN_POINT('',(0.144351268476232,-0.057636266227653,-0.0314914861436491));
#4602=CARTESIAN_POINT('',(0.144233485111466,-0.0576287543133832,-0.0314358690390703));
#4603=CARTESIAN_POINT('',(0.144073415348575,-0.0576184872211102,-0.0313651073701742));
#4604=CARTESIAN_POINT('',(0.143868473013582,-0.0576034412517724,-0.0312811701311805));
#4605=CARTESIAN_POINT('',(0.143700255521564,-0.0575872944641438,-0.0312161951533098));
#4606=CARTESIAN_POINT('',(0.143615136365828,-0.0575784821423707,-0.0311840228599749));
#4607=CARTESIAN_POINT('',(0.145041391021049,-0.0583296175683716,-0.0324260979319557));
#4608=CARTESIAN_POINT('',(0.145036654812425,-0.0582436794379409,-0.0323790054659895));
#4609=CARTESIAN_POINT('',(0.1450194123626,-0.0581148066365904,-0.0323076242274078));
#4610=CARTESIAN_POINT('',(0.144968273262379,-0.0579559837379811,-0.0322120844149556));
#4611=CARTESIAN_POINT('',(0.144914306482026,-0.0578508262773422,-0.0321390185993359));
#4612=CARTESIAN_POINT('',(0.144845033962978,-0.057765140048262,-0.0320634620737166));
#4613=CARTESIAN_POINT('',(0.144774547961809,-0.0577134058767215,-0.0319998868401749));
#4614=CARTESIAN_POINT('',(0.144711549156455,-0.0576850152830291,-0.031950022760228));
#4615=CARTESIAN_POINT('',(0.144644685805665,-0.0576652040369913,-0.0319013341516007));
#4616=CARTESIAN_POINT('',(0.144555046913946,-0.0576572989729419,-0.0318437215693654));
#4617=CARTESIAN_POINT('',(0.144443904059672,-0.0576454510705448,-0.031780019187059));
#4618=CARTESIAN_POINT('',(0.144328662514967,-0.0576415438220339,-0.031721024353183));
#4619=CARTESIAN_POINT('',(0.144210947395799,-0.0576362666649183,-0.0316656785440987));
#4620=CARTESIAN_POINT('',(0.144051010709923,-0.0576296408712736,-0.0315952156460743));
#4621=CARTESIAN_POINT('',(0.143846499511277,-0.05761560153141,-0.0315119930656022));
#4622=CARTESIAN_POINT('',(0.143678100481162,-0.0576003955596608,-0.0314473426788204));
#4623=CARTESIAN_POINT('',(0.143592830488601,-0.0575919309494268,-0.0314152616400171));
#4624=CARTESIAN_POINT('',(0.145025260198205,-0.0582937233130609,-0.0327046082112555));
#4625=CARTESIAN_POINT('',(0.145022156253939,-0.0582124016914269,-0.0326569003411022));
#4626=CARTESIAN_POINT('',(0.145009837085239,-0.0580901088299999,-0.0325847454547054));
#4627=CARTESIAN_POINT('',(0.144960963607038,-0.0579298691500982,-0.0324850351035502));
#4628=CARTESIAN_POINT('',(0.144906241751703,-0.0578244146220671,-0.0324082337163159));
#4629=CARTESIAN_POINT('',(0.144833680327432,-0.0577406936111567,-0.0323307940246283));
#4630=CARTESIAN_POINT('',(0.144760060341692,-0.0576932402457206,-0.0322670648654697));
#4631=CARTESIAN_POINT('',(0.144694805696503,-0.0576699836451197,-0.032217630295151));
#4632=CARTESIAN_POINT('',(0.144626080761981,-0.0576561506101034,-0.0321695111536385));
#4633=CARTESIAN_POINT('',(0.144535466051569,-0.057652516847637,-0.0321120170645289));
#4634=CARTESIAN_POINT('',(0.144422597571705,-0.0576583754945778,-0.0320490521502426));
#4635=CARTESIAN_POINT('',(0.144307281062355,-0.0576513056413171,-0.0319911856208877));
#4636=CARTESIAN_POINT('',(0.144189269255207,-0.0576500993949317,-0.0319364027994113));
#4637=CARTESIAN_POINT('',(0.144029619351868,-0.0576431657371979,-0.031867400744984));
#4638=CARTESIAN_POINT('',(0.14382536130654,-0.0576312174321294,-0.0317857870844533));
#4639=CARTESIAN_POINT('',(0.143656503404563,-0.0576173202458149,-0.0317216244053903));
#4640=CARTESIAN_POINT('',(0.14357074732239,-0.0576096042793092,-0.0316896601477535));
#4641=CARTESIAN_POINT('',(0.145016912074077,-0.0582485313929688,-0.0329579975972469));
#4642=CARTESIAN_POINT('',(0.145012418295252,-0.058175709128249,-0.0329083596849529));
#4643=CARTESIAN_POINT('',(0.145002934263345,-0.0580597582136517,-0.0328341008437006));
#4644=CARTESIAN_POINT('',(0.144958316211815,-0.057906980608061,-0.0327326862523829));
#4645=CARTESIAN_POINT('',(0.144904584514272,-0.0578058180488696,-0.0326559928236403));
#4646=CARTESIAN_POINT('',(0.144831772713953,-0.0577264034557888,-0.0325795041866325));
#4647=CARTESIAN_POINT('',(0.144756776013929,-0.0576827460490912,-0.0325172985729845));
#4648=CARTESIAN_POINT('',(0.144690098265853,-0.0576623538151791,-0.0324692376783086));
#4649=CARTESIAN_POINT('',(0.144619664124316,-0.0576514249802179,-0.0324225713086866));
#4650=CARTESIAN_POINT('',(0.144525840808758,-0.0576545404075168,-0.0323674304323476));
#4651=CARTESIAN_POINT('',(0.144410234653592,-0.0576528521259013,-0.032307144914143));
#4652=CARTESIAN_POINT('',(0.144293576580154,-0.0576578955247329,-0.0322515385982751));
#4653=CARTESIAN_POINT('',(0.144175367938748,-0.0576555730581719,-0.0321998818391533));
#4654=CARTESIAN_POINT('',(0.144014889704743,-0.0576537852968677,-0.0321339697811022));
#4655=CARTESIAN_POINT('',(0.143810714206292,-0.0576458124789557,-0.0320544895025818));
#4656=CARTESIAN_POINT('',(0.143640683002674,-0.0576348448807195,-0.0319912424697098));
#4657=CARTESIAN_POINT('',(0.143554646702638,-0.0576287594119006,-0.0319596984358295));
#4658=CARTESIAN_POINT('',(0.145004137307307,-0.0582019204645331,-0.0332749613196327));
#4659=CARTESIAN_POINT('',(0.145004986361119,-0.0581261756198999,-0.0332204134356231));
#4660=CARTESIAN_POINT('',(0.144998130685216,-0.0580125052919921,-0.0331420452106313));
#4661=CARTESIAN_POINT('',(0.144959681873569,-0.0578733328002417,-0.0330382553332284));
#4662=CARTESIAN_POINT('',(0.14491167901334,-0.0577815669195793,-0.0329620125114318));
#4663=CARTESIAN_POINT('',(0.144841260690445,-0.0577100757455018,-0.0328883919929895));
#4664=CARTESIAN_POINT('',(0.144766833648555,-0.0576708499792613,-0.0328300386409564));
#4665=CARTESIAN_POINT('',(0.144699883100193,-0.057650877411075,-0.0327857099450262));
#4666=CARTESIAN_POINT('',(0.144628814387251,-0.0576373735350005,-0.0327430803544206));
#4667=CARTESIAN_POINT('',(0.144533943027236,-0.057629089294603,-0.0326930443534666));
#4668=CARTESIAN_POINT('',(0.144414081484633,-0.057635316490372,-0.0326379518345193));
#4669=CARTESIAN_POINT('',(0.144291273547825,-0.0576430455913354,-0.0325871161138206));
#4670=CARTESIAN_POINT('',(0.144167753014207,-0.0576535752327891,-0.032538768345334));
#4671=CARTESIAN_POINT('',(0.144004861863977,-0.057657600261156,-0.0324791354214816));
#4672=CARTESIAN_POINT('',(0.143799621909835,-0.0576599762708754,-0.0324041420442494));
#4673=CARTESIAN_POINT('',(0.143630051669437,-0.0576567283787352,-0.0323437377834));
#4674=CARTESIAN_POINT('',(0.143542850723353,-0.0576540263455088,-0.0323127156305276));
#4675=CARTESIAN_POINT('',(0.145005833309225,-0.0581383198394536,-0.0336509365162068));
#4676=CARTESIAN_POINT('',(0.145010371478631,-0.0580561102505234,-0.0335895552577983));
#4677=CARTESIAN_POINT('',(0.145011433163787,-0.0579419023760714,-0.0334999237647133));
#4678=CARTESIAN_POINT('',(0.144984050269348,-0.0578105293460002,-0.0333907249409114));
#4679=CARTESIAN_POINT('',(0.144940120246818,-0.0577289213312708,-0.0333139283889361));
#4680=CARTESIAN_POINT('',(0.144875911797562,-0.0576667542855764,-0.0332435353148686));
#4681=CARTESIAN_POINT('',(0.144804470814557,-0.0576310895676728,-0.0331907454366906));
#4682=CARTESIAN_POINT('',(0.14473815004169,-0.0576117514216612,-0.0331518446233694));
#4683=CARTESIAN_POINT('',(0.144666496154948,-0.057598331355711,-0.0331150636594864));
#4684=CARTESIAN_POINT('',(0.144568484866525,-0.0575925277688049,-0.0330728864921482));
#4685=CARTESIAN_POINT('',(0.144443081096484,-0.0575945507115699,-0.0330276032380033));
#4686=CARTESIAN_POINT('',(0.144314576185942,-0.0576051887856288,-0.0329863913769408));
#4687=CARTESIAN_POINT('',(0.14418560023037,-0.0576173655410233,-0.0329479642652298));
#4688=CARTESIAN_POINT('',(0.144012882416405,-0.0576359744498132,-0.0328946037089765));
#4689=CARTESIAN_POINT('',(0.143803527351013,-0.0576497918745141,-0.0328250176349636));
#4690=CARTESIAN_POINT('',(0.143637264095084,-0.0576565910846952,-0.032769647662535));
#4691=CARTESIAN_POINT('',(0.143554250658801,-0.0576588577039298,-0.0327415479057665));
#4692=CARTESIAN_POINT('',(0.14503661182436,-0.0580988993906989,-0.0341386372282277));
#4693=CARTESIAN_POINT('',(0.145044806950662,-0.0580080539208386,-0.0340626461277047));
#4694=CARTESIAN_POINT('',(0.14505212993776,-0.0578778990652507,-0.0339523749002952));
#4695=CARTESIAN_POINT('',(0.145039092106859,-0.057734787295307,-0.0338180568355464));
#4696=CARTESIAN_POINT('',(0.145011872913396,-0.0576470312476931,-0.0337297292081806));
#4697=CARTESIAN_POINT('',(0.144954257690921,-0.0575806807408258,-0.033654185529493));
#4698=CARTESIAN_POINT('',(0.144883081785325,-0.0575442248873905,-0.0336012727022805));
#4699=CARTESIAN_POINT('',(0.144814481697747,-0.057525496756838,-0.0335647060836472));
#4700=CARTESIAN_POINT('',(0.144739102585252,-0.0575131330047726,-0.0335317862600213));
#4701=CARTESIAN_POINT('',(0.144634294802779,-0.0575080725735122,-0.0334968938086123));
#4702=CARTESIAN_POINT('',(0.144498948178634,-0.0575154737061725,-0.0334623376249895));
#4703=CARTESIAN_POINT('',(0.144361521958071,-0.0575296071147591,-0.0334320396101623));
#4704=CARTESIAN_POINT('',(0.144228528471669,-0.0575467184097384,-0.0334029393297937));
#4705=CARTESIAN_POINT('',(0.144061797414098,-0.0575696055551669,-0.0333651921169896));
#4706=CARTESIAN_POINT('',(0.143855851032477,-0.0575964445390294,-0.0333051523055768));
#4707=CARTESIAN_POINT('',(0.143691202205487,-0.0576129375170933,-0.0332499706287749));
#4708=CARTESIAN_POINT('',(0.14360824165933,-0.0576200496839746,-0.0332228798657533));
#4709=CARTESIAN_POINT('',(0.145102326412513,-0.0580890995501941,-0.0348196038211514));
#4710=CARTESIAN_POINT('',(0.145122444810281,-0.0579661123395867,-0.0347123235081634));
#4711=CARTESIAN_POINT('',(0.145141345924112,-0.0577974234371865,-0.034562087103342));
#4712=CARTESIAN_POINT('',(0.145140139589126,-0.0576157992298165,-0.0343844041518186));
#4713=CARTESIAN_POINT('',(0.145122084200565,-0.0575037717176912,-0.0342684881269864));
#4714=CARTESIAN_POINT('',(0.145078075354713,-0.0574206471810049,-0.0341740464032984));
#4715=CARTESIAN_POINT('',(0.145013961077439,-0.057375114056197,-0.034115024802319));
#4716=CARTESIAN_POINT('',(0.14494774429689,-0.057351720838091,-0.0340787504174136));
#4717=CARTESIAN_POINT('',(0.144872800593841,-0.0573364375063474,-0.0340492071014779));
#4718=CARTESIAN_POINT('',(0.14476553858264,-0.0573313419650566,-0.034023691859509));
#4719=CARTESIAN_POINT('',(0.14462498991265,-0.0573421978454984,-0.0340068715800952));
#4720=CARTESIAN_POINT('',(0.144482206436952,-0.0573650112196909,-0.0339978009181937));
#4721=CARTESIAN_POINT('',(0.144344278625748,-0.0573933582170901,-0.0339891609901538));
#4722=CARTESIAN_POINT('',(0.144170081572179,-0.0574282214927208,-0.0339652887861057));
#4723=CARTESIAN_POINT('',(0.143963005596977,-0.0574685444401775,-0.0339106810527224));
#4724=CARTESIAN_POINT('',(0.14379197052964,-0.0574975070646272,-0.0338601448413556));
#4725=CARTESIAN_POINT('',(0.143705951619189,-0.0575111439918844,-0.033833595147585));
#4726=CARTESIAN_POINT('',(0.14532046063396,-0.0580101470944437,-0.0360053406039782));
#4727=CARTESIAN_POINT('',(0.145356057288578,-0.0578460520777133,-0.0358271891423521));
#4728=CARTESIAN_POINT('',(0.145396180667586,-0.0576140750229373,-0.0355798053743844));
#4729=CARTESIAN_POINT('',(0.145414860798505,-0.0573346825598369,-0.035316136860955));
#4730=CARTESIAN_POINT('',(0.145406183080948,-0.0571585570938594,-0.0351512778700844));
#4731=CARTESIAN_POINT('',(0.145365069403124,-0.0570315953068724,-0.0350272077221762));
#4732=CARTESIAN_POINT('',(0.145303880143308,-0.0569663413770916,-0.0349575576341866));
#4733=CARTESIAN_POINT('',(0.145240511053067,-0.0569353923847063,-0.034920196483687));
#4734=CARTESIAN_POINT('',(0.1451684239555,-0.0569171174004725,-0.0348940996281032));
#4735=CARTESIAN_POINT('',(0.14506397475037,-0.0569148158341731,-0.0348802508144523));
#4736=CARTESIAN_POINT('',(0.144923430692255,-0.0569341268094968,-0.0348842453136858));
#4737=CARTESIAN_POINT('',(0.144775492400835,-0.0569647086240973,-0.03489922007962));
#4738=CARTESIAN_POINT('',(0.144626698704463,-0.0569980750341854,-0.0349146795743293));
#4739=CARTESIAN_POINT('',(0.144431098847878,-0.0570422378311442,-0.0349208113282762));
#4740=CARTESIAN_POINT('',(0.1441919259755,-0.0570998327830834,-0.0348949339150049));
#4741=CARTESIAN_POINT('',(0.144001274079517,-0.0571401271079207,-0.0348736320260531));
#4742=CARTESIAN_POINT('',(0.143905403176144,-0.0571588668129564,-0.0348633407776125));
#4743=CARTESIAN_POINT('',(0.146229232430724,-0.0572271021811847,-0.0367379296803832));
#4744=CARTESIAN_POINT('',(0.146214134083522,-0.0570917696612135,-0.0366373146640753));
#4745=CARTESIAN_POINT('',(0.1461863399023,-0.0569005255807498,-0.0364850883508554));
#4746=CARTESIAN_POINT('',(0.146132791307311,-0.0566897164374116,-0.0362623702509499));
#4747=CARTESIAN_POINT('',(0.146078952868479,-0.0565398805525709,-0.0361084312927085));
#4748=CARTESIAN_POINT('',(0.146008904181646,-0.0563994259808079,-0.0359779471560004));
#4749=CARTESIAN_POINT('',(0.145933649793699,-0.0562998951167313,-0.0358949276511386));
#4750=CARTESIAN_POINT('',(0.145862155440806,-0.0562343761714518,-0.0358460809126323));
#4751=CARTESIAN_POINT('',(0.145782967009721,-0.0561790257501122,-0.0358093363411213));
#4752=CARTESIAN_POINT('',(0.145669417991852,-0.0561298423381416,-0.0357867452013051));
#4753=CARTESIAN_POINT('',(0.145509615719514,-0.0561029408917738,-0.0357982812934309));
#4754=CARTESIAN_POINT('',(0.14532755842607,-0.0561032699838991,-0.0358456204698247));
#4755=CARTESIAN_POINT('',(0.145126326807178,-0.0561204841401556,-0.0359236968415291));
#4756=CARTESIAN_POINT('',(0.1448410900745,-0.0561405963315385,-0.0360609223123715));
#4757=CARTESIAN_POINT('',(0.144467716895518,-0.0561286612623477,-0.0362786242104539));
#4758=CARTESIAN_POINT('',(0.144162141081161,-0.0561048357660715,-0.0364615748485441));
#4759=CARTESIAN_POINT('',(0.144008106194552,-0.0560904101606123,-0.0365555307541226));
#4760=CARTESIAN_POINT('',(0.147524813059216,-0.0566595890776089,-0.0377669253142267));
#4761=CARTESIAN_POINT('',(0.147478871229586,-0.0565256262076564,-0.0375653412751263));
#4762=CARTESIAN_POINT('',(0.147394309537718,-0.0563237698955023,-0.0372929699314892));
#4763=CARTESIAN_POINT('',(0.14725194462807,-0.0560273713819183,-0.0370139200440187));
#4764=CARTESIAN_POINT('',(0.147134199645455,-0.0558086386169226,-0.0368201393914483));
#4765=CARTESIAN_POINT('',(0.147004459814053,-0.0556022189650657,-0.0366550642572251));
#4766=CARTESIAN_POINT('',(0.146882704615545,-0.0554426576386275,-0.03654966430407));
#4767=CARTESIAN_POINT('',(0.146774638042835,-0.055324347177331,-0.036488080822372));
#4768=CARTESIAN_POINT('',(0.14665856366951,-0.0552128206180208,-0.036442521544283));
#4769=CARTESIAN_POINT('',(0.146496887725901,-0.0550869929096425,-0.0364165381204997));
#4770=CARTESIAN_POINT('',(0.146273416268939,-0.0549594126038026,-0.0364354034786807));
#4771=CARTESIAN_POINT('',(0.146019517424917,-0.0548563632605154,-0.0365065360659211));
#4772=CARTESIAN_POINT('',(0.145737814652189,-0.054774809094015,-0.0366304937910532));
#4773=CARTESIAN_POINT('',(0.145334423553554,-0.0546838145547698,-0.0368598191311587));
#4774=CARTESIAN_POINT('',(0.144809054997076,-0.0545795396527407,-0.0372537902089327));
#4775=CARTESIAN_POINT('',(0.14437041047082,-0.0544947953234132,-0.0376540879690101));
#4776=CARTESIAN_POINT('',(0.144147684502871,-0.0544520728591328,-0.0378693205254608));
#4777=CARTESIAN_POINT('',(0.149367238371037,-0.0565441204228962,-0.0382185418040406));
#4778=CARTESIAN_POINT('',(0.149171653824106,-0.0563295829578513,-0.0380638266281257));
#4779=CARTESIAN_POINT('',(0.148890980602392,-0.0560104643565457,-0.0378197370427521));
#4780=CARTESIAN_POINT('',(0.148524895263914,-0.0556264838039403,-0.0374728730154558));
#4781=CARTESIAN_POINT('',(0.148247583174484,-0.0553475190710748,-0.0372387744522479));
#4782=CARTESIAN_POINT('',(0.147964040222521,-0.0550710452500762,-0.0370358325554299));
#4783=CARTESIAN_POINT('',(0.147721555587335,-0.0548407369773883,-0.0369002234279737));
#4784=CARTESIAN_POINT('',(0.147523208896909,-0.0546552271095247,-0.0368165376962302));
#4785=CARTESIAN_POINT('',(0.147321890532646,-0.0544686276558567,-0.0367508258472273));
#4786=CARTESIAN_POINT('',(0.147064515039657,-0.0542331613654927,-0.0367054690949822));
#4787=CARTESIAN_POINT('',(0.146743951687294,-0.0539478038365179,-0.0367195660541297));
#4788=CARTESIAN_POINT('',(0.146409208171176,-0.0536592322122177,-0.0368021347271874));
#4789=CARTESIAN_POINT('',(0.146057529542189,-0.0533708860861449,-0.0369473307197197));
#4790=CARTESIAN_POINT('',(0.145564578988549,-0.0529965577571409,-0.0372137445919805));
#4791=CARTESIAN_POINT('',(0.144904953848931,-0.0525661485223251,-0.0376336395219363));
#4792=CARTESIAN_POINT('',(0.144362537987671,-0.0522416616565746,-0.0379650160725525));
#4793=CARTESIAN_POINT('',(0.144087581220736,-0.052083345248261,-0.038129076017893));
#4794=CARTESIAN_POINT('',(0.152041682986796,-0.0564369105924562,-0.03796765984286));
#4795=CARTESIAN_POINT('',(0.151704544750492,-0.0561346797249604,-0.0379423989720791));
#4796=CARTESIAN_POINT('',(0.151161113135075,-0.0557256492602353,-0.0378497635597859));
#4797=CARTESIAN_POINT('',(0.150413163466588,-0.0552020441467604,-0.0375942535604186));
#4798=CARTESIAN_POINT('',(0.149839731431076,-0.0548076108599453,-0.0373751470004254));
#4799=CARTESIAN_POINT('',(0.149260893621158,-0.0543995425798608,-0.0371707926729881));
#4800=CARTESIAN_POINT('',(0.14878046637053,-0.0540391183625102,-0.0370306461662097));
#4801=CARTESIAN_POINT('',(0.148402548503755,-0.0537360769139578,-0.0369435247208866));
#4802=CARTESIAN_POINT('',(0.148030387353963,-0.0534225837728811,-0.0368745212882435));
#4803=CARTESIAN_POINT('',(0.147578640943053,-0.0530100508771001,-0.0368225010670631));
#4804=CARTESIAN_POINT('',(0.147069344047387,-0.0524798659526976,-0.0368063968006892));
#4805=CARTESIAN_POINT('',(0.146599645318708,-0.0519220178321362,-0.0368331567993778));
#4806=CARTESIAN_POINT('',(0.146169198580384,-0.0513449731083274,-0.03688922821987));
#4807=CARTESIAN_POINT('',(0.145628538551136,-0.0505656429731373,-0.0369519248016026));
#4808=CARTESIAN_POINT('',(0.144921859025406,-0.0496364297448069,-0.0368392206709445));
#4809=CARTESIAN_POINT('',(0.14426174971936,-0.0489942915620648,-0.0366032052668958));
#4810=CARTESIAN_POINT('',(0.143914127299135,-0.0486948907147575,-0.0364578250657589));
#4811=CARTESIAN_POINT('',(0.153940184900003,-0.0562312987614154,-0.0362953136313002));
#4812=CARTESIAN_POINT('',(0.153583775181743,-0.0557300382640143,-0.036403551360178));
#4813=CARTESIAN_POINT('',(0.15300753838908,-0.0550008438914944,-0.0365055825913559));
#4814=CARTESIAN_POINT('',(0.152209955041895,-0.0541358398156517,-0.0364812748774243));
#4815=CARTESIAN_POINT('',(0.151598799878818,-0.0535308671402381,-0.0363767021687441));
#4816=CARTESIAN_POINT('',(0.150966274466421,-0.0529427883452345,-0.0362170153926491));
#4817=CARTESIAN_POINT('',(0.150425461663829,-0.0524573106424,-0.0360740074195008));
#4818=CARTESIAN_POINT('',(0.149987941425429,-0.0520678564966475,-0.0359660348195607));
#4819=CARTESIAN_POINT('',(0.149548952381156,-0.051677439557902,-0.0358648932587162));
#4820=CARTESIAN_POINT('',(0.149000896466507,-0.0511883659733956,-0.0357555635095314));
#4821=CARTESIAN_POINT('',(0.148348645568723,-0.050606311863385,-0.0356619128300482));
#4822=CARTESIAN_POINT('',(0.147700748631095,-0.0500328859669573,-0.035588789392171));
#4823=CARTESIAN_POINT('',(0.147049159237312,-0.0494786745991647,-0.0355045942046956));
#4824=CARTESIAN_POINT('',(0.146144378702885,-0.0487967030628324,-0.0353119862013628));
#4825=CARTESIAN_POINT('',(0.144931384095373,-0.0480640651363548,-0.0348820158454544));
#4826=CARTESIAN_POINT('',(0.143925938925662,-0.047617101046675,-0.0343811213044448));
#4827=CARTESIAN_POINT('',(0.14341493210952,-0.0474183159253649,-0.0340981893494719));
#4828=CARTESIAN_POINT('',(0.154916521345763,-0.0553917106007189,-0.034206318380602));
#4829=CARTESIAN_POINT('',(0.154569932849228,-0.0549002017275409,-0.034298134130265));
#4830=CARTESIAN_POINT('',(0.154031009399986,-0.0541862795704842,-0.0344004429999169));
#4831=CARTESIAN_POINT('',(0.153221574301871,-0.0532741046541109,-0.0344652334762729));
#4832=CARTESIAN_POINT('',(0.15257145276625,-0.052620240482118,-0.0344692050667968));
#4833=CARTESIAN_POINT('',(0.151911860362731,-0.051998711463202,-0.0344033198311252));
#4834=CARTESIAN_POINT('',(0.15135649884909,-0.0514994633280445,-0.0343090607094435));
#4835=CARTESIAN_POINT('',(0.150909477442181,-0.0511064315431006,-0.0342229512251678));
#4836=CARTESIAN_POINT('',(0.150461031069574,-0.0507169170402249,-0.0341319272475912));
#4837=CARTESIAN_POINT('',(0.149898054300793,-0.0502356270261048,-0.0340138637733068));
#4838=CARTESIAN_POINT('',(0.14921509363351,-0.0496702424852698,-0.0338736486605434));
#4839=CARTESIAN_POINT('',(0.148524783491374,-0.0491191457501375,-0.033716377071173));
#4840=CARTESIAN_POINT('',(0.147819269515466,-0.0485923449387007,-0.0335119447927871));
#4841=CARTESIAN_POINT('',(0.146843269292278,-0.0479460063604101,-0.0331347740320981));
#4842=CARTESIAN_POINT('',(0.145532163186927,-0.0473068806888115,-0.0323896949107895));
#4843=CARTESIAN_POINT('',(0.144431522373223,-0.0468801912750762,-0.0316434949357451));
#4844=CARTESIAN_POINT('',(0.143871872758989,-0.0466858017905497,-0.0312418662681203));
#4845=CARTESIAN_POINT('',(-0.00564,-0.0842415774387694,-0.0214271345428955));
#4846=CARTESIAN_POINT('',(0.118996905094645,-0.125146860758649,-0.028));
#4847=CARTESIAN_POINT('',(0.119873811687202,-0.125437322737684,-0.028));
#4848=CARTESIAN_POINT('',(0.119873811687202,-0.125437322737684,-0.028));
#4849=CARTESIAN_POINT('',(0.118996905094645,-0.125146860758649,-0.028));
#4850=CARTESIAN_POINT('',(0.118119998502089,-0.124856398779615,-0.028));
#4851=CARTESIAN_POINT('',(0.118119998502089,-0.124856398779615,-0.028));
#4852=CARTESIAN_POINT('',(0.117933092658488,-0.123951744404198,-0.028));
#4853=CARTESIAN_POINT('',(0.117933092658488,-0.123951744404198,-0.028));
#4854=CARTESIAN_POINT('',(0.117746186814887,-0.123047090028781,-0.028));
#4855=CARTESIAN_POINT('',(0.117746186814887,-0.123047090028781,-0.028));
#4856=CARTESIAN_POINT('',(0.118436187563843,-0.122432897632398,-0.028));
#4857=CARTESIAN_POINT('',(0.118436187563843,-0.122432897632398,-0.028));
#4858=CARTESIAN_POINT('',(0.119126188312798,-0.121818705236016,-0.028));
#4859=CARTESIAN_POINT('',(0.119126188312798,-0.121818705236016,-0.028));
#4860=CARTESIAN_POINT('',(0.120003094905355,-0.12210916721505,-0.028));
#4861=CARTESIAN_POINT('',(0.120003094905355,-0.12210916721505,-0.028));
#4862=CARTESIAN_POINT('',(0.120880001497911,-0.122399629194085,-0.028));
#4863=CARTESIAN_POINT('',(0.120880001497911,-0.122399629194085,-0.028));
#4864=CARTESIAN_POINT('',(0.121066907341512,-0.123304283569502,-0.028));
#4865=CARTESIAN_POINT('',(0.121066907341512,-0.123304283569502,-0.028));
#4866=CARTESIAN_POINT('',(0.121253813185113,-0.124208937944919,-0.028));
#4867=CARTESIAN_POINT('',(0.121253813185113,-0.124208937944919,-0.028));
#4868=CARTESIAN_POINT('',(0.120641497681027,-0.123716424266473,-0.028));
#4869=CARTESIAN_POINT('',(0.120448751029814,-0.122783499441824,-0.028));
#4870=CARTESIAN_POINT('',(0.120448751029814,-0.122783499441824,-0.028));
#4871=CARTESIAN_POINT('',(0.120448751029814,-0.122783499441824,-0.034));
#4872=CARTESIAN_POINT('',(0.120641497681027,-0.123716424266473,-0.034));
#4873=CARTESIAN_POINT('',(0.120705746564765,-0.124027399208022,-0.034));
#4874=CARTESIAN_POINT('',(0.120705746564765,-0.124027399208022,-0.028));
#4875=CARTESIAN_POINT('',(0.120705746564765,-0.124027399208022,-0.028));
#4876=CARTESIAN_POINT('',(0.120641497681027,-0.123716424266473,-0.028));
#4877=CARTESIAN_POINT('',(0.120147314388623,-0.122683653136531,-0.028));
#4878=CARTESIAN_POINT('',(0.119243004465049,-0.122384114220651,-0.028));
#4879=CARTESIAN_POINT('',(0.119243004465049,-0.122384114220651,-0.028));
#4880=CARTESIAN_POINT('',(0.119243004465049,-0.122384114220651,-0.034));
#4881=CARTESIAN_POINT('',(0.120147314388623,-0.122683653136531,-0.034));
#4882=CARTESIAN_POINT('',(0.120147314388623,-0.122683653136531,-0.028));
#4883=CARTESIAN_POINT('',(0.119005816707595,-0.122595242856908,-0.028));
#4884=CARTESIAN_POINT('',(0.118294253435235,-0.123228628765677,-0.028));
#4885=CARTESIAN_POINT('',(0.118294253435235,-0.123228628765677,-0.028));
#4886=CARTESIAN_POINT('',(0.118294253435235,-0.123228628765677,-0.034));
#4887=CARTESIAN_POINT('',(0.119005816707595,-0.122595242856908,-0.034));
#4888=CARTESIAN_POINT('',(0.119005816707595,-0.122595242856908,-0.028));
#4889=CARTESIAN_POINT('',(0.118358502318973,-0.123539603707227,-0.028));
#4890=CARTESIAN_POINT('',(0.118551248970186,-0.124472528531876,-0.028));
#4891=CARTESIAN_POINT('',(0.118551248970186,-0.124472528531876,-0.028));
#4892=CARTESIAN_POINT('',(0.118551248970186,-0.124472528531876,-0.034));
#4893=CARTESIAN_POINT('',(0.118358502318973,-0.123539603707227,-0.034));
#4894=CARTESIAN_POINT('',(0.118358502318973,-0.123539603707227,-0.028));
#4895=CARTESIAN_POINT('',(0.118852685611377,-0.124572374837169,-0.028));
#4896=CARTESIAN_POINT('',(0.119756995534951,-0.124871913753048,-0.028));
#4897=CARTESIAN_POINT('',(0.119756995534951,-0.124871913753048,-0.028));
#4898=CARTESIAN_POINT('',(0.119756995534951,-0.124871913753048,-0.034));
#4899=CARTESIAN_POINT('',(0.118852685611377,-0.124572374837169,-0.034));
#4900=CARTESIAN_POINT('',(0.118852685611377,-0.124572374837169,-0.028));
#4901=CARTESIAN_POINT('',(0.119994183292405,-0.124660785116792,-0.028));
#4902=CARTESIAN_POINT('',(0.119994183292405,-0.124660785116792,-0.034));
#4903=CARTESIAN_POINT('',(0.119994183292405,-0.124660785116792,-0.028));
#4904=CARTESIAN_POINT('',(0.120563812436157,-0.124823130341301,-0.028));
#4905=CARTESIAN_POINT('',(0.120563812436157,-0.124823130341301,-0.028));
#4906=CARTESIAN_POINT('',(0.0851615946802412,-0.0841519675402101,-0.028));
#4907=CARTESIAN_POINT('',(0.120227113544579,-0.0525532528767523,-0.028));
#4908=CARTESIAN_POINT('',(0.121049975601323,-0.0521334536760585,-0.028));
#4909=CARTESIAN_POINT('',(0.121049975601323,-0.0521334536760585,-0.028));
#4910=CARTESIAN_POINT('',(0.120227113544579,-0.0525532528767523,-0.028));
#4911=CARTESIAN_POINT('',(0.119404251487834,-0.0529730520774462,-0.028));
#4912=CARTESIAN_POINT('',(0.119404251487834,-0.0529730520774462,-0.028));
#4913=CARTESIAN_POINT('',(0.118629263687172,-0.0524703322328419,-0.028));
#4914=CARTESIAN_POINT('',(0.118629263687172,-0.0524703322328419,-0.028));
#4915=CARTESIAN_POINT('',(0.117854275886511,-0.0519676123882376,-0.028));
#4916=CARTESIAN_POINT('',(0.117854275886511,-0.0519676123882376,-0.028));
#4917=CARTESIAN_POINT('',(0.117902150142594,-0.0510450933429394,-0.028));
#4918=CARTESIAN_POINT('',(0.117902150142594,-0.0510450933429394,-0.028));
#4919=CARTESIAN_POINT('',(0.117950024398677,-0.0501225742976413,-0.028));
#4920=CARTESIAN_POINT('',(0.117950024398677,-0.0501225742976413,-0.028));
#4921=CARTESIAN_POINT('',(0.118772886455421,-0.0497027750969474,-0.028));
#4922=CARTESIAN_POINT('',(0.118772886455421,-0.0497027750969474,-0.028));
#4923=CARTESIAN_POINT('',(0.119595748512166,-0.0492829758962535,-0.028));
#4924=CARTESIAN_POINT('',(0.119595748512166,-0.0492829758962535,-0.028));
#4925=CARTESIAN_POINT('',(0.120370736312828,-0.0497856957408578,-0.028));
#4926=CARTESIAN_POINT('',(0.120370736312828,-0.0497856957408578,-0.028));
#4927=CARTESIAN_POINT('',(0.121145724113489,-0.0502884155854621,-0.028));
#4928=CARTESIAN_POINT('',(0.121145724113489,-0.0502884155854621,-0.028));
#4929=CARTESIAN_POINT('',(0.120365033271547,-0.0503779801393131,-0.028));
#4930=CARTESIAN_POINT('',(0.119565827102114,-0.0498595502995649,-0.028));
#4931=CARTESIAN_POINT('',(0.119565827102114,-0.0498595502995649,-0.028));
#4932=CARTESIAN_POINT('',(0.119565827102114,-0.0498595502995649,-0.034));
#4933=CARTESIAN_POINT('',(0.120365033271547,-0.0503779801393131,-0.034));
#4934=CARTESIAN_POINT('',(0.120631435328024,-0.0505507900858958,-0.034));
#4935=CARTESIAN_POINT('',(0.120631435328024,-0.0505507900858958,-0.028));
#4936=CARTESIAN_POINT('',(0.120631435328024,-0.0505507900858958,-0.028));
#4937=CARTESIAN_POINT('',(0.120365033271547,-0.0503779801393131,-0.028));
#4938=CARTESIAN_POINT('',(0.119282968270108,-0.0500038562748034,-0.028));
#4939=CARTESIAN_POINT('',(0.11843439177409,-0.050436774200519,-0.028));
#4940=CARTESIAN_POINT('',(0.11843439177409,-0.050436774200519,-0.028));
#4941=CARTESIAN_POINT('',(0.11843439177409,-0.050436774200519,-0.034));
#4942=CARTESIAN_POINT('',(0.119282968270108,-0.0500038562748034,-0.034));
#4943=CARTESIAN_POINT('',(0.119282968270108,-0.0500038562748034,-0.028));
#4944=CARTESIAN_POINT('',(0.118417934998562,-0.0507538901223402,-0.028));
#4945=CARTESIAN_POINT('',(0.118368564671976,-0.0517052378878039,-0.028));
#4946=CARTESIAN_POINT('',(0.118368564671976,-0.0517052378878039,-0.028));
#4947=CARTESIAN_POINT('',(0.118368564671976,-0.0517052378878039,-0.034));
#4948=CARTESIAN_POINT('',(0.118417934998562,-0.0507538901223402,-0.034));
#4949=CARTESIAN_POINT('',(0.118417934998562,-0.0507538901223402,-0.028));
#4950=CARTESIAN_POINT('',(0.118634966728453,-0.0518780478343867,-0.028));
#4951=CARTESIAN_POINT('',(0.119434172897886,-0.0523964776741349,-0.028));
#4952=CARTESIAN_POINT('',(0.119434172897886,-0.0523964776741349,-0.028));
#4953=CARTESIAN_POINT('',(0.119434172897886,-0.0523964776741349,-0.034));
#4954=CARTESIAN_POINT('',(0.118634966728453,-0.0518780478343867,-0.034));
#4955=CARTESIAN_POINT('',(0.118634966728453,-0.0518780478343867,-0.028));
#4956=CARTESIAN_POINT('',(0.119717031729892,-0.0522521716988963,-0.028));
#4957=CARTESIAN_POINT('',(0.12056560822591,-0.0518192537731808,-0.028));
#4958=CARTESIAN_POINT('',(0.12056560822591,-0.0518192537731808,-0.028));
#4959=CARTESIAN_POINT('',(0.12056560822591,-0.0518192537731808,-0.034));
#4960=CARTESIAN_POINT('',(0.119717031729892,-0.0522521716988963,-0.034));
#4961=CARTESIAN_POINT('',(0.119717031729892,-0.0522521716988963,-0.028));
#4962=CARTESIAN_POINT('',(0.120582065001438,-0.0515021378513595,-0.028));
#4963=CARTESIAN_POINT('',(0.120582065001438,-0.0515021378513595,-0.034));
#4964=CARTESIAN_POINT('',(0.120582065001438,-0.0515021378513595,-0.028));
#4965=CARTESIAN_POINT('',(0.121097849857406,-0.0512109346307603,-0.028));
#4966=CARTESIAN_POINT('',(0.121097849857406,-0.0512109346307603,-0.028));
#4967=CARTESIAN_POINT('',(0.0851615946802412,-0.0841519675402101,-0.028));
#4968=CARTESIAN_POINT('',(0.0851591126763599,-0.08374,-0.034));
#4969=CARTESIAN_POINT('',(0.0851591126763599,-0.08374,-0.034));
#4970=MECHANICAL_DESIGN_GEOMETRIC_PRESENTATION_REPRESENTATION('',(#2507),
#4971);
#4971=(
GEOMETRIC_REPRESENTATION_CONTEXT(3)
GLOBAL_UNCERTAINTY_ASSIGNED_CONTEXT((#4972))
GLOBAL_UNIT_ASSIGNED_CONTEXT((#4975,#4974,#4973))
REPRESENTATION_CONTEXT('Part 95','TOP_LEVEL_ASSEMBLY_PART')
);
#4972=UNCERTAINTY_MEASURE_WITH_UNIT(LENGTH_MEASURE(2.E-5),#4975,
'DISTANCE_ACCURACY_VALUE','Maximum Tolerance applied to model');
#4973=(
NAMED_UNIT(*)
SI_UNIT($,.STERADIAN.)
SOLID_ANGLE_UNIT()
);
#4974=(
NAMED_UNIT(*)
PLANE_ANGLE_UNIT()
SI_UNIT($,.RADIAN.)
);
#4975=(
LENGTH_UNIT()
NAMED_UNIT(*)
SI_UNIT($,.METRE.)
);
#4976=PRODUCT_DEFINITION_SHAPE('','',#4977);
#4977=PRODUCT_DEFINITION('','',#4979,#4978);
#4978=PRODUCT_DEFINITION_CONTEXT('',#4985,'design');
#4979=PRODUCT_DEFINITION_FORMATION_WITH_SPECIFIED_SOURCE('','',#4981,
 .NOT_KNOWN.);
#4980=PRODUCT_RELATED_PRODUCT_CATEGORY('','',(#4981));
#4981=PRODUCT('Part 95','Part 95','Part 95',(#4983));
#4982=PRODUCT_CATEGORY('','');
#4983=PRODUCT_CONTEXT('',#4985,'mechanical');
#4984=APPLICATION_PROTOCOL_DEFINITION('international standard',
'ap242_managed_model_based_3d_engineering',2020,#4985);
#4985=APPLICATION_CONTEXT('managed model based 3d engineering');
ENDSEC;
END-ISO-10303-21;
