ISO-10303-21;
HEADER;
/* Generated by software containing ST-Developer
 * from STEP Tools, Inc. (www.steptools.com) 
 */
/* OPTION: using custom renumber hook */

FILE_DESCRIPTION(
/* description */ ('STEP AP242 Edition 2',
'CAx-IF Rec.Pracs.---Representation and Presentation of Product Manufa
cturing Information (PMI)---4.0---2014-10-13',
'CAx-IF Rec.Pracs.---3D Tessellated Geometry---0.4---2014-09-14','2;1',
'CAx-IF Rec.Pracs.---User Defined Attributes---1.5---2016-08-15'),
/* implementation_level */ '2;1');

FILE_NAME(
/* name */ 'Part Studio 1 - Part 16',
/* time_stamp */ '2026-06-18T16:33:49Z',
/* author */ (''),
/* organization */ (''),
/* preprocessor_version */ 'ST-DEVELOPER v20',
/* originating_system */ 'ONSHAPE BY PTC INC, 1.216',
/* authorisation */ '  ');

FILE_SCHEMA (('AP242_MANAGED_MODEL_BASED_3D_ENGINEERING_MIM_LF { 1 0 10303 442 3 1 4 }'));
ENDSEC;

DATA;
#10=SHAPE_REPRESENTATION_RELATIONSHIP('','',#1705,#11);
#11=ADVANCED_BREP_SHAPE_REPRESENTATION('',(#1703),#4720);
#12=ORIENTED_CLOSED_SHELL('',*,#1694,.F.);
#13=DEGENERATE_TOROIDAL_SURFACE('',#1782,0.000167442479735956,0.0091,.T.);
#14=DEGENERATE_TOROIDAL_SURFACE('',#1786,0.00271543645718313,0.0091,.T.);
#15=DEGENERATE_TOROIDAL_SURFACE('',#1789,0.00271543645718313,0.0091,.T.);
#16=DEGENERATE_TOROIDAL_SURFACE('',#1793,0.000167442479735956,0.0091,.T.);
#17=DEGENERATE_TOROIDAL_SURFACE('',#1874,0.000167442479735956,0.0081,.T.);
#18=DEGENERATE_TOROIDAL_SURFACE('',#1878,0.00271543645718313,0.0081,.T.);
#19=DEGENERATE_TOROIDAL_SURFACE('',#1881,0.00271543645718313,0.0081,.T.);
#20=DEGENERATE_TOROIDAL_SURFACE('',#1885,0.000167442479735956,0.0081,.T.);
#21=TOROIDAL_SURFACE('',#1781,0.0519835308055635,0.0091);
#22=TOROIDAL_SURFACE('',#1783,0.0252196477934873,0.0091);
#23=TOROIDAL_SURFACE('',#1784,0.0441755185202986,0.0091);
#24=TOROIDAL_SURFACE('',#1785,0.030846248832547,0.0091);
#25=TOROIDAL_SURFACE('',#1787,0.0519835308055634,0.0091);
#26=TOROIDAL_SURFACE('',#1788,0.0519835308055634,0.0091);
#27=TOROIDAL_SURFACE('',#1790,0.030846248832547,0.0091);
#28=TOROIDAL_SURFACE('',#1791,0.0441755185202986,0.0091);
#29=TOROIDAL_SURFACE('',#1792,0.0252196477934873,0.0091);
#30=TOROIDAL_SURFACE('',#1794,0.0519835308055635,0.0091);
#31=TOROIDAL_SURFACE('',#1873,0.0519835308055635,0.0081);
#32=TOROIDAL_SURFACE('',#1875,0.0252196477934873,0.0081);
#33=TOROIDAL_SURFACE('',#1876,0.0441755185202986,0.0081);
#34=TOROIDAL_SURFACE('',#1877,0.030846248832547,0.0081);
#35=TOROIDAL_SURFACE('',#1879,0.0519835308055634,0.0081);
#36=TOROIDAL_SURFACE('',#1880,0.0519835308055634,0.0081);
#37=TOROIDAL_SURFACE('',#1882,0.030846248832547,0.0081);
#38=TOROIDAL_SURFACE('',#1883,0.0441755185202986,0.0081);
#39=TOROIDAL_SURFACE('',#1884,0.0252196477934873,0.0081);
#40=TOROIDAL_SURFACE('',#1886,0.0519835308055635,0.0081);
#41=(
BOUNDED_SURFACE()
B_SPLINE_SURFACE(3,2,((#2916,#2917,#2918),(#2919,#2920,#2921),(#2922,#2923,
#2924),(#2925,#2926,#2927),(#2928,#2929,#2930),(#2931,#2932,#2933),(#2934,
#2935,#2936),(#2937,#2938,#2939),(#2940,#2941,#2942),(#2943,#2944,#2945),
(#2946,#2947,#2948),(#2949,#2950,#2951),(#2952,#2953,#2954),(#2955,#2956,
#2957),(#2958,#2959,#2960),(#2961,#2962,#2963),(#2964,#2965,#2966),(#2967,
#2968,#2969),(#2970,#2971,#2972)),.UNSPECIFIED.,.F.,.F.,.F.)
B_SPLINE_SURFACE_WITH_KNOTS((4,1,1,1,1,1,1,1,1,1,1,1,1,1,1,1,4),(3,3),(0.064097535160605,
0.065956923989389,0.066886618403781,0.067816312818173,0.069675701646957,
0.071535090475741,0.075253868133309,0.078972645790877,0.080832034619661,
0.082691423448445,0.0864102011060131,0.0882695899347971,0.0901289787635811,
0.0910586731779731,0.0919883675923651,0.0929180620067571,0.0938477564211491),
(0.,1.),.UNSPECIFIED.)
GEOMETRIC_REPRESENTATION_ITEM()
RATIONAL_B_SPLINE_SURFACE(((1.,0.707106781186547,1.),(1.,0.707106781186547,
1.),(1.,0.707106781186548,1.),(1.,0.707106781186547,1.),(1.,0.707106781186548,
1.),(1.,0.707106781186547,1.),(1.,0.707106781186547,1.),(1.,0.707106781186548,
1.),(1.,0.707106781186548,1.),(1.,0.707106781186547,1.),(1.,0.707106781186548,
1.),(1.,0.707106781186548,1.),(1.,0.707106781186547,1.),(1.,0.707106781186548,
1.),(1.,0.707106781186547,1.),(1.,0.707106781186548,1.),(1.,0.707106781186547,
1.),(1.,0.707106781186548,1.),(1.,0.707106781186547,1.)))
REPRESENTATION_ITEM('')
SURFACE()
);
#42=(
BOUNDED_SURFACE()
B_SPLINE_SURFACE(3,2,((#3040,#3041,#3042),(#3043,#3044,#3045),(#3046,#3047,
#3048),(#3049,#3050,#3051),(#3052,#3053,#3054),(#3055,#3056,#3057),(#3058,
#3059,#3060),(#3061,#3062,#3063),(#3064,#3065,#3066),(#3067,#3068,#3069),
(#3070,#3071,#3072),(#3073,#3074,#3075),(#3076,#3077,#3078),(#3079,#3080,
#3081),(#3082,#3083,#3084),(#3085,#3086,#3087),(#3088,#3089,#3090),(#3091,
#3092,#3093),(#3094,#3095,#3096),(#3097,#3098,#3099),(#3100,#3101,#3102),
(#3103,#3104,#3105),(#3106,#3107,#3108),(#3109,#3110,#3111),(#3112,#3113,
#3114),(#3115,#3116,#3117)),.UNSPECIFIED.,.F.,.F.,.F.)
B_SPLINE_SURFACE_WITH_KNOTS((4,1,1,1,1,1,1,1,1,1,1,1,1,1,1,1,1,1,1,1,1,
1,1,4),(3,3),(0.0966427910723034,0.0986738609159916,0.0991816283769136,
0.0996893958378356,0.0999432795682966,0.100197163298758,0.10070493075968,
0.101720465681524,0.102736000603368,0.104767070447056,0.106798140290744,
0.108829210134432,0.112891349821808,0.116953489509185,0.118984559352873,
0.121015629196561,0.123046699040249,0.125077768883937,0.126093303805781,
0.127108838727625,0.128124373649469,0.128632141110391,0.128886024840852,
0.129139908571313),(0.,1.),.UNSPECIFIED.)
GEOMETRIC_REPRESENTATION_ITEM()
RATIONAL_B_SPLINE_SURFACE(((1.,0.707106781186547,1.),(1.,0.707106781186547,
1.),(1.,0.707106781186545,1.),(1.,0.707106781186548,1.),(1.,0.707106781186548,
1.),(1.,0.707106781186547,1.),(1.,0.707106781186548,1.),(1.,0.707106781186549,
1.),(1.,0.707106781186547,1.),(1.,0.707106781186548,1.),(1.,0.707106781186547,
1.),(1.,0.707106781186548,1.),(1.,0.707106781186548,1.),(1.,0.707106781186547,
1.),(1.,0.707106781186548,1.),(1.,0.707106781186547,1.),(1.,0.707106781186548,
1.),(1.,0.707106781186548,1.),(1.,0.707106781186547,1.),(1.,0.707106781186548,
1.),(1.,0.707106781186547,1.),(1.,0.707106781186548,1.),(1.,0.707106781186548,
1.),(1.,0.707106781186547,1.),(1.,0.707106781186547,1.),(1.,0.707106781186547,
1.)))
REPRESENTATION_ITEM('')
SURFACE()
);
#43=(
BOUNDED_SURFACE()
B_SPLINE_SURFACE(3,2,((#3118,#3119,#3120),(#3121,#3122,#3123),(#3124,#3125,
#3126),(#3127,#3128,#3129),(#3130,#3131,#3132),(#3133,#3134,#3135),(#3136,
#3137,#3138),(#3139,#3140,#3141),(#3142,#3143,#3144),(#3145,#3146,#3147),
(#3148,#3149,#3150),(#3151,#3152,#3153),(#3154,#3155,#3156),(#3157,#3158,
#3159),(#3160,#3161,#3162),(#3163,#3164,#3165),(#3166,#3167,#3168),(#3169,
#3170,#3171),(#3172,#3173,#3174),(#3175,#3176,#3177),(#3178,#3179,#3180),
(#3181,#3182,#3183),(#3184,#3185,#3186),(#3187,#3188,#3189),(#3190,#3191,
#3192),(#3193,#3194,#3195)),.UNSPECIFIED.,.F.,.F.,.F.)
B_SPLINE_SURFACE_WITH_KNOTS((4,1,1,1,1,1,1,1,1,1,1,1,1,1,1,1,1,1,1,1,1,
1,1,4),(3,3),(0.0502396657575218,0.0504935995208193,0.0507475332841169,
0.0512554008107119,0.0522711358639021,0.0532868709170922,0.0543026059702824,
0.0563340760766626,0.0583655461830429,0.0603970162894232,0.0624284863958035,
0.066491426608564,0.0705543668213246,0.0725858369277049,0.0746173070340851,
0.0766487771404654,0.0776645121936556,0.0786802472468457,0.0791881147734408,
0.0794420485367383,0.0796959823000358,0.0802038498266309,0.080711717353226,
0.0827431874596063),(0.,1.),.UNSPECIFIED.)
GEOMETRIC_REPRESENTATION_ITEM()
RATIONAL_B_SPLINE_SURFACE(((1.,0.707106781186548,1.),(1.,0.707106781186548,
1.),(1.,0.707106781186548,1.),(1.,0.707106781186548,1.),(1.,0.707106781186548,
1.),(1.,0.707106781186547,1.),(1.,0.707106781186548,1.),(1.,0.707106781186548,
1.),(1.,0.707106781186547,1.),(1.,0.707106781186548,1.),(1.,0.707106781186548,
1.),(1.,0.707106781186548,1.),(1.,0.707106781186547,1.),(1.,0.707106781186547,
1.),(1.,0.707106781186548,1.),(1.,0.707106781186547,1.),(1.,0.707106781186547,
1.),(1.,0.707106781186547,1.),(1.,0.707106781186547,1.),(1.,0.707106781186548,
1.),(1.,0.707106781186546,1.),(1.,0.707106781186549,1.),(1.,0.707106781186546,
1.),(1.,0.70710678118655,1.),(1.,0.707106781186547,1.),(1.,0.707106781186548,
1.)))
REPRESENTATION_ITEM('')
SURFACE()
);
#44=(
BOUNDED_SURFACE()
B_SPLINE_SURFACE(3,2,((#3263,#3264,#3265),(#3266,#3267,#3268),(#3269,#3270,
#3271),(#3272,#3273,#3274),(#3275,#3276,#3277),(#3278,#3279,#3280),(#3281,
#3282,#3283),(#3284,#3285,#3286),(#3287,#3288,#3289),(#3290,#3291,#3292),
(#3293,#3294,#3295),(#3296,#3297,#3298),(#3299,#3300,#3301),(#3302,#3303,
#3304),(#3305,#3306,#3307),(#3308,#3309,#3310),(#3311,#3312,#3313),(#3314,
#3315,#3316),(#3317,#3318,#3319)),.UNSPECIFIED.,.F.,.F.,.F.)
B_SPLINE_SURFACE_WITH_KNOTS((4,1,1,1,1,1,1,1,1,1,1,1,1,1,1,1,4),(3,3),(0.06294369069313,
0.0638798432695652,0.0648159958460004,0.0657521484224356,0.0666883009988708,
0.0685606061517411,0.0704329113046115,0.0741775216103523,0.0760498267632226,
0.077922131916093,0.0816667422218337,0.0854113525275745,0.0872836576804448,
0.0891559628333152,0.0900921154097504,0.0910282679861856,0.0929005731390559),
(0.,1.),.UNSPECIFIED.)
GEOMETRIC_REPRESENTATION_ITEM()
RATIONAL_B_SPLINE_SURFACE(((1.,0.707106781186548,1.),(1.,0.707106781186548,
1.),(1.,0.707106781186548,1.),(1.,0.707106781186548,1.),(1.,0.707106781186548,
1.),(1.,0.707106781186548,1.),(1.,0.707106781186547,1.),(1.,0.707106781186548,
1.),(1.,0.707106781186548,1.),(1.,0.707106781186547,1.),(1.,0.707106781186548,
1.),(1.,0.707106781186548,1.),(1.,0.707106781186547,1.),(1.,0.707106781186548,
1.),(1.,0.707106781186548,1.),(1.,0.707106781186548,1.),(1.,0.707106781186548,
1.),(1.,0.707106781186548,1.),(1.,0.707106781186548,1.)))
REPRESENTATION_ITEM('')
SURFACE()
);
#45=(
BOUNDED_SURFACE()
B_SPLINE_SURFACE(3,2,((#4400,#4401,#4402),(#4403,#4404,#4405),(#4406,#4407,
#4408),(#4409,#4410,#4411),(#4412,#4413,#4414),(#4415,#4416,#4417),(#4418,
#4419,#4420),(#4421,#4422,#4423),(#4424,#4425,#4426),(#4427,#4428,#4429),
(#4430,#4431,#4432),(#4433,#4434,#4435),(#4436,#4437,#4438),(#4439,#4440,
#4441),(#4442,#4443,#4444)),.UNSPECIFIED.,.F.,.F.,.F.)
B_SPLINE_SURFACE_WITH_KNOTS((4,1,1,1,1,1,1,1,1,1,1,1,4),(3,3),(0.0641157541061939,
0.0657830848835618,0.0666167502722458,0.0670335829665877,0.0674504156609297,
0.0691177464382976,0.0707850772156655,0.0741197387704014,0.0774544003251372,
0.0807890618798731,0.0841237234346089,0.0874583849893447,0.0907930465440805),
(0.,1.),.UNSPECIFIED.)
GEOMETRIC_REPRESENTATION_ITEM()
RATIONAL_B_SPLINE_SURFACE(((1.,0.707106781186547,1.),(1.,0.707106781186547,
1.),(1.,0.707106781186547,1.),(1.,0.707106781186548,1.),(1.,0.707106781186547,
1.),(1.,0.707106781186547,1.),(1.,0.707106781186548,1.),(1.,0.707106781186547,
1.),(1.,0.707106781186547,1.),(1.,0.707106781186547,1.),(1.,0.707106781186547,
1.),(1.,0.707106781186547,1.),(1.,0.707106781186548,1.),(1.,0.707106781186547,
1.),(1.,0.707106781186547,1.)))
REPRESENTATION_ITEM('')
SURFACE()
);
#46=(
BOUNDED_SURFACE()
B_SPLINE_SURFACE(3,2,((#4510,#4511,#4512),(#4513,#4514,#4515),(#4516,#4517,
#4518),(#4519,#4520,#4521),(#4522,#4523,#4524),(#4525,#4526,#4527),(#4528,
#4529,#4530),(#4531,#4532,#4533),(#4534,#4535,#4536),(#4537,#4538,#4539),
(#4540,#4541,#4542),(#4543,#4544,#4545),(#4546,#4547,#4548),(#4549,#4550,
#4551),(#4552,#4553,#4554),(#4555,#4556,#4557),(#4558,#4559,#4560)),
 .UNSPECIFIED.,.F.,.F.,.F.)
B_SPLINE_SURFACE_WITH_KNOTS((4,1,1,1,1,1,1,1,1,1,1,1,1,1,4),(3,3),(0.096658135544147,
0.0985274490804842,0.0994621058486528,0.099929434232737,0.100396762616821,
0.10133141938499,0.102266076153158,0.104135389689496,0.106004703225833,
0.10787401676217,0.111612643834844,0.115351270907519,0.119089897980193,
0.122828525052867,0.126567152125542),(0.,1.),.UNSPECIFIED.)
GEOMETRIC_REPRESENTATION_ITEM()
RATIONAL_B_SPLINE_SURFACE(((1.,0.707106781186547,1.),(1.,0.707106781186547,
1.),(1.,0.707106781186547,1.),(1.,0.707106781186547,1.),(1.,0.707106781186547,
1.),(1.,0.707106781186547,1.),(1.,0.707106781186547,1.),(1.,0.707106781186547,
1.),(1.,0.707106781186547,1.),(1.,0.707106781186547,1.),(1.,0.707106781186548,
1.),(1.,0.707106781186547,1.),(1.,0.707106781186547,1.),(1.,0.707106781186549,
1.),(1.,0.707106781186547,1.),(1.,0.707106781186547,1.),(1.,0.707106781186547,
1.)))
REPRESENTATION_ITEM('')
SURFACE()
);
#47=(
BOUNDED_SURFACE()
B_SPLINE_SURFACE(3,2,((#4561,#4562,#4563),(#4564,#4565,#4566),(#4567,#4568,
#4569),(#4570,#4571,#4572),(#4573,#4574,#4575),(#4576,#4577,#4578),(#4579,
#4580,#4581),(#4582,#4583,#4584),(#4585,#4586,#4587),(#4588,#4589,#4590),
(#4591,#4592,#4593),(#4594,#4595,#4596),(#4597,#4598,#4599),(#4600,#4601,
#4602),(#4603,#4604,#4605),(#4606,#4607,#4608)),.UNSPECIFIED.,.F.,.F.,.F.)
B_SPLINE_SURFACE_WITH_KNOTS((4,1,1,1,1,1,1,1,1,1,1,1,1,4),(3,3),(0.0528071295926475,
0.0565472227128202,0.0602873158329929,0.0640274089531656,0.0677675020733382,
0.0715075951935109,0.0752476883136836,0.0771177348737699,0.0780527581538131,
0.0789877814338563,0.0794552930738779,0.0799228047138995,0.0808578279939426,
0.082727874554029),(0.,1.),.UNSPECIFIED.)
GEOMETRIC_REPRESENTATION_ITEM()
RATIONAL_B_SPLINE_SURFACE(((1.,0.707106781186548,1.),(1.,0.707106781186548,
1.),(1.,0.707106781186547,1.),(1.,0.707106781186547,1.),(1.,0.707106781186547,
1.),(1.,0.707106781186548,1.),(1.,0.707106781186548,1.),(1.,0.707106781186546,
1.),(1.,0.707106781186549,1.),(1.,0.707106781186546,1.),(1.,0.707106781186548,
1.),(1.,0.707106781186547,1.),(1.,0.707106781186547,1.),(1.,0.707106781186547,
1.),(1.,0.707106781186548,1.),(1.,0.707106781186548,1.)))
REPRESENTATION_ITEM('')
SURFACE()
);
#48=(
BOUNDED_SURFACE()
B_SPLINE_SURFACE(3,2,((#4674,#4675,#4676),(#4677,#4678,#4679),(#4680,#4681,
#4682),(#4683,#4684,#4685),(#4686,#4687,#4688),(#4689,#4690,#4691),(#4692,
#4693,#4694),(#4695,#4696,#4697),(#4698,#4699,#4700),(#4701,#4702,#4703),
(#4704,#4705,#4706),(#4707,#4708,#4709),(#4710,#4711,#4712),(#4713,#4714,
#4715),(#4716,#4717,#4718)),.UNSPECIFIED.,.F.,.F.,.F.)
B_SPLINE_SURFACE_WITH_KNOTS((4,1,1,1,1,1,1,1,1,1,1,1,4),(3,3),(0.0659963773488079,
0.0693571259627562,0.0727178745767044,0.0760786231906526,0.0794393718046009,
0.0828001204185491,0.0861608690324973,0.0878412433394715,0.0895216176464456,
0.0899417112231891,0.0903618047999326,0.0912019919534197,0.0928823662603938),
(0.,1.),.UNSPECIFIED.)
GEOMETRIC_REPRESENTATION_ITEM()
RATIONAL_B_SPLINE_SURFACE(((1.,0.707106781186548,1.),(1.,0.707106781186548,
1.),(1.,0.707106781186548,1.),(1.,0.707106781186548,1.),(1.,0.707106781186548,
1.),(1.,0.707106781186547,1.),(1.,0.707106781186548,1.),(1.,0.707106781186547,
1.),(1.,0.707106781186548,1.),(1.,0.707106781186548,1.),(1.,0.707106781186547,
1.),(1.,0.707106781186548,1.),(1.,0.707106781186547,1.),(1.,0.707106781186548,
1.),(1.,0.707106781186548,1.)))
REPRESENTATION_ITEM('')
SURFACE()
);
#49=PLANE('',#1761);
#50=PLANE('',#1771);
#51=PLANE('',#1795);
#52=PLANE('',#1812);
#53=PLANE('',#1815);
#54=PLANE('',#1818);
#55=PLANE('',#1864);
#56=PLANE('',#1870);
#57=B_SPLINE_SURFACE_WITH_KNOTS('',3,1,((#2326,#2327),(#2328,#2329),(#2330,
#2331),(#2332,#2333),(#2334,#2335),(#2336,#2337),(#2338,#2339),(#2340,#2341),
(#2342,#2343),(#2344,#2345),(#2346,#2347),(#2348,#2349),(#2350,#2351),(#2352,
#2353),(#2354,#2355),(#2356,#2357),(#2358,#2359),(#2360,#2361)),
 .SURF_OF_LINEAR_EXTRUSION.,.F.,.F.,.F.,(4,1,1,1,1,1,1,1,1,1,1,1,1,1,1,
4),(2,2),(0.267580971156566,0.359133349761995,0.40490953906471,0.450685728367424,
0.496461917670139,0.542238106972854,0.588014296275568,0.633790485578283,
0.679566674880998,0.725342864183712,0.771119053486427,0.816895242789141,
0.862671432091856,0.908447621394571,0.954223810697285,1.),(0.,1.),
 .UNSPECIFIED.);
#58=B_SPLINE_SURFACE_WITH_KNOTS('',3,1,((#2416,#2417),(#2418,#2419),(#2420,
#2421),(#2422,#2423),(#2424,#2425),(#2426,#2427),(#2428,#2429)),
 .SURF_OF_LINEAR_EXTRUSION.,.F.,.F.,.F.,(4,1,1,1,4),(2,2),(0.,0.106888064638768,
0.213776129277537,0.320664193916305,0.427552258555074),(0.,1.),
 .UNSPECIFIED.);
#59=B_SPLINE_SURFACE_WITH_KNOTS('',3,1,((#2495,#2496),(#2497,#2498),(#2499,
#2500),(#2501,#2502),(#2503,#2504),(#2505,#2506),(#2507,#2508),(#2509,#2510)),
 .SURF_OF_LINEAR_EXTRUSION.,.F.,.F.,.F.,(4,1,1,1,1,4),(2,2),(0.,0.101821325244858,
0.203642650489716,0.305463975734574,0.356374638357003,0.407285300979432),
(0.,1.),.UNSPECIFIED.);
#60=B_SPLINE_SURFACE_WITH_KNOTS('',3,1,((#2572,#2573),(#2574,#2575),(#2576,
#2577),(#2578,#2579),(#2580,#2581),(#2582,#2583),(#2584,#2585),(#2586,#2587),
(#2588,#2589),(#2590,#2591),(#2592,#2593),(#2594,#2595),(#2596,#2597),(#2598,
#2599),(#2600,#2601),(#2602,#2603),(#2604,#2605),(#2606,#2607),(#2608,#2609)),
 .SURF_OF_LINEAR_EXTRUSION.,.F.,.F.,.F.,(4,1,1,1,1,1,1,1,1,1,1,1,1,1,1,
1,4),(2,2),(0.274759153282396,0.320086706202246,0.365414259122096,0.410741812041947,
0.433405588501872,0.456069364961797,0.501396917881647,0.546724470801498,
0.637379576641198,0.682707129561048,0.728034682480899,0.773362235400749,
0.818689788320599,0.864017341240449,0.9093448941603,0.95467244708015,1.),
(0.,1.),.UNSPECIFIED.);
#61=B_SPLINE_SURFACE_WITH_KNOTS('',3,1,((#2652,#2653),(#2654,#2655),(#2656,
#2657),(#2658,#2659),(#2660,#2661),(#2662,#2663),(#2664,#2665),(#2666,#2667),
(#2668,#2669),(#2670,#2671),(#2672,#2673)),.SURF_OF_LINEAR_EXTRUSION.,.F.,
 .F.,.F.,(4,1,1,1,1,1,1,1,4),(2,2),(-2.64371857738865E-14,0.125000000000622,
0.250000000001271,0.375000000001919,0.500000000002568,0.625000000003216,
0.750000000003865,0.875000000004514,1.00000000000516),(0.,1.),
 .UNSPECIFIED.);
#62=B_SPLINE_SURFACE_WITH_KNOTS('',3,1,((#2704,#2705),(#2706,#2707),(#2708,
#2709),(#2710,#2711),(#2712,#2713),(#2714,#2715),(#2716,#2717),(#2718,#2719),
(#2720,#2721),(#2722,#2723)),.SURF_OF_LINEAR_EXTRUSION.,.T.,.F.,.F.,(1,
3,1,1,1,1,1,1,3,1),(2,2),(-0.156132957046781,0.,0.183784223865852,0.278128921505803,
0.426480395997479,0.572230939782391,0.699056995091639,0.843867042953219,
1.,1.18378422386585),(0.,1.),.UNSPECIFIED.);
#63=B_SPLINE_SURFACE_WITH_KNOTS('',3,1,((#2746,#2747),(#2748,#2749),(#2750,
#2751),(#2752,#2753),(#2754,#2755),(#2756,#2757),(#2758,#2759),(#2760,#2761),
(#2762,#2763),(#2764,#2765)),.SURF_OF_LINEAR_EXTRUSION.,.T.,.F.,.F.,(1,
3,1,1,1,1,1,1,3,1),(2,2),(-0.156132957046781,0.,0.183784223865852,0.278128921505803,
0.426480395997479,0.572230939782391,0.699056995091639,0.843867042953219,
1.,1.18378422386585),(0.,1.),.UNSPECIFIED.);
#64=B_SPLINE_SURFACE_WITH_KNOTS('',3,1,((#2791,#2792),(#2793,#2794),(#2795,
#2796),(#2797,#2798),(#2799,#2800),(#2801,#2802),(#2803,#2804),(#2805,#2806),
(#2807,#2808),(#2809,#2810),(#2811,#2812),(#2813,#2814)),
 .SURF_OF_LINEAR_EXTRUSION.,.F.,.F.,.F.,(4,1,1,1,1,1,1,1,1,4),(2,2),(0.,
0.125000000000024,0.250000000000048,0.375000000000072,0.437500000000084,
0.500000000000096,0.62500000000012,0.750000000000144,0.875000000000168,
1.00000000000019),(0.,1.),.UNSPECIFIED.);
#65=B_SPLINE_SURFACE_WITH_KNOTS('',3,1,((#3563,#3564),(#3565,#3566),(#3567,
#3568),(#3569,#3570),(#3571,#3572),(#3573,#3574),(#3575,#3576),(#3577,#3578),
(#3579,#3580),(#3581,#3582),(#3583,#3584),(#3585,#3586),(#3587,#3588),(#3589,
#3590),(#3591,#3592),(#3593,#3594),(#3595,#3596),(#3597,#3598),(#3599,#3600),
(#3601,#3602),(#3603,#3604),(#3605,#3606),(#3607,#3608),(#3609,#3610),(#3611,
#3612),(#3613,#3614),(#3615,#3616),(#3617,#3618),(#3619,#3620),(#3621,#3622),
(#3623,#3624),(#3625,#3626)),.SURF_OF_LINEAR_EXTRUSION.,.F.,.F.,.F.,(4,
1,1,1,1,1,1,1,1,1,1,1,1,1,1,1,1,1,1,1,1,1,1,1,1,1,1,1,1,4),(2,2),(0.285780078416619,
0.328671017724158,0.350116487377927,0.371561957031697,0.393007426685466,
0.414452896339236,0.425175631166121,0.435898365993005,0.44662110081989,
0.457343835646775,0.478789305300544,0.500234774954314,0.521680244608083,
0.543125714261853,0.586016653569392,0.628907592876931,0.6503530625307,0.67179853218447,
0.714689471492009,0.757580410799548,0.779025880453317,0.800471350107087,
0.821916819760856,0.832639554587741,0.843362289414626,0.864807759068395,
0.886253228722165,0.907698698375934,0.929144168029704,0.972035107337243),
(0.,1.),.UNSPECIFIED.);
#66=B_SPLINE_SURFACE_WITH_KNOTS('',3,1,((#3685,#3686),(#3687,#3688),(#3689,
#3690),(#3691,#3692),(#3693,#3694),(#3695,#3696),(#3697,#3698),(#3699,#3700)),
 .SURF_OF_LINEAR_EXTRUSION.,.F.,.F.,.F.,(4,1,1,1,1,4),(2,2),(-0.00315441977758276,
0.0460250477669198,0.0952045153114223,0.193563450400427,0.291922385489432,
0.390281320578438),(0.,1.),.UNSPECIFIED.);
#67=B_SPLINE_SURFACE_WITH_KNOTS('',3,1,((#3764,#3765),(#3766,#3767),(#3768,
#3769),(#3770,#3771),(#3772,#3773),(#3774,#3775),(#3776,#3777)),
 .SURF_OF_LINEAR_EXTRUSION.,.F.,.F.,.F.,(4,1,1,1,4),(2,2),(-0.00285770897407931,
0.0881990022070375,0.179255713388154,0.270312424569271,0.361369135750388),
(0.,1.),.UNSPECIFIED.);
#68=B_SPLINE_SURFACE_WITH_KNOTS('',3,1,((#3825,#3826),(#3827,#3828),(#3829,
#3830),(#3831,#3832),(#3833,#3834),(#3835,#3836),(#3837,#3838),(#3839,#3840),
(#3841,#3842),(#3843,#3844),(#3845,#3846),(#3847,#3848),(#3849,#3850),(#3851,
#3852),(#3853,#3854),(#3855,#3856),(#3857,#3858),(#3859,#3860),(#3861,#3862),
(#3863,#3864),(#3865,#3866),(#3867,#3868),(#3869,#3870),(#3871,#3872),(#3873,
#3874),(#3875,#3876),(#3877,#3878),(#3879,#3880),(#3881,#3882),(#3883,#3884)),
 .SURF_OF_LINEAR_EXTRUSION.,.F.,.F.,.F.,(4,1,1,1,1,1,1,1,1,1,1,1,1,1,1,
1,1,1,1,1,1,1,1,1,1,1,1,4),(2,2),(0.296062755875642,0.339010130806294,0.36048381827162,
0.381957505736945,0.403431193202271,0.424904880667597,0.446378568132923,
0.467852255598249,0.489325943063575,0.510799630528901,0.532273317994227,
0.553747005459552,0.596694380390204,0.61816806785553,0.639641755320856,
0.661115442786182,0.682589130251508,0.725536505182159,0.768483880112811,
0.789957567578137,0.811431255043463,0.832904942508789,0.854378629974115,
0.87585231743944,0.897326004904766,0.918799692370092,0.940273379835418,
0.98322075476607),(0.,1.),.UNSPECIFIED.);
#69=B_SPLINE_SURFACE_WITH_KNOTS('',3,1,((#3935,#3936),(#3937,#3938),(#3939,
#3940),(#3941,#3942),(#3943,#3944),(#3945,#3946),(#3947,#3948),(#3949,#3950),
(#3951,#3952),(#3953,#3954),(#3955,#3956),(#3957,#3958),(#3959,#3960),(#3961,
#3962),(#3963,#3964),(#3965,#3966),(#3967,#3968),(#3969,#3970),(#3971,#3972),
(#3973,#3974)),.SURF_OF_LINEAR_EXTRUSION.,.F.,.F.,.F.,(4,1,1,1,1,1,1,1,
1,1,1,1,1,1,1,1,1,4),(2,2),(-0.0334331870531656,0.000856423527198901,0.0180012288173812,
0.0351460341075634,0.103725255268293,0.172304476429022,0.240883697589751,
0.30946291875048,0.378042139911209,0.446621361071938,0.515200582232667,
0.583779803393396,0.652359024554125,0.720938245714854,0.789517466875583,
0.926675909197042,0.995255130357771,1.0638343515185),(0.,1.),
 .UNSPECIFIED.);
#70=B_SPLINE_SURFACE_WITH_KNOTS('',3,1,((#4028,#4029),(#4030,#4031),(#4032,
#4033),(#4034,#4035),(#4036,#4037),(#4038,#4039),(#4040,#4041),(#4042,#4043),
(#4044,#4045),(#4046,#4047),(#4048,#4049),(#4050,#4051),(#4052,#4053),(#4054,
#4055),(#4056,#4057),(#4058,#4059),(#4060,#4061),(#4062,#4063),(#4064,#4065),
(#4066,#4067),(#4068,#4069),(#4070,#4071),(#4072,#4073),(#4074,#4075),(#4076,
#4077),(#4078,#4079),(#4080,#4081),(#4082,#4083),(#4084,#4085),(#4086,#4087),
(#4088,#4089),(#4090,#4091),(#4092,#4093),(#4094,#4095),(#4096,#4097),(#4098,
#4099),(#4100,#4101),(#4102,#4103),(#4104,#4105),(#4106,#4107),(#4108,#4109),
(#4110,#4111),(#4112,#4113),(#4114,#4115)),.SURF_OF_LINEAR_EXTRUSION.,.T.,
 .F.,.F.,(1,1,1,1,1,1,1,1,1,1,1,1,1,1,1,1,1,1,1,1,1,1,1,1,1,1,1,1,1,1,1,
1,1,1,1,1,1,1,1,1,1,1,1,1,1,1,1,1),(2,2),(-0.15625,-0.125,-0.0625,0.,0.03125,
0.0625,0.09375,0.109375,0.125,0.140625,0.15625,0.1640625,0.171875,0.1796875,
0.1875,0.1953125,0.203125,0.2109375,0.21875,0.234375,0.25,0.265625,0.28125,
0.3125,0.34375,0.375,0.40625,0.4375,0.5,0.53125,0.5625,0.59375,0.625,0.65625,
0.671875,0.6875,0.703125,0.71875,0.75,0.78125,0.8125,0.84375,0.875,0.9375,
1.,1.03125,1.0625,1.09375),(0.,1.),.UNSPECIFIED.);
#71=B_SPLINE_SURFACE_WITH_KNOTS('',3,1,((#4151,#4152),(#4153,#4154),(#4155,
#4156),(#4157,#4158),(#4159,#4160),(#4161,#4162),(#4163,#4164),(#4165,#4166),
(#4167,#4168),(#4169,#4170),(#4171,#4172),(#4173,#4174),(#4175,#4176),(#4177,
#4178),(#4179,#4180),(#4181,#4182),(#4183,#4184),(#4185,#4186),(#4187,#4188),
(#4189,#4190),(#4191,#4192),(#4193,#4194),(#4195,#4196),(#4197,#4198),(#4199,
#4200),(#4201,#4202),(#4203,#4204),(#4205,#4206),(#4207,#4208),(#4209,#4210),
(#4211,#4212),(#4213,#4214),(#4215,#4216),(#4217,#4218),(#4219,#4220),(#4221,
#4222),(#4223,#4224),(#4225,#4226),(#4227,#4228),(#4229,#4230),(#4231,#4232),
(#4233,#4234),(#4235,#4236),(#4237,#4238)),.SURF_OF_LINEAR_EXTRUSION.,.T.,
 .F.,.F.,(1,1,1,1,1,1,1,1,1,1,1,1,1,1,1,1,1,1,1,1,1,1,1,1,1,1,1,1,1,1,1,
1,1,1,1,1,1,1,1,1,1,1,1,1,1,1,1,1),(2,2),(-0.15625,-0.125,-0.0625,0.,0.03125,
0.0625,0.09375,0.109375,0.125,0.140625,0.15625,0.1640625,0.171875,0.1796875,
0.1875,0.1953125,0.203125,0.2109375,0.21875,0.234375,0.25,0.265625,0.28125,
0.3125,0.34375,0.375,0.40625,0.4375,0.5,0.53125,0.5625,0.59375,0.625,0.65625,
0.671875,0.6875,0.703125,0.71875,0.75,0.78125,0.8125,0.84375,0.875,0.9375,
1.,1.03125,1.0625,1.09375),(0.,1.),.UNSPECIFIED.);
#72=B_SPLINE_SURFACE_WITH_KNOTS('',3,1,((#4276,#4277),(#4278,#4279),(#4280,
#4281),(#4282,#4283),(#4284,#4285),(#4286,#4287),(#4288,#4289),(#4290,#4291),
(#4292,#4293),(#4294,#4295),(#4296,#4297),(#4298,#4299),(#4300,#4301),(#4302,
#4303),(#4304,#4305),(#4306,#4307),(#4308,#4309),(#4310,#4311),(#4312,#4313),
(#4314,#4315),(#4316,#4317),(#4318,#4319),(#4320,#4321)),
 .SURF_OF_LINEAR_EXTRUSION.,.F.,.F.,.F.,(4,1,1,1,1,1,1,1,1,1,1,1,1,1,1,
1,1,1,1,1,4),(2,2),(-0.050561469968135,0.0189229911150054,0.0884074521981459,
0.227376374364427,0.296860835447567,0.366345296530708,0.435829757613848,
0.470571988155418,0.505314218696988,0.574798679780129,0.644283140863269,
0.71376760194641,0.78325206302955,0.852736524112691,0.922220985195831,0.956963215737401,
0.991705446278971,1.00039100391436,1.00907656154976,1.02644767682054,1.06118990736211),
(0.,1.),.UNSPECIFIED.);
#73=CIRCLE('',#1708,0.0482117205898996);
#74=CIRCLE('',#1709,0.0482117205898996);
#75=CIRCLE('',#1711,0.0076106948554971);
#76=CIRCLE('',#1712,0.0076106948554971);
#77=CIRCLE('',#1714,0.00765028176975307);
#78=CIRCLE('',#1715,0.00765028176975307);
#79=CIRCLE('',#1717,0.00624592122557021);
#80=CIRCLE('',#1718,0.00624592122557021);
#81=CIRCLE('',#1720,0.0177182317762455);
#82=CIRCLE('',#1721,0.0177182317762455);
#83=CIRCLE('',#1723,0.0610835308055634);
#84=CIRCLE('',#1724,0.0610835308055634);
#85=CIRCLE('',#1726,0.0118154364571831);
#86=CIRCLE('',#1727,0.0118154364571831);
#87=CIRCLE('',#1729,0.039946248832547);
#88=CIRCLE('',#1730,0.039946248832547);
#89=CIRCLE('',#1732,0.0532755185202986);
#90=CIRCLE('',#1733,0.0532755185202986);
#91=CIRCLE('',#1735,0.0343196477934873);
#92=CIRCLE('',#1736,0.0343196477934873);
#93=CIRCLE('',#1738,0.00926744247973596);
#94=CIRCLE('',#1739,0.00926744247973596);
#95=CIRCLE('',#1741,0.0610835308055635);
#96=CIRCLE('',#1742,0.0610835308055635);
#97=CIRCLE('',#1744,0.0167878365422663);
#98=CIRCLE('',#1745,0.0167878365422663);
#99=CIRCLE('',#1747,0.0062459212255701);
#100=CIRCLE('',#1748,0.0062459212255701);
#101=CIRCLE('',#1750,0.0109251068515639);
#102=CIRCLE('',#1751,0.0109251068515639);
#103=CIRCLE('',#1753,0.0067787415519062);
#104=CIRCLE('',#1754,0.0067787415519062);
#105=CIRCLE('',#1756,0.0557730736076798);
#106=CIRCLE('',#1757,0.0557730736076798);
#107=CIRCLE('',#1759,0.0265194676445243);
#108=CIRCLE('',#1760,0.0265194676445243);
#109=CIRCLE('',#1762,0.0519835308055634);
#110=CIRCLE('',#1763,0.0519835308055634);
#111=CIRCLE('',#1764,0.00271543645718313);
#112=CIRCLE('',#1765,0.030846248832547);
#113=CIRCLE('',#1766,0.0441755185202986);
#114=CIRCLE('',#1767,0.0252196477934873);
#115=CIRCLE('',#1768,0.000167442479735956);
#116=CIRCLE('',#1769,0.0519835308055635);
#117=CIRCLE('',#1770,0.0519835308055635);
#118=CIRCLE('',#1772,0.0519835308055635);
#119=CIRCLE('',#1773,0.0519835308055635);
#120=CIRCLE('',#1774,0.000167442479735956);
#121=CIRCLE('',#1775,0.0252196477934873);
#122=CIRCLE('',#1776,0.0441755185202986);
#123=CIRCLE('',#1777,0.030846248832547);
#124=CIRCLE('',#1778,0.00271543645718313);
#125=CIRCLE('',#1779,0.0519835308055634);
#126=CIRCLE('',#1780,0.0519835308055634);
#127=CIRCLE('',#1796,0.030846248832547);
#128=CIRCLE('',#1797,0.0441755185202986);
#129=CIRCLE('',#1798,0.0252196477934873);
#130=CIRCLE('',#1799,0.0472117205898996);
#131=CIRCLE('',#1800,0.0519835308055635);
#132=CIRCLE('',#1801,0.0177878365422663);
#133=CIRCLE('',#1802,0.0072459212255701);
#134=CIRCLE('',#1803,0.0119251068515639);
#135=CIRCLE('',#1804,0.0077787415519062);
#136=CIRCLE('',#1805,0.0275194676445243);
#137=CIRCLE('',#1806,0.0086106948554971);
#138=CIRCLE('',#1807,0.00865028176975307);
#139=CIRCLE('',#1808,0.00724592122557021);
#140=CIRCLE('',#1809,0.0187182317762455);
#141=CIRCLE('',#1810,0.0519835308055634);
#142=CIRCLE('',#1811,0.0547730736076798);
#143=CIRCLE('',#1813,0.0252196477934873);
#144=CIRCLE('',#1814,0.000167442479735953);
#145=CIRCLE('',#1816,0.000167442479735953);
#146=CIRCLE('',#1817,0.0252196477934873);
#147=CIRCLE('',#1819,0.00271543645718313);
#148=CIRCLE('',#1820,0.0519835308055634);
#149=CIRCLE('',#1822,0.0472117205898996);
#150=CIRCLE('',#1824,0.0086106948554971);
#151=CIRCLE('',#1826,0.00865028176975307);
#152=CIRCLE('',#1828,0.00724592122557021);
#153=CIRCLE('',#1830,0.0187182317762455);
#154=CIRCLE('',#1832,0.0600835308055634);
#155=CIRCLE('',#1833,0.0600835308055634);
#156=CIRCLE('',#1835,0.0108154364571831);
#157=CIRCLE('',#1836,0.0108154364571831);
#158=CIRCLE('',#1838,0.038946248832547);
#159=CIRCLE('',#1839,0.038946248832547);
#160=CIRCLE('',#1841,0.0522755185202986);
#161=CIRCLE('',#1842,0.0522755185202986);
#162=CIRCLE('',#1844,0.0333196477934873);
#163=CIRCLE('',#1845,0.0333196477934873);
#164=CIRCLE('',#1847,0.00826744247973596);
#165=CIRCLE('',#1848,0.00826744247973596);
#166=CIRCLE('',#1850,0.0600835308055635);
#167=CIRCLE('',#1851,0.0600835308055635);
#168=CIRCLE('',#1853,0.0177878365422663);
#169=CIRCLE('',#1855,0.0072459212255701);
#170=CIRCLE('',#1857,0.0119251068515639);
#171=CIRCLE('',#1859,0.0077787415519062);
#172=CIRCLE('',#1861,0.0547730736076798);
#173=CIRCLE('',#1863,0.0275194676445243);
#174=CIRCLE('',#1865,0.0519835308055635);
#175=CIRCLE('',#1866,0.0252196477934873);
#176=CIRCLE('',#1867,0.0441755185202986);
#177=CIRCLE('',#1868,0.030846248832547);
#178=CIRCLE('',#1869,0.0519835308055634);
#179=CIRCLE('',#1871,0.0519835308055634);
#180=CIRCLE('',#1872,0.00271543645718313);
#181=B_SPLINE_CURVE_WITH_KNOTS('',3,(#2302,#2303,#2304,#2305),
 .UNSPECIFIED.,.F.,.F.,(4,4),(0.,0.000963524312583696),.UNSPECIFIED.);
#182=B_SPLINE_CURVE_WITH_KNOTS('',3,(#2313,#2314,#2315,#2316),
 .UNSPECIFIED.,.F.,.F.,(4,4),(0.,0.000963524312583695),.UNSPECIFIED.);
#183=B_SPLINE_CURVE_WITH_KNOTS('',3,(#2362,#2363,#2364,#2365,#2366,#2367,
#2368),.UNSPECIFIED.,.F.,.F.,(4,1,1,1,4),(0.267580971156566,0.435505535912783,
0.641005983520502,0.837121052876442,1.),.UNSPECIFIED.);
#184=B_SPLINE_CURVE_WITH_KNOTS('',3,(#2372,#2373,#2374,#2375,#2376,#2377,
#2378),.UNSPECIFIED.,.F.,.F.,(4,1,1,1,4),(0.267580971156566,0.435505535912783,
0.641005983520502,0.837121052876442,1.),.UNSPECIFIED.);
#185=B_SPLINE_CURVE_WITH_KNOTS('',3,(#2395,#2396,#2397,#2398,#2399,#2400,
#2401,#2402),.UNSPECIFIED.,.F.,.F.,(4,1,1,1,1,4),(0.,0.00210515358571906,
0.00421030717143812,0.00842061434287624,0.0126309215143144,0.0168412286857525),
 .UNSPECIFIED.);
#186=B_SPLINE_CURVE_WITH_KNOTS('',3,(#2407,#2408,#2409,#2410,#2411,#2412,
#2413,#2414,#2415),.UNSPECIFIED.,.F.,.F.,(4,1,1,1,1,1,4),(0.,0.00418083915681507,
0.00836167831363015,0.0104520978920377,0.0125425174704452,0.0146329370488528,
0.0167233566272603),.UNSPECIFIED.);
#187=B_SPLINE_CURVE_WITH_KNOTS('',3,(#2433,#2434,#2435,#2436,#2437,#2438,
#2439,#2440,#2441,#2442),.UNSPECIFIED.,.F.,.F.,(4,1,1,1,1,1,1,4),(-5.99999999268285E-8,
0.0092833071664257,0.0139249907496385,0.0185666743328513,0.0232083579160641,
0.027850041499277,0.0324917250824898,0.0371334086657026),.UNSPECIFIED.);
#188=B_SPLINE_CURVE_WITH_KNOTS('',3,(#2443,#2444,#2445,#2446,#2447,#2448,
#2449,#2450,#2451,#2452),.UNSPECIFIED.,.F.,.F.,(4,1,1,1,1,1,1,4),(-6.00000000368964E-8,
0.00464596946256787,0.00929199892513577,0.0139380283877037,0.0185840578502716,
0.0232300873128395,0.0278761167754074,0.0371681757005432),.UNSPECIFIED.);
#189=B_SPLINE_CURVE_WITH_KNOTS('',3,(#2514,#2515,#2516,#2517,#2518,#2519,
#2520,#2521,#2522),.UNSPECIFIED.,.F.,.F.,(4,1,1,1,1,1,4),(-5.99999999977442E-8,
0.00840790421951307,0.0126118863292696,0.0168158684390261,0.0210198505487827,
0.0252238326585392,0.0336317968780523),.UNSPECIFIED.);
#190=B_SPLINE_CURVE_WITH_KNOTS('',3,(#2523,#2524,#2525,#2526,#2527,#2528,
#2529,#2530,#2531,#2532),.UNSPECIFIED.,.F.,.F.,(4,1,1,1,1,1,1,4),(0.,0.00840381092837341,
0.0126057163925601,0.0168076218567468,0.0210095273209335,0.0252114327851202,
0.0294133382493069,0.0336152437134936),.UNSPECIFIED.);
#191=B_SPLINE_CURVE_WITH_KNOTS('',3,(#2537,#2538,#2539,#2540,#2541,#2542,
#2543,#2544,#2545),.UNSPECIFIED.,.F.,.F.,(4,1,1,1,1,1,4),(0.,0.00441712611965227,
0.00883425223930454,0.0110428152991307,0.0132513783589568,0.0154599414187829,
0.0176685044786091),.UNSPECIFIED.);
#192=B_SPLINE_CURVE_WITH_KNOTS('',3,(#2546,#2547,#2548,#2549,#2550,#2551,
#2552,#2553,#2554,#2555),.UNSPECIFIED.,.F.,.F.,(4,1,1,1,1,1,1,4),(6.63631497005725E-16,
0.00222375677947363,0.00444751355894659,0.00667127033841955,0.00889502711789251,
0.0133425406768384,0.0155662974563114,0.0177900542357844),.UNSPECIFIED.);
#193=B_SPLINE_CURVE_WITH_KNOTS('',3,(#2610,#2611,#2612,#2613,#2614,#2615,
#2616),.UNSPECIFIED.,.F.,.F.,(4,1,1,1,4),(0.274759153282396,0.437440444030725,
0.632059103289701,0.839500759157922,1.),.UNSPECIFIED.);
#194=B_SPLINE_CURVE_WITH_KNOTS('',3,(#2620,#2621,#2622,#2623,#2624,#2625,
#2626),.UNSPECIFIED.,.F.,.F.,(4,1,1,1,4),(0.274759153282396,0.437440444030725,
0.632059103289701,0.839500759157922,1.),.UNSPECIFIED.);
#195=B_SPLINE_CURVE_WITH_KNOTS('',3,(#2637,#2638,#2639,#2640),
 .UNSPECIFIED.,.F.,.F.,(4,4),(0.,0.000628313232163613),.UNSPECIFIED.);
#196=B_SPLINE_CURVE_WITH_KNOTS('',3,(#2644,#2645,#2646,#2647),
 .UNSPECIFIED.,.F.,.F.,(4,4),(0.,0.000628313232163612),.UNSPECIFIED.);
#197=B_SPLINE_CURVE_WITH_KNOTS('',3,(#2674,#2675,#2676,#2677,#2678),
 .UNSPECIFIED.,.F.,.F.,(4,1,4),(0.,0.00565283958356961,0.0113056791671392),
 .UNSPECIFIED.);
#198=B_SPLINE_CURVE_WITH_KNOTS('',3,(#2680,#2681,#2682,#2683,#2684,#2685,
#2686,#2687,#2688,#2689,#2690,#2691),.UNSPECIFIED.,.F.,.F.,(4,3,1,1,3,4),
(-0.0334331870531532,0.,0.36794947159913,0.601232092876322,1.,1.0638343515185),
 .UNSPECIFIED.);
#199=B_SPLINE_CURVE_WITH_KNOTS('',3,(#2692,#2693,#2694,#2695,#2696,#2697),
 .UNSPECIFIED.,.F.,.F.,(4,1,1,4),(0.,0.36794947159913,0.601232092876322,
1.),.UNSPECIFIED.);
#200=B_SPLINE_CURVE_WITH_KNOTS('',3,(#2699,#2700,#2701,#2702,#2703),
 .UNSPECIFIED.,.F.,.F.,(4,1,4),(0.,0.00565594736178154,0.0113118947235631),
 .UNSPECIFIED.);
#201=B_SPLINE_CURVE_WITH_KNOTS('',3,(#2724,#2725,#2726,#2727,#2728,#2729,
#2730,#2731,#2732,#2733),.UNSPECIFIED.,.T.,.F.,(1,3,1,1,1,1,1,1,3,1),(-0.156132957046781,
0.,0.183784223865852,0.278128921505803,0.426480395997479,0.572230939782391,
0.699056995091639,0.843867042953219,1.,1.18378422386585),.UNSPECIFIED.);
#202=B_SPLINE_CURVE_WITH_KNOTS('',3,(#2735,#2736,#2737,#2738,#2739,#2740,
#2741,#2742,#2743,#2744),.UNSPECIFIED.,.T.,.F.,(1,3,1,1,1,1,1,1,3,1),(-0.156132957046781,
0.,0.183784223865852,0.278128921505803,0.426480395997479,0.572230939782391,
0.699056995091639,0.843867042953219,1.,1.18378422386585),.UNSPECIFIED.);
#203=B_SPLINE_CURVE_WITH_KNOTS('',3,(#2766,#2767,#2768,#2769,#2770,#2771,
#2772,#2773,#2774,#2775),.UNSPECIFIED.,.T.,.F.,(1,3,1,1,1,1,1,1,3,1),(-0.156132957046781,
0.,0.183784223865852,0.278128921505803,0.426480395997479,0.572230939782391,
0.699056995091639,0.843867042953219,1.,1.18378422386585),.UNSPECIFIED.);
#204=B_SPLINE_CURVE_WITH_KNOTS('',3,(#2777,#2778,#2779,#2780,#2781,#2782,
#2783,#2784,#2785,#2786),.UNSPECIFIED.,.T.,.F.,(1,3,1,1,1,1,1,1,3,1),(-0.156132957046781,
0.,0.183784223865852,0.278128921505803,0.426480395997479,0.572230939782391,
0.699056995091639,0.843867042953219,1.,1.18378422386585),.UNSPECIFIED.);
#205=B_SPLINE_CURVE_WITH_KNOTS('',3,(#2815,#2816,#2817,#2818,#2819,#2820,
#2821,#2822,#2823,#2824,#2825,#2826),.UNSPECIFIED.,.F.,.F.,(4,3,1,1,3,4),
(-0.050561469968135,0.,0.447934287673001,0.713607282891843,1.,1.06118990736211),
 .UNSPECIFIED.);
#206=B_SPLINE_CURVE_WITH_KNOTS('',3,(#2828,#2829,#2830,#2831,#2832,#2833,
#2834,#2835),.UNSPECIFIED.,.F.,.F.,(4,1,1,1,1,4),(3.50894726032049E-16,
0.00204702529814574,0.00409405059629113,0.0081881011925819,0.0122821517888727,
0.0163762023851634),.UNSPECIFIED.);
#207=B_SPLINE_CURVE_WITH_KNOTS('',3,(#2836,#2837,#2838,#2839,#2840,#2841,
#2842,#2843),.UNSPECIFIED.,.F.,.F.,(4,1,1,1,1,4),(0.,0.0040961860496915,
0.00819237209938299,0.0122885581490745,0.0143366511739202,0.016384744198766),
 .UNSPECIFIED.);
#208=B_SPLINE_CURVE_WITH_KNOTS('',3,(#2845,#2846,#2847,#2848,#2849,#2850),
 .UNSPECIFIED.,.F.,.F.,(4,1,1,4),(0.,0.447934287673001,0.713607282891843,
1.),.UNSPECIFIED.);
#209=B_SPLINE_CURVE_WITH_KNOTS('',3,(#2852,#2853,#2854,#2855,#2856,#2857,
#2858),.UNSPECIFIED.,.F.,.F.,(4,1,1,1,4),(0.,0.00612000223660355,0.0122400044732071,
0.0183600067098107,0.0244800089464142),.UNSPECIFIED.);
#210=B_SPLINE_CURVE_WITH_KNOTS('',3,(#2876,#2877,#2878,#2879,#2880,#2881,
#2882),.UNSPECIFIED.,.F.,.F.,(4,1,1,1,4),(0.,0.00514418027755519,0.0102883605551104,
0.0154325408326656,0.0205767211102207),.UNSPECIFIED.);
#211=B_SPLINE_CURVE_WITH_KNOTS('',3,(#2884,#2885,#2886,#2887,#2888,#2889,
#2890),.UNSPECIFIED.,.F.,.F.,(4,1,1,1,4),(0.,0.0052003209869649,0.0104006419739298,
0.0156009629608947,0.0208012839478596),.UNSPECIFIED.);
#212=B_SPLINE_CURVE_WITH_KNOTS('',3,(#2908,#2909,#2910,#2911,#2912,#2913,
#2914,#2915),.UNSPECIFIED.,.F.,.F.,(4,1,1,1,1,4),(0.,0.00612992708602748,
0.012259854172055,0.0153248177150687,0.0183897812580824,0.0245197083441099),
 .UNSPECIFIED.);
#213=B_SPLINE_CURVE_WITH_KNOTS('',3,(#2973,#2974,#2975,#2976,#2977,#2978,
#2979),.UNSPECIFIED.,.F.,.F.,(4,1,1,1,4),(0.,0.0036391453413803,0.0072782906827606,
0.0109174360241409,0.0145565813655212),.UNSPECIFIED.);
#214=B_SPLINE_CURVE_WITH_KNOTS('',3,(#2981,#2982,#2983,#2984,#2985,#2986,
#2987,#2988),.UNSPECIFIED.,.F.,.F.,(4,1,1,1,1,4),(0.,0.00355536658817846,
0.00711073317635692,0.0106660997645354,0.0124437830586246,0.0142214663527138),
 .UNSPECIFIED.);
#215=B_SPLINE_CURVE_WITH_KNOTS('',3,(#2990,#2991,#2992,#2993,#2994,#2995,
#2996,#2997,#2998,#2999),.UNSPECIFIED.,.F.,.F.,(4,1,1,1,1,1,1,4),(0.,0.00356067540614781,
0.00712135081229562,0.00890168851536952,0.0106820262184434,0.0124623639215173,
0.0133525327730543,0.0142427016245912),.UNSPECIFIED.);
#216=B_SPLINE_CURVE_WITH_KNOTS('',3,(#3001,#3002,#3003,#3004,#3005,#3006,
#3007),.UNSPECIFIED.,.F.,.F.,(4,1,1,1,4),(0.,0.00398531220480578,0.00797062440961157,
0.0119559366144174,0.0159412488192231),.UNSPECIFIED.);
#217=B_SPLINE_CURVE_WITH_KNOTS('',3,(#3009,#3010,#3011,#3012,#3013,#3014,
#3015),.UNSPECIFIED.,.F.,.F.,(4,1,1,1,4),(0.,0.00398051964090289,0.00796103928180578,
0.0119415589227087,0.0159220785636116),.UNSPECIFIED.);
#218=B_SPLINE_CURVE_WITH_KNOTS('',3,(#3017,#3018,#3019,#3020,#3021,#3022,
#3023),.UNSPECIFIED.,.F.,.F.,(4,1,1,1,4),(0.,0.00355486286571831,0.00710972573143663,
0.0106645885971549,0.0142194514628733),.UNSPECIFIED.);
#219=B_SPLINE_CURVE_WITH_KNOTS('',3,(#3025,#3026,#3027,#3028,#3029,#3030,
#3031),.UNSPECIFIED.,.F.,.F.,(4,1,1,1,4),(0.,0.00356292483230745,0.0071258496646149,
0.0106887744969224,0.0142516993292298),.UNSPECIFIED.);
#220=B_SPLINE_CURVE_WITH_KNOTS('',3,(#3033,#3034,#3035,#3036,#3037,#3038,
#3039),.UNSPECIFIED.,.F.,.F.,(4,1,1,1,4),(0.,0.00365735830486273,0.00731471660972545,
0.0109720749145882,0.0146294332194509),.UNSPECIFIED.);
#221=B_SPLINE_CURVE_WITH_KNOTS('',3,(#3196,#3197,#3198,#3199,#3200,#3201,
#3202),.UNSPECIFIED.,.F.,.F.,(4,1,1,1,4),(0.,0.0036573583048627,0.00731471660972541,
0.0109720749145881,0.0146294332194508),.UNSPECIFIED.);
#222=B_SPLINE_CURVE_WITH_KNOTS('',3,(#3204,#3205,#3206,#3207,#3208,#3209,
#3210),.UNSPECIFIED.,.F.,.F.,(4,1,1,1,4),(0.,0.00356292483230745,0.0071258496646149,
0.0106887744969224,0.0142516993292298),.UNSPECIFIED.);
#223=B_SPLINE_CURVE_WITH_KNOTS('',3,(#3212,#3213,#3214,#3215,#3216,#3217,
#3218),.UNSPECIFIED.,.F.,.F.,(4,1,1,1,4),(0.,0.00355486286571832,0.00710972573143663,
0.0106645885971549,0.0142194514628733),.UNSPECIFIED.);
#224=B_SPLINE_CURVE_WITH_KNOTS('',3,(#3220,#3221,#3222,#3223,#3224,#3225,
#3226),.UNSPECIFIED.,.F.,.F.,(4,1,1,1,4),(0.,0.00398051964090289,0.00796103928180577,
0.0119415589227087,0.0159220785636115),.UNSPECIFIED.);
#225=B_SPLINE_CURVE_WITH_KNOTS('',3,(#3228,#3229,#3230,#3231,#3232,#3233,
#3234),.UNSPECIFIED.,.F.,.F.,(4,1,1,1,4),(0.,0.00398531220480578,0.00797062440961157,
0.0119559366144174,0.0159412488192231),.UNSPECIFIED.);
#226=B_SPLINE_CURVE_WITH_KNOTS('',3,(#3236,#3237,#3238,#3239,#3240,#3241,
#3242,#3243,#3244,#3245),.UNSPECIFIED.,.F.,.F.,(4,1,1,1,1,1,1,4),(0.,0.00356067540614786,
0.00712135081229571,0.00890168851536964,0.0106820262184436,0.0124623639215175,
0.0133525327730545,0.0142427016245914),.UNSPECIFIED.);
#227=B_SPLINE_CURVE_WITH_KNOTS('',3,(#3247,#3248,#3249,#3250,#3251,#3252,
#3253,#3254),.UNSPECIFIED.,.F.,.F.,(4,1,1,1,1,4),(0.,0.00355536658817847,
0.00711073317635693,0.0106660997645354,0.0124437830586246,0.0142214663527139),
 .UNSPECIFIED.);
#228=B_SPLINE_CURVE_WITH_KNOTS('',3,(#3256,#3257,#3258,#3259,#3260,#3261,
#3262),.UNSPECIFIED.,.F.,.F.,(4,1,1,1,4),(0.,0.00363914534138031,0.00727829068276062,
0.0109174360241409,0.0145565813655212),.UNSPECIFIED.);
#229=B_SPLINE_CURVE_WITH_KNOTS('',3,(#3321,#3322,#3323,#3324,#3325,#3326,
#3327,#3328,#3329,#3330,#3331,#3332,#3333,#3334,#3335,#3336,#3337,#3338,
#3339,#3340,#3341,#3342,#3343,#3344,#3345,#3346,#3347,#3348,#3349,#3350,
#3351,#3352,#3353,#3354),.UNSPECIFIED.,.T.,.F.,(1,1,1,1,1,1,1,1,1,1,1,1,
1,1,1,1,1,1,1,1,1,1,1,1,1,1,1,1,1,1,1,1,1,1,1,1,1,1),(-0.00394425490439836,
-0.0026295032695989,-0.00131475163479945,0.,0.00131475163479945,0.0026295032695989,
0.00394425490439835,0.0052590065391978,0.00657375817399725,0.0078885098087967,
0.00920326144359615,0.0105180130783956,0.0131475163479945,0.0157770196175934,
0.0184065228871923,0.0210360261567912,0.0223507777915907,0.0236655294263901,
0.0249802810611896,0.026295032695989,0.0269524085133887,0.0276097843307885,
0.0282671601481882,0.0289245359655879,0.0295819117829876,0.0302392876003874,
0.0315540392351868,0.0328687908699863,0.0341835425047857,0.0354982941395852,
0.0368130457743846,0.0381277974091841,0.0394425490439835,0.040757300678783,
0.0420720523135824,0.0433868039483819,0.0447015555831813,0.0460163072179808),
 .UNSPECIFIED.);
#230=B_SPLINE_CURVE_WITH_KNOTS('',3,(#3356,#3357,#3358,#3359,#3360,#3361,
#3362,#3363,#3364,#3365,#3366,#3367,#3368,#3369,#3370,#3371,#3372,#3373,
#3374,#3375,#3376,#3377,#3378,#3379,#3380,#3381,#3382,#3383,#3384,#3385,
#3386,#3387,#3388,#3389),.UNSPECIFIED.,.T.,.F.,(1,1,1,1,1,1,1,1,1,1,1,1,
1,1,1,1,1,1,1,1,1,1,1,1,1,1,1,1,1,1,1,1,1,1,1,1,1,1),(-0.00394425490439818,
-0.00262950326959879,-0.0013147516347994,0.,0.00131475163479939,0.00262950326959879,
0.00394425490439818,0.00525900653919758,0.00657375817399697,0.00788850980879636,
0.00920326144359576,0.0105180130783952,0.0131475163479939,0.0157770196175927,
0.0184065228871915,0.0210360261567903,0.0223507777915897,0.0236655294263891,
0.0249802810611885,0.0262950326959879,0.0269524085133876,0.0276097843307873,
0.028267160148187,0.0289245359655867,0.0295819117829864,0.0302392876003861,
0.0315540392351855,0.0328687908699848,0.0341835425047842,0.0354982941395836,
0.036813045774383,0.0381277974091824,0.0394425490439818,0.0407573006787812,
0.0420720523135806,0.04338680394838,0.0447015555831794,0.0460163072179788),
 .UNSPECIFIED.);
#231=B_SPLINE_CURVE_WITH_KNOTS('',3,(#3398,#3399,#3400,#3401,#3402,#3403,
#3404),.UNSPECIFIED.,.F.,.F.,(4,1,1,1,4),(0.00733461662893087,0.0093646749555095,
0.0113947332820881,0.0134247916086668,0.0154548499352454),.UNSPECIFIED.);
#232=B_SPLINE_CURVE_WITH_KNOTS('',3,(#3410,#3411,#3412,#3413,#3414,#3415,
#3416),.UNSPECIFIED.,.F.,.F.,(4,1,1,1,4),(0.,0.00490717592273672,0.00981435184547345,
0.0147215277682102,0.0196287036909469),.UNSPECIFIED.);
#233=B_SPLINE_CURVE_WITH_KNOTS('',3,(#3424,#3425,#3426,#3427,#3428,#3429,
#3430,#3431,#3432,#3433,#3434,#3435,#3436,#3437,#3438,#3439,#3440,#3441,
#3442,#3443,#3444,#3445,#3446,#3447,#3448,#3449,#3450,#3451),
 .UNSPECIFIED.,.F.,.F.,(4,1,1,1,1,1,1,1,1,1,1,1,1,1,1,1,1,1,1,1,1,1,1,1,
1,4),(0.,0.00172553306943997,0.00345106613887995,0.00431383267359994,0.00517659920831992,
0.00603936574303991,0.0069021322777599,0.00776489881247988,0.00862766534719987,
0.0103531984166398,0.0112159649513598,0.0120787314860798,0.0129414980207998,
0.0138042645555198,0.0146670310902398,0.0155297976249598,0.0172553306943997,
0.0189808637638397,0.0198436302985597,0.0207063968332797,0.0215691633679997,
0.0224319299027197,0.0232946964374397,0.0241574629721596,0.0258829960415996,
0.0276085291110396),.UNSPECIFIED.);
#234=B_SPLINE_CURVE_WITH_KNOTS('',3,(#3459,#3460,#3461,#3462,#3463,#3464,
#3465,#3466,#3467,#3468,#3469,#3470,#3471,#3472,#3473,#3474,#3475,#3476,
#3477,#3478,#3479,#3480,#3481,#3482,#3483,#3484,#3485),.UNSPECIFIED.,.F.,
 .F.,(4,1,1,1,1,1,1,1,1,1,1,1,1,1,1,1,1,1,1,1,1,1,1,1,4),(0.,0.00166743132134709,
0.00333486264269418,0.00500229396404128,0.00583600962471482,0.00666972528538837,
0.00750344094606192,0.00833715660673546,0.0100045879280826,0.0116720192494296,
0.0125057349101032,0.0133394505707767,0.0141731662314503,0.0150068818921238,
0.0158405975527974,0.0166743132134709,0.018341744534818,0.0191754601954916,
0.0200091758561651,0.0208428915168387,0.0216766071775122,0.0225103228381857,
0.0233440384988593,0.0250114698202064,0.0266789011415535),.UNSPECIFIED.);
#235=B_SPLINE_CURVE_WITH_KNOTS('',3,(#3493,#3494,#3495,#3496,#3497,#3498,
#3499),.UNSPECIFIED.,.F.,.F.,(4,1,1,1,4),(0.,0.00584415982313559,0.0116883196462712,
0.0175324794694068,0.0233766392925424),.UNSPECIFIED.);
#236=B_SPLINE_CURVE_WITH_KNOTS('',3,(#3505,#3506,#3507,#3508,#3509),
 .UNSPECIFIED.,.F.,.F.,(4,1,4),(0.,0.00247443051553803,0.00494886103107605),
 .UNSPECIFIED.);
#237=B_SPLINE_CURVE_WITH_KNOTS('',3,(#3516,#3517,#3518,#3519),
 .UNSPECIFIED.,.F.,.F.,(4,4),(2.68300184776738E-6,0.000100990517539005),
 .UNSPECIFIED.);
#238=B_SPLINE_CURVE_WITH_KNOTS('',3,(#3521,#3522,#3523,#3524),
 .UNSPECIFIED.,.F.,.F.,(4,4),(2.68300184488384E-6,0.000100990517538961),
 .UNSPECIFIED.);
#239=B_SPLINE_CURVE_WITH_KNOTS('',3,(#3536,#3537,#3538,#3539,#3540),
 .UNSPECIFIED.,.F.,.F.,(4,1,4),(0.0135835975117406,0.0150982392785064,0.0166128810452722),
 .UNSPECIFIED.);
#240=B_SPLINE_CURVE_WITH_KNOTS('',3,(#3545,#3546,#3547,#3548),
 .UNSPECIFIED.,.F.,.F.,(4,4),(0.,0.00256748823959317),.UNSPECIFIED.);
#241=B_SPLINE_CURVE_WITH_KNOTS('',3,(#3553,#3554,#3555,#3556),
 .UNSPECIFIED.,.F.,.F.,(4,4),(0.,0.00256748823959317),.UNSPECIFIED.);
#242=B_SPLINE_CURVE_WITH_KNOTS('',3,(#3627,#3628,#3629,#3630,#3631,#3632,
#3633,#3634,#3635,#3636,#3637,#3638,#3639,#3640,#3641,#3642,#3643,#3644,
#3645,#3646,#3647,#3648,#3649,#3650,#3651,#3652,#3653),.UNSPECIFIED.,.F.,
 .F.,(4,1,1,1,1,1,1,1,1,1,1,1,1,1,1,1,1,1,1,1,1,1,1,1,4),(0.,0.00166743132134706,
0.00333486264269413,0.00500229396404119,0.00583600962471473,0.00666972528538826,
0.00750344094606179,0.00833715660673532,0.0100045879280824,0.0116720192494295,
0.012505734910103,0.0133394505707765,0.0141731662314501,0.0150068818921236,
0.0158405975527971,0.0166743132134706,0.0183417445348177,0.0191754601954912,
0.0200091758561648,0.0208428915168383,0.0216766071775118,0.0225103228381854,
0.0233440384988589,0.025011469820206,0.026678901141553),.UNSPECIFIED.);
#243=B_SPLINE_CURVE_WITH_KNOTS('',3,(#3668,#3669,#3670,#3671,#3672,#3673,
#3674,#3675),.UNSPECIFIED.,.F.,.F.,(4,1,1,1,1,4),(0.,0.00363125793478037,
0.00726251586956074,0.00907814483695092,0.0108937738043411,0.0145250317391215),
 .UNSPECIFIED.);
#244=B_SPLINE_CURVE_WITH_KNOTS('',3,(#3678,#3679,#3680,#3681,#3682,#3683,
#3684),.UNSPECIFIED.,.F.,.F.,(4,1,1,1,4),(0.,0.00363408835476244,0.00726817670952489,
0.0109022650642873,0.0145363534190498),.UNSPECIFIED.);
#245=B_SPLINE_CURVE_WITH_KNOTS('',3,(#3704,#3705,#3706,#3707,#3708,#3709,
#3710,#3711,#3712),.UNSPECIFIED.,.F.,.F.,(4,1,1,1,1,1,4),(0.147933293913623,
0.156305908717022,0.160492216118722,0.164678523520421,0.17305113832382,
0.17723744572552,0.181423753127219),.UNSPECIFIED.);
#246=B_SPLINE_CURVE_WITH_KNOTS('',3,(#3713,#3714,#3715,#3716,#3717,#3718,
#3719,#3720,#3721),.UNSPECIFIED.,.F.,.F.,(4,1,1,1,1,1,4),(0.147933293913623,
0.156290533238324,0.160469152900674,0.164647772563024,0.168826392225374,
0.173005011887724,0.181362251212424),.UNSPECIFIED.);
#247=B_SPLINE_CURVE_WITH_KNOTS('',3,(#3781,#3782,#3783,#3784,#3785,#3786,
#3787,#3788),.UNSPECIFIED.,.F.,.F.,(4,1,1,1,1,4),(0.139733396285527,0.147131668966822,
0.15083080530747,0.154529941648118,0.161928214329413,0.169326487010708),
 .UNSPECIFIED.);
#248=B_SPLINE_CURVE_WITH_KNOTS('',3,(#3789,#3790,#3791,#3792,#3793,#3794,
#3795),.UNSPECIFIED.,.F.,.F.,(4,1,1,1,4),(0.139733396285527,0.147102976643389,
0.154472557001252,0.161842137359114,0.169211717716976),.UNSPECIFIED.);
#249=B_SPLINE_CURVE_WITH_KNOTS('',3,(#3801,#3802,#3803,#3804,#3805,#3806,
#3807,#3808),.UNSPECIFIED.,.F.,.F.,(4,1,1,1,1,4),(0.,0.00190749922900094,
0.00381499845800187,0.00762999691600375,0.0114449953740056,0.0152599938320075),
 .UNSPECIFIED.);
#250=B_SPLINE_CURVE_WITH_KNOTS('',3,(#3809,#3810,#3811,#3812,#3813,#3814,
#3815,#3816),.UNSPECIFIED.,.F.,.F.,(4,1,1,1,1,4),(0.,0.00377698963290978,
0.00755397926581956,0.0113309688987293,0.0132194637151842,0.0151079585316391),
 .UNSPECIFIED.);
#251=B_SPLINE_CURVE_WITH_KNOTS('',3,(#3885,#3886,#3887,#3888,#3889,#3890,
#3891,#3892,#3893,#3894,#3895,#3896,#3897,#3898,#3899,#3900,#3901,#3902,
#3903,#3904,#3905,#3906,#3907,#3908,#3909,#3910,#3911,#3912),
 .UNSPECIFIED.,.F.,.F.,(4,1,1,1,1,1,1,1,1,1,1,1,1,1,1,1,1,1,1,1,1,1,1,1,
1,4),(0.,0.00172553306944005,0.0034510661388801,0.00431383267360012,0.00517659920832015,
0.00603936574304017,0.0069021322777602,0.00776489881248022,0.00862766534720025,
0.0103531984166403,0.0112159649513603,0.0120787314860803,0.0129414980208004,
0.0138042645555204,0.0146670310902404,0.0155297976249604,0.0172553306944005,
0.0189808637638405,0.0198436302985606,0.0207063968332806,0.0215691633680006,
0.0224319299027206,0.0232946964374407,0.0241574629721607,0.0258829960416007,
0.0276085291110408),.UNSPECIFIED.);
#252=B_SPLINE_CURVE_WITH_KNOTS('',3,(#3924,#3925,#3926,#3927),
 .UNSPECIFIED.,.F.,.F.,(4,4),(0.,0.00210397049804851),.UNSPECIFIED.);
#253=B_SPLINE_CURVE_WITH_KNOTS('',3,(#3931,#3932,#3933,#3934),
 .UNSPECIFIED.,.F.,.F.,(4,4),(0.,0.00210397049804851),.UNSPECIFIED.);
#254=B_SPLINE_CURVE_WITH_KNOTS('',3,(#3975,#3976,#3977,#3978,#3979,#3980),
 .UNSPECIFIED.,.F.,.F.,(4,1,1,4),(0.00499982995791032,0.00907007797839695,
0.0111052019886403,0.0131403259988836),.UNSPECIFIED.);
#255=B_SPLINE_CURVE_WITH_KNOTS('',3,(#3983,#3984,#3985,#3986),
 .UNSPECIFIED.,.F.,.F.,(4,4),(0.00496404398987286,0.00552449608608816),
 .UNSPECIFIED.);
#256=B_SPLINE_CURVE_WITH_KNOTS('',3,(#3987,#3988,#3989,#3990,#3991,#3992,
#3993,#3994,#3995),.UNSPECIFIED.,.F.,.F.,(4,1,1,1,1,1,4),(0.,0.00489961495682626,
0.00979922991365252,0.0122490373920657,0.0146988448704788,0.0171486523488919,
0.019598459827305),.UNSPECIFIED.);
#257=B_SPLINE_CURVE_WITH_KNOTS('',3,(#3996,#3997,#3998,#3999,#4000,#4001,
#4002,#4003,#4004),.UNSPECIFIED.,.F.,.F.,(4,1,1,1,1,1,4),(0.,0.00248140000137161,
0.00496280000274321,0.00744420000411482,0.00992560000548642,0.0148884000082296,
0.0198512000109728),.UNSPECIFIED.);
#258=B_SPLINE_CURVE_WITH_KNOTS('',3,(#4006,#4007,#4008,#4009,#4010),
 .UNSPECIFIED.,.F.,.F.,(4,1,4),(0.013583597511739,0.0150982392785056,0.0166128810452723),
 .UNSPECIFIED.);
#259=B_SPLINE_CURVE_WITH_KNOTS('',3,(#4012,#4013,#4014,#4015),
 .UNSPECIFIED.,.F.,.F.,(4,4),(0.00496404398987787,0.00552449608608977),
 .UNSPECIFIED.);
#260=B_SPLINE_CURVE_WITH_KNOTS('',3,(#4017,#4018,#4019,#4020,#4021,#4022),
 .UNSPECIFIED.,.F.,.F.,(4,1,1,4),(0.00499982995790868,0.00907007797839799,
0.0111052019886427,0.0131403259988873),.UNSPECIFIED.);
#261=B_SPLINE_CURVE_WITH_KNOTS('',3,(#4023,#4024,#4025,#4026,#4027),
 .UNSPECIFIED.,.F.,.F.,(4,1,4),(0.,0.00247443051553977,0.00494886103107954),
 .UNSPECIFIED.);
#262=B_SPLINE_CURVE_WITH_KNOTS('',3,(#4116,#4117,#4118,#4119,#4120,#4121,
#4122,#4123,#4124,#4125,#4126,#4127,#4128,#4129,#4130,#4131,#4132,#4133,
#4134,#4135,#4136,#4137,#4138,#4139,#4140,#4141,#4142,#4143,#4144,#4145,
#4146,#4147,#4148,#4149),.UNSPECIFIED.,.T.,.F.,(1,1,1,1,1,1,1,1,1,1,1,1,
1,1,1,1,1,1,1,1,1,1,1,1,1,1,1,1,1,1,1,1,1,1,1,1,1,1),(-0.00394425490439818,
-0.00262950326959879,-0.0013147516347994,0.,0.00131475163479939,0.00262950326959879,
0.00394425490439818,0.00525900653919758,0.00657375817399697,0.00788850980879636,
0.00920326144359576,0.0105180130783952,0.0131475163479939,0.0157770196175927,
0.0184065228871915,0.0210360261567903,0.0223507777915897,0.0236655294263891,
0.0249802810611885,0.0262950326959879,0.0269524085133876,0.0276097843307873,
0.028267160148187,0.0289245359655867,0.0295819117829864,0.0302392876003861,
0.0315540392351855,0.0328687908699848,0.0341835425047842,0.0354982941395836,
0.036813045774383,0.0381277974091824,0.0394425490439818,0.0407573006787812,
0.0420720523135806,0.04338680394838,0.0447015555831794,0.0460163072179788),
 .UNSPECIFIED.);
#263=B_SPLINE_CURVE_WITH_KNOTS('',3,(#4239,#4240,#4241,#4242,#4243,#4244,
#4245,#4246,#4247,#4248,#4249,#4250,#4251,#4252,#4253,#4254,#4255,#4256,
#4257,#4258,#4259,#4260,#4261,#4262,#4263,#4264,#4265,#4266,#4267,#4268,
#4269,#4270,#4271,#4272),.UNSPECIFIED.,.T.,.F.,(1,1,1,1,1,1,1,1,1,1,1,1,
1,1,1,1,1,1,1,1,1,1,1,1,1,1,1,1,1,1,1,1,1,1,1,1,1,1),(-0.00394425490439836,
-0.0026295032695989,-0.00131475163479945,0.,0.00131475163479945,0.0026295032695989,
0.00394425490439835,0.0052590065391978,0.00657375817399725,0.0078885098087967,
0.00920326144359615,0.0105180130783956,0.0131475163479945,0.0157770196175934,
0.0184065228871923,0.0210360261567912,0.0223507777915907,0.0236655294263901,
0.0249802810611896,0.026295032695989,0.0269524085133887,0.0276097843307885,
0.0282671601481882,0.0289245359655879,0.0295819117829876,0.0302392876003874,
0.0315540392351868,0.0328687908699863,0.0341835425047857,0.0354982941395852,
0.0368130457743846,0.0381277974091841,0.0394425490439835,0.040757300678783,
0.0420720523135824,0.0433868039483819,0.0447015555831813,0.0460163072179808),
 .UNSPECIFIED.);
#264=B_SPLINE_CURVE_WITH_KNOTS('',3,(#4322,#4323,#4324,#4325,#4326,#4327,
#4328),.UNSPECIFIED.,.F.,.F.,(4,1,1,1,4),(0.00150017560423028,0.00330554278830101,
0.00511090997237173,0.00691627715644246,0.00872164434051319),
 .UNSPECIFIED.);
#265=B_SPLINE_CURVE_WITH_KNOTS('',3,(#4330,#4331,#4332,#4333,#4334,#4335,
#4336),.UNSPECIFIED.,.F.,.F.,(4,1,1,1,4),(0.00733461662897097,0.00936467495553956,
0.0113947332821082,0.0134247916086768,0.0154548499352453),.UNSPECIFIED.);
#266=B_SPLINE_CURVE_WITH_KNOTS('',3,(#4337,#4338,#4339,#4340,#4341,#4342,
#4343),.UNSPECIFIED.,.F.,.F.,(4,1,1,1,4),(0.00150017560423028,0.00330554278829098,
0.00511090997235167,0.00691627715641236,0.00872164434047306),
 .UNSPECIFIED.);
#267=B_SPLINE_CURVE_WITH_KNOTS('',3,(#4344,#4345,#4346,#4347),
 .UNSPECIFIED.,.F.,.F.,(4,4),(0.000860982035459216,0.000869522345563618),
 .UNSPECIFIED.);
#268=B_SPLINE_CURVE_WITH_KNOTS('',3,(#4349,#4350,#4351,#4352,#4353,#4354,
#4355,#4356,#4357),.UNSPECIFIED.,.F.,.F.,(4,1,1,1,1,1,4),(0.,0.00530074212910849,
0.010601484258217,0.0132518553227712,0.0159022263873255,0.0185525974518797,
0.021202968516434),.UNSPECIFIED.);
#269=B_SPLINE_CURVE_WITH_KNOTS('',3,(#4358,#4359,#4360,#4361,#4362,#4363,
#4364,#4365,#4366),.UNSPECIFIED.,.F.,.F.,(4,1,1,1,1,1,4),(5.76986349345906E-6,
0.00269424808795967,0.00538272631242588,0.0080712045368921,0.0107596827613583,
0.0161366392102907,0.0215135956592232),.UNSPECIFIED.);
#270=B_SPLINE_CURVE_WITH_KNOTS('',3,(#4368,#4369,#4370,#4371),
 .UNSPECIFIED.,.F.,.F.,(4,4),(0.000860982035386202,0.00086952234556137),
 .UNSPECIFIED.);
#271=B_SPLINE_CURVE_WITH_KNOTS('',3,(#4373,#4374,#4375,#4376,#4377,#4378,
#4379),.UNSPECIFIED.,.F.,.F.,(4,1,1,1,4),(0.,0.0048457528484587,0.00969150569691741,
0.0145372585453761,0.0193830113938348),.UNSPECIFIED.);
#272=B_SPLINE_CURVE_WITH_KNOTS('',3,(#4389,#4390,#4391,#4392,#4393,#4394,
#4395),.UNSPECIFIED.,.F.,.F.,(4,1,1,1,4),(0.,0.00584644106184925,0.0116928821236985,
0.0175393231855477,0.023385764247397),.UNSPECIFIED.);
#273=B_SPLINE_CURVE_WITH_KNOTS('',3,(#4445,#4446,#4447,#4448,#4449,#4450),
 .UNSPECIFIED.,.F.,.F.,(4,1,1,4),(-2.34895972736175E-5,0.00645498364566429,
0.00969422026713324,0.0129334568886022),.UNSPECIFIED.);
#274=B_SPLINE_CURVE_WITH_KNOTS('',3,(#4452,#4453,#4454,#4455,#4456,#4457,
#4458,#4459),.UNSPECIFIED.,.F.,.F.,(4,1,1,1,1,4),(-3.01045312664052E-5,
0.0015737770742501,0.00317765867976661,0.00638542189079963,0.00959318510183265,
0.0128009483128657),.UNSPECIFIED.);
#275=B_SPLINE_CURVE_WITH_KNOTS('',3,(#4461,#4462,#4463,#4464,#4465,#4466,
#4467,#4468,#4469,#4470),.UNSPECIFIED.,.F.,.F.,(4,1,1,1,1,1,1,4),(-2.36981101302385E-5,
0.000780144336875663,0.00158398678388156,0.00319167167789337,0.00479935657190517,
0.00640704146591697,0.00962241125394058,0.0128377810419642),
 .UNSPECIFIED.);
#276=B_SPLINE_CURVE_WITH_KNOTS('',3,(#4472,#4473,#4474,#4475,#4476,#4477,
#4478),.UNSPECIFIED.,.F.,.F.,(4,1,1,1,4),(-1.81033326985013E-5,0.00353284556053149,
0.00708379445376148,0.0106347433469915,0.0141856922402215),
 .UNSPECIFIED.);
#277=B_SPLINE_CURVE_WITH_KNOTS('',3,(#4480,#4481,#4482,#4483,#4484,#4485,
#4486),.UNSPECIFIED.,.F.,.F.,(4,1,1,1,4),(-1.81314918982591E-5,0.00353085777514701,
0.00707984704219228,0.0106288363092375,0.0141778255762828),
 .UNSPECIFIED.);
#278=B_SPLINE_CURVE_WITH_KNOTS('',3,(#4488,#4489,#4490,#4491,#4492,#4493,
#4494),.UNSPECIFIED.,.F.,.F.,(4,1,1,1,4),(8.43819176523471E-5,0.00321384250415216,
0.00634330309065198,0.0094727636771518,0.0126022242636516),
 .UNSPECIFIED.);
#279=B_SPLINE_CURVE_WITH_KNOTS('',3,(#4496,#4497,#4498,#4499,#4500,#4501,
#4502),.UNSPECIFIED.,.F.,.F.,(4,1,1,1,4),(-3.32321002722478E-5,0.00313948086135575,
0.00631219382298375,0.00948490678461174,0.0126576197462397),
 .UNSPECIFIED.);
#280=B_SPLINE_CURVE_WITH_KNOTS('',3,(#4504,#4505,#4506,#4507,#4508,#4509),
 .UNSPECIFIED.,.F.,.F.,(4,1,1,4),(-2.25846454327436E-5,0.00648817044086088,
0.0097435479840077,0.0129989255271545),.UNSPECIFIED.);
#281=B_SPLINE_CURVE_WITH_KNOTS('',3,(#4609,#4610,#4611,#4612,#4613,#4614),
 .UNSPECIFIED.,.F.,.F.,(4,1,1,4),(-2.2584645456596E-5,0.00648817044083738,
0.00974354798398437,0.0129989255271314),.UNSPECIFIED.);
#282=B_SPLINE_CURVE_WITH_KNOTS('',3,(#4616,#4617,#4618,#4619,#4620,#4621,
#4622),.UNSPECIFIED.,.F.,.F.,(4,1,1,1,4),(-3.32321002722111E-5,0.00313948086135407,
0.00631219382298035,0.00948490678460663,0.0126576197462329),
 .UNSPECIFIED.);
#283=B_SPLINE_CURVE_WITH_KNOTS('',3,(#4624,#4625,#4626,#4627,#4628,#4629,
#4630),.UNSPECIFIED.,.F.,.F.,(4,1,1,1,4),(8.4381917651941E-5,0.00321384250414821,
0.00634330309064447,0.00947276367714073,0.012602224263637),
 .UNSPECIFIED.);
#284=B_SPLINE_CURVE_WITH_KNOTS('',3,(#4632,#4633,#4634,#4635,#4636,#4637,
#4638),.UNSPECIFIED.,.F.,.F.,(4,1,1,1,4),(-1.81314918982832E-5,0.00353085777514955,
0.00707984704219738,0.0106288363092452,0.014177825576293),.UNSPECIFIED.);
#285=B_SPLINE_CURVE_WITH_KNOTS('',3,(#4640,#4641,#4642,#4643,#4644,#4645,
#4646),.UNSPECIFIED.,.F.,.F.,(4,1,1,1,4),(-1.81033326984573E-5,0.0035328455605346,
0.00708379445376766,0.0106347433470007,0.0141856922402338),
 .UNSPECIFIED.);
#286=B_SPLINE_CURVE_WITH_KNOTS('',3,(#4648,#4649,#4650,#4651,#4652,#4653,
#4654,#4655,#4656,#4657),.UNSPECIFIED.,.F.,.F.,(4,1,1,1,1,1,1,4),(-2.36981101302171E-5,
0.000780144336875724,0.00158398678388167,0.00319167167789355,0.00479935657190543,
0.00640704146591731,0.00962241125394108,0.0128377810419648),
 .UNSPECIFIED.);
#287=B_SPLINE_CURVE_WITH_KNOTS('',3,(#4659,#4660,#4661,#4662,#4663,#4664,
#4665,#4666),.UNSPECIFIED.,.F.,.F.,(4,1,1,1,1,4),(-3.0104531269344E-5,0.00157377707424768,
0.00317765867976469,0.00638542189079873,0.00959318510183277,0.0128009483128668),
 .UNSPECIFIED.);
#288=B_SPLINE_CURVE_WITH_KNOTS('',3,(#4668,#4669,#4670,#4671,#4672,#4673),
 .UNSPECIFIED.,.F.,.F.,(4,1,1,4),(-2.34895972736226E-5,0.00645498364566451,
0.00969422026713358,0.0129334568886027),.UNSPECIFIED.);
#289=ORIENTED_EDGE('',*,*,#817,.T.);
#290=ORIENTED_EDGE('',*,*,#818,.T.);
#291=ORIENTED_EDGE('',*,*,#819,.T.);
#292=ORIENTED_EDGE('',*,*,#820,.F.);
#293=ORIENTED_EDGE('',*,*,#821,.F.);
#294=ORIENTED_EDGE('',*,*,#822,.T.);
#295=ORIENTED_EDGE('',*,*,#823,.F.);
#296=ORIENTED_EDGE('',*,*,#824,.T.);
#297=ORIENTED_EDGE('',*,*,#825,.T.);
#298=ORIENTED_EDGE('',*,*,#826,.F.);
#299=ORIENTED_EDGE('',*,*,#825,.F.);
#300=ORIENTED_EDGE('',*,*,#827,.T.);
#301=ORIENTED_EDGE('',*,*,#828,.T.);
#302=ORIENTED_EDGE('',*,*,#829,.F.);
#303=ORIENTED_EDGE('',*,*,#828,.F.);
#304=ORIENTED_EDGE('',*,*,#830,.T.);
#305=ORIENTED_EDGE('',*,*,#831,.T.);
#306=ORIENTED_EDGE('',*,*,#832,.F.);
#307=ORIENTED_EDGE('',*,*,#831,.F.);
#308=ORIENTED_EDGE('',*,*,#833,.F.);
#309=ORIENTED_EDGE('',*,*,#834,.T.);
#310=ORIENTED_EDGE('',*,*,#835,.T.);
#311=ORIENTED_EDGE('',*,*,#836,.T.);
#312=ORIENTED_EDGE('',*,*,#837,.T.);
#313=ORIENTED_EDGE('',*,*,#838,.T.);
#314=ORIENTED_EDGE('',*,*,#834,.F.);
#315=ORIENTED_EDGE('',*,*,#839,.F.);
#316=ORIENTED_EDGE('',*,*,#840,.T.);
#317=ORIENTED_EDGE('',*,*,#841,.T.);
#318=ORIENTED_EDGE('',*,*,#842,.T.);
#319=ORIENTED_EDGE('',*,*,#836,.F.);
#320=ORIENTED_EDGE('',*,*,#843,.T.);
#321=ORIENTED_EDGE('',*,*,#844,.T.);
#322=ORIENTED_EDGE('',*,*,#845,.T.);
#323=ORIENTED_EDGE('',*,*,#841,.F.);
#324=ORIENTED_EDGE('',*,*,#846,.T.);
#325=ORIENTED_EDGE('',*,*,#847,.T.);
#326=ORIENTED_EDGE('',*,*,#848,.T.);
#327=ORIENTED_EDGE('',*,*,#844,.F.);
#328=ORIENTED_EDGE('',*,*,#849,.T.);
#329=ORIENTED_EDGE('',*,*,#850,.T.);
#330=ORIENTED_EDGE('',*,*,#851,.T.);
#331=ORIENTED_EDGE('',*,*,#847,.F.);
#332=ORIENTED_EDGE('',*,*,#852,.T.);
#333=ORIENTED_EDGE('',*,*,#853,.T.);
#334=ORIENTED_EDGE('',*,*,#854,.T.);
#335=ORIENTED_EDGE('',*,*,#850,.F.);
#336=ORIENTED_EDGE('',*,*,#855,.T.);
#337=ORIENTED_EDGE('',*,*,#856,.T.);
#338=ORIENTED_EDGE('',*,*,#857,.T.);
#339=ORIENTED_EDGE('',*,*,#853,.F.);
#340=ORIENTED_EDGE('',*,*,#858,.T.);
#341=ORIENTED_EDGE('',*,*,#859,.T.);
#342=ORIENTED_EDGE('',*,*,#860,.T.);
#343=ORIENTED_EDGE('',*,*,#856,.F.);
#344=ORIENTED_EDGE('',*,*,#861,.T.);
#345=ORIENTED_EDGE('',*,*,#862,.T.);
#346=ORIENTED_EDGE('',*,*,#863,.T.);
#347=ORIENTED_EDGE('',*,*,#859,.F.);
#348=ORIENTED_EDGE('',*,*,#864,.T.);
#349=ORIENTED_EDGE('',*,*,#865,.T.);
#350=ORIENTED_EDGE('',*,*,#866,.T.);
#351=ORIENTED_EDGE('',*,*,#862,.F.);
#352=ORIENTED_EDGE('',*,*,#867,.T.);
#353=ORIENTED_EDGE('',*,*,#868,.F.);
#354=ORIENTED_EDGE('',*,*,#869,.T.);
#355=ORIENTED_EDGE('',*,*,#865,.F.);
#356=ORIENTED_EDGE('',*,*,#870,.T.);
#357=ORIENTED_EDGE('',*,*,#871,.T.);
#358=ORIENTED_EDGE('',*,*,#872,.T.);
#359=ORIENTED_EDGE('',*,*,#872,.F.);
#360=ORIENTED_EDGE('',*,*,#873,.T.);
#361=ORIENTED_EDGE('',*,*,#874,.T.);
#362=ORIENTED_EDGE('',*,*,#875,.F.);
#363=ORIENTED_EDGE('',*,*,#874,.F.);
#364=ORIENTED_EDGE('',*,*,#876,.T.);
#365=ORIENTED_EDGE('',*,*,#877,.T.);
#366=ORIENTED_EDGE('',*,*,#878,.F.);
#367=ORIENTED_EDGE('',*,*,#877,.F.);
#368=ORIENTED_EDGE('',*,*,#879,.F.);
#369=ORIENTED_EDGE('',*,*,#880,.T.);
#370=ORIENTED_EDGE('',*,*,#881,.T.);
#371=ORIENTED_EDGE('',*,*,#880,.F.);
#372=ORIENTED_EDGE('',*,*,#882,.T.);
#373=ORIENTED_EDGE('',*,*,#883,.T.);
#374=ORIENTED_EDGE('',*,*,#884,.F.);
#375=ORIENTED_EDGE('',*,*,#885,.T.);
#376=ORIENTED_EDGE('',*,*,#886,.T.);
#377=ORIENTED_EDGE('',*,*,#887,.F.);
#378=ORIENTED_EDGE('',*,*,#888,.T.);
#379=ORIENTED_EDGE('',*,*,#889,.F.);
#380=ORIENTED_EDGE('',*,*,#890,.T.);
#381=ORIENTED_EDGE('',*,*,#887,.T.);
#382=ORIENTED_EDGE('',*,*,#891,.T.);
#383=ORIENTED_EDGE('',*,*,#892,.F.);
#384=ORIENTED_EDGE('',*,*,#890,.F.);
#385=ORIENTED_EDGE('',*,*,#893,.T.);
#386=ORIENTED_EDGE('',*,*,#894,.T.);
#387=ORIENTED_EDGE('',*,*,#895,.F.);
#388=ORIENTED_EDGE('',*,*,#896,.T.);
#389=ORIENTED_EDGE('',*,*,#897,.T.);
#390=ORIENTED_EDGE('',*,*,#898,.F.);
#391=ORIENTED_EDGE('',*,*,#899,.T.);
#392=ORIENTED_EDGE('',*,*,#823,.T.);
#393=ORIENTED_EDGE('',*,*,#900,.F.);
#394=ORIENTED_EDGE('',*,*,#883,.F.);
#395=ORIENTED_EDGE('',*,*,#901,.F.);
#396=ORIENTED_EDGE('',*,*,#902,.T.);
#397=ORIENTED_EDGE('',*,*,#817,.F.);
#398=ORIENTED_EDGE('',*,*,#903,.T.);
#399=ORIENTED_EDGE('',*,*,#904,.T.);
#400=ORIENTED_EDGE('',*,*,#820,.T.);
#401=ORIENTED_EDGE('',*,*,#838,.F.);
#402=ORIENTED_EDGE('',*,*,#905,.T.);
#403=ORIENTED_EDGE('',*,*,#906,.T.);
#404=ORIENTED_EDGE('',*,*,#885,.F.);
#405=ORIENTED_EDGE('',*,*,#892,.T.);
#406=ORIENTED_EDGE('',*,*,#907,.T.);
#407=ORIENTED_EDGE('',*,*,#908,.T.);
#408=ORIENTED_EDGE('',*,*,#909,.T.);
#409=ORIENTED_EDGE('',*,*,#910,.T.);
#410=ORIENTED_EDGE('',*,*,#911,.T.);
#411=ORIENTED_EDGE('',*,*,#912,.T.);
#412=ORIENTED_EDGE('',*,*,#913,.T.);
#413=ORIENTED_EDGE('',*,*,#901,.T.);
#414=ORIENTED_EDGE('',*,*,#819,.F.);
#415=ORIENTED_EDGE('',*,*,#914,.T.);
#416=ORIENTED_EDGE('',*,*,#915,.T.);
#417=ORIENTED_EDGE('',*,*,#868,.T.);
#418=ORIENTED_EDGE('',*,*,#875,.T.);
#419=ORIENTED_EDGE('',*,*,#878,.T.);
#420=ORIENTED_EDGE('',*,*,#881,.F.);
#421=ORIENTED_EDGE('',*,*,#884,.T.);
#422=ORIENTED_EDGE('',*,*,#900,.T.);
#423=ORIENTED_EDGE('',*,*,#826,.T.);
#424=ORIENTED_EDGE('',*,*,#829,.T.);
#425=ORIENTED_EDGE('',*,*,#832,.T.);
#426=ORIENTED_EDGE('',*,*,#835,.F.);
#427=ORIENTED_EDGE('',*,*,#895,.T.);
#428=ORIENTED_EDGE('',*,*,#897,.F.);
#429=ORIENTED_EDGE('',*,*,#896,.F.);
#430=ORIENTED_EDGE('',*,*,#898,.T.);
#431=ORIENTED_EDGE('',*,*,#871,.F.);
#432=ORIENTED_EDGE('',*,*,#916,.T.);
#433=ORIENTED_EDGE('',*,*,#917,.T.);
#434=ORIENTED_EDGE('',*,*,#821,.T.);
#435=ORIENTED_EDGE('',*,*,#904,.F.);
#436=ORIENTED_EDGE('',*,*,#918,.T.);
#437=ORIENTED_EDGE('',*,*,#919,.T.);
#438=ORIENTED_EDGE('',*,*,#920,.T.);
#439=ORIENTED_EDGE('',*,*,#921,.T.);
#440=ORIENTED_EDGE('',*,*,#922,.T.);
#441=ORIENTED_EDGE('',*,*,#923,.T.);
#442=ORIENTED_EDGE('',*,*,#924,.T.);
#443=ORIENTED_EDGE('',*,*,#893,.F.);
#444=ORIENTED_EDGE('',*,*,#889,.T.);
#445=ORIENTED_EDGE('',*,*,#925,.T.);
#446=ORIENTED_EDGE('',*,*,#926,.T.);
#447=ORIENTED_EDGE('',*,*,#839,.T.);
#448=ORIENTED_EDGE('',*,*,#833,.T.);
#449=ORIENTED_EDGE('',*,*,#830,.F.);
#450=ORIENTED_EDGE('',*,*,#827,.F.);
#451=ORIENTED_EDGE('',*,*,#824,.F.);
#452=ORIENTED_EDGE('',*,*,#899,.F.);
#453=ORIENTED_EDGE('',*,*,#882,.F.);
#454=ORIENTED_EDGE('',*,*,#879,.T.);
#455=ORIENTED_EDGE('',*,*,#876,.F.);
#456=ORIENTED_EDGE('',*,*,#873,.F.);
#457=ORIENTED_EDGE('',*,*,#869,.F.);
#458=ORIENTED_EDGE('',*,*,#915,.F.);
#459=ORIENTED_EDGE('',*,*,#927,.F.);
#460=ORIENTED_EDGE('',*,*,#866,.F.);
#461=ORIENTED_EDGE('',*,*,#902,.F.);
#462=ORIENTED_EDGE('',*,*,#913,.F.);
#463=ORIENTED_EDGE('',*,*,#928,.F.);
#464=ORIENTED_EDGE('',*,*,#863,.F.);
#465=ORIENTED_EDGE('',*,*,#927,.T.);
#466=ORIENTED_EDGE('',*,*,#914,.F.);
#467=ORIENTED_EDGE('',*,*,#818,.F.);
#468=ORIENTED_EDGE('',*,*,#928,.T.);
#469=ORIENTED_EDGE('',*,*,#912,.F.);
#470=ORIENTED_EDGE('',*,*,#929,.F.);
#471=ORIENTED_EDGE('',*,*,#860,.F.);
#472=ORIENTED_EDGE('',*,*,#929,.T.);
#473=ORIENTED_EDGE('',*,*,#911,.F.);
#474=ORIENTED_EDGE('',*,*,#930,.F.);
#475=ORIENTED_EDGE('',*,*,#857,.F.);
#476=ORIENTED_EDGE('',*,*,#930,.T.);
#477=ORIENTED_EDGE('',*,*,#910,.F.);
#478=ORIENTED_EDGE('',*,*,#931,.F.);
#479=ORIENTED_EDGE('',*,*,#854,.F.);
#480=ORIENTED_EDGE('',*,*,#931,.T.);
#481=ORIENTED_EDGE('',*,*,#909,.F.);
#482=ORIENTED_EDGE('',*,*,#932,.F.);
#483=ORIENTED_EDGE('',*,*,#851,.F.);
#484=ORIENTED_EDGE('',*,*,#932,.T.);
#485=ORIENTED_EDGE('',*,*,#908,.F.);
#486=ORIENTED_EDGE('',*,*,#933,.F.);
#487=ORIENTED_EDGE('',*,*,#848,.F.);
#488=ORIENTED_EDGE('',*,*,#886,.F.);
#489=ORIENTED_EDGE('',*,*,#906,.F.);
#490=ORIENTED_EDGE('',*,*,#934,.F.);
#491=ORIENTED_EDGE('',*,*,#845,.F.);
#492=ORIENTED_EDGE('',*,*,#933,.T.);
#493=ORIENTED_EDGE('',*,*,#907,.F.);
#494=ORIENTED_EDGE('',*,*,#891,.F.);
#495=ORIENTED_EDGE('',*,*,#934,.T.);
#496=ORIENTED_EDGE('',*,*,#905,.F.);
#497=ORIENTED_EDGE('',*,*,#837,.F.);
#498=ORIENTED_EDGE('',*,*,#842,.F.);
#499=ORIENTED_EDGE('',*,*,#840,.F.);
#500=ORIENTED_EDGE('',*,*,#926,.F.);
#501=ORIENTED_EDGE('',*,*,#935,.F.);
#502=ORIENTED_EDGE('',*,*,#843,.F.);
#503=ORIENTED_EDGE('',*,*,#894,.F.);
#504=ORIENTED_EDGE('',*,*,#924,.F.);
#505=ORIENTED_EDGE('',*,*,#936,.F.);
#506=ORIENTED_EDGE('',*,*,#846,.F.);
#507=ORIENTED_EDGE('',*,*,#935,.T.);
#508=ORIENTED_EDGE('',*,*,#925,.F.);
#509=ORIENTED_EDGE('',*,*,#888,.F.);
#510=ORIENTED_EDGE('',*,*,#936,.T.);
#511=ORIENTED_EDGE('',*,*,#923,.F.);
#512=ORIENTED_EDGE('',*,*,#937,.F.);
#513=ORIENTED_EDGE('',*,*,#849,.F.);
#514=ORIENTED_EDGE('',*,*,#937,.T.);
#515=ORIENTED_EDGE('',*,*,#922,.F.);
#516=ORIENTED_EDGE('',*,*,#938,.F.);
#517=ORIENTED_EDGE('',*,*,#852,.F.);
#518=ORIENTED_EDGE('',*,*,#938,.T.);
#519=ORIENTED_EDGE('',*,*,#921,.F.);
#520=ORIENTED_EDGE('',*,*,#939,.F.);
#521=ORIENTED_EDGE('',*,*,#855,.F.);
#522=ORIENTED_EDGE('',*,*,#939,.T.);
#523=ORIENTED_EDGE('',*,*,#920,.F.);
#524=ORIENTED_EDGE('',*,*,#940,.F.);
#525=ORIENTED_EDGE('',*,*,#858,.F.);
#526=ORIENTED_EDGE('',*,*,#940,.T.);
#527=ORIENTED_EDGE('',*,*,#919,.F.);
#528=ORIENTED_EDGE('',*,*,#941,.F.);
#529=ORIENTED_EDGE('',*,*,#861,.F.);
#530=ORIENTED_EDGE('',*,*,#822,.F.);
#531=ORIENTED_EDGE('',*,*,#917,.F.);
#532=ORIENTED_EDGE('',*,*,#942,.F.);
#533=ORIENTED_EDGE('',*,*,#864,.F.);
#534=ORIENTED_EDGE('',*,*,#941,.T.);
#535=ORIENTED_EDGE('',*,*,#918,.F.);
#536=ORIENTED_EDGE('',*,*,#903,.F.);
#537=ORIENTED_EDGE('',*,*,#942,.T.);
#538=ORIENTED_EDGE('',*,*,#916,.F.);
#539=ORIENTED_EDGE('',*,*,#870,.F.);
#540=ORIENTED_EDGE('',*,*,#867,.F.);
#541=ORIENTED_EDGE('',*,*,#943,.F.);
#542=ORIENTED_EDGE('',*,*,#944,.T.);
#543=ORIENTED_EDGE('',*,*,#945,.F.);
#544=ORIENTED_EDGE('',*,*,#946,.F.);
#545=ORIENTED_EDGE('',*,*,#947,.F.);
#546=ORIENTED_EDGE('',*,*,#948,.T.);
#547=ORIENTED_EDGE('',*,*,#949,.F.);
#548=ORIENTED_EDGE('',*,*,#950,.F.);
#549=ORIENTED_EDGE('',*,*,#951,.F.);
#550=ORIENTED_EDGE('',*,*,#952,.T.);
#551=ORIENTED_EDGE('',*,*,#953,.T.);
#552=ORIENTED_EDGE('',*,*,#954,.T.);
#553=ORIENTED_EDGE('',*,*,#955,.F.);
#554=ORIENTED_EDGE('',*,*,#956,.T.);
#555=ORIENTED_EDGE('',*,*,#957,.T.);
#556=ORIENTED_EDGE('',*,*,#958,.T.);
#557=ORIENTED_EDGE('',*,*,#959,.T.);
#558=ORIENTED_EDGE('',*,*,#960,.T.);
#559=ORIENTED_EDGE('',*,*,#961,.F.);
#560=ORIENTED_EDGE('',*,*,#962,.F.);
#561=ORIENTED_EDGE('',*,*,#963,.F.);
#562=ORIENTED_EDGE('',*,*,#964,.F.);
#563=ORIENTED_EDGE('',*,*,#965,.F.);
#564=ORIENTED_EDGE('',*,*,#966,.T.);
#565=ORIENTED_EDGE('',*,*,#967,.F.);
#566=ORIENTED_EDGE('',*,*,#968,.F.);
#567=ORIENTED_EDGE('',*,*,#969,.T.);
#568=ORIENTED_EDGE('',*,*,#970,.F.);
#569=ORIENTED_EDGE('',*,*,#971,.F.);
#570=ORIENTED_EDGE('',*,*,#972,.F.);
#571=ORIENTED_EDGE('',*,*,#973,.F.);
#572=ORIENTED_EDGE('',*,*,#974,.F.);
#573=ORIENTED_EDGE('',*,*,#975,.F.);
#574=ORIENTED_EDGE('',*,*,#976,.F.);
#575=ORIENTED_EDGE('',*,*,#977,.F.);
#576=ORIENTED_EDGE('',*,*,#949,.T.);
#577=ORIENTED_EDGE('',*,*,#978,.T.);
#578=ORIENTED_EDGE('',*,*,#979,.F.);
#579=ORIENTED_EDGE('',*,*,#980,.F.);
#580=ORIENTED_EDGE('',*,*,#981,.T.);
#581=ORIENTED_EDGE('',*,*,#982,.T.);
#582=ORIENTED_EDGE('',*,*,#983,.F.);
#583=ORIENTED_EDGE('',*,*,#958,.F.);
#584=ORIENTED_EDGE('',*,*,#983,.T.);
#585=ORIENTED_EDGE('',*,*,#984,.T.);
#586=ORIENTED_EDGE('',*,*,#985,.F.);
#587=ORIENTED_EDGE('',*,*,#959,.F.);
#588=ORIENTED_EDGE('',*,*,#985,.T.);
#589=ORIENTED_EDGE('',*,*,#986,.T.);
#590=ORIENTED_EDGE('',*,*,#987,.F.);
#591=ORIENTED_EDGE('',*,*,#960,.F.);
#592=ORIENTED_EDGE('',*,*,#987,.T.);
#593=ORIENTED_EDGE('',*,*,#988,.F.);
#594=ORIENTED_EDGE('',*,*,#989,.F.);
#595=ORIENTED_EDGE('',*,*,#961,.T.);
#596=ORIENTED_EDGE('',*,*,#990,.F.);
#597=ORIENTED_EDGE('',*,*,#991,.F.);
#598=ORIENTED_EDGE('',*,*,#962,.T.);
#599=ORIENTED_EDGE('',*,*,#989,.T.);
#600=ORIENTED_EDGE('',*,*,#992,.F.);
#601=ORIENTED_EDGE('',*,*,#993,.F.);
#602=ORIENTED_EDGE('',*,*,#994,.F.);
#603=ORIENTED_EDGE('',*,*,#995,.F.);
#604=ORIENTED_EDGE('',*,*,#990,.T.);
#605=ORIENTED_EDGE('',*,*,#996,.F.);
#606=ORIENTED_EDGE('',*,*,#997,.F.);
#607=ORIENTED_EDGE('',*,*,#998,.F.);
#608=ORIENTED_EDGE('',*,*,#994,.T.);
#609=ORIENTED_EDGE('',*,*,#999,.F.);
#610=ORIENTED_EDGE('',*,*,#1000,.F.);
#611=ORIENTED_EDGE('',*,*,#1001,.F.);
#612=ORIENTED_EDGE('',*,*,#997,.T.);
#613=ORIENTED_EDGE('',*,*,#1002,.F.);
#614=ORIENTED_EDGE('',*,*,#1003,.F.);
#615=ORIENTED_EDGE('',*,*,#1004,.F.);
#616=ORIENTED_EDGE('',*,*,#1000,.T.);
#617=ORIENTED_EDGE('',*,*,#1005,.F.);
#618=ORIENTED_EDGE('',*,*,#1006,.F.);
#619=ORIENTED_EDGE('',*,*,#1007,.F.);
#620=ORIENTED_EDGE('',*,*,#1003,.T.);
#621=ORIENTED_EDGE('',*,*,#1008,.F.);
#622=ORIENTED_EDGE('',*,*,#1009,.F.);
#623=ORIENTED_EDGE('',*,*,#1010,.F.);
#624=ORIENTED_EDGE('',*,*,#1006,.T.);
#625=ORIENTED_EDGE('',*,*,#1011,.F.);
#626=ORIENTED_EDGE('',*,*,#1012,.F.);
#627=ORIENTED_EDGE('',*,*,#1013,.F.);
#628=ORIENTED_EDGE('',*,*,#1009,.T.);
#629=ORIENTED_EDGE('',*,*,#1014,.F.);
#630=ORIENTED_EDGE('',*,*,#1015,.F.);
#631=ORIENTED_EDGE('',*,*,#1016,.F.);
#632=ORIENTED_EDGE('',*,*,#1012,.T.);
#633=ORIENTED_EDGE('',*,*,#1017,.F.);
#634=ORIENTED_EDGE('',*,*,#1018,.F.);
#635=ORIENTED_EDGE('',*,*,#1019,.F.);
#636=ORIENTED_EDGE('',*,*,#1015,.T.);
#637=ORIENTED_EDGE('',*,*,#1020,.F.);
#638=ORIENTED_EDGE('',*,*,#1021,.T.);
#639=ORIENTED_EDGE('',*,*,#1022,.F.);
#640=ORIENTED_EDGE('',*,*,#952,.F.);
#641=ORIENTED_EDGE('',*,*,#1023,.F.);
#642=ORIENTED_EDGE('',*,*,#1018,.T.);
#643=ORIENTED_EDGE('',*,*,#1024,.F.);
#644=ORIENTED_EDGE('',*,*,#1022,.T.);
#645=ORIENTED_EDGE('',*,*,#1025,.T.);
#646=ORIENTED_EDGE('',*,*,#1026,.F.);
#647=ORIENTED_EDGE('',*,*,#953,.F.);
#648=ORIENTED_EDGE('',*,*,#1026,.T.);
#649=ORIENTED_EDGE('',*,*,#1027,.T.);
#650=ORIENTED_EDGE('',*,*,#1028,.F.);
#651=ORIENTED_EDGE('',*,*,#954,.F.);
#652=ORIENTED_EDGE('',*,*,#1028,.T.);
#653=ORIENTED_EDGE('',*,*,#1029,.F.);
#654=ORIENTED_EDGE('',*,*,#1030,.F.);
#655=ORIENTED_EDGE('',*,*,#955,.T.);
#656=ORIENTED_EDGE('',*,*,#1030,.T.);
#657=ORIENTED_EDGE('',*,*,#1031,.T.);
#658=ORIENTED_EDGE('',*,*,#1032,.F.);
#659=ORIENTED_EDGE('',*,*,#956,.F.);
#660=ORIENTED_EDGE('',*,*,#1033,.F.);
#661=ORIENTED_EDGE('',*,*,#1034,.F.);
#662=ORIENTED_EDGE('',*,*,#965,.T.);
#663=ORIENTED_EDGE('',*,*,#1035,.F.);
#664=ORIENTED_EDGE('',*,*,#1036,.T.);
#665=ORIENTED_EDGE('',*,*,#1037,.F.);
#666=ORIENTED_EDGE('',*,*,#1038,.T.);
#667=ORIENTED_EDGE('',*,*,#1039,.F.);
#668=ORIENTED_EDGE('',*,*,#975,.T.);
#669=ORIENTED_EDGE('',*,*,#1040,.F.);
#670=ORIENTED_EDGE('',*,*,#1036,.F.);
#671=ORIENTED_EDGE('',*,*,#1041,.F.);
#672=ORIENTED_EDGE('',*,*,#1042,.F.);
#673=ORIENTED_EDGE('',*,*,#1043,.T.);
#674=ORIENTED_EDGE('',*,*,#1044,.F.);
#675=ORIENTED_EDGE('',*,*,#966,.F.);
#676=ORIENTED_EDGE('',*,*,#1034,.T.);
#677=ORIENTED_EDGE('',*,*,#1045,.T.);
#678=ORIENTED_EDGE('',*,*,#1046,.T.);
#679=ORIENTED_EDGE('',*,*,#944,.F.);
#680=ORIENTED_EDGE('',*,*,#1047,.F.);
#681=ORIENTED_EDGE('',*,*,#943,.T.);
#682=ORIENTED_EDGE('',*,*,#957,.F.);
#683=ORIENTED_EDGE('',*,*,#1032,.T.);
#684=ORIENTED_EDGE('',*,*,#1048,.T.);
#685=ORIENTED_EDGE('',*,*,#981,.F.);
#686=ORIENTED_EDGE('',*,*,#1049,.T.);
#687=ORIENTED_EDGE('',*,*,#1050,.T.);
#688=ORIENTED_EDGE('',*,*,#978,.F.);
#689=ORIENTED_EDGE('',*,*,#948,.F.);
#690=ORIENTED_EDGE('',*,*,#1051,.F.);
#691=ORIENTED_EDGE('',*,*,#969,.F.);
#692=ORIENTED_EDGE('',*,*,#1052,.F.);
#693=ORIENTED_EDGE('',*,*,#1053,.F.);
#694=ORIENTED_EDGE('',*,*,#976,.T.);
#695=ORIENTED_EDGE('',*,*,#1054,.F.);
#696=ORIENTED_EDGE('',*,*,#1055,.T.);
#697=ORIENTED_EDGE('',*,*,#970,.T.);
#698=ORIENTED_EDGE('',*,*,#992,.T.);
#699=ORIENTED_EDGE('',*,*,#988,.T.);
#700=ORIENTED_EDGE('',*,*,#986,.F.);
#701=ORIENTED_EDGE('',*,*,#984,.F.);
#702=ORIENTED_EDGE('',*,*,#982,.F.);
#703=ORIENTED_EDGE('',*,*,#1048,.F.);
#704=ORIENTED_EDGE('',*,*,#1031,.F.);
#705=ORIENTED_EDGE('',*,*,#1029,.T.);
#706=ORIENTED_EDGE('',*,*,#1027,.F.);
#707=ORIENTED_EDGE('',*,*,#1025,.F.);
#708=ORIENTED_EDGE('',*,*,#1021,.F.);
#709=ORIENTED_EDGE('',*,*,#1056,.F.);
#710=ORIENTED_EDGE('',*,*,#1057,.F.);
#711=ORIENTED_EDGE('',*,*,#979,.T.);
#712=ORIENTED_EDGE('',*,*,#1050,.F.);
#713=ORIENTED_EDGE('',*,*,#1058,.F.);
#714=ORIENTED_EDGE('',*,*,#1059,.F.);
#715=ORIENTED_EDGE('',*,*,#1060,.F.);
#716=ORIENTED_EDGE('',*,*,#1045,.F.);
#717=ORIENTED_EDGE('',*,*,#1033,.T.);
#718=ORIENTED_EDGE('',*,*,#1061,.F.);
#719=ORIENTED_EDGE('',*,*,#1062,.F.);
#720=ORIENTED_EDGE('',*,*,#1046,.F.);
#721=ORIENTED_EDGE('',*,*,#1047,.T.);
#722=ORIENTED_EDGE('',*,*,#1042,.T.);
#723=ORIENTED_EDGE('',*,*,#1063,.F.);
#724=ORIENTED_EDGE('',*,*,#1064,.F.);
#725=ORIENTED_EDGE('',*,*,#1024,.T.);
#726=ORIENTED_EDGE('',*,*,#1020,.T.);
#727=ORIENTED_EDGE('',*,*,#1065,.T.);
#728=ORIENTED_EDGE('',*,*,#1056,.T.);
#729=ORIENTED_EDGE('',*,*,#1054,.T.);
#730=ORIENTED_EDGE('',*,*,#980,.T.);
#731=ORIENTED_EDGE('',*,*,#1057,.T.);
#732=ORIENTED_EDGE('',*,*,#1065,.F.);
#733=ORIENTED_EDGE('',*,*,#1017,.T.);
#734=ORIENTED_EDGE('',*,*,#1066,.T.);
#735=ORIENTED_EDGE('',*,*,#1066,.F.);
#736=ORIENTED_EDGE('',*,*,#1014,.T.);
#737=ORIENTED_EDGE('',*,*,#1067,.T.);
#738=ORIENTED_EDGE('',*,*,#971,.T.);
#739=ORIENTED_EDGE('',*,*,#1055,.F.);
#740=ORIENTED_EDGE('',*,*,#972,.T.);
#741=ORIENTED_EDGE('',*,*,#1067,.F.);
#742=ORIENTED_EDGE('',*,*,#1011,.T.);
#743=ORIENTED_EDGE('',*,*,#1068,.T.);
#744=ORIENTED_EDGE('',*,*,#1058,.T.);
#745=ORIENTED_EDGE('',*,*,#1049,.F.);
#746=ORIENTED_EDGE('',*,*,#1068,.F.);
#747=ORIENTED_EDGE('',*,*,#1008,.T.);
#748=ORIENTED_EDGE('',*,*,#1069,.T.);
#749=ORIENTED_EDGE('',*,*,#1059,.T.);
#750=ORIENTED_EDGE('',*,*,#1060,.T.);
#751=ORIENTED_EDGE('',*,*,#1069,.F.);
#752=ORIENTED_EDGE('',*,*,#1005,.T.);
#753=ORIENTED_EDGE('',*,*,#1070,.T.);
#754=ORIENTED_EDGE('',*,*,#1038,.F.);
#755=ORIENTED_EDGE('',*,*,#1039,.T.);
#756=ORIENTED_EDGE('',*,*,#1070,.F.);
#757=ORIENTED_EDGE('',*,*,#1002,.T.);
#758=ORIENTED_EDGE('',*,*,#1071,.T.);
#759=ORIENTED_EDGE('',*,*,#973,.T.);
#760=ORIENTED_EDGE('',*,*,#1037,.T.);
#761=ORIENTED_EDGE('',*,*,#1040,.T.);
#762=ORIENTED_EDGE('',*,*,#974,.T.);
#763=ORIENTED_EDGE('',*,*,#1071,.F.);
#764=ORIENTED_EDGE('',*,*,#999,.T.);
#765=ORIENTED_EDGE('',*,*,#1072,.T.);
#766=ORIENTED_EDGE('',*,*,#1061,.T.);
#767=ORIENTED_EDGE('',*,*,#1072,.F.);
#768=ORIENTED_EDGE('',*,*,#996,.T.);
#769=ORIENTED_EDGE('',*,*,#993,.T.);
#770=ORIENTED_EDGE('',*,*,#1062,.T.);
#771=ORIENTED_EDGE('',*,*,#991,.T.);
#772=ORIENTED_EDGE('',*,*,#995,.T.);
#773=ORIENTED_EDGE('',*,*,#1073,.T.);
#774=ORIENTED_EDGE('',*,*,#963,.T.);
#775=ORIENTED_EDGE('',*,*,#1041,.T.);
#776=ORIENTED_EDGE('',*,*,#1035,.T.);
#777=ORIENTED_EDGE('',*,*,#964,.T.);
#778=ORIENTED_EDGE('',*,*,#1073,.F.);
#779=ORIENTED_EDGE('',*,*,#998,.T.);
#780=ORIENTED_EDGE('',*,*,#1074,.T.);
#781=ORIENTED_EDGE('',*,*,#1063,.T.);
#782=ORIENTED_EDGE('',*,*,#1064,.T.);
#783=ORIENTED_EDGE('',*,*,#1074,.F.);
#784=ORIENTED_EDGE('',*,*,#1001,.T.);
#785=ORIENTED_EDGE('',*,*,#1075,.T.);
#786=ORIENTED_EDGE('',*,*,#1043,.F.);
#787=ORIENTED_EDGE('',*,*,#1044,.T.);
#788=ORIENTED_EDGE('',*,*,#1075,.F.);
#789=ORIENTED_EDGE('',*,*,#1004,.T.);
#790=ORIENTED_EDGE('',*,*,#1076,.T.);
#791=ORIENTED_EDGE('',*,*,#945,.T.);
#792=ORIENTED_EDGE('',*,*,#1076,.F.);
#793=ORIENTED_EDGE('',*,*,#1007,.T.);
#794=ORIENTED_EDGE('',*,*,#1077,.T.);
#795=ORIENTED_EDGE('',*,*,#946,.T.);
#796=ORIENTED_EDGE('',*,*,#1051,.T.);
#797=ORIENTED_EDGE('',*,*,#947,.T.);
#798=ORIENTED_EDGE('',*,*,#1077,.F.);
#799=ORIENTED_EDGE('',*,*,#1010,.T.);
#800=ORIENTED_EDGE('',*,*,#1078,.T.);
#801=ORIENTED_EDGE('',*,*,#967,.T.);
#802=ORIENTED_EDGE('',*,*,#1052,.T.);
#803=ORIENTED_EDGE('',*,*,#968,.T.);
#804=ORIENTED_EDGE('',*,*,#1078,.F.);
#805=ORIENTED_EDGE('',*,*,#1013,.T.);
#806=ORIENTED_EDGE('',*,*,#1079,.T.);
#807=ORIENTED_EDGE('',*,*,#977,.T.);
#808=ORIENTED_EDGE('',*,*,#1053,.T.);
#809=ORIENTED_EDGE('',*,*,#1079,.F.);
#810=ORIENTED_EDGE('',*,*,#1016,.T.);
#811=ORIENTED_EDGE('',*,*,#1080,.T.);
#812=ORIENTED_EDGE('',*,*,#950,.T.);
#813=ORIENTED_EDGE('',*,*,#1080,.F.);
#814=ORIENTED_EDGE('',*,*,#1019,.T.);
#815=ORIENTED_EDGE('',*,*,#1023,.T.);
#816=ORIENTED_EDGE('',*,*,#951,.T.);
#817=EDGE_CURVE('',#1081,#1082,#1249,.T.);
#818=EDGE_CURVE('',#1082,#1083,#181,.T.);
#819=EDGE_CURVE('',#1083,#1084,#73,.T.);
#820=EDGE_CURVE('',#1085,#1084,#1250,.T.);
#821=EDGE_CURVE('',#1086,#1085,#74,.T.);
#822=EDGE_CURVE('',#1086,#1081,#182,.T.);
#823=EDGE_CURVE('',#1087,#1088,#1251,.T.);
#824=EDGE_CURVE('',#1087,#1089,#75,.T.);
#825=EDGE_CURVE('',#1089,#1090,#1252,.T.);
#826=EDGE_CURVE('',#1088,#1090,#76,.T.);
#827=EDGE_CURVE('',#1089,#1091,#183,.T.);
#828=EDGE_CURVE('',#1091,#1092,#1253,.T.);
#829=EDGE_CURVE('',#1090,#1092,#184,.T.);
#830=EDGE_CURVE('',#1091,#1093,#77,.T.);
#831=EDGE_CURVE('',#1093,#1094,#1254,.T.);
#832=EDGE_CURVE('',#1092,#1094,#78,.T.);
#833=EDGE_CURVE('',#1095,#1093,#79,.T.);
#834=EDGE_CURVE('',#1095,#1096,#1255,.T.);
#835=EDGE_CURVE('',#1096,#1094,#80,.T.);
#836=EDGE_CURVE('',#1097,#1098,#1256,.T.);
#837=EDGE_CURVE('',#1098,#1099,#185,.T.);
#838=EDGE_CURVE('',#1099,#1096,#81,.T.);
#839=EDGE_CURVE('',#1100,#1095,#82,.T.);
#840=EDGE_CURVE('',#1100,#1097,#186,.T.);
#841=EDGE_CURVE('',#1101,#1102,#1257,.T.);
#842=EDGE_CURVE('',#1102,#1098,#187,.T.);
#843=EDGE_CURVE('',#1097,#1101,#188,.T.);
#844=EDGE_CURVE('',#1103,#1104,#1258,.T.);
#845=EDGE_CURVE('',#1104,#1102,#83,.F.);
#846=EDGE_CURVE('',#1101,#1103,#84,.T.);
#847=EDGE_CURVE('',#1105,#1106,#1259,.T.);
#848=EDGE_CURVE('',#1106,#1104,#85,.F.);
#849=EDGE_CURVE('',#1103,#1105,#86,.T.);
#850=EDGE_CURVE('',#1107,#1108,#1260,.T.);
#851=EDGE_CURVE('',#1108,#1106,#87,.F.);
#852=EDGE_CURVE('',#1105,#1107,#88,.T.);
#853=EDGE_CURVE('',#1109,#1110,#1261,.T.);
#854=EDGE_CURVE('',#1110,#1108,#89,.F.);
#855=EDGE_CURVE('',#1107,#1109,#90,.T.);
#856=EDGE_CURVE('',#1111,#1112,#1262,.T.);
#857=EDGE_CURVE('',#1112,#1110,#91,.F.);
#858=EDGE_CURVE('',#1109,#1111,#92,.T.);
#859=EDGE_CURVE('',#1113,#1114,#1263,.T.);
#860=EDGE_CURVE('',#1114,#1112,#93,.F.);
#861=EDGE_CURVE('',#1111,#1113,#94,.T.);
#862=EDGE_CURVE('',#1115,#1116,#1264,.T.);
#863=EDGE_CURVE('',#1116,#1114,#95,.F.);
#864=EDGE_CURVE('',#1113,#1115,#96,.T.);
#865=EDGE_CURVE('',#1117,#1118,#1265,.T.);
#866=EDGE_CURVE('',#1118,#1116,#189,.T.);
#867=EDGE_CURVE('',#1115,#1117,#190,.T.);
#868=EDGE_CURVE('',#1119,#1120,#97,.T.);
#869=EDGE_CURVE('',#1119,#1118,#191,.T.);
#870=EDGE_CURVE('',#1117,#1121,#192,.T.);
#871=EDGE_CURVE('',#1121,#1122,#98,.T.);
#872=EDGE_CURVE('',#1122,#1120,#1266,.T.);
#873=EDGE_CURVE('',#1122,#1123,#99,.T.);
#874=EDGE_CURVE('',#1123,#1124,#1267,.T.);
#875=EDGE_CURVE('',#1120,#1124,#100,.T.);
#876=EDGE_CURVE('',#1123,#1125,#101,.T.);
#877=EDGE_CURVE('',#1125,#1126,#1268,.T.);
#878=EDGE_CURVE('',#1124,#1126,#102,.T.);
#879=EDGE_CURVE('',#1127,#1125,#193,.T.);
#880=EDGE_CURVE('',#1127,#1128,#1269,.T.);
#881=EDGE_CURVE('',#1128,#1126,#194,.T.);
#882=EDGE_CURVE('',#1127,#1129,#103,.T.);
#883=EDGE_CURVE('',#1129,#1130,#1270,.T.);
#884=EDGE_CURVE('',#1128,#1130,#104,.T.);
#885=EDGE_CURVE('',#1131,#1132,#105,.T.);
#886=EDGE_CURVE('',#1132,#1133,#195,.T.);
#887=EDGE_CURVE('',#1134,#1133,#1271,.T.);
#888=EDGE_CURVE('',#1134,#1135,#196,.T.);
#889=EDGE_CURVE('',#1136,#1135,#106,.T.);
#890=EDGE_CURVE('',#1136,#1131,#1272,.T.);
#891=EDGE_CURVE('',#1133,#1137,#197,.T.);
#892=EDGE_CURVE('',#1131,#1137,#198,.T.);
#893=EDGE_CURVE('',#1136,#1138,#199,.T.);
#894=EDGE_CURVE('',#1138,#1134,#200,.T.);
#895=EDGE_CURVE('',#1139,#1139,#201,.T.);
#896=EDGE_CURVE('',#1140,#1140,#202,.T.);
#897=EDGE_CURVE('',#1141,#1141,#203,.T.);
#898=EDGE_CURVE('',#1142,#1142,#204,.T.);
#899=EDGE_CURVE('',#1129,#1087,#107,.T.);
#900=EDGE_CURVE('',#1130,#1088,#108,.T.);
#901=EDGE_CURVE('',#1143,#1084,#205,.T.);
#902=EDGE_CURVE('',#1143,#1082,#206,.T.);
#903=EDGE_CURVE('',#1081,#1144,#207,.T.);
#904=EDGE_CURVE('',#1144,#1085,#208,.T.);
#905=EDGE_CURVE('',#1099,#1145,#209,.T.);
#906=EDGE_CURVE('',#1145,#1132,#109,.T.);
#907=EDGE_CURVE('',#1137,#1146,#110,.T.);
#908=EDGE_CURVE('',#1146,#1147,#111,.T.);
#909=EDGE_CURVE('',#1147,#1148,#112,.T.);
#910=EDGE_CURVE('',#1148,#1149,#113,.T.);
#911=EDGE_CURVE('',#1149,#1150,#114,.T.);
#912=EDGE_CURVE('',#1150,#1151,#115,.T.);
#913=EDGE_CURVE('',#1151,#1143,#116,.T.);
#914=EDGE_CURVE('',#1083,#1152,#117,.T.);
#915=EDGE_CURVE('',#1152,#1119,#210,.T.);
#916=EDGE_CURVE('',#1121,#1153,#211,.T.);
#917=EDGE_CURVE('',#1153,#1086,#118,.F.);
#918=EDGE_CURVE('',#1144,#1154,#119,.F.);
#919=EDGE_CURVE('',#1154,#1155,#120,.F.);
#920=EDGE_CURVE('',#1155,#1156,#121,.F.);
#921=EDGE_CURVE('',#1156,#1157,#122,.F.);
#922=EDGE_CURVE('',#1157,#1158,#123,.F.);
#923=EDGE_CURVE('',#1158,#1159,#124,.F.);
#924=EDGE_CURVE('',#1159,#1138,#125,.F.);
#925=EDGE_CURVE('',#1135,#1160,#126,.F.);
#926=EDGE_CURVE('',#1160,#1100,#212,.T.);
#927=EDGE_CURVE('',#1116,#1152,#213,.T.);
#928=EDGE_CURVE('',#1114,#1151,#214,.T.);
#929=EDGE_CURVE('',#1112,#1150,#215,.T.);
#930=EDGE_CURVE('',#1110,#1149,#216,.T.);
#931=EDGE_CURVE('',#1108,#1148,#217,.T.);
#932=EDGE_CURVE('',#1106,#1147,#218,.T.);
#933=EDGE_CURVE('',#1104,#1146,#219,.T.);
#934=EDGE_CURVE('',#1102,#1145,#220,.T.);
#935=EDGE_CURVE('',#1101,#1160,#221,.T.);
#936=EDGE_CURVE('',#1103,#1159,#222,.T.);
#937=EDGE_CURVE('',#1105,#1158,#223,.T.);
#938=EDGE_CURVE('',#1107,#1157,#224,.T.);
#939=EDGE_CURVE('',#1109,#1156,#225,.T.);
#940=EDGE_CURVE('',#1111,#1155,#226,.T.);
#941=EDGE_CURVE('',#1113,#1154,#227,.T.);
#942=EDGE_CURVE('',#1115,#1153,#228,.T.);
#943=EDGE_CURVE('',#1161,#1161,#229,.T.);
#944=EDGE_CURVE('',#1162,#1162,#230,.T.);
#945=EDGE_CURVE('',#1163,#1164,#127,.F.);
#946=EDGE_CURVE('',#1165,#1163,#128,.F.);
#947=EDGE_CURVE('',#1166,#1165,#129,.F.);
#948=EDGE_CURVE('',#1166,#1167,#231,.T.);
#949=EDGE_CURVE('',#1168,#1167,#130,.F.);
#950=EDGE_CURVE('',#1169,#1168,#131,.F.);
#951=EDGE_CURVE('',#1170,#1169,#232,.T.);
#952=EDGE_CURVE('',#1170,#1171,#132,.F.);
#953=EDGE_CURVE('',#1171,#1172,#133,.F.);
#954=EDGE_CURVE('',#1172,#1173,#134,.F.);
#955=EDGE_CURVE('',#1174,#1173,#233,.T.);
#956=EDGE_CURVE('',#1174,#1175,#135,.F.);
#957=EDGE_CURVE('',#1175,#1176,#136,.F.);
#958=EDGE_CURVE('',#1176,#1177,#137,.F.);
#959=EDGE_CURVE('',#1177,#1178,#234,.T.);
#960=EDGE_CURVE('',#1178,#1179,#138,.F.);
#961=EDGE_CURVE('',#1180,#1179,#139,.T.);
#962=EDGE_CURVE('',#1181,#1180,#140,.T.);
#963=EDGE_CURVE('',#1182,#1181,#235,.T.);
#964=EDGE_CURVE('',#1183,#1182,#141,.F.);
#965=EDGE_CURVE('',#1184,#1183,#142,.F.);
#966=EDGE_CURVE('',#1184,#1164,#236,.T.);
#967=EDGE_CURVE('',#1185,#1186,#143,.F.);
#968=EDGE_CURVE('',#1187,#1185,#144,.F.);
#969=EDGE_CURVE('',#1187,#1186,#237,.T.);
#970=EDGE_CURVE('',#1188,#1189,#238,.T.);
#971=EDGE_CURVE('',#1190,#1188,#145,.T.);
#972=EDGE_CURVE('',#1189,#1190,#146,.T.);
#973=EDGE_CURVE('',#1191,#1192,#147,.T.);
#974=EDGE_CURVE('',#1193,#1191,#148,.T.);
#975=EDGE_CURVE('',#1192,#1193,#239,.T.);
#976=EDGE_CURVE('',#1194,#1195,#1273,.T.);
#977=EDGE_CURVE('',#1168,#1194,#240,.T.);
#978=EDGE_CURVE('',#1167,#1196,#1274,.T.);
#979=EDGE_CURVE('',#1197,#1196,#149,.F.);
#980=EDGE_CURVE('',#1195,#1197,#241,.T.);
#981=EDGE_CURVE('',#1176,#1198,#1275,.T.);
#982=EDGE_CURVE('',#1198,#1199,#150,.F.);
#983=EDGE_CURVE('',#1177,#1199,#1276,.T.);
#984=EDGE_CURVE('',#1199,#1200,#242,.T.);
#985=EDGE_CURVE('',#1178,#1200,#1277,.T.);
#986=EDGE_CURVE('',#1200,#1201,#151,.F.);
#987=EDGE_CURVE('',#1179,#1201,#1278,.T.);
#988=EDGE_CURVE('',#1202,#1201,#152,.T.);
#989=EDGE_CURVE('',#1180,#1202,#1279,.T.);
#990=EDGE_CURVE('',#1203,#1204,#1280,.T.);
#991=EDGE_CURVE('',#1181,#1203,#243,.T.);
#992=EDGE_CURVE('',#1205,#1202,#153,.T.);
#993=EDGE_CURVE('',#1204,#1205,#244,.T.);
#994=EDGE_CURVE('',#1206,#1207,#1281,.T.);
#995=EDGE_CURVE('',#1203,#1206,#245,.T.);
#996=EDGE_CURVE('',#1207,#1204,#246,.F.);
#997=EDGE_CURVE('',#1208,#1209,#1282,.T.);
#998=EDGE_CURVE('',#1206,#1208,#154,.T.);
#999=EDGE_CURVE('',#1209,#1207,#155,.F.);
#1000=EDGE_CURVE('',#1210,#1211,#1283,.T.);
#1001=EDGE_CURVE('',#1208,#1210,#156,.T.);
#1002=EDGE_CURVE('',#1211,#1209,#157,.F.);
#1003=EDGE_CURVE('',#1212,#1213,#1284,.T.);
#1004=EDGE_CURVE('',#1210,#1212,#158,.T.);
#1005=EDGE_CURVE('',#1213,#1211,#159,.F.);
#1006=EDGE_CURVE('',#1214,#1215,#1285,.T.);
#1007=EDGE_CURVE('',#1212,#1214,#160,.T.);
#1008=EDGE_CURVE('',#1215,#1213,#161,.F.);
#1009=EDGE_CURVE('',#1216,#1217,#1286,.T.);
#1010=EDGE_CURVE('',#1214,#1216,#162,.T.);
#1011=EDGE_CURVE('',#1217,#1215,#163,.F.);
#1012=EDGE_CURVE('',#1218,#1219,#1287,.T.);
#1013=EDGE_CURVE('',#1216,#1218,#164,.T.);
#1014=EDGE_CURVE('',#1219,#1217,#165,.F.);
#1015=EDGE_CURVE('',#1220,#1221,#1288,.T.);
#1016=EDGE_CURVE('',#1218,#1220,#166,.T.);
#1017=EDGE_CURVE('',#1221,#1219,#167,.F.);
#1018=EDGE_CURVE('',#1222,#1223,#1289,.T.);
#1019=EDGE_CURVE('',#1220,#1222,#247,.F.);
#1020=EDGE_CURVE('',#1223,#1221,#248,.T.);
#1021=EDGE_CURVE('',#1224,#1225,#168,.F.);
#1022=EDGE_CURVE('',#1171,#1225,#1290,.T.);
#1023=EDGE_CURVE('',#1222,#1170,#249,.T.);
#1024=EDGE_CURVE('',#1224,#1223,#250,.T.);
#1025=EDGE_CURVE('',#1225,#1226,#169,.F.);
#1026=EDGE_CURVE('',#1172,#1226,#1291,.T.);
#1027=EDGE_CURVE('',#1226,#1227,#170,.F.);
#1028=EDGE_CURVE('',#1173,#1227,#1292,.T.);
#1029=EDGE_CURVE('',#1228,#1227,#251,.T.);
#1030=EDGE_CURVE('',#1174,#1228,#1293,.T.);
#1031=EDGE_CURVE('',#1228,#1229,#171,.F.);
#1032=EDGE_CURVE('',#1175,#1229,#1294,.T.);
#1033=EDGE_CURVE('',#1230,#1231,#172,.F.);
#1034=EDGE_CURVE('',#1184,#1230,#1295,.T.);
#1035=EDGE_CURVE('',#1232,#1183,#252,.T.);
#1036=EDGE_CURVE('',#1232,#1233,#1296,.T.);
#1037=EDGE_CURVE('',#1231,#1233,#253,.T.);
#1038=EDGE_CURVE('',#1234,#1235,#254,.T.);
#1039=EDGE_CURVE('',#1192,#1235,#255,.F.);
#1040=EDGE_CURVE('',#1233,#1193,#256,.T.);
#1041=EDGE_CURVE('',#1236,#1232,#257,.T.);
#1042=EDGE_CURVE('',#1237,#1236,#258,.T.);
#1043=EDGE_CURVE('',#1237,#1238,#259,.F.);
#1044=EDGE_CURVE('',#1164,#1238,#260,.T.);
#1045=EDGE_CURVE('',#1230,#1234,#261,.T.);
#1046=EDGE_CURVE('',#1239,#1239,#262,.T.);
#1047=EDGE_CURVE('',#1240,#1240,#263,.T.);
#1048=EDGE_CURVE('',#1229,#1198,#173,.F.);
#1049=EDGE_CURVE('',#1189,#1241,#264,.T.);
#1050=EDGE_CURVE('',#1241,#1196,#265,.T.);
#1051=EDGE_CURVE('',#1186,#1166,#266,.T.);
#1052=EDGE_CURVE('',#1242,#1187,#267,.T.);
#1053=EDGE_CURVE('',#1194,#1242,#268,.T.);
#1054=EDGE_CURVE('',#1243,#1195,#269,.T.);
#1055=EDGE_CURVE('',#1243,#1188,#270,.T.);
#1056=EDGE_CURVE('',#1244,#1224,#271,.T.);
#1057=EDGE_CURVE('',#1197,#1244,#174,.T.);
#1058=EDGE_CURVE('',#1245,#1241,#175,.T.);
#1059=EDGE_CURVE('',#1246,#1245,#176,.T.);
#1060=EDGE_CURVE('',#1234,#1246,#177,.T.);
#1061=EDGE_CURVE('',#1247,#1231,#178,.T.);
#1062=EDGE_CURVE('',#1205,#1247,#272,.T.);
#1063=EDGE_CURVE('',#1248,#1236,#179,.F.);
#1064=EDGE_CURVE('',#1237,#1248,#180,.F.);
#1065=EDGE_CURVE('',#1221,#1244,#273,.F.);
#1066=EDGE_CURVE('',#1219,#1243,#274,.F.);
#1067=EDGE_CURVE('',#1217,#1190,#275,.F.);
#1068=EDGE_CURVE('',#1215,#1245,#276,.F.);
#1069=EDGE_CURVE('',#1213,#1246,#277,.F.);
#1070=EDGE_CURVE('',#1211,#1235,#278,.F.);
#1071=EDGE_CURVE('',#1209,#1191,#279,.F.);
#1072=EDGE_CURVE('',#1207,#1247,#280,.F.);
#1073=EDGE_CURVE('',#1206,#1182,#281,.F.);
#1074=EDGE_CURVE('',#1208,#1248,#282,.F.);
#1075=EDGE_CURVE('',#1210,#1238,#283,.F.);
#1076=EDGE_CURVE('',#1212,#1163,#284,.F.);
#1077=EDGE_CURVE('',#1214,#1165,#285,.F.);
#1078=EDGE_CURVE('',#1216,#1185,#286,.F.);
#1079=EDGE_CURVE('',#1218,#1242,#287,.F.);
#1080=EDGE_CURVE('',#1220,#1169,#288,.F.);
#1081=VERTEX_POINT('',#2300);
#1082=VERTEX_POINT('',#2301);
#1083=VERTEX_POINT('',#2306);
#1084=VERTEX_POINT('',#2308);
#1085=VERTEX_POINT('',#2310);
#1086=VERTEX_POINT('',#2312);
#1087=VERTEX_POINT('',#2319);
#1088=VERTEX_POINT('',#2320);
#1089=VERTEX_POINT('',#2322);
#1090=VERTEX_POINT('',#2324);
#1091=VERTEX_POINT('',#2369);
#1092=VERTEX_POINT('',#2371);
#1093=VERTEX_POINT('',#2381);
#1094=VERTEX_POINT('',#2383);
#1095=VERTEX_POINT('',#2387);
#1096=VERTEX_POINT('',#2389);
#1097=VERTEX_POINT('',#2393);
#1098=VERTEX_POINT('',#2394);
#1099=VERTEX_POINT('',#2403);
#1100=VERTEX_POINT('',#2406);
#1101=VERTEX_POINT('',#2431);
#1102=VERTEX_POINT('',#2432);
#1103=VERTEX_POINT('',#2455);
#1104=VERTEX_POINT('',#2456);
#1105=VERTEX_POINT('',#2461);
#1106=VERTEX_POINT('',#2462);
#1107=VERTEX_POINT('',#2467);
#1108=VERTEX_POINT('',#2468);
#1109=VERTEX_POINT('',#2473);
#1110=VERTEX_POINT('',#2474);
#1111=VERTEX_POINT('',#2479);
#1112=VERTEX_POINT('',#2480);
#1113=VERTEX_POINT('',#2485);
#1114=VERTEX_POINT('',#2486);
#1115=VERTEX_POINT('',#2491);
#1116=VERTEX_POINT('',#2492);
#1117=VERTEX_POINT('',#2512);
#1118=VERTEX_POINT('',#2513);
#1119=VERTEX_POINT('',#2535);
#1120=VERTEX_POINT('',#2536);
#1121=VERTEX_POINT('',#2556);
#1122=VERTEX_POINT('',#2558);
#1123=VERTEX_POINT('',#2562);
#1124=VERTEX_POINT('',#2564);
#1125=VERTEX_POINT('',#2568);
#1126=VERTEX_POINT('',#2570);
#1127=VERTEX_POINT('',#2617);
#1128=VERTEX_POINT('',#2619);
#1129=VERTEX_POINT('',#2629);
#1130=VERTEX_POINT('',#2631);
#1131=VERTEX_POINT('',#2635);
#1132=VERTEX_POINT('',#2636);
#1133=VERTEX_POINT('',#2641);
#1134=VERTEX_POINT('',#2643);
#1135=VERTEX_POINT('',#2648);
#1136=VERTEX_POINT('',#2650);
#1137=VERTEX_POINT('',#2679);
#1138=VERTEX_POINT('',#2698);
#1139=VERTEX_POINT('',#2734);
#1140=VERTEX_POINT('',#2745);
#1141=VERTEX_POINT('',#2776);
#1142=VERTEX_POINT('',#2787);
#1143=VERTEX_POINT('',#2827);
#1144=VERTEX_POINT('',#2844);
#1145=VERTEX_POINT('',#2859);
#1146=VERTEX_POINT('',#2862);
#1147=VERTEX_POINT('',#2864);
#1148=VERTEX_POINT('',#2866);
#1149=VERTEX_POINT('',#2868);
#1150=VERTEX_POINT('',#2870);
#1151=VERTEX_POINT('',#2872);
#1152=VERTEX_POINT('',#2875);
#1153=VERTEX_POINT('',#2891);
#1154=VERTEX_POINT('',#2894);
#1155=VERTEX_POINT('',#2896);
#1156=VERTEX_POINT('',#2898);
#1157=VERTEX_POINT('',#2900);
#1158=VERTEX_POINT('',#2902);
#1159=VERTEX_POINT('',#2904);
#1160=VERTEX_POINT('',#2907);
#1161=VERTEX_POINT('',#3355);
#1162=VERTEX_POINT('',#3390);
#1163=VERTEX_POINT('',#3392);
#1164=VERTEX_POINT('',#3393);
#1165=VERTEX_POINT('',#3395);
#1166=VERTEX_POINT('',#3397);
#1167=VERTEX_POINT('',#3405);
#1168=VERTEX_POINT('',#3407);
#1169=VERTEX_POINT('',#3409);
#1170=VERTEX_POINT('',#3417);
#1171=VERTEX_POINT('',#3419);
#1172=VERTEX_POINT('',#3421);
#1173=VERTEX_POINT('',#3423);
#1174=VERTEX_POINT('',#3452);
#1175=VERTEX_POINT('',#3454);
#1176=VERTEX_POINT('',#3456);
#1177=VERTEX_POINT('',#3458);
#1178=VERTEX_POINT('',#3486);
#1179=VERTEX_POINT('',#3488);
#1180=VERTEX_POINT('',#3490);
#1181=VERTEX_POINT('',#3492);
#1182=VERTEX_POINT('',#3500);
#1183=VERTEX_POINT('',#3502);
#1184=VERTEX_POINT('',#3504);
#1185=VERTEX_POINT('',#3512);
#1186=VERTEX_POINT('',#3513);
#1187=VERTEX_POINT('',#3515);
#1188=VERTEX_POINT('',#3525);
#1189=VERTEX_POINT('',#3526);
#1190=VERTEX_POINT('',#3528);
#1191=VERTEX_POINT('',#3532);
#1192=VERTEX_POINT('',#3533);
#1193=VERTEX_POINT('',#3535);
#1194=VERTEX_POINT('',#3543);
#1195=VERTEX_POINT('',#3544);
#1196=VERTEX_POINT('',#3550);
#1197=VERTEX_POINT('',#3552);
#1198=VERTEX_POINT('',#3559);
#1199=VERTEX_POINT('',#3561);
#1200=VERTEX_POINT('',#3654);
#1201=VERTEX_POINT('',#3658);
#1202=VERTEX_POINT('',#3662);
#1203=VERTEX_POINT('',#3666);
#1204=VERTEX_POINT('',#3667);
#1205=VERTEX_POINT('',#3677);
#1206=VERTEX_POINT('',#3702);
#1207=VERTEX_POINT('',#3703);
#1208=VERTEX_POINT('',#3724);
#1209=VERTEX_POINT('',#3725);
#1210=VERTEX_POINT('',#3730);
#1211=VERTEX_POINT('',#3731);
#1212=VERTEX_POINT('',#3736);
#1213=VERTEX_POINT('',#3737);
#1214=VERTEX_POINT('',#3742);
#1215=VERTEX_POINT('',#3743);
#1216=VERTEX_POINT('',#3748);
#1217=VERTEX_POINT('',#3749);
#1218=VERTEX_POINT('',#3754);
#1219=VERTEX_POINT('',#3755);
#1220=VERTEX_POINT('',#3760);
#1221=VERTEX_POINT('',#3761);
#1222=VERTEX_POINT('',#3779);
#1223=VERTEX_POINT('',#3780);
#1224=VERTEX_POINT('',#3798);
#1225=VERTEX_POINT('',#3799);
#1226=VERTEX_POINT('',#3819);
#1227=VERTEX_POINT('',#3823);
#1228=VERTEX_POINT('',#3913);
#1229=VERTEX_POINT('',#3917);
#1230=VERTEX_POINT('',#3921);
#1231=VERTEX_POINT('',#3922);
#1232=VERTEX_POINT('',#3928);
#1233=VERTEX_POINT('',#3930);
#1234=VERTEX_POINT('',#3981);
#1235=VERTEX_POINT('',#3982);
#1236=VERTEX_POINT('',#4005);
#1237=VERTEX_POINT('',#4011);
#1238=VERTEX_POINT('',#4016);
#1239=VERTEX_POINT('',#4150);
#1240=VERTEX_POINT('',#4273);
#1241=VERTEX_POINT('',#4329);
#1242=VERTEX_POINT('',#4348);
#1243=VERTEX_POINT('',#4367);
#1244=VERTEX_POINT('',#4380);
#1245=VERTEX_POINT('',#4383);
#1246=VERTEX_POINT('',#4385);
#1247=VERTEX_POINT('',#4388);
#1248=VERTEX_POINT('',#4398);
#1249=LINE('',#2299,#1297);
#1250=LINE('',#2309,#1298);
#1251=LINE('',#2318,#1299);
#1252=LINE('',#2323,#1300);
#1253=LINE('',#2370,#1301);
#1254=LINE('',#2382,#1302);
#1255=LINE('',#2388,#1303);
#1256=LINE('',#2392,#1304);
#1257=LINE('',#2430,#1305);
#1258=LINE('',#2454,#1306);
#1259=LINE('',#2460,#1307);
#1260=LINE('',#2466,#1308);
#1261=LINE('',#2472,#1309);
#1262=LINE('',#2478,#1310);
#1263=LINE('',#2484,#1311);
#1264=LINE('',#2490,#1312);
#1265=LINE('',#2511,#1313);
#1266=LINE('',#2559,#1314);
#1267=LINE('',#2563,#1315);
#1268=LINE('',#2569,#1316);
#1269=LINE('',#2618,#1317);
#1270=LINE('',#2630,#1318);
#1271=LINE('',#2642,#1319);
#1272=LINE('',#2651,#1320);
#1273=LINE('',#3542,#1321);
#1274=LINE('',#3549,#1322);
#1275=LINE('',#3558,#1323);
#1276=LINE('',#3562,#1324);
#1277=LINE('',#3655,#1325);
#1278=LINE('',#3659,#1326);
#1279=LINE('',#3663,#1327);
#1280=LINE('',#3665,#1328);
#1281=LINE('',#3701,#1329);
#1282=LINE('',#3723,#1330);
#1283=LINE('',#3729,#1331);
#1284=LINE('',#3735,#1332);
#1285=LINE('',#3741,#1333);
#1286=LINE('',#3747,#1334);
#1287=LINE('',#3753,#1335);
#1288=LINE('',#3759,#1336);
#1289=LINE('',#3778,#1337);
#1290=LINE('',#3800,#1338);
#1291=LINE('',#3820,#1339);
#1292=LINE('',#3824,#1340);
#1293=LINE('',#3914,#1341);
#1294=LINE('',#3918,#1342);
#1295=LINE('',#3923,#1343);
#1296=LINE('',#3929,#1344);
#1297=VECTOR('',#1891,1.);
#1298=VECTOR('',#1894,1.);
#1299=VECTOR('',#1899,1.);
#1300=VECTOR('',#1902,1.);
#1301=VECTOR('',#1905,1.);
#1302=VECTOR('',#1910,1.);
#1303=VECTOR('',#1917,1.);
#1304=VECTOR('',#1922,1.);
#1305=VECTOR('',#1927,1.);
#1306=VECTOR('',#1930,1.);
#1307=VECTOR('',#1937,1.);
#1308=VECTOR('',#1944,1.);
#1309=VECTOR('',#1951,1.);
#1310=VECTOR('',#1958,1.);
#1311=VECTOR('',#1965,1.);
#1312=VECTOR('',#1972,1.);
#1313=VECTOR('',#1977,1.);
#1314=VECTOR('',#1984,1.);
#1315=VECTOR('',#1989,1.);
#1316=VECTOR('',#1996,1.);
#1317=VECTOR('',#1999,1.);
#1318=VECTOR('',#2004,1.);
#1319=VECTOR('',#2011,1.);
#1320=VECTOR('',#2014,1.);
#1321=VECTOR('',#2143,1.);
#1322=VECTOR('',#2144,1.);
#1323=VECTOR('',#2149,1.);
#1324=VECTOR('',#2152,1.);
#1325=VECTOR('',#2153,1.);
#1326=VECTOR('',#2158,1.);
#1327=VECTOR('',#2163,1.);
#1328=VECTOR('',#2166,1.);
#1329=VECTOR('',#2169,1.);
#1330=VECTOR('',#2172,1.);
#1331=VECTOR('',#2179,1.);
#1332=VECTOR('',#2186,1.);
#1333=VECTOR('',#2193,1.);
#1334=VECTOR('',#2200,1.);
#1335=VECTOR('',#2207,1.);
#1336=VECTOR('',#2214,1.);
#1337=VECTOR('',#2219,1.);
#1338=VECTOR('',#2224,1.);
#1339=VECTOR('',#2229,1.);
#1340=VECTOR('',#2234,1.);
#1341=VECTOR('',#2235,1.);
#1342=VECTOR('',#2240,1.);
#1343=VECTOR('',#2245,1.);
#1344=VECTOR('',#2246,1.);
#1345=EDGE_LOOP('',(#289,#290,#291,#292,#293,#294));
#1346=EDGE_LOOP('',(#295,#296,#297,#298));
#1347=EDGE_LOOP('',(#299,#300,#301,#302));
#1348=EDGE_LOOP('',(#303,#304,#305,#306));
#1349=EDGE_LOOP('',(#307,#308,#309,#310));
#1350=EDGE_LOOP('',(#311,#312,#313,#314,#315,#316));
#1351=EDGE_LOOP('',(#317,#318,#319,#320));
#1352=EDGE_LOOP('',(#321,#322,#323,#324));
#1353=EDGE_LOOP('',(#325,#326,#327,#328));
#1354=EDGE_LOOP('',(#329,#330,#331,#332));
#1355=EDGE_LOOP('',(#333,#334,#335,#336));
#1356=EDGE_LOOP('',(#337,#338,#339,#340));
#1357=EDGE_LOOP('',(#341,#342,#343,#344));
#1358=EDGE_LOOP('',(#345,#346,#347,#348));
#1359=EDGE_LOOP('',(#349,#350,#351,#352));
#1360=EDGE_LOOP('',(#353,#354,#355,#356,#357,#358));
#1361=EDGE_LOOP('',(#359,#360,#361,#362));
#1362=EDGE_LOOP('',(#363,#364,#365,#366));
#1363=EDGE_LOOP('',(#367,#368,#369,#370));
#1364=EDGE_LOOP('',(#371,#372,#373,#374));
#1365=EDGE_LOOP('',(#375,#376,#377,#378,#379,#380));
#1366=EDGE_LOOP('',(#381,#382,#383,#384,#385,#386));
#1367=EDGE_LOOP('',(#387));
#1368=EDGE_LOOP('',(#388));
#1369=EDGE_LOOP('',(#389));
#1370=EDGE_LOOP('',(#390));
#1371=EDGE_LOOP('',(#391,#392,#393,#394));
#1372=EDGE_LOOP('',(#395,#396,#397,#398,#399,#400));
#1373=EDGE_LOOP('',(#401,#402,#403,#404,#405,#406,#407,#408,#409,#410,#411,
#412,#413,#414,#415,#416,#417,#418,#419,#420,#421,#422,#423,#424,#425,#426));
#1374=EDGE_LOOP('',(#427));
#1375=EDGE_LOOP('',(#428));
#1376=EDGE_LOOP('',(#429));
#1377=EDGE_LOOP('',(#430));
#1378=EDGE_LOOP('',(#431,#432,#433,#434,#435,#436,#437,#438,#439,#440,#441,
#442,#443,#444,#445,#446,#447,#448,#449,#450,#451,#452,#453,#454,#455,#456));
#1379=EDGE_LOOP('',(#457,#458,#459,#460));
#1380=EDGE_LOOP('',(#461,#462,#463,#464,#465,#466,#467));
#1381=EDGE_LOOP('',(#468,#469,#470,#471));
#1382=EDGE_LOOP('',(#472,#473,#474,#475));
#1383=EDGE_LOOP('',(#476,#477,#478,#479));
#1384=EDGE_LOOP('',(#480,#481,#482,#483));
#1385=EDGE_LOOP('',(#484,#485,#486,#487));
#1386=EDGE_LOOP('',(#488,#489,#490,#491,#492,#493,#494));
#1387=EDGE_LOOP('',(#495,#496,#497,#498));
#1388=EDGE_LOOP('',(#499,#500,#501,#502));
#1389=EDGE_LOOP('',(#503,#504,#505,#506,#507,#508,#509));
#1390=EDGE_LOOP('',(#510,#511,#512,#513));
#1391=EDGE_LOOP('',(#514,#515,#516,#517));
#1392=EDGE_LOOP('',(#518,#519,#520,#521));
#1393=EDGE_LOOP('',(#522,#523,#524,#525));
#1394=EDGE_LOOP('',(#526,#527,#528,#529));
#1395=EDGE_LOOP('',(#530,#531,#532,#533,#534,#535,#536));
#1396=EDGE_LOOP('',(#537,#538,#539,#540));
#1397=EDGE_LOOP('',(#541));
#1398=EDGE_LOOP('',(#542));
#1399=EDGE_LOOP('',(#543,#544,#545,#546,#547,#548,#549,#550,#551,#552,#553,
#554,#555,#556,#557,#558,#559,#560,#561,#562,#563,#564));
#1400=EDGE_LOOP('',(#565,#566,#567));
#1401=EDGE_LOOP('',(#568,#569,#570));
#1402=EDGE_LOOP('',(#571,#572,#573));
#1403=EDGE_LOOP('',(#574,#575,#576,#577,#578,#579));
#1404=EDGE_LOOP('',(#580,#581,#582,#583));
#1405=EDGE_LOOP('',(#584,#585,#586,#587));
#1406=EDGE_LOOP('',(#588,#589,#590,#591));
#1407=EDGE_LOOP('',(#592,#593,#594,#595));
#1408=EDGE_LOOP('',(#596,#597,#598,#599,#600,#601));
#1409=EDGE_LOOP('',(#602,#603,#604,#605));
#1410=EDGE_LOOP('',(#606,#607,#608,#609));
#1411=EDGE_LOOP('',(#610,#611,#612,#613));
#1412=EDGE_LOOP('',(#614,#615,#616,#617));
#1413=EDGE_LOOP('',(#618,#619,#620,#621));
#1414=EDGE_LOOP('',(#622,#623,#624,#625));
#1415=EDGE_LOOP('',(#626,#627,#628,#629));
#1416=EDGE_LOOP('',(#630,#631,#632,#633));
#1417=EDGE_LOOP('',(#634,#635,#636,#637));
#1418=EDGE_LOOP('',(#638,#639,#640,#641,#642,#643));
#1419=EDGE_LOOP('',(#644,#645,#646,#647));
#1420=EDGE_LOOP('',(#648,#649,#650,#651));
#1421=EDGE_LOOP('',(#652,#653,#654,#655));
#1422=EDGE_LOOP('',(#656,#657,#658,#659));
#1423=EDGE_LOOP('',(#660,#661,#662,#663,#664,#665));
#1424=EDGE_LOOP('',(#666,#667,#668,#669,#670,#671,#672,#673,#674,#675,#676,
#677));
#1425=EDGE_LOOP('',(#678));
#1426=EDGE_LOOP('',(#679));
#1427=EDGE_LOOP('',(#680));
#1428=EDGE_LOOP('',(#681));
#1429=EDGE_LOOP('',(#682,#683,#684,#685));
#1430=EDGE_LOOP('',(#686,#687,#688,#689,#690,#691,#692,#693,#694,#695,#696,
#697));
#1431=EDGE_LOOP('',(#698,#699,#700,#701,#702,#703,#704,#705,#706,#707,#708,
#709,#710,#711,#712,#713,#714,#715,#716,#717,#718,#719));
#1432=EDGE_LOOP('',(#720));
#1433=EDGE_LOOP('',(#721));
#1434=EDGE_LOOP('',(#722,#723,#724));
#1435=EDGE_LOOP('',(#725,#726,#727,#728));
#1436=EDGE_LOOP('',(#729,#730,#731,#732,#733,#734));
#1437=EDGE_LOOP('',(#735,#736,#737,#738,#739));
#1438=EDGE_LOOP('',(#740,#741,#742,#743,#744,#745));
#1439=EDGE_LOOP('',(#746,#747,#748,#749));
#1440=EDGE_LOOP('',(#750,#751,#752,#753,#754));
#1441=EDGE_LOOP('',(#755,#756,#757,#758,#759));
#1442=EDGE_LOOP('',(#760,#761,#762,#763,#764,#765,#766));
#1443=EDGE_LOOP('',(#767,#768,#769,#770));
#1444=EDGE_LOOP('',(#771,#772,#773,#774));
#1445=EDGE_LOOP('',(#775,#776,#777,#778,#779,#780,#781));
#1446=EDGE_LOOP('',(#782,#783,#784,#785,#786));
#1447=EDGE_LOOP('',(#787,#788,#789,#790,#791));
#1448=EDGE_LOOP('',(#792,#793,#794,#795));
#1449=EDGE_LOOP('',(#796,#797,#798,#799,#800,#801));
#1450=EDGE_LOOP('',(#802,#803,#804,#805,#806));
#1451=EDGE_LOOP('',(#807,#808,#809,#810,#811,#812));
#1452=EDGE_LOOP('',(#813,#814,#815,#816));
#1453=FACE_BOUND('',#1345,.T.);
#1454=FACE_BOUND('',#1346,.T.);
#1455=FACE_BOUND('',#1347,.T.);
#1456=FACE_BOUND('',#1348,.T.);
#1457=FACE_BOUND('',#1349,.T.);
#1458=FACE_BOUND('',#1350,.T.);
#1459=FACE_BOUND('',#1351,.T.);
#1460=FACE_BOUND('',#1352,.T.);
#1461=FACE_BOUND('',#1353,.T.);
#1462=FACE_BOUND('',#1354,.T.);
#1463=FACE_BOUND('',#1355,.T.);
#1464=FACE_BOUND('',#1356,.T.);
#1465=FACE_BOUND('',#1357,.T.);
#1466=FACE_BOUND('',#1358,.T.);
#1467=FACE_BOUND('',#1359,.T.);
#1468=FACE_BOUND('',#1360,.T.);
#1469=FACE_BOUND('',#1361,.T.);
#1470=FACE_BOUND('',#1362,.T.);
#1471=FACE_BOUND('',#1363,.T.);
#1472=FACE_BOUND('',#1364,.T.);
#1473=FACE_BOUND('',#1365,.T.);
#1474=FACE_BOUND('',#1366,.T.);
#1475=FACE_BOUND('',#1367,.T.);
#1476=FACE_BOUND('',#1368,.T.);
#1477=FACE_BOUND('',#1369,.T.);
#1478=FACE_BOUND('',#1370,.T.);
#1479=FACE_BOUND('',#1371,.T.);
#1480=FACE_BOUND('',#1372,.T.);
#1481=FACE_BOUND('',#1373,.T.);
#1482=FACE_BOUND('',#1374,.T.);
#1483=FACE_BOUND('',#1375,.T.);
#1484=FACE_BOUND('',#1376,.T.);
#1485=FACE_BOUND('',#1377,.T.);
#1486=FACE_BOUND('',#1378,.T.);
#1487=FACE_BOUND('',#1379,.T.);
#1488=FACE_BOUND('',#1380,.T.);
#1489=FACE_BOUND('',#1381,.T.);
#1490=FACE_BOUND('',#1382,.T.);
#1491=FACE_BOUND('',#1383,.T.);
#1492=FACE_BOUND('',#1384,.T.);
#1493=FACE_BOUND('',#1385,.T.);
#1494=FACE_BOUND('',#1386,.T.);
#1495=FACE_BOUND('',#1387,.T.);
#1496=FACE_BOUND('',#1388,.T.);
#1497=FACE_BOUND('',#1389,.T.);
#1498=FACE_BOUND('',#1390,.T.);
#1499=FACE_BOUND('',#1391,.T.);
#1500=FACE_BOUND('',#1392,.T.);
#1501=FACE_BOUND('',#1393,.T.);
#1502=FACE_BOUND('',#1394,.T.);
#1503=FACE_BOUND('',#1395,.T.);
#1504=FACE_BOUND('',#1396,.T.);
#1505=FACE_BOUND('',#1397,.T.);
#1506=FACE_BOUND('',#1398,.T.);
#1507=FACE_BOUND('',#1399,.T.);
#1508=FACE_BOUND('',#1400,.T.);
#1509=FACE_BOUND('',#1401,.T.);
#1510=FACE_BOUND('',#1402,.T.);
#1511=FACE_BOUND('',#1403,.T.);
#1512=FACE_BOUND('',#1404,.T.);
#1513=FACE_BOUND('',#1405,.T.);
#1514=FACE_BOUND('',#1406,.T.);
#1515=FACE_BOUND('',#1407,.T.);
#1516=FACE_BOUND('',#1408,.T.);
#1517=FACE_BOUND('',#1409,.T.);
#1518=FACE_BOUND('',#1410,.T.);
#1519=FACE_BOUND('',#1411,.T.);
#1520=FACE_BOUND('',#1412,.T.);
#1521=FACE_BOUND('',#1413,.T.);
#1522=FACE_BOUND('',#1414,.T.);
#1523=FACE_BOUND('',#1415,.T.);
#1524=FACE_BOUND('',#1416,.T.);
#1525=FACE_BOUND('',#1417,.T.);
#1526=FACE_BOUND('',#1418,.T.);
#1527=FACE_BOUND('',#1419,.T.);
#1528=FACE_BOUND('',#1420,.T.);
#1529=FACE_BOUND('',#1421,.T.);
#1530=FACE_BOUND('',#1422,.T.);
#1531=FACE_BOUND('',#1423,.T.);
#1532=FACE_BOUND('',#1424,.T.);
#1533=FACE_BOUND('',#1425,.T.);
#1534=FACE_BOUND('',#1426,.T.);
#1535=FACE_BOUND('',#1427,.T.);
#1536=FACE_BOUND('',#1428,.T.);
#1537=FACE_BOUND('',#1429,.T.);
#1538=FACE_BOUND('',#1430,.T.);
#1539=FACE_BOUND('',#1431,.T.);
#1540=FACE_BOUND('',#1432,.T.);
#1541=FACE_BOUND('',#1433,.T.);
#1542=FACE_BOUND('',#1434,.T.);
#1543=FACE_BOUND('',#1435,.T.);
#1544=FACE_BOUND('',#1436,.T.);
#1545=FACE_BOUND('',#1437,.T.);
#1546=FACE_BOUND('',#1438,.T.);
#1547=FACE_BOUND('',#1439,.T.);
#1548=FACE_BOUND('',#1440,.T.);
#1549=FACE_BOUND('',#1441,.T.);
#1550=FACE_BOUND('',#1442,.T.);
#1551=FACE_BOUND('',#1443,.T.);
#1552=FACE_BOUND('',#1444,.T.);
#1553=FACE_BOUND('',#1445,.T.);
#1554=FACE_BOUND('',#1446,.T.);
#1555=FACE_BOUND('',#1447,.T.);
#1556=FACE_BOUND('',#1448,.T.);
#1557=FACE_BOUND('',#1449,.T.);
#1558=FACE_BOUND('',#1450,.T.);
#1559=FACE_BOUND('',#1451,.T.);
#1560=FACE_BOUND('',#1452,.T.);
#1561=CYLINDRICAL_SURFACE('',#1707,0.0482117205898996);
#1562=CYLINDRICAL_SURFACE('',#1710,0.0076106948554971);
#1563=CYLINDRICAL_SURFACE('',#1713,0.00765028176975307);
#1564=CYLINDRICAL_SURFACE('',#1716,0.00624592122557021);
#1565=CYLINDRICAL_SURFACE('',#1719,0.0177182317762455);
#1566=CYLINDRICAL_SURFACE('',#1722,0.0610835308055634);
#1567=CYLINDRICAL_SURFACE('',#1725,0.0118154364571831);
#1568=CYLINDRICAL_SURFACE('',#1728,0.039946248832547);
#1569=CYLINDRICAL_SURFACE('',#1731,0.0532755185202986);
#1570=CYLINDRICAL_SURFACE('',#1734,0.0343196477934873);
#1571=CYLINDRICAL_SURFACE('',#1737,0.00926744247973596);
#1572=CYLINDRICAL_SURFACE('',#1740,0.0610835308055635);
#1573=CYLINDRICAL_SURFACE('',#1743,0.0167878365422663);
#1574=CYLINDRICAL_SURFACE('',#1746,0.0062459212255701);
#1575=CYLINDRICAL_SURFACE('',#1749,0.0109251068515639);
#1576=CYLINDRICAL_SURFACE('',#1752,0.0067787415519062);
#1577=CYLINDRICAL_SURFACE('',#1755,0.0557730736076798);
#1578=CYLINDRICAL_SURFACE('',#1758,0.0265194676445243);
#1579=CYLINDRICAL_SURFACE('',#1821,0.0472117205898996);
#1580=CYLINDRICAL_SURFACE('',#1823,0.0086106948554971);
#1581=CYLINDRICAL_SURFACE('',#1825,0.00865028176975307);
#1582=CYLINDRICAL_SURFACE('',#1827,0.00724592122557021);
#1583=CYLINDRICAL_SURFACE('',#1829,0.0187182317762455);
#1584=CYLINDRICAL_SURFACE('',#1831,0.0600835308055634);
#1585=CYLINDRICAL_SURFACE('',#1834,0.0108154364571831);
#1586=CYLINDRICAL_SURFACE('',#1837,0.038946248832547);
#1587=CYLINDRICAL_SURFACE('',#1840,0.0522755185202986);
#1588=CYLINDRICAL_SURFACE('',#1843,0.0333196477934873);
#1589=CYLINDRICAL_SURFACE('',#1846,0.00826744247973596);
#1590=CYLINDRICAL_SURFACE('',#1849,0.0600835308055635);
#1591=CYLINDRICAL_SURFACE('',#1852,0.0177878365422663);
#1592=CYLINDRICAL_SURFACE('',#1854,0.0072459212255701);
#1593=CYLINDRICAL_SURFACE('',#1856,0.0119251068515639);
#1594=CYLINDRICAL_SURFACE('',#1858,0.0077787415519062);
#1595=CYLINDRICAL_SURFACE('',#1860,0.0547730736076798);
#1596=CYLINDRICAL_SURFACE('',#1862,0.0275194676445243);
#1597=ADVANCED_FACE('Face appearance 13',(#1453),#1561,.T.);
#1598=ADVANCED_FACE('Face appearance 13',(#1454),#1562,.F.);
#1599=ADVANCED_FACE('Face appearance 13',(#1455),#57,.T.);
#1600=ADVANCED_FACE('Face appearance 13',(#1456),#1563,.F.);
#1601=ADVANCED_FACE('Face appearance 13',(#1457),#1564,.F.);
#1602=ADVANCED_FACE('Face appearance 13',(#1458),#1565,.F.);
#1603=ADVANCED_FACE('Face appearance 13',(#1459),#58,.F.);
#1604=ADVANCED_FACE('Face appearance 13',(#1460),#1566,.T.);
#1605=ADVANCED_FACE('Face appearance 13',(#1461),#1567,.T.);
#1606=ADVANCED_FACE('Face appearance 13',(#1462),#1568,.T.);
#1607=ADVANCED_FACE('Face appearance 13',(#1463),#1569,.T.);
#1608=ADVANCED_FACE('Face appearance 13',(#1464),#1570,.T.);
#1609=ADVANCED_FACE('Face appearance 13',(#1465),#1571,.T.);
#1610=ADVANCED_FACE('Face appearance 13',(#1466),#1572,.T.);
#1611=ADVANCED_FACE('Face appearance 13',(#1467),#59,.T.);
#1612=ADVANCED_FACE('Face appearance 13',(#1468),#1573,.F.);
#1613=ADVANCED_FACE('Face appearance 13',(#1469),#1574,.F.);
#1614=ADVANCED_FACE('Face appearance 13',(#1470),#1575,.F.);
#1615=ADVANCED_FACE('Face appearance 13',(#1471),#60,.F.);
#1616=ADVANCED_FACE('Face appearance 13',(#1472),#1576,.F.);
#1617=ADVANCED_FACE('Face appearance 13',(#1473),#1577,.T.);
#1618=ADVANCED_FACE('Face appearance 13',(#1474),#61,.T.);
#1619=ADVANCED_FACE('Face appearance 13',(#1475,#1476),#62,.T.);
#1620=ADVANCED_FACE('Face appearance 13',(#1477,#1478),#63,.F.);
#1621=ADVANCED_FACE('Face appearance 13',(#1479),#1578,.F.);
#1622=ADVANCED_FACE('Face appearance 13',(#1480),#64,.T.);
#1623=ADVANCED_FACE('Face appearance 13',(#1481,#1482,#1483),#49,.T.);
#1624=ADVANCED_FACE('Face appearance 13',(#1484,#1485,#1486),#50,.F.);
#1625=ADVANCED_FACE('',(#1487),#41,.T.);
#1626=ADVANCED_FACE('',(#1488),#21,.T.);
#1627=ADVANCED_FACE('',(#1489),#13,.T.);
#1628=ADVANCED_FACE('',(#1490),#22,.T.);
#1629=ADVANCED_FACE('',(#1491),#23,.T.);
#1630=ADVANCED_FACE('',(#1492),#24,.T.);
#1631=ADVANCED_FACE('',(#1493),#14,.T.);
#1632=ADVANCED_FACE('',(#1494),#25,.T.);
#1633=ADVANCED_FACE('',(#1495),#42,.T.);
#1634=ADVANCED_FACE('',(#1496),#43,.T.);
#1635=ADVANCED_FACE('',(#1497),#26,.T.);
#1636=ADVANCED_FACE('',(#1498),#15,.T.);
#1637=ADVANCED_FACE('',(#1499),#27,.T.);
#1638=ADVANCED_FACE('',(#1500),#28,.T.);
#1639=ADVANCED_FACE('',(#1501),#29,.T.);
#1640=ADVANCED_FACE('',(#1502),#16,.T.);
#1641=ADVANCED_FACE('',(#1503),#30,.T.);
#1642=ADVANCED_FACE('',(#1504),#44,.T.);
#1643=ADVANCED_FACE('',(#1505,#1506,#1507),#51,.T.);
#1644=ADVANCED_FACE('',(#1508),#52,.T.);
#1645=ADVANCED_FACE('',(#1509),#53,.F.);
#1646=ADVANCED_FACE('',(#1510),#54,.F.);
#1647=ADVANCED_FACE('',(#1511),#1579,.F.);
#1648=ADVANCED_FACE('',(#1512),#1580,.T.);
#1649=ADVANCED_FACE('',(#1513),#65,.F.);
#1650=ADVANCED_FACE('',(#1514),#1581,.T.);
#1651=ADVANCED_FACE('',(#1515),#1582,.T.);
#1652=ADVANCED_FACE('',(#1516),#1583,.T.);
#1653=ADVANCED_FACE('',(#1517),#66,.T.);
#1654=ADVANCED_FACE('',(#1518),#1584,.F.);
#1655=ADVANCED_FACE('',(#1519),#1585,.F.);
#1656=ADVANCED_FACE('',(#1520),#1586,.F.);
#1657=ADVANCED_FACE('',(#1521),#1587,.F.);
#1658=ADVANCED_FACE('',(#1522),#1588,.F.);
#1659=ADVANCED_FACE('',(#1523),#1589,.F.);
#1660=ADVANCED_FACE('',(#1524),#1590,.F.);
#1661=ADVANCED_FACE('',(#1525),#67,.F.);
#1662=ADVANCED_FACE('',(#1526),#1591,.T.);
#1663=ADVANCED_FACE('',(#1527),#1592,.T.);
#1664=ADVANCED_FACE('',(#1528),#1593,.T.);
#1665=ADVANCED_FACE('',(#1529),#68,.T.);
#1666=ADVANCED_FACE('',(#1530),#1594,.T.);
#1667=ADVANCED_FACE('',(#1531),#1595,.F.);
#1668=ADVANCED_FACE('',(#1532),#69,.F.);
#1669=ADVANCED_FACE('',(#1533,#1534),#70,.F.);
#1670=ADVANCED_FACE('',(#1535,#1536),#71,.T.);
#1671=ADVANCED_FACE('',(#1537),#1596,.T.);
#1672=ADVANCED_FACE('',(#1538),#72,.F.);
#1673=ADVANCED_FACE('',(#1539,#1540,#1541),#55,.F.);
#1674=ADVANCED_FACE('',(#1542),#56,.T.);
#1675=ADVANCED_FACE('',(#1543),#45,.F.);
#1676=ADVANCED_FACE('',(#1544),#31,.F.);
#1677=ADVANCED_FACE('',(#1545),#17,.F.);
#1678=ADVANCED_FACE('',(#1546),#32,.F.);
#1679=ADVANCED_FACE('',(#1547),#33,.F.);
#1680=ADVANCED_FACE('',(#1548),#34,.F.);
#1681=ADVANCED_FACE('',(#1549),#18,.F.);
#1682=ADVANCED_FACE('',(#1550),#35,.F.);
#1683=ADVANCED_FACE('',(#1551),#46,.F.);
#1684=ADVANCED_FACE('',(#1552),#47,.F.);
#1685=ADVANCED_FACE('',(#1553),#36,.F.);
#1686=ADVANCED_FACE('',(#1554),#19,.F.);
#1687=ADVANCED_FACE('',(#1555),#37,.F.);
#1688=ADVANCED_FACE('',(#1556),#38,.F.);
#1689=ADVANCED_FACE('',(#1557),#39,.F.);
#1690=ADVANCED_FACE('',(#1558),#20,.F.);
#1691=ADVANCED_FACE('',(#1559),#40,.F.);
#1692=ADVANCED_FACE('',(#1560),#48,.F.);
#1693=CLOSED_SHELL('',(#1597,#1598,#1599,#1600,#1601,#1602,#1603,#1604,
#1605,#1606,#1607,#1608,#1609,#1610,#1611,#1612,#1613,#1614,#1615,#1616,
#1617,#1618,#1619,#1620,#1621,#1622,#1623,#1624,#1625,#1626,#1627,#1628,
#1629,#1630,#1631,#1632,#1633,#1634,#1635,#1636,#1637,#1638,#1639,#1640,
#1641,#1642));
#1694=CLOSED_SHELL('',(#1643,#1644,#1645,#1646,#1647,#1648,#1649,#1650,
#1651,#1652,#1653,#1654,#1655,#1656,#1657,#1658,#1659,#1660,#1661,#1662,
#1663,#1664,#1665,#1666,#1667,#1668,#1669,#1670,#1671,#1672,#1673,#1674,
#1675,#1676,#1677,#1678,#1679,#1680,#1681,#1682,#1683,#1684,#1685,#1686,
#1687,#1688,#1689,#1690,#1691,#1692));
#1695=STYLED_ITEM('',(#1696),#1703);
#1696=PRESENTATION_STYLE_ASSIGNMENT((#1697));
#1697=SURFACE_STYLE_USAGE(.BOTH.,#1698);
#1698=SURFACE_SIDE_STYLE('',(#1699));
#1699=SURFACE_STYLE_FILL_AREA(#1700);
#1700=FILL_AREA_STYLE('',(#1701));
#1701=FILL_AREA_STYLE_COLOUR('',#1702);
#1702=COLOUR_RGB('',0.458823529411765,0.105882352941176,0.);
#1703=BREP_WITH_VOIDS('Part 16',#1693,(#12));
#1704=SHAPE_DEFINITION_REPRESENTATION(#4725,#1705);
#1705=SHAPE_REPRESENTATION('Part 16',(#1706),#4720);
#1706=AXIS2_PLACEMENT_3D('',#2297,#1887,#1888);
#1707=AXIS2_PLACEMENT_3D('',#2298,#1889,#1890);
#1708=AXIS2_PLACEMENT_3D('',#2307,#1892,#1893);
#1709=AXIS2_PLACEMENT_3D('',#2311,#1895,#1896);
#1710=AXIS2_PLACEMENT_3D('',#2317,#1897,#1898);
#1711=AXIS2_PLACEMENT_3D('',#2321,#1900,#1901);
#1712=AXIS2_PLACEMENT_3D('',#2325,#1903,#1904);
#1713=AXIS2_PLACEMENT_3D('',#2379,#1906,#1907);
#1714=AXIS2_PLACEMENT_3D('',#2380,#1908,#1909);
#1715=AXIS2_PLACEMENT_3D('',#2384,#1911,#1912);
#1716=AXIS2_PLACEMENT_3D('',#2385,#1913,#1914);
#1717=AXIS2_PLACEMENT_3D('',#2386,#1915,#1916);
#1718=AXIS2_PLACEMENT_3D('',#2390,#1918,#1919);
#1719=AXIS2_PLACEMENT_3D('',#2391,#1920,#1921);
#1720=AXIS2_PLACEMENT_3D('',#2404,#1923,#1924);
#1721=AXIS2_PLACEMENT_3D('',#2405,#1925,#1926);
#1722=AXIS2_PLACEMENT_3D('',#2453,#1928,#1929);
#1723=AXIS2_PLACEMENT_3D('',#2457,#1931,#1932);
#1724=AXIS2_PLACEMENT_3D('',#2458,#1933,#1934);
#1725=AXIS2_PLACEMENT_3D('',#2459,#1935,#1936);
#1726=AXIS2_PLACEMENT_3D('',#2463,#1938,#1939);
#1727=AXIS2_PLACEMENT_3D('',#2464,#1940,#1941);
#1728=AXIS2_PLACEMENT_3D('',#2465,#1942,#1943);
#1729=AXIS2_PLACEMENT_3D('',#2469,#1945,#1946);
#1730=AXIS2_PLACEMENT_3D('',#2470,#1947,#1948);
#1731=AXIS2_PLACEMENT_3D('',#2471,#1949,#1950);
#1732=AXIS2_PLACEMENT_3D('',#2475,#1952,#1953);
#1733=AXIS2_PLACEMENT_3D('',#2476,#1954,#1955);
#1734=AXIS2_PLACEMENT_3D('',#2477,#1956,#1957);
#1735=AXIS2_PLACEMENT_3D('',#2481,#1959,#1960);
#1736=AXIS2_PLACEMENT_3D('',#2482,#1961,#1962);
#1737=AXIS2_PLACEMENT_3D('',#2483,#1963,#1964);
#1738=AXIS2_PLACEMENT_3D('',#2487,#1966,#1967);
#1739=AXIS2_PLACEMENT_3D('',#2488,#1968,#1969);
#1740=AXIS2_PLACEMENT_3D('',#2489,#1970,#1971);
#1741=AXIS2_PLACEMENT_3D('',#2493,#1973,#1974);
#1742=AXIS2_PLACEMENT_3D('',#2494,#1975,#1976);
#1743=AXIS2_PLACEMENT_3D('',#2533,#1978,#1979);
#1744=AXIS2_PLACEMENT_3D('',#2534,#1980,#1981);
#1745=AXIS2_PLACEMENT_3D('',#2557,#1982,#1983);
#1746=AXIS2_PLACEMENT_3D('',#2560,#1985,#1986);
#1747=AXIS2_PLACEMENT_3D('',#2561,#1987,#1988);
#1748=AXIS2_PLACEMENT_3D('',#2565,#1990,#1991);
#1749=AXIS2_PLACEMENT_3D('',#2566,#1992,#1993);
#1750=AXIS2_PLACEMENT_3D('',#2567,#1994,#1995);
#1751=AXIS2_PLACEMENT_3D('',#2571,#1997,#1998);
#1752=AXIS2_PLACEMENT_3D('',#2627,#2000,#2001);
#1753=AXIS2_PLACEMENT_3D('',#2628,#2002,#2003);
#1754=AXIS2_PLACEMENT_3D('',#2632,#2005,#2006);
#1755=AXIS2_PLACEMENT_3D('',#2633,#2007,#2008);
#1756=AXIS2_PLACEMENT_3D('',#2634,#2009,#2010);
#1757=AXIS2_PLACEMENT_3D('',#2649,#2012,#2013);
#1758=AXIS2_PLACEMENT_3D('',#2788,#2015,#2016);
#1759=AXIS2_PLACEMENT_3D('',#2789,#2017,#2018);
#1760=AXIS2_PLACEMENT_3D('',#2790,#2019,#2020);
#1761=AXIS2_PLACEMENT_3D('',#2851,#2021,#2022);
#1762=AXIS2_PLACEMENT_3D('',#2860,#2023,#2024);
#1763=AXIS2_PLACEMENT_3D('',#2861,#2025,#2026);
#1764=AXIS2_PLACEMENT_3D('',#2863,#2027,#2028);
#1765=AXIS2_PLACEMENT_3D('',#2865,#2029,#2030);
#1766=AXIS2_PLACEMENT_3D('',#2867,#2031,#2032);
#1767=AXIS2_PLACEMENT_3D('',#2869,#2033,#2034);
#1768=AXIS2_PLACEMENT_3D('',#2871,#2035,#2036);
#1769=AXIS2_PLACEMENT_3D('',#2873,#2037,#2038);
#1770=AXIS2_PLACEMENT_3D('',#2874,#2039,#2040);
#1771=AXIS2_PLACEMENT_3D('',#2883,#2041,#2042);
#1772=AXIS2_PLACEMENT_3D('',#2892,#2043,#2044);
#1773=AXIS2_PLACEMENT_3D('',#2893,#2045,#2046);
#1774=AXIS2_PLACEMENT_3D('',#2895,#2047,#2048);
#1775=AXIS2_PLACEMENT_3D('',#2897,#2049,#2050);
#1776=AXIS2_PLACEMENT_3D('',#2899,#2051,#2052);
#1777=AXIS2_PLACEMENT_3D('',#2901,#2053,#2054);
#1778=AXIS2_PLACEMENT_3D('',#2903,#2055,#2056);
#1779=AXIS2_PLACEMENT_3D('',#2905,#2057,#2058);
#1780=AXIS2_PLACEMENT_3D('',#2906,#2059,#2060);
#1781=AXIS2_PLACEMENT_3D('',#2980,#2061,#2062);
#1782=AXIS2_PLACEMENT_3D('',#2989,#2063,#2064);
#1783=AXIS2_PLACEMENT_3D('',#3000,#2065,#2066);
#1784=AXIS2_PLACEMENT_3D('',#3008,#2067,#2068);
#1785=AXIS2_PLACEMENT_3D('',#3016,#2069,#2070);
#1786=AXIS2_PLACEMENT_3D('',#3024,#2071,#2072);
#1787=AXIS2_PLACEMENT_3D('',#3032,#2073,#2074);
#1788=AXIS2_PLACEMENT_3D('',#3203,#2075,#2076);
#1789=AXIS2_PLACEMENT_3D('',#3211,#2077,#2078);
#1790=AXIS2_PLACEMENT_3D('',#3219,#2079,#2080);
#1791=AXIS2_PLACEMENT_3D('',#3227,#2081,#2082);
#1792=AXIS2_PLACEMENT_3D('',#3235,#2083,#2084);
#1793=AXIS2_PLACEMENT_3D('',#3246,#2085,#2086);
#1794=AXIS2_PLACEMENT_3D('',#3255,#2087,#2088);
#1795=AXIS2_PLACEMENT_3D('',#3320,#2089,#2090);
#1796=AXIS2_PLACEMENT_3D('',#3391,#2091,#2092);
#1797=AXIS2_PLACEMENT_3D('',#3394,#2093,#2094);
#1798=AXIS2_PLACEMENT_3D('',#3396,#2095,#2096);
#1799=AXIS2_PLACEMENT_3D('',#3406,#2097,#2098);
#1800=AXIS2_PLACEMENT_3D('',#3408,#2099,#2100);
#1801=AXIS2_PLACEMENT_3D('',#3418,#2101,#2102);
#1802=AXIS2_PLACEMENT_3D('',#3420,#2103,#2104);
#1803=AXIS2_PLACEMENT_3D('',#3422,#2105,#2106);
#1804=AXIS2_PLACEMENT_3D('',#3453,#2107,#2108);
#1805=AXIS2_PLACEMENT_3D('',#3455,#2109,#2110);
#1806=AXIS2_PLACEMENT_3D('',#3457,#2111,#2112);
#1807=AXIS2_PLACEMENT_3D('',#3487,#2113,#2114);
#1808=AXIS2_PLACEMENT_3D('',#3489,#2115,#2116);
#1809=AXIS2_PLACEMENT_3D('',#3491,#2117,#2118);
#1810=AXIS2_PLACEMENT_3D('',#3501,#2119,#2120);
#1811=AXIS2_PLACEMENT_3D('',#3503,#2121,#2122);
#1812=AXIS2_PLACEMENT_3D('',#3510,#2123,#2124);
#1813=AXIS2_PLACEMENT_3D('',#3511,#2125,#2126);
#1814=AXIS2_PLACEMENT_3D('',#3514,#2127,#2128);
#1815=AXIS2_PLACEMENT_3D('',#3520,#2129,#2130);
#1816=AXIS2_PLACEMENT_3D('',#3527,#2131,#2132);
#1817=AXIS2_PLACEMENT_3D('',#3529,#2133,#2134);
#1818=AXIS2_PLACEMENT_3D('',#3530,#2135,#2136);
#1819=AXIS2_PLACEMENT_3D('',#3531,#2137,#2138);
#1820=AXIS2_PLACEMENT_3D('',#3534,#2139,#2140);
#1821=AXIS2_PLACEMENT_3D('',#3541,#2141,#2142);
#1822=AXIS2_PLACEMENT_3D('',#3551,#2145,#2146);
#1823=AXIS2_PLACEMENT_3D('',#3557,#2147,#2148);
#1824=AXIS2_PLACEMENT_3D('',#3560,#2150,#2151);
#1825=AXIS2_PLACEMENT_3D('',#3656,#2154,#2155);
#1826=AXIS2_PLACEMENT_3D('',#3657,#2156,#2157);
#1827=AXIS2_PLACEMENT_3D('',#3660,#2159,#2160);
#1828=AXIS2_PLACEMENT_3D('',#3661,#2161,#2162);
#1829=AXIS2_PLACEMENT_3D('',#3664,#2164,#2165);
#1830=AXIS2_PLACEMENT_3D('',#3676,#2167,#2168);
#1831=AXIS2_PLACEMENT_3D('',#3722,#2170,#2171);
#1832=AXIS2_PLACEMENT_3D('',#3726,#2173,#2174);
#1833=AXIS2_PLACEMENT_3D('',#3727,#2175,#2176);
#1834=AXIS2_PLACEMENT_3D('',#3728,#2177,#2178);
#1835=AXIS2_PLACEMENT_3D('',#3732,#2180,#2181);
#1836=AXIS2_PLACEMENT_3D('',#3733,#2182,#2183);
#1837=AXIS2_PLACEMENT_3D('',#3734,#2184,#2185);
#1838=AXIS2_PLACEMENT_3D('',#3738,#2187,#2188);
#1839=AXIS2_PLACEMENT_3D('',#3739,#2189,#2190);
#1840=AXIS2_PLACEMENT_3D('',#3740,#2191,#2192);
#1841=AXIS2_PLACEMENT_3D('',#3744,#2194,#2195);
#1842=AXIS2_PLACEMENT_3D('',#3745,#2196,#2197);
#1843=AXIS2_PLACEMENT_3D('',#3746,#2198,#2199);
#1844=AXIS2_PLACEMENT_3D('',#3750,#2201,#2202);
#1845=AXIS2_PLACEMENT_3D('',#3751,#2203,#2204);
#1846=AXIS2_PLACEMENT_3D('',#3752,#2205,#2206);
#1847=AXIS2_PLACEMENT_3D('',#3756,#2208,#2209);
#1848=AXIS2_PLACEMENT_3D('',#3757,#2210,#2211);
#1849=AXIS2_PLACEMENT_3D('',#3758,#2212,#2213);
#1850=AXIS2_PLACEMENT_3D('',#3762,#2215,#2216);
#1851=AXIS2_PLACEMENT_3D('',#3763,#2217,#2218);
#1852=AXIS2_PLACEMENT_3D('',#3796,#2220,#2221);
#1853=AXIS2_PLACEMENT_3D('',#3797,#2222,#2223);
#1854=AXIS2_PLACEMENT_3D('',#3817,#2225,#2226);
#1855=AXIS2_PLACEMENT_3D('',#3818,#2227,#2228);
#1856=AXIS2_PLACEMENT_3D('',#3821,#2230,#2231);
#1857=AXIS2_PLACEMENT_3D('',#3822,#2232,#2233);
#1858=AXIS2_PLACEMENT_3D('',#3915,#2236,#2237);
#1859=AXIS2_PLACEMENT_3D('',#3916,#2238,#2239);
#1860=AXIS2_PLACEMENT_3D('',#3919,#2241,#2242);
#1861=AXIS2_PLACEMENT_3D('',#3920,#2243,#2244);
#1862=AXIS2_PLACEMENT_3D('',#4274,#2247,#2248);
#1863=AXIS2_PLACEMENT_3D('',#4275,#2249,#2250);
#1864=AXIS2_PLACEMENT_3D('',#4372,#2251,#2252);
#1865=AXIS2_PLACEMENT_3D('',#4381,#2253,#2254);
#1866=AXIS2_PLACEMENT_3D('',#4382,#2255,#2256);
#1867=AXIS2_PLACEMENT_3D('',#4384,#2257,#2258);
#1868=AXIS2_PLACEMENT_3D('',#4386,#2259,#2260);
#1869=AXIS2_PLACEMENT_3D('',#4387,#2261,#2262);
#1870=AXIS2_PLACEMENT_3D('',#4396,#2263,#2264);
#1871=AXIS2_PLACEMENT_3D('',#4397,#2265,#2266);
#1872=AXIS2_PLACEMENT_3D('',#4399,#2267,#2268);
#1873=AXIS2_PLACEMENT_3D('',#4451,#2269,#2270);
#1874=AXIS2_PLACEMENT_3D('',#4460,#2271,#2272);
#1875=AXIS2_PLACEMENT_3D('',#4471,#2273,#2274);
#1876=AXIS2_PLACEMENT_3D('',#4479,#2275,#2276);
#1877=AXIS2_PLACEMENT_3D('',#4487,#2277,#2278);
#1878=AXIS2_PLACEMENT_3D('',#4495,#2279,#2280);
#1879=AXIS2_PLACEMENT_3D('',#4503,#2281,#2282);
#1880=AXIS2_PLACEMENT_3D('',#4615,#2283,#2284);
#1881=AXIS2_PLACEMENT_3D('',#4623,#2285,#2286);
#1882=AXIS2_PLACEMENT_3D('',#4631,#2287,#2288);
#1883=AXIS2_PLACEMENT_3D('',#4639,#2289,#2290);
#1884=AXIS2_PLACEMENT_3D('',#4647,#2291,#2292);
#1885=AXIS2_PLACEMENT_3D('',#4658,#2293,#2294);
#1886=AXIS2_PLACEMENT_3D('',#4667,#2295,#2296);
#1887=DIRECTION('',(0.,0.,1.));
#1888=DIRECTION('',(1.,0.,0.));
#1889=DIRECTION('',(1.,0.,0.));
#1890=DIRECTION('',(0.,0.,-1.));
#1891=DIRECTION('',(1.,0.,0.));
#1892=DIRECTION('',(-1.,0.,0.));
#1893=DIRECTION('',(0.,0.,-1.));
#1894=DIRECTION('',(1.,0.,0.));
#1895=DIRECTION('',(-1.,0.,0.));
#1896=DIRECTION('',(0.,0.,1.));
#1897=DIRECTION('',(1.,0.,0.));
#1898=DIRECTION('',(0.,0.,-1.));
#1899=DIRECTION('',(1.,0.,0.));
#1900=DIRECTION('',(-1.,0.,0.));
#1901=DIRECTION('',(0.,0.,1.));
#1902=DIRECTION('',(1.,0.,0.));
#1903=DIRECTION('',(-1.,0.,0.));
#1904=DIRECTION('',(0.,0.,-1.));
#1905=DIRECTION('',(1.,0.,0.));
#1906=DIRECTION('',(1.,0.,0.));
#1907=DIRECTION('',(0.,0.,-1.));
#1908=DIRECTION('',(-1.,0.,0.));
#1909=DIRECTION('',(0.,0.,1.));
#1910=DIRECTION('',(1.,0.,0.));
#1911=DIRECTION('',(-1.,0.,0.));
#1912=DIRECTION('',(0.,0.,-1.));
#1913=DIRECTION('',(1.,0.,0.));
#1914=DIRECTION('',(0.,0.,-1.));
#1915=DIRECTION('',(1.,0.,0.));
#1916=DIRECTION('',(0.,0.,-1.));
#1917=DIRECTION('',(1.,0.,0.));
#1918=DIRECTION('',(1.,0.,0.));
#1919=DIRECTION('',(0.,0.,-1.));
#1920=DIRECTION('',(1.,0.,0.));
#1921=DIRECTION('',(0.,0.,-1.));
#1922=DIRECTION('',(1.,0.,0.));
#1923=DIRECTION('',(1.,0.,0.));
#1924=DIRECTION('',(0.,0.,-1.));
#1925=DIRECTION('',(1.,0.,0.));
#1926=DIRECTION('',(0.,0.,-1.));
#1927=DIRECTION('',(1.,0.,0.));
#1928=DIRECTION('',(1.,0.,0.));
#1929=DIRECTION('',(0.,0.,-1.));
#1930=DIRECTION('',(1.,0.,0.));
#1931=DIRECTION('',(1.,0.,0.));
#1932=DIRECTION('',(0.,0.,-1.));
#1933=DIRECTION('',(1.,0.,0.));
#1934=DIRECTION('',(0.,0.,-1.));
#1935=DIRECTION('',(1.,0.,0.));
#1936=DIRECTION('',(0.,0.,-1.));
#1937=DIRECTION('',(1.,0.,0.));
#1938=DIRECTION('',(1.,0.,0.));
#1939=DIRECTION('',(0.,0.,-1.));
#1940=DIRECTION('',(1.,0.,0.));
#1941=DIRECTION('',(0.,0.,-1.));
#1942=DIRECTION('',(1.,0.,0.));
#1943=DIRECTION('',(0.,0.,-1.));
#1944=DIRECTION('',(1.,0.,0.));
#1945=DIRECTION('',(1.,0.,0.));
#1946=DIRECTION('',(0.,0.,-1.));
#1947=DIRECTION('',(1.,0.,0.));
#1948=DIRECTION('',(0.,0.,-1.));
#1949=DIRECTION('',(1.,0.,0.));
#1950=DIRECTION('',(0.,0.,-1.));
#1951=DIRECTION('',(1.,0.,0.));
#1952=DIRECTION('',(1.,0.,0.));
#1953=DIRECTION('',(0.,0.,-1.));
#1954=DIRECTION('',(1.,0.,0.));
#1955=DIRECTION('',(0.,0.,-1.));
#1956=DIRECTION('',(1.,0.,0.));
#1957=DIRECTION('',(0.,0.,-1.));
#1958=DIRECTION('',(1.,0.,0.));
#1959=DIRECTION('',(1.,0.,0.));
#1960=DIRECTION('',(0.,0.,-1.));
#1961=DIRECTION('',(1.,0.,0.));
#1962=DIRECTION('',(0.,0.,-1.));
#1963=DIRECTION('',(1.,0.,0.));
#1964=DIRECTION('',(0.,0.,-1.));
#1965=DIRECTION('',(1.,0.,0.));
#1966=DIRECTION('',(1.,0.,0.));
#1967=DIRECTION('',(0.,0.,-1.));
#1968=DIRECTION('',(1.,0.,0.));
#1969=DIRECTION('',(0.,0.,-1.));
#1970=DIRECTION('',(1.,0.,0.));
#1971=DIRECTION('',(0.,0.,-1.));
#1972=DIRECTION('',(1.,0.,0.));
#1973=DIRECTION('',(1.,0.,0.));
#1974=DIRECTION('',(0.,0.,-1.));
#1975=DIRECTION('',(1.,0.,0.));
#1976=DIRECTION('',(0.,0.,-1.));
#1977=DIRECTION('',(1.,0.,0.));
#1978=DIRECTION('',(1.,0.,0.));
#1979=DIRECTION('',(0.,0.,-1.));
#1980=DIRECTION('',(-1.,0.,0.));
#1981=DIRECTION('',(0.,0.,-1.));
#1982=DIRECTION('',(-1.,0.,0.));
#1983=DIRECTION('',(0.,0.,1.));
#1984=DIRECTION('',(1.,0.,0.));
#1985=DIRECTION('',(1.,0.,0.));
#1986=DIRECTION('',(0.,0.,-1.));
#1987=DIRECTION('',(-1.,0.,0.));
#1988=DIRECTION('',(0.,0.,1.));
#1989=DIRECTION('',(1.,0.,0.));
#1990=DIRECTION('',(-1.,0.,0.));
#1991=DIRECTION('',(0.,0.,-1.));
#1992=DIRECTION('',(1.,0.,0.));
#1993=DIRECTION('',(0.,0.,-1.));
#1994=DIRECTION('',(-1.,0.,0.));
#1995=DIRECTION('',(0.,0.,1.));
#1996=DIRECTION('',(1.,0.,0.));
#1997=DIRECTION('',(-1.,0.,0.));
#1998=DIRECTION('',(0.,0.,-1.));
#1999=DIRECTION('',(1.,0.,0.));
#2000=DIRECTION('',(1.,0.,0.));
#2001=DIRECTION('',(0.,0.,-1.));
#2002=DIRECTION('',(-1.,0.,0.));
#2003=DIRECTION('',(0.,0.,1.));
#2004=DIRECTION('',(1.,0.,0.));
#2005=DIRECTION('',(-1.,0.,0.));
#2006=DIRECTION('',(0.,0.,-1.));
#2007=DIRECTION('',(1.,0.,0.));
#2008=DIRECTION('',(0.,0.,-1.));
#2009=DIRECTION('',(-1.,0.,0.));
#2010=DIRECTION('',(0.,0.,-1.));
#2011=DIRECTION('',(1.,0.,0.));
#2012=DIRECTION('',(-1.,0.,0.));
#2013=DIRECTION('',(0.,0.,1.));
#2014=DIRECTION('',(1.,0.,0.));
#2015=DIRECTION('',(1.,0.,0.));
#2016=DIRECTION('',(0.,0.,-1.));
#2017=DIRECTION('',(-1.,0.,0.));
#2018=DIRECTION('',(0.,0.,1.));
#2019=DIRECTION('',(-1.,0.,0.));
#2020=DIRECTION('',(0.,0.,-1.));
#2021=DIRECTION('',(1.,0.,0.));
#2022=DIRECTION('',(0.,1.,0.));
#2023=DIRECTION('',(1.,0.,0.));
#2024=DIRECTION('',(0.,0.,-1.));
#2025=DIRECTION('',(1.,0.,0.));
#2026=DIRECTION('',(0.,0.,-1.));
#2027=DIRECTION('',(1.,0.,0.));
#2028=DIRECTION('',(0.,0.,-1.));
#2029=DIRECTION('',(1.,0.,0.));
#2030=DIRECTION('',(0.,0.,-1.));
#2031=DIRECTION('',(1.,0.,0.));
#2032=DIRECTION('',(0.,0.,-1.));
#2033=DIRECTION('',(1.,0.,0.));
#2034=DIRECTION('',(0.,0.,-1.));
#2035=DIRECTION('',(1.,0.,0.));
#2036=DIRECTION('',(0.,0.,-1.));
#2037=DIRECTION('',(1.,0.,0.));
#2038=DIRECTION('',(0.,0.,-1.));
#2039=DIRECTION('',(1.,0.,0.));
#2040=DIRECTION('',(0.,0.,-1.));
#2041=DIRECTION('',(1.,0.,0.));
#2042=DIRECTION('',(0.,1.,0.));
#2043=DIRECTION('',(1.,0.,0.));
#2044=DIRECTION('',(0.,0.,-1.));
#2045=DIRECTION('',(1.,0.,0.));
#2046=DIRECTION('',(0.,0.,-1.));
#2047=DIRECTION('',(1.,0.,0.));
#2048=DIRECTION('',(0.,0.,-1.));
#2049=DIRECTION('',(1.,0.,0.));
#2050=DIRECTION('',(0.,0.,-1.));
#2051=DIRECTION('',(1.,0.,0.));
#2052=DIRECTION('',(0.,0.,-1.));
#2053=DIRECTION('',(1.,0.,0.));
#2054=DIRECTION('',(0.,0.,-1.));
#2055=DIRECTION('',(1.,0.,0.));
#2056=DIRECTION('',(0.,0.,-1.));
#2057=DIRECTION('',(1.,0.,0.));
#2058=DIRECTION('',(0.,0.,-1.));
#2059=DIRECTION('',(1.,0.,0.));
#2060=DIRECTION('',(0.,0.,-1.));
#2061=DIRECTION('',(1.,0.,0.));
#2062=DIRECTION('',(0.,0.,-1.));
#2063=DIRECTION('',(1.,0.,0.));
#2064=DIRECTION('',(0.,0.,-1.));
#2065=DIRECTION('',(1.,0.,0.));
#2066=DIRECTION('',(0.,0.,-1.));
#2067=DIRECTION('',(1.,0.,0.));
#2068=DIRECTION('',(0.,0.,-1.));
#2069=DIRECTION('',(1.,0.,0.));
#2070=DIRECTION('',(0.,0.,-1.));
#2071=DIRECTION('',(1.,0.,0.));
#2072=DIRECTION('',(0.,0.,-1.));
#2073=DIRECTION('',(1.,0.,0.));
#2074=DIRECTION('',(0.,0.,-1.));
#2075=DIRECTION('',(1.,0.,0.));
#2076=DIRECTION('',(0.,0.,-1.));
#2077=DIRECTION('',(1.,0.,0.));
#2078=DIRECTION('',(0.,0.,-1.));
#2079=DIRECTION('',(1.,0.,0.));
#2080=DIRECTION('',(0.,0.,-1.));
#2081=DIRECTION('',(1.,0.,0.));
#2082=DIRECTION('',(0.,0.,-1.));
#2083=DIRECTION('',(1.,0.,0.));
#2084=DIRECTION('',(0.,0.,-1.));
#2085=DIRECTION('',(1.,0.,0.));
#2086=DIRECTION('',(0.,0.,-1.));
#2087=DIRECTION('',(1.,0.,0.));
#2088=DIRECTION('',(0.,0.,-1.));
#2089=DIRECTION('',(1.,0.,0.));
#2090=DIRECTION('',(0.,1.,0.));
#2091=DIRECTION('',(1.,0.,0.));
#2092=DIRECTION('',(0.,0.,-1.));
#2093=DIRECTION('',(1.,0.,0.));
#2094=DIRECTION('',(0.,0.,-1.));
#2095=DIRECTION('',(1.,0.,0.));
#2096=DIRECTION('',(0.,0.,-1.));
#2097=DIRECTION('',(1.,0.,0.));
#2098=DIRECTION('',(0.,0.,-1.));
#2099=DIRECTION('',(1.,0.,0.));
#2100=DIRECTION('',(0.,0.,-1.));
#2101=DIRECTION('',(1.,0.,0.));
#2102=DIRECTION('',(0.,0.,-1.));
#2103=DIRECTION('',(1.,0.,0.));
#2104=DIRECTION('',(0.,0.,-1.));
#2105=DIRECTION('',(1.,0.,0.));
#2106=DIRECTION('',(0.,0.,-1.));
#2107=DIRECTION('',(1.,0.,0.));
#2108=DIRECTION('',(0.,0.,-1.));
#2109=DIRECTION('',(1.,0.,0.));
#2110=DIRECTION('',(0.,0.,-1.));
#2111=DIRECTION('',(1.,0.,0.));
#2112=DIRECTION('',(0.,0.,-1.));
#2113=DIRECTION('',(1.,0.,0.));
#2114=DIRECTION('',(0.,0.,-1.));
#2115=DIRECTION('',(1.,0.,0.));
#2116=DIRECTION('',(0.,0.,-1.));
#2117=DIRECTION('',(1.,0.,0.));
#2118=DIRECTION('',(0.,0.,-1.));
#2119=DIRECTION('',(1.,0.,0.));
#2120=DIRECTION('',(0.,0.,-1.));
#2121=DIRECTION('',(1.,0.,0.));
#2122=DIRECTION('',(0.,0.,-1.));
#2123=DIRECTION('',(1.,0.,0.));
#2124=DIRECTION('',(0.,1.,0.));
#2125=DIRECTION('',(1.,0.,0.));
#2126=DIRECTION('',(0.,0.,-1.));
#2127=DIRECTION('',(1.,0.,0.));
#2128=DIRECTION('',(0.,0.,-1.));
#2129=DIRECTION('',(1.,0.,0.));
#2130=DIRECTION('',(0.,1.,0.));
#2131=DIRECTION('',(1.,0.,0.));
#2132=DIRECTION('',(0.,0.,-1.));
#2133=DIRECTION('',(1.,0.,0.));
#2134=DIRECTION('',(0.,0.,-1.));
#2135=DIRECTION('',(1.,0.,0.));
#2136=DIRECTION('',(0.,1.,0.));
#2137=DIRECTION('',(1.,0.,0.));
#2138=DIRECTION('',(0.,0.,-1.));
#2139=DIRECTION('',(1.,0.,0.));
#2140=DIRECTION('',(0.,0.,-1.));
#2141=DIRECTION('',(1.,0.,0.));
#2142=DIRECTION('',(0.,0.,-1.));
#2143=DIRECTION('',(1.,0.,0.));
#2144=DIRECTION('',(1.,0.,0.));
#2145=DIRECTION('',(1.,0.,0.));
#2146=DIRECTION('',(0.,0.,-1.));
#2147=DIRECTION('',(1.,0.,0.));
#2148=DIRECTION('',(0.,0.,-1.));
#2149=DIRECTION('',(1.,0.,0.));
#2150=DIRECTION('',(1.,0.,0.));
#2151=DIRECTION('',(0.,0.,-1.));
#2152=DIRECTION('',(1.,0.,0.));
#2153=DIRECTION('',(1.,0.,0.));
#2154=DIRECTION('',(1.,0.,0.));
#2155=DIRECTION('',(0.,0.,-1.));
#2156=DIRECTION('',(1.,0.,0.));
#2157=DIRECTION('',(0.,0.,-1.));
#2158=DIRECTION('',(1.,0.,0.));
#2159=DIRECTION('',(1.,0.,0.));
#2160=DIRECTION('',(0.,0.,-1.));
#2161=DIRECTION('',(1.,0.,0.));
#2162=DIRECTION('',(0.,0.,-1.));
#2163=DIRECTION('',(1.,0.,0.));
#2164=DIRECTION('',(1.,0.,0.));
#2165=DIRECTION('',(0.,0.,-1.));
#2166=DIRECTION('',(1.,0.,0.));
#2167=DIRECTION('',(1.,0.,0.));
#2168=DIRECTION('',(0.,0.,-1.));
#2169=DIRECTION('',(1.,0.,0.));
#2170=DIRECTION('',(1.,0.,0.));
#2171=DIRECTION('',(0.,0.,-1.));
#2172=DIRECTION('',(1.,0.,0.));
#2173=DIRECTION('',(1.,0.,0.));
#2174=DIRECTION('',(0.,0.,-1.));
#2175=DIRECTION('',(1.,0.,0.));
#2176=DIRECTION('',(0.,0.,-1.));
#2177=DIRECTION('',(1.,0.,0.));
#2178=DIRECTION('',(0.,0.,-1.));
#2179=DIRECTION('',(1.,0.,0.));
#2180=DIRECTION('',(1.,0.,0.));
#2181=DIRECTION('',(0.,0.,-1.));
#2182=DIRECTION('',(1.,0.,0.));
#2183=DIRECTION('',(0.,0.,-1.));
#2184=DIRECTION('',(1.,0.,0.));
#2185=DIRECTION('',(0.,0.,-1.));
#2186=DIRECTION('',(1.,0.,0.));
#2187=DIRECTION('',(1.,0.,0.));
#2188=DIRECTION('',(0.,0.,-1.));
#2189=DIRECTION('',(1.,0.,0.));
#2190=DIRECTION('',(0.,0.,-1.));
#2191=DIRECTION('',(1.,0.,0.));
#2192=DIRECTION('',(0.,0.,-1.));
#2193=DIRECTION('',(1.,0.,0.));
#2194=DIRECTION('',(1.,0.,0.));
#2195=DIRECTION('',(0.,0.,-1.));
#2196=DIRECTION('',(1.,0.,0.));
#2197=DIRECTION('',(0.,0.,-1.));
#2198=DIRECTION('',(1.,0.,0.));
#2199=DIRECTION('',(0.,0.,-1.));
#2200=DIRECTION('',(1.,0.,0.));
#2201=DIRECTION('',(1.,0.,0.));
#2202=DIRECTION('',(0.,0.,-1.));
#2203=DIRECTION('',(1.,0.,0.));
#2204=DIRECTION('',(0.,0.,-1.));
#2205=DIRECTION('',(1.,0.,0.));
#2206=DIRECTION('',(0.,0.,-1.));
#2207=DIRECTION('',(1.,0.,0.));
#2208=DIRECTION('',(1.,0.,0.));
#2209=DIRECTION('',(0.,0.,-1.));
#2210=DIRECTION('',(1.,0.,0.));
#2211=DIRECTION('',(0.,0.,-1.));
#2212=DIRECTION('',(1.,0.,0.));
#2213=DIRECTION('',(0.,0.,-1.));
#2214=DIRECTION('',(1.,0.,0.));
#2215=DIRECTION('',(1.,0.,0.));
#2216=DIRECTION('',(0.,0.,-1.));
#2217=DIRECTION('',(1.,0.,0.));
#2218=DIRECTION('',(0.,0.,-1.));
#2219=DIRECTION('',(1.,0.,0.));
#2220=DIRECTION('',(1.,0.,0.));
#2221=DIRECTION('',(0.,0.,-1.));
#2222=DIRECTION('',(1.,0.,0.));
#2223=DIRECTION('',(0.,0.,-1.));
#2224=DIRECTION('',(1.,0.,0.));
#2225=DIRECTION('',(1.,0.,0.));
#2226=DIRECTION('',(0.,0.,-1.));
#2227=DIRECTION('',(1.,0.,0.));
#2228=DIRECTION('',(0.,0.,-1.));
#2229=DIRECTION('',(1.,0.,0.));
#2230=DIRECTION('',(1.,0.,0.));
#2231=DIRECTION('',(0.,0.,-1.));
#2232=DIRECTION('',(1.,0.,0.));
#2233=DIRECTION('',(0.,0.,-1.));
#2234=DIRECTION('',(1.,0.,0.));
#2235=DIRECTION('',(1.,0.,0.));
#2236=DIRECTION('',(1.,0.,0.));
#2237=DIRECTION('',(0.,0.,-1.));
#2238=DIRECTION('',(1.,0.,0.));
#2239=DIRECTION('',(0.,0.,-1.));
#2240=DIRECTION('',(1.,0.,0.));
#2241=DIRECTION('',(1.,0.,0.));
#2242=DIRECTION('',(0.,0.,-1.));
#2243=DIRECTION('',(1.,0.,0.));
#2244=DIRECTION('',(0.,0.,-1.));
#2245=DIRECTION('',(1.,0.,0.));
#2246=DIRECTION('',(1.,0.,0.));
#2247=DIRECTION('',(1.,0.,0.));
#2248=DIRECTION('',(0.,0.,-1.));
#2249=DIRECTION('',(1.,0.,0.));
#2250=DIRECTION('',(0.,0.,-1.));
#2251=DIRECTION('',(1.,0.,0.));
#2252=DIRECTION('',(0.,1.,0.));
#2253=DIRECTION('',(1.,0.,0.));
#2254=DIRECTION('',(0.,0.,-1.));
#2255=DIRECTION('',(1.,0.,0.));
#2256=DIRECTION('',(0.,0.,-1.));
#2257=DIRECTION('',(1.,0.,0.));
#2258=DIRECTION('',(0.,0.,-1.));
#2259=DIRECTION('',(1.,0.,0.));
#2260=DIRECTION('',(0.,0.,-1.));
#2261=DIRECTION('',(1.,0.,0.));
#2262=DIRECTION('',(0.,0.,-1.));
#2263=DIRECTION('',(1.,0.,0.));
#2264=DIRECTION('',(0.,1.,0.));
#2265=DIRECTION('',(1.,0.,0.));
#2266=DIRECTION('',(0.,0.,-1.));
#2267=DIRECTION('',(1.,0.,0.));
#2268=DIRECTION('',(0.,0.,-1.));
#2269=DIRECTION('',(1.,0.,0.));
#2270=DIRECTION('',(0.,0.,-1.));
#2271=DIRECTION('',(1.,0.,0.));
#2272=DIRECTION('',(0.,0.,-1.));
#2273=DIRECTION('',(1.,0.,0.));
#2274=DIRECTION('',(0.,0.,-1.));
#2275=DIRECTION('',(1.,0.,0.));
#2276=DIRECTION('',(0.,0.,-1.));
#2277=DIRECTION('',(1.,0.,0.));
#2278=DIRECTION('',(0.,0.,-1.));
#2279=DIRECTION('',(1.,0.,0.));
#2280=DIRECTION('',(0.,0.,-1.));
#2281=DIRECTION('',(1.,0.,0.));
#2282=DIRECTION('',(0.,0.,-1.));
#2283=DIRECTION('',(1.,0.,0.));
#2284=DIRECTION('',(0.,0.,-1.));
#2285=DIRECTION('',(1.,0.,0.));
#2286=DIRECTION('',(0.,0.,-1.));
#2287=DIRECTION('',(1.,0.,0.));
#2288=DIRECTION('',(0.,0.,-1.));
#2289=DIRECTION('',(1.,0.,0.));
#2290=DIRECTION('',(0.,0.,-1.));
#2291=DIRECTION('',(1.,0.,0.));
#2292=DIRECTION('',(0.,0.,-1.));
#2293=DIRECTION('',(1.,0.,0.));
#2294=DIRECTION('',(0.,0.,-1.));
#2295=DIRECTION('',(1.,0.,0.));
#2296=DIRECTION('',(0.,0.,-1.));
#2297=CARTESIAN_POINT('',(0.,0.,0.));
#2298=CARTESIAN_POINT('',(-0.00564,-0.0742433289153579,-0.0159386771493228));
#2299=CARTESIAN_POINT('',(-0.00564,-0.0359138370979987,-0.045182822875631));
#2300=CARTESIAN_POINT('',(-0.0756160080235885,-0.0359138370979987,-0.045182822875631));
#2301=CARTESIAN_POINT('',(-0.00566399197641155,-0.0359138370979987,-0.045182822875631));
#2302=CARTESIAN_POINT('',(-0.00566399197641155,-0.0359138370979988,-0.045182822875631));
#2303=CARTESIAN_POINT('',(-0.0056480415907195,-0.036108483640503,-0.0454379407076927));
#2304=CARTESIAN_POINT('',(-0.00564,-0.0363057770591758,-0.0456912466002046));
#2305=CARTESIAN_POINT('',(-0.00564,-0.0365057287801731,-0.04594273584603));
#2306=CARTESIAN_POINT('',(-0.00564,-0.036505728780173,-0.04594273584603));
#2307=CARTESIAN_POINT('',(-0.00564,-0.0742433289153579,-0.0159386771493228));
#2308=CARTESIAN_POINT('',(-0.00564,-0.0497206121121704,-0.057447788954193));
#2309=CARTESIAN_POINT('',(-0.00564,-0.0497206121121704,-0.057447788954193));
#2310=CARTESIAN_POINT('',(-0.07564,-0.0497206121121704,-0.057447788954193));
#2311=CARTESIAN_POINT('',(-0.07564,-0.0742433289153579,-0.0159386771493228));
#2312=CARTESIAN_POINT('',(-0.07564,-0.036505728780173,-0.04594273584603));
#2313=CARTESIAN_POINT('',(-0.07564,-0.036505728780173,-0.04594273584603));
#2314=CARTESIAN_POINT('',(-0.07564,-0.0363057770591758,-0.0456912466002046));
#2315=CARTESIAN_POINT('',(-0.0756319584092806,-0.036108483640503,-0.0454379407076927));
#2316=CARTESIAN_POINT('',(-0.0756160080235885,-0.0359138370979987,-0.045182822875631));
#2317=CARTESIAN_POINT('',(-0.00564,-0.100867123519654,-0.0123929998364403));
#2318=CARTESIAN_POINT('',(-0.00564,-0.0937205597186584,-0.0150101169568194));
#2319=CARTESIAN_POINT('',(-0.07564,-0.0937205597186584,-0.0150101169568194));
#2320=CARTESIAN_POINT('',(-0.00564,-0.0937205597186584,-0.0150101169568194));
#2321=CARTESIAN_POINT('',(-0.07564,-0.100867123519654,-0.0123929998364403));
#2322=CARTESIAN_POINT('',(-0.07564,-0.0953678041696532,-0.0176541938900964));
#2323=CARTESIAN_POINT('',(-0.00564,-0.0953678041696532,-0.0176541938900964));
#2324=CARTESIAN_POINT('',(-0.00564,-0.0953678041696532,-0.0176541938900964));
#2325=CARTESIAN_POINT('',(-0.00564,-0.100867123519654,-0.0123929998364403));
#2326=CARTESIAN_POINT('',(-0.07564,-0.0953678041696532,-0.0176541938900964));
#2327=CARTESIAN_POINT('',(-0.00564000000000001,-0.0953678041696532,-0.0176541938900964));
#2328=CARTESIAN_POINT('',(-0.07564,-0.0944562154322496,-0.0185698316918459));
#2329=CARTESIAN_POINT('',(-0.00564000000000001,-0.0944562154322496,-0.0185698316918459));
#2330=CARTESIAN_POINT('',(-0.07564,-0.0938970594657196,-0.0204359166587573));
#2331=CARTESIAN_POINT('',(-0.00564000000000001,-0.0938970594657196,-0.0204359166587573));
#2332=CARTESIAN_POINT('',(-0.07564,-0.0943479472322151,-0.0221958033353493));
#2333=CARTESIAN_POINT('',(-0.00564000000000001,-0.0943479472322151,-0.0221958033353493));
#2334=CARTESIAN_POINT('',(-0.07564,-0.0951795912549498,-0.0226554708630655));
#2335=CARTESIAN_POINT('',(-0.00563999999999999,-0.0951795912549498,-0.0226554708630655));
#2336=CARTESIAN_POINT('',(-0.07564,-0.096398648564971,-0.0220928540136735));
#2337=CARTESIAN_POINT('',(-0.00563999999999999,-0.096398648564971,-0.0220928540136735));
#2338=CARTESIAN_POINT('',(-0.07564,-0.0978963111672948,-0.0210699865922052));
#2339=CARTESIAN_POINT('',(-0.00564000000000001,-0.0978963111672948,-0.0210699865922052));
#2340=CARTESIAN_POINT('',(-0.07564,-0.0995638993033931,-0.0200331155685568));
#2341=CARTESIAN_POINT('',(-0.00564000000000002,-0.0995638993033931,-0.0200331155685568));
#2342=CARTESIAN_POINT('',(-0.07564,-0.101293909707531,-0.0194371582250345));
#2343=CARTESIAN_POINT('',(-0.00564000000000002,-0.101293909707531,-0.0194371582250345));
#2344=CARTESIAN_POINT('',(-0.07564,-0.102974004906344,-0.0198181374294414));
#2345=CARTESIAN_POINT('',(-0.00563999999999999,-0.102974004906344,-0.0198181374294414));
#2346=CARTESIAN_POINT('',(-0.07564,-0.104541279796038,-0.0208058844568983));
#2347=CARTESIAN_POINT('',(-0.00564000000000002,-0.104541279796038,-0.0208058844568983));
#2348=CARTESIAN_POINT('',(-0.07564,-0.105942016471292,-0.0218704783919907));
#2349=CARTESIAN_POINT('',(-0.00563999999999999,-0.105942016471292,-0.0218704783919907));
#2350=CARTESIAN_POINT('',(-0.07564,-0.107116656839723,-0.022554850202865));
#2351=CARTESIAN_POINT('',(-0.00564000000000002,-0.107116656839723,-0.022554850202865));
#2352=CARTESIAN_POINT('',(-0.07564,-0.108020021248643,-0.0222665206510111));
#2353=CARTESIAN_POINT('',(-0.00563999999999998,-0.108020021248643,-0.0222665206510111));
#2354=CARTESIAN_POINT('',(-0.07564,-0.108537356999882,-0.02104368745067));
#2355=CARTESIAN_POINT('',(-0.00564000000000001,-0.108537356999882,-0.02104368745067));
#2356=CARTESIAN_POINT('',(-0.07564,-0.108500017421698,-0.0194115954692995));
#2357=CARTESIAN_POINT('',(-0.00564000000000003,-0.108500017421698,-0.0194115954692995));
#2358=CARTESIAN_POINT('',(-0.07564,-0.108000989305686,-0.0183278531318497));
#2359=CARTESIAN_POINT('',(-0.00564000000000001,-0.108000989305686,-0.0183278531318497));
#2360=CARTESIAN_POINT('',(-0.07564,-0.107606276489432,-0.017861565899849));
#2361=CARTESIAN_POINT('',(-0.00564000000000001,-0.107606276489432,-0.017861565899849));
#2362=CARTESIAN_POINT('',(-0.07564,-0.0953678041696532,-0.0176541938900964));
#2363=CARTESIAN_POINT('',(-0.07564,-0.0936957761535937,-0.0193336486642404));
#2364=CARTESIAN_POINT('',(-0.07564,-0.0940085484884525,-0.0255504061347675));
#2365=CARTESIAN_POINT('',(-0.07564,-0.101642968882086,-0.0164008101362085));
#2366=CARTESIAN_POINT('',(-0.07564,-0.108055868927688,-0.0252744883543736));
#2367=CARTESIAN_POINT('',(-0.07564,-0.109010727338375,-0.0195206898802921));
#2368=CARTESIAN_POINT('',(-0.07564,-0.107606276489432,-0.017861565899849));
#2369=CARTESIAN_POINT('',(-0.07564,-0.107606276489432,-0.017861565899849));
#2370=CARTESIAN_POINT('',(-0.00564,-0.107606276489432,-0.017861565899849));
#2371=CARTESIAN_POINT('',(-0.00564,-0.107606276489432,-0.017861565899849));
#2372=CARTESIAN_POINT('',(-0.00564,-0.0953678041696532,-0.0176541938900964));
#2373=CARTESIAN_POINT('',(-0.00564,-0.0936957761535937,-0.0193336486642404));
#2374=CARTESIAN_POINT('',(-0.00564,-0.0940085484884525,-0.0255504061347675));
#2375=CARTESIAN_POINT('',(-0.00564,-0.101642968882086,-0.0164008101362085));
#2376=CARTESIAN_POINT('',(-0.00564,-0.108055868927688,-0.0252744883543736));
#2377=CARTESIAN_POINT('',(-0.00564,-0.109010727338375,-0.0195206898802921));
#2378=CARTESIAN_POINT('',(-0.00564,-0.107606276489432,-0.017861565899849));
#2379=CARTESIAN_POINT('',(-0.00564,-0.105582519253996,-0.0104838143583129));
#2380=CARTESIAN_POINT('',(-0.07564,-0.105582519253996,-0.0104838143583129));
#2381=CARTESIAN_POINT('',(-0.07564,-0.110431492089631,-0.0164011003574762));
#2382=CARTESIAN_POINT('',(-0.00564,-0.110431492089631,-0.0164011003574762));
#2383=CARTESIAN_POINT('',(-0.00564,-0.110431492089631,-0.0164011003574762));
#2384=CARTESIAN_POINT('',(-0.00564,-0.105582519253996,-0.0104838143583129));
#2385=CARTESIAN_POINT('',(-0.00564,-0.111414294185958,-0.0102329862214146));
#2386=CARTESIAN_POINT('',(-0.07564,-0.111414294185958,-0.0102329862214146));
#2387=CARTESIAN_POINT('',(-0.07564,-0.11206854134798,-0.0164445474267006));
#2388=CARTESIAN_POINT('',(-0.00564,-0.11206854134798,-0.0164445474267006));
#2389=CARTESIAN_POINT('',(-0.00564,-0.11206854134798,-0.0164445474267006));
#2390=CARTESIAN_POINT('',(-0.00564,-0.111414294185958,-0.0102329862214146));
#2391=CARTESIAN_POINT('',(-0.00564,-0.108146512640548,0.000834151253895469));
#2392=CARTESIAN_POINT('',(-0.00564,-0.125833768529913,-0.000213091020302894));
#2393=CARTESIAN_POINT('',(-0.06654,-0.125833768529913,-0.000213091020302894));
#2394=CARTESIAN_POINT('',(-0.01474,-0.125833768529913,-0.000213091020302894));
#2395=CARTESIAN_POINT('',(-0.01474,-0.125833768529913,-0.000213091020302894));
#2396=CARTESIAN_POINT('',(-0.0140268676233091,-0.125833768529913,-0.000213091020302894));
#2397=CARTESIAN_POINT('',(-0.0126330714474172,-0.125818085082978,-0.000534895501118045));
#2398=CARTESIAN_POINT('',(-0.0102350372924113,-0.125665143695322,-0.00206001225850406));
#2399=CARTESIAN_POINT('',(-0.00796649336606132,-0.125096101360161,-0.00473899399828352));
#2400=CARTESIAN_POINT('',(-0.00613616705552952,-0.123524918252442,-0.00826681510935572));
#2401=CARTESIAN_POINT('',(-0.00564000000000001,-0.121855808767589,-0.0104796892098971));
#2402=CARTESIAN_POINT('',(-0.00564,-0.120868520725176,-0.0114981740569055));
#2403=CARTESIAN_POINT('',(-0.00564,-0.120868520725176,-0.0114981740569055));
#2404=CARTESIAN_POINT('',(-0.00564,-0.108146512640548,0.000834151253895469));
#2405=CARTESIAN_POINT('',(-0.07564,-0.108146512640548,0.000834151253895469));
#2406=CARTESIAN_POINT('',(-0.07564,-0.120868520725176,-0.0114981740569055));
#2407=CARTESIAN_POINT('',(-0.07564,-0.120868520725176,-0.0114981740569055));
#2408=CARTESIAN_POINT('',(-0.07564,-0.121854112235692,-0.0104814393496279));
#2409=CARTESIAN_POINT('',(-0.0751413115306372,-0.123533015732992,-0.00825833578233681));
#2410=CARTESIAN_POINT('',(-0.0736105852244185,-0.124837749760405,-0.005308344355727));
#2411=CARTESIAN_POINT('',(-0.0719544216315572,-0.125435901716118,-0.00314793882646761));
#2412=CARTESIAN_POINT('',(-0.0704469432099475,-0.125703530925231,-0.00167622751826807));
#2413=CARTESIAN_POINT('',(-0.068648499675864,-0.125817997838303,-0.000536134713091628));
#2414=CARTESIAN_POINT('',(-0.0672513841452626,-0.125833768529913,-0.000213091020302955));
#2415=CARTESIAN_POINT('',(-0.06654,-0.125833768529913,-0.000213091020302955));
#2416=CARTESIAN_POINT('',(-0.06654,-0.127950294666023,-0.0357348280954737));
#2417=CARTESIAN_POINT('',(-0.01474,-0.127950294666023,-0.0357348280954737));
#2418=CARTESIAN_POINT('',(-0.06654,-0.129328970261963,-0.032283843497735));
#2419=CARTESIAN_POINT('',(-0.01474,-0.129328970261963,-0.032283843497735));
#2420=CARTESIAN_POINT('',(-0.06654,-0.131177667868055,-0.0257461056396475));
#2421=CARTESIAN_POINT('',(-0.01474,-0.131177667868055,-0.0257461056396475));
#2422=CARTESIAN_POINT('',(-0.06654,-0.131519668940926,-0.0167534710830466));
#2423=CARTESIAN_POINT('',(-0.01474,-0.131519668940926,-0.0167534710830466));
#2424=CARTESIAN_POINT('',(-0.06654,-0.129725868823672,-0.00832710451459958));
#2425=CARTESIAN_POINT('',(-0.01474,-0.129725868823672,-0.00832710451459958));
#2426=CARTESIAN_POINT('',(-0.06654,-0.12730219702441,-0.00284952837454034));
#2427=CARTESIAN_POINT('',(-0.01474,-0.12730219702441,-0.00284952837454034));
#2428=CARTESIAN_POINT('',(-0.06654,-0.125833768529913,-0.000213091020302894));
#2429=CARTESIAN_POINT('',(-0.01474,-0.125833768529913,-0.000213091020302894));
#2430=CARTESIAN_POINT('',(-0.00564,-0.127950294666023,-0.0357348280954737));
#2431=CARTESIAN_POINT('',(-0.06654,-0.127950294666023,-0.0357348280954737));
#2432=CARTESIAN_POINT('',(-0.01474,-0.127950294666023,-0.0357348280954737));
#2433=CARTESIAN_POINT('',(-0.01474,-0.127950294666023,-0.0357348280954737));
#2434=CARTESIAN_POINT('',(-0.01474,-0.129098313136801,-0.0328612049804757));
#2435=CARTESIAN_POINT('',(-0.01474,-0.130462922310786,-0.0284631783906377));
#2436=CARTESIAN_POINT('',(-0.01474,-0.131290904025542,-0.0223553807939648));
#2437=CARTESIAN_POINT('',(-0.01474,-0.131327329175289,-0.0176820795053701));
#2438=CARTESIAN_POINT('',(-0.01474,-0.130742964609444,-0.0130746139926817));
#2439=CARTESIAN_POINT('',(-0.01474,-0.129599315374549,-0.00864648815684778));
#2440=CARTESIAN_POINT('',(-0.01474,-0.127964871823758,-0.00434545198969802));
#2441=CARTESIAN_POINT('',(-0.01474,-0.126586656804326,-0.00156483731075482));
#2442=CARTESIAN_POINT('',(-0.01474,-0.125833768529913,-0.000213091020302894));
#2443=CARTESIAN_POINT('',(-0.06654,-0.125833768529913,-0.000213091020302894));
#2444=CARTESIAN_POINT('',(-0.06654,-0.126587338097716,-0.00156606247953149));
#2445=CARTESIAN_POINT('',(-0.0665399999999999,-0.127967504933804,-0.00435101076928567));
#2446=CARTESIAN_POINT('',(-0.06654,-0.12960082110339,-0.00865209390884435));
#2447=CARTESIAN_POINT('',(-0.06654,-0.130745028733503,-0.0130803109487684));
#2448=CARTESIAN_POINT('',(-0.06654,-0.131328455342521,-0.0177106115004067));
#2449=CARTESIAN_POINT('',(-0.06654,-0.131289760992681,-0.0223277391354398));
#2450=CARTESIAN_POINT('',(-0.06654,-0.130482020619585,-0.0283824413876653));
#2451=CARTESIAN_POINT('',(-0.06654,-0.129100631603653,-0.0328554015895836));
#2452=CARTESIAN_POINT('',(-0.06654,-0.127950294666023,-0.0357348280954737));
#2453=CARTESIAN_POINT('',(-0.00564,-0.0688101994892325,-0.051020340129893));
#2454=CARTESIAN_POINT('',(-0.00564,-0.128334805369451,-0.0647323432832945));
#2455=CARTESIAN_POINT('',(-0.06654,-0.128334805369451,-0.0647323432832945));
#2456=CARTESIAN_POINT('',(-0.01474,-0.128334805369451,-0.0647323432832945));
#2457=CARTESIAN_POINT('',(-0.01474,-0.0688101994892325,-0.051020340129893));
#2458=CARTESIAN_POINT('',(-0.06654,-0.0688101994892325,-0.051020340129893));
#2459=CARTESIAN_POINT('',(-0.00564,-0.11726723795234,-0.0605954978497016));
#2460=CARTESIAN_POINT('',(-0.00564,-0.114234291017129,-0.0720150324970473));
#2461=CARTESIAN_POINT('',(-0.06654,-0.114234291017129,-0.0720150324970473));
#2462=CARTESIAN_POINT('',(-0.01474,-0.114234291017129,-0.0720150324970473));
#2463=CARTESIAN_POINT('',(-0.01474,-0.11726723795234,-0.0605954978497016));
#2464=CARTESIAN_POINT('',(-0.06654,-0.11726723795234,-0.0605954978497016));
#2465=CARTESIAN_POINT('',(-0.00564,-0.122908950711832,-0.0330220449868183));
#2466=CARTESIAN_POINT('',(-0.00564,-0.0961050465703747,-0.0626405108243216));
#2467=CARTESIAN_POINT('',(-0.06654,-0.0961050465703747,-0.0626405108243216));
#2468=CARTESIAN_POINT('',(-0.01474,-0.0961050465703747,-0.0626405108243216));
#2469=CARTESIAN_POINT('',(-0.01474,-0.122908950711832,-0.0330220449868183));
#2470=CARTESIAN_POINT('',(-0.06654,-0.122908950711832,-0.0330220449868183));
#2471=CARTESIAN_POINT('',(-0.00564,-0.0779357636793124,-0.0125589969411408));
#2472=CARTESIAN_POINT('',(-0.00564,-0.0608938597142696,-0.0630352723866701));
#2473=CARTESIAN_POINT('',(-0.06654,-0.0608938597142696,-0.0630352723866701));
#2474=CARTESIAN_POINT('',(-0.01474,-0.0608938597142696,-0.0630352723866701));
#2475=CARTESIAN_POINT('',(-0.01474,-0.0779357636793124,-0.0125589969411408));
#2476=CARTESIAN_POINT('',(-0.06654,-0.0779357636793124,-0.0125589969411408));
#2477=CARTESIAN_POINT('',(-0.00564,-0.0377055101638454,-0.0377343105512703));
#2478=CARTESIAN_POINT('',(-0.00564,-0.0371779167648967,-0.0720499027780468));
#2479=CARTESIAN_POINT('',(-0.06654,-0.0371779167648967,-0.0720499027780468));
#2480=CARTESIAN_POINT('',(-0.01474,-0.0371779167648967,-0.0720499027780468));
#2481=CARTESIAN_POINT('',(-0.01474,-0.0377055101638454,-0.0377343105512703));
#2482=CARTESIAN_POINT('',(-0.06654,-0.0377055101638454,-0.0377343105512703));
#2483=CARTESIAN_POINT('',(-0.00564,-0.0379660241305829,-0.062816031602025));
#2484=CARTESIAN_POINT('',(-0.00564,-0.029062699891417,-0.0653882500234458));
#2485=CARTESIAN_POINT('',(-0.06654,-0.029062699891417,-0.0653882500234458));
#2486=CARTESIAN_POINT('',(-0.01474,-0.029062699891417,-0.0653882500234458));
#2487=CARTESIAN_POINT('',(-0.01474,-0.0379660241305829,-0.062816031602025));
#2488=CARTESIAN_POINT('',(-0.06654,-0.0379660241305829,-0.062816031602025));
#2489=CARTESIAN_POINT('',(-0.00564,-0.0882929685259089,-0.0504559691139481));
#2490=CARTESIAN_POINT('',(-0.00564,-0.0292405110323072,-0.0348353097283591));
#2491=CARTESIAN_POINT('',(-0.06654,-0.0292405110323072,-0.0348353097283591));
#2492=CARTESIAN_POINT('',(-0.01474,-0.0292405110323072,-0.0348353097283591));
#2493=CARTESIAN_POINT('',(-0.01474,-0.0882929685259089,-0.0504559691139481));
#2494=CARTESIAN_POINT('',(-0.06654,-0.0882929685259089,-0.0504559691139481));
#2495=CARTESIAN_POINT('',(-0.06654,-0.0292405110323072,-0.0348353097283591));
#2496=CARTESIAN_POINT('',(-0.01474,-0.0292405110323072,-0.0348353097283591));
#2497=CARTESIAN_POINT('',(-0.06654,-0.0281293547086872,-0.0314700459050464));
#2498=CARTESIAN_POINT('',(-0.01474,-0.0281293547086872,-0.0314700459050464));
#2499=CARTESIAN_POINT('',(-0.06654,-0.0264980724494235,-0.0253654660910978));
#2500=CARTESIAN_POINT('',(-0.01474,-0.0264980724494235,-0.0253654660910978));
#2501=CARTESIAN_POINT('',(-0.06654,-0.0258223166663027,-0.017403829817007));
#2502=CARTESIAN_POINT('',(-0.01474,-0.0258223166663027,-0.017403829817007));
#2503=CARTESIAN_POINT('',(-0.06654,-0.026731362087764,-0.0112080748750805));
#2504=CARTESIAN_POINT('',(-0.01474,-0.026731362087764,-0.0112080748750805));
#2505=CARTESIAN_POINT('',(-0.06654,-0.0283442339887248,-0.00615589738264712));
#2506=CARTESIAN_POINT('',(-0.01474,-0.0283442339887248,-0.00615589738264712));
#2507=CARTESIAN_POINT('',(-0.06654,-0.0294383595279467,-0.0035804988260979));
#2508=CARTESIAN_POINT('',(-0.01474,-0.0294383595279467,-0.0035804988260979));
#2509=CARTESIAN_POINT('',(-0.06654,-0.0300505488423977,-0.0023024363762989));
#2510=CARTESIAN_POINT('',(-0.01474,-0.0300505488423977,-0.0023024363762989));
#2511=CARTESIAN_POINT('',(-0.00564,-0.030050548842396,-0.00230243637630252));
#2512=CARTESIAN_POINT('',(-0.06654,-0.030050548842396,-0.00230243637630252));
#2513=CARTESIAN_POINT('',(-0.01474,-0.030050548842396,-0.00230243637630252));
#2514=CARTESIAN_POINT('',(-0.01474,-0.0300505488423977,-0.00230243637629889));
#2515=CARTESIAN_POINT('',(-0.01474,-0.0288398119727893,-0.00483008149049282));
#2516=CARTESIAN_POINT('',(-0.01474,-0.0273300984846673,-0.0088030155274539));
#2517=CARTESIAN_POINT('',(-0.01474,-0.0262707616351101,-0.0142673130793514));
#2518=CARTESIAN_POINT('',(-0.01474,-0.0260175571791519,-0.0184845616475982));
#2519=CARTESIAN_POINT('',(-0.01474,-0.0262866315980563,-0.0226560338167556));
#2520=CARTESIAN_POINT('',(-0.01474,-0.027200920750937,-0.0281314848011006));
#2521=CARTESIAN_POINT('',(-0.01474,-0.028363221853362,-0.0321783392609907));
#2522=CARTESIAN_POINT('',(-0.01474,-0.0292405110323072,-0.0348353097283591));
#2523=CARTESIAN_POINT('',(-0.06654,-0.0292405110323072,-0.0348353097283591));
#2524=CARTESIAN_POINT('',(-0.06654,-0.0283622103104862,-0.0321752756878702));
#2525=CARTESIAN_POINT('',(-0.06654,-0.0272060384341502,-0.0281495252935993));
#2526=CARTESIAN_POINT('',(-0.06654,-0.0262894952535094,-0.0226804002644579));
#2527=CARTESIAN_POINT('',(-0.06654,-0.0260165063326422,-0.0184968898139908));
#2528=CARTESIAN_POINT('',(-0.06654,-0.0262722442340674,-0.0142539963657324));
#2529=CARTESIAN_POINT('',(-0.06654,-0.027065771817688,-0.0101673923736055));
#2530=CARTESIAN_POINT('',(-0.06654,-0.0283330693566764,-0.00617446837375951));
#2531=CARTESIAN_POINT('',(-0.06654,-0.0294415628747362,-0.0035738112261208));
#2532=CARTESIAN_POINT('',(-0.06654,-0.0300505488423977,-0.00230243637629889));
#2533=CARTESIAN_POINT('',(-0.00564,-0.046837971903524,-0.00218461135112349));
#2534=CARTESIAN_POINT('',(-0.00564,-0.046837971903524,-0.00218461135112349));
#2535=CARTESIAN_POINT('',(-0.00564,-0.0355125055353338,-0.0145767567389426));
#2536=CARTESIAN_POINT('',(-0.00564,-0.0411620708814006,-0.0179838392865927));
#2537=CARTESIAN_POINT('',(-0.00564,-0.0355125055353338,-0.0145767567389426));
#2538=CARTESIAN_POINT('',(-0.00564,-0.0344083739477024,-0.0135676655145879));
#2539=CARTESIAN_POINT('',(-0.00614287375247604,-0.0325227754087689,-0.0112993203560567));
#2540=CARTESIAN_POINT('',(-0.00766403053542072,-0.031064908519469,-0.00817355379812243));
#2541=CARTESIAN_POINT('',(-0.00929021795746544,-0.0304132252410455,-0.00580400971994243));
#2542=CARTESIAN_POINT('',(-0.0107642667632951,-0.0301387736043058,-0.00413530015901315));
#2543=CARTESIAN_POINT('',(-0.0125322296229766,-0.0300486607999914,-0.00275254104463938));
#2544=CARTESIAN_POINT('',(-0.0139857088705807,-0.030050548842396,-0.00230243637630236));
#2545=CARTESIAN_POINT('',(-0.0147400000000009,-0.030050548842396,-0.00230243637630253));
#2546=CARTESIAN_POINT('',(-0.06654,-0.0300505488423977,-0.0023024363762989));
#2547=CARTESIAN_POINT('',(-0.0672941455572264,-0.0300505488423977,-0.0023024363762989));
#2548=CARTESIAN_POINT('',(-0.0687470210708646,-0.0300483243803596,-0.00275096222822578));
#2549=CARTESIAN_POINT('',(-0.0705231379081934,-0.0301400493362048,-0.00414322848807804));
#2550=CARTESIAN_POINT('',(-0.0719805986043102,-0.0304106756016784,-0.00579235196934318));
#2551=CARTESIAN_POINT('',(-0.0736275033596915,-0.0310689610830892,-0.00818984194085851));
#2552=CARTESIAN_POINT('',(-0.0748341480586667,-0.0322379863514025,-0.0106800762019136));
#2553=CARTESIAN_POINT('',(-0.0755087896932149,-0.0339233493996568,-0.0129850123871227));
#2554=CARTESIAN_POINT('',(-0.07564,-0.034960096767018,-0.01407189767449));
#2555=CARTESIAN_POINT('',(-0.07564,-0.0355125055353339,-0.0145767567389426));
#2556=CARTESIAN_POINT('',(-0.07564,-0.0355125055353338,-0.0145767567389426));
#2557=CARTESIAN_POINT('',(-0.07564,-0.046837971903524,-0.00218461135112349));
#2558=CARTESIAN_POINT('',(-0.07564,-0.0411620708814006,-0.0179838392865927));
#2559=CARTESIAN_POINT('',(-0.00564,-0.0411620708814006,-0.0179838392865927));
#2560=CARTESIAN_POINT('',(-0.00564,-0.0425528436899185,-0.0118947274506092));
#2561=CARTESIAN_POINT('',(-0.07564,-0.0425528436899185,-0.0118947274506092));
#2562=CARTESIAN_POINT('',(-0.07564,-0.0473562282566335,-0.0158870987585252));
#2563=CARTESIAN_POINT('',(-0.00564,-0.0473562282566335,-0.0158870987585252));
#2564=CARTESIAN_POINT('',(-0.00564,-0.0473562282566335,-0.0158870987585252));
#2565=CARTESIAN_POINT('',(-0.00564,-0.0425528436899185,-0.0118947274506092));
#2566=CARTESIAN_POINT('',(-0.00564,-0.0568146604246339,-0.01041937339587));
#2567=CARTESIAN_POINT('',(-0.07564,-0.0568146604246339,-0.01041937339587));
#2568=CARTESIAN_POINT('',(-0.07564,-0.0488634834117085,-0.0179118191799392));
#2569=CARTESIAN_POINT('',(-0.00564,-0.0488634834117085,-0.0179118191799392));
#2570=CARTESIAN_POINT('',(-0.00564,-0.0488634834117085,-0.0179118191799392));
#2571=CARTESIAN_POINT('',(-0.00564,-0.0568146604246339,-0.01041937339587));
#2572=CARTESIAN_POINT('',(-0.07564,-0.0621569603681585,-0.0172678216815017));
#2573=CARTESIAN_POINT('',(-0.00564000000000002,-0.0621569603681585,-0.0172678216815017));
#2574=CARTESIAN_POINT('',(-0.07564,-0.0625687838288812,-0.0177229979316134));
#2575=CARTESIAN_POINT('',(-0.00564000000000002,-0.0625687838288812,-0.0177229979316134));
#2576=CARTESIAN_POINT('',(-0.07564,-0.0630763593493229,-0.0188075144031368));
#2577=CARTESIAN_POINT('',(-0.00564000000000002,-0.0630763593493229,-0.0188075144031368));
#2578=CARTESIAN_POINT('',(-0.07564,-0.0630755443469763,-0.0204892114967843));
#2579=CARTESIAN_POINT('',(-0.00564000000000002,-0.0630755443469763,-0.0204892114967843));
#2580=CARTESIAN_POINT('',(-0.07564,-0.0625950450744628,-0.0215444827324213));
#2581=CARTESIAN_POINT('',(-0.00563999999999998,-0.0625950450744628,-0.0215444827324213));
#2582=CARTESIAN_POINT('',(-0.07564,-0.062015323756195,-0.0219506347388548));
#2583=CARTESIAN_POINT('',(-0.00564000000000001,-0.062015323756195,-0.0219506347388548));
#2584=CARTESIAN_POINT('',(-0.07564,-0.061338080529932,-0.0219739874577756));
#2585=CARTESIAN_POINT('',(-0.00564000000000002,-0.061338080529932,-0.0219739874577756));
#2586=CARTESIAN_POINT('',(-0.07564,-0.0603313870234329,-0.0214068682024786));
#2587=CARTESIAN_POINT('',(-0.00563999999999999,-0.0603313870234329,-0.0214068682024786));
#2588=CARTESIAN_POINT('',(-0.07564,-0.0584509403850284,-0.0199225664687638));
#2589=CARTESIAN_POINT('',(-0.00564000000000002,-0.0584509403850284,-0.0199225664687638));
#2590=CARTESIAN_POINT('',(-0.07564,-0.0562764554317989,-0.0186403361116883));
#2591=CARTESIAN_POINT('',(-0.00564000000000002,-0.0562764554317989,-0.0186403361116883));
#2592=CARTESIAN_POINT('',(-0.07564,-0.0540324660130788,-0.01949276391961));
#2593=CARTESIAN_POINT('',(-0.00564000000000001,-0.0540324660130788,-0.01949276391961));
#2594=CARTESIAN_POINT('',(-0.07564,-0.0523970515232156,-0.02063501870721));
#2595=CARTESIAN_POINT('',(-0.00564000000000002,-0.0523970515232156,-0.02063501870721));
#2596=CARTESIAN_POINT('',(-0.07564,-0.0508878844550472,-0.0218178459415547));
#2597=CARTESIAN_POINT('',(-0.00564000000000002,-0.0508878844550472,-0.0218178459415547));
#2598=CARTESIAN_POINT('',(-0.07564,-0.0495877973295071,-0.0225817358170096));
#2599=CARTESIAN_POINT('',(-0.00563999999999998,-0.0495877973295071,-0.0225817358170096));
#2600=CARTESIAN_POINT('',(-0.07564,-0.0485666319332716,-0.0223537381448957));
#2601=CARTESIAN_POINT('',(-0.00564000000000002,-0.0485666319332716,-0.0223537381448957));
#2602=CARTESIAN_POINT('',(-0.07564,-0.047957307129378,-0.0211567628240758));
#2603=CARTESIAN_POINT('',(-0.00564000000000001,-0.047957307129378,-0.0211567628240758));
#2604=CARTESIAN_POINT('',(-0.07564,-0.0479455349470222,-0.0195153397973049));
#2605=CARTESIAN_POINT('',(-0.00564000000000003,-0.0479455349470222,-0.0195153397973049));
#2606=CARTESIAN_POINT('',(-0.07564,-0.0484520646800821,-0.0184003244804422));
#2607=CARTESIAN_POINT('',(-0.00564000000000002,-0.0484520646800821,-0.0184003244804422));
#2608=CARTESIAN_POINT('',(-0.07564,-0.0488634834117085,-0.0179118191799392));
#2609=CARTESIAN_POINT('',(-0.00564000000000002,-0.0488634834117085,-0.0179118191799392));
#2610=CARTESIAN_POINT('',(-0.07564,-0.0621569603681585,-0.0172678216815017));
#2611=CARTESIAN_POINT('',(-0.07564,-0.0636350011586964,-0.0189014563058347));
#2612=CARTESIAN_POINT('',(-0.07564,-0.0624101444034398,-0.024954132508283));
#2613=CARTESIAN_POINT('',(-0.07564,-0.0558871228423118,-0.0155688617468417));
#2614=CARTESIAN_POINT('',(-0.07564,-0.0486114829482063,-0.0255775661768128));
#2615=CARTESIAN_POINT('',(-0.07564,-0.0474067007300797,-0.0196415558373914));
#2616=CARTESIAN_POINT('',(-0.07564,-0.0488634834117085,-0.0179118191799391));
#2617=CARTESIAN_POINT('',(-0.07564,-0.0621569603681585,-0.0172678216815017));
#2618=CARTESIAN_POINT('',(-0.00564,-0.0621569603681585,-0.0172678216815017));
#2619=CARTESIAN_POINT('',(-0.00564,-0.0621569603681585,-0.0172678216815017));
#2620=CARTESIAN_POINT('',(-0.00564,-0.0621569603681585,-0.0172678216815017));
#2621=CARTESIAN_POINT('',(-0.00564,-0.0636350011586964,-0.0189014563058347));
#2622=CARTESIAN_POINT('',(-0.00564,-0.0624101444034398,-0.024954132508283));
#2623=CARTESIAN_POINT('',(-0.00564,-0.0558871228423118,-0.0155688617468417));
#2624=CARTESIAN_POINT('',(-0.00564,-0.0486114829482063,-0.0255775661768128));
#2625=CARTESIAN_POINT('',(-0.00564,-0.0474067007300797,-0.0196415558373914));
#2626=CARTESIAN_POINT('',(-0.00564,-0.0488634834117085,-0.0179118191799391));
#2627=CARTESIAN_POINT('',(-0.00564,-0.0584945060629864,-0.0115636332650741));
#2628=CARTESIAN_POINT('',(-0.07564,-0.0584945060629864,-0.0115636332650741));
#2629=CARTESIAN_POINT('',(-0.07564,-0.0640240163841375,-0.0154848387730555));
#2630=CARTESIAN_POINT('',(-0.00564,-0.0640240163841375,-0.0154848387730555));
#2631=CARTESIAN_POINT('',(-0.00564,-0.0640240163841375,-0.0154848387730555));
#2632=CARTESIAN_POINT('',(-0.00564,-0.0584945060629864,-0.0115636332650741));
#2633=CARTESIAN_POINT('',(-0.00564,-0.077901972124337,-0.00957702160685395));
#2634=CARTESIAN_POINT('',(-0.00564,-0.077901972124337,-0.00957702160685395));
#2635=CARTESIAN_POINT('',(-0.00564,-0.106825172901154,-0.0572643804818392));
#2636=CARTESIAN_POINT('',(-0.00564,-0.120507128491906,-0.045569192846481));
#2637=CARTESIAN_POINT('',(-0.00564,-0.120507128491906,-0.045569192846481));
#2638=CARTESIAN_POINT('',(-0.00564,-0.120642309364902,-0.0454091746527033));
#2639=CARTESIAN_POINT('',(-0.00564376671168733,-0.120776540845589,-0.0452484516295247));
#2640=CARTESIAN_POINT('',(-0.00565127529572727,-0.120909824967384,-0.0450870248943567));
#2641=CARTESIAN_POINT('',(-0.00565127529572727,-0.120909824967384,-0.0450870248943567));
#2642=CARTESIAN_POINT('',(-0.00564,-0.120909824967384,-0.0450870248943567));
#2643=CARTESIAN_POINT('',(-0.0756287247042728,-0.120909824967384,-0.0450870248943567));
#2644=CARTESIAN_POINT('',(-0.0756287247042728,-0.120909824967384,-0.0450870248943567));
#2645=CARTESIAN_POINT('',(-0.0756362332883127,-0.120776540845589,-0.0452484516295247));
#2646=CARTESIAN_POINT('',(-0.07564,-0.120642309364902,-0.0454091746527033));
#2647=CARTESIAN_POINT('',(-0.07564,-0.120507128491906,-0.045569192846481));
#2648=CARTESIAN_POINT('',(-0.07564,-0.120507128491906,-0.045569192846481));
#2649=CARTESIAN_POINT('',(-0.07564,-0.077901972124337,-0.00957702160685395));
#2650=CARTESIAN_POINT('',(-0.07564,-0.106825172901154,-0.0572643804818392));
#2651=CARTESIAN_POINT('',(-0.00564,-0.106825172901154,-0.0572643804818392));
#2652=CARTESIAN_POINT('',(-0.07564,-0.106825172901154,-0.0572643804818392));
#2653=CARTESIAN_POINT('',(-0.00563999999999999,-0.106825172901154,-0.0572643804818392));
#2654=CARTESIAN_POINT('',(-0.07564,-0.107734792498648,-0.0583858291273034));
#2655=CARTESIAN_POINT('',(-0.00563999999999999,-0.107734792498648,-0.0583858291273034));
#2656=CARTESIAN_POINT('',(-0.07564,-0.110112109153037,-0.0603695747682489));
#2657=CARTESIAN_POINT('',(-0.00563999999999995,-0.110112109153037,-0.0603695747682489));
#2658=CARTESIAN_POINT('',(-0.07564,-0.114202221579655,-0.0622057074516378));
#2659=CARTESIAN_POINT('',(-0.00563999999999999,-0.114202221579655,-0.0622057074516378));
#2660=CARTESIAN_POINT('',(-0.07564,-0.11764214563495,-0.0625292536158533));
#2661=CARTESIAN_POINT('',(-0.00564000000000002,-0.11764214563495,-0.0625292536158533));
#2662=CARTESIAN_POINT('',(-0.07564,-0.11934271655703,-0.0610060040261556));
#2663=CARTESIAN_POINT('',(-0.00563999999999998,-0.11934271655703,-0.0610060040261556));
#2664=CARTESIAN_POINT('',(-0.07564,-0.120215860422186,-0.0581211903151455));
#2665=CARTESIAN_POINT('',(-0.00563999999999999,-0.120215860422186,-0.0581211903151455));
#2666=CARTESIAN_POINT('',(-0.07564,-0.120908824658715,-0.0542997939236084));
#2667=CARTESIAN_POINT('',(-0.00563999999999999,-0.120908824658715,-0.0542997939236084));
#2668=CARTESIAN_POINT('',(-0.07564,-0.121213412465002,-0.0498485068671841));
#2669=CARTESIAN_POINT('',(-0.00563999999999999,-0.121213412465002,-0.0498485068671841));
#2670=CARTESIAN_POINT('',(-0.07564,-0.121082287652999,-0.0466736855723595));
#2671=CARTESIAN_POINT('',(-0.00563999999999999,-0.121082287652999,-0.0466736855723595));
#2672=CARTESIAN_POINT('',(-0.07564,-0.120909824967384,-0.0450870248943567));
#2673=CARTESIAN_POINT('',(-0.00563999999999999,-0.120909824967384,-0.0450870248943567));
#2674=CARTESIAN_POINT('',(-0.00565127529572727,-0.120909824967384,-0.0450870248943567));
#2675=CARTESIAN_POINT('',(-0.00565078914004432,-0.121115541059707,-0.0469796176796134));
#2676=CARTESIAN_POINT('',(-0.00564548115020277,-0.121228877991629,-0.0507544110039265));
#2677=CARTESIAN_POINT('',(-0.00564,-0.120857018918848,-0.0545122962140508));
#2678=CARTESIAN_POINT('',(-0.00564,-0.120516087789792,-0.0563858401124658));
#2679=CARTESIAN_POINT('',(-0.00564,-0.120516087789792,-0.0563858401124658));
#2680=CARTESIAN_POINT('',(-0.00564,-0.106095297329552,-0.0563645340258204));
#2681=CARTESIAN_POINT('',(-0.00564,-0.106338589186752,-0.0566644828444933));
#2682=CARTESIAN_POINT('',(-0.00564,-0.106581881043953,-0.0569644316631662));
#2683=CARTESIAN_POINT('',(-0.00564,-0.106825172901154,-0.0572643804818392));
#2684=CARTESIAN_POINT('',(-0.00564,-0.109502725303173,-0.0605654719740152));
#2685=CARTESIAN_POINT('',(-0.00564,-0.117833336868994,-0.0641270860899086));
#2686=CARTESIAN_POINT('',(-0.00564,-0.120613775375517,-0.0581843793854283));
#2687=CARTESIAN_POINT('',(-0.00564,-0.121460005640984,-0.0501486997574568));
#2688=CARTESIAN_POINT('',(-0.00564,-0.120909824967384,-0.0450870248943567));
#2689=CARTESIAN_POINT('',(-0.00564,-0.120821752617805,-0.0442767572506687));
#2690=CARTESIAN_POINT('',(-0.00564,-0.120733680268226,-0.0434664896069807));
#2691=CARTESIAN_POINT('',(-0.00564,-0.120645607918646,-0.0426562219632928));
#2692=CARTESIAN_POINT('',(-0.07564,-0.106825172901154,-0.0572643804818392));
#2693=CARTESIAN_POINT('',(-0.07564,-0.109502725303173,-0.0605654719740152));
#2694=CARTESIAN_POINT('',(-0.07564,-0.117833336868994,-0.0641270860899086));
#2695=CARTESIAN_POINT('',(-0.07564,-0.120613775375517,-0.0581843793854283));
#2696=CARTESIAN_POINT('',(-0.07564,-0.121460005640984,-0.0501486997574568));
#2697=CARTESIAN_POINT('',(-0.07564,-0.120909824967384,-0.0450870248943567));
#2698=CARTESIAN_POINT('',(-0.07564,-0.120516087789792,-0.0563858401124658));
#2699=CARTESIAN_POINT('',(-0.07564,-0.120516087789792,-0.0563858401124658));
#2700=CARTESIAN_POINT('',(-0.07564,-0.120855800308613,-0.0545189929324687));
#2701=CARTESIAN_POINT('',(-0.0756345379779934,-0.121229429921423,-0.0507679170994527));
#2702=CARTESIAN_POINT('',(-0.0756292089631147,-0.121114738414103,-0.0469722333215785));
#2703=CARTESIAN_POINT('',(-0.0756287247042728,-0.120909824967384,-0.0450870248943567));
#2704=CARTESIAN_POINT('',(-0.07564,-0.0673221536888011,-0.0368688982706412));
#2705=CARTESIAN_POINT('',(-0.00564000000000001,-0.0673221536888011,-0.0368688982706412));
#2706=CARTESIAN_POINT('',(-0.07564,-0.0697317863098861,-0.0349180668209053));
#2707=CARTESIAN_POINT('',(-0.00564000000000001,-0.0697317863098861,-0.0349180668209053));
#2708=CARTESIAN_POINT('',(-0.07564,-0.0745367359327633,-0.0299429088205377));
#2709=CARTESIAN_POINT('',(-0.00564000000000001,-0.0745367359327633,-0.0299429088205377));
#2710=CARTESIAN_POINT('',(-0.07564,-0.0701323585259472,-0.0315054050179867));
#2711=CARTESIAN_POINT('',(-0.00564000000000001,-0.0701323585259472,-0.0315054050179867));
#2712=CARTESIAN_POINT('',(-0.07564,-0.065926573455633,-0.0342188996578392));
#2713=CARTESIAN_POINT('',(-0.00564000000000001,-0.065926573455633,-0.0342188996578392));
#2714=CARTESIAN_POINT('',(-0.07564,-0.0610296437045485,-0.0324342252171321));
#2715=CARTESIAN_POINT('',(-0.00564000000000001,-0.0610296437045485,-0.0324342252171321));
#2716=CARTESIAN_POINT('',(-0.07564,-0.0561285215383638,-0.0359069451217061));
#2717=CARTESIAN_POINT('',(-0.00564000000000001,-0.0561285215383638,-0.0359069451217061));
#2718=CARTESIAN_POINT('',(-0.07564,-0.0623941226082253,-0.0398611743856719));
#2719=CARTESIAN_POINT('',(-0.00564000000000001,-0.0623941226082253,-0.0398611743856719));
#2720=CARTESIAN_POINT('',(-0.07564,-0.0652750624934165,-0.0385262172534145));
#2721=CARTESIAN_POINT('',(-0.00564000000000001,-0.0652750624934165,-0.0385262172534145));
#2722=CARTESIAN_POINT('',(-0.07564,-0.0673221536888011,-0.0368688982706412));
#2723=CARTESIAN_POINT('',(-0.00564000000000001,-0.0673221536888011,-0.0368688982706412));
#2724=CARTESIAN_POINT('',(-0.00564,-0.0673221536888011,-0.0368688982706412));
#2725=CARTESIAN_POINT('',(-0.00564,-0.0697317863098861,-0.0349180668209053));
#2726=CARTESIAN_POINT('',(-0.00564,-0.0745367359327633,-0.0299429088205377));
#2727=CARTESIAN_POINT('',(-0.00564,-0.0701323585259472,-0.0315054050179867));
#2728=CARTESIAN_POINT('',(-0.00564,-0.065926573455633,-0.0342188996578392));
#2729=CARTESIAN_POINT('',(-0.00564,-0.0610296437045485,-0.0324342252171321));
#2730=CARTESIAN_POINT('',(-0.00564,-0.0561285215383638,-0.0359069451217061));
#2731=CARTESIAN_POINT('',(-0.00564,-0.0623941226082253,-0.0398611743856719));
#2732=CARTESIAN_POINT('',(-0.00564,-0.0652750624934165,-0.0385262172534145));
#2733=CARTESIAN_POINT('',(-0.00564,-0.0673221536888011,-0.0368688982706412));
#2734=CARTESIAN_POINT('',(-0.00564,-0.0673221536888011,-0.0368688982706412));
#2735=CARTESIAN_POINT('',(-0.07564,-0.0673221536888011,-0.0368688982706412));
#2736=CARTESIAN_POINT('',(-0.07564,-0.0697317863098861,-0.0349180668209053));
#2737=CARTESIAN_POINT('',(-0.07564,-0.0745367359327633,-0.0299429088205377));
#2738=CARTESIAN_POINT('',(-0.07564,-0.0701323585259472,-0.0315054050179867));
#2739=CARTESIAN_POINT('',(-0.07564,-0.065926573455633,-0.0342188996578392));
#2740=CARTESIAN_POINT('',(-0.07564,-0.0610296437045485,-0.0324342252171321));
#2741=CARTESIAN_POINT('',(-0.07564,-0.0561285215383638,-0.0359069451217061));
#2742=CARTESIAN_POINT('',(-0.07564,-0.0623941226082253,-0.0398611743856719));
#2743=CARTESIAN_POINT('',(-0.07564,-0.0652750624934165,-0.0385262172534145));
#2744=CARTESIAN_POINT('',(-0.07564,-0.0673221536888011,-0.0368688982706412));
#2745=CARTESIAN_POINT('',(-0.07564,-0.0673221536888011,-0.0368688982706412));
#2746=CARTESIAN_POINT('',(-0.07564,-0.0881990012675298,-0.0368688982706412));
#2747=CARTESIAN_POINT('',(-0.00564000000000001,-0.0881990012675298,-0.0368688982706412));
#2748=CARTESIAN_POINT('',(-0.07564,-0.0857893686464448,-0.0349180668209053));
#2749=CARTESIAN_POINT('',(-0.00564000000000001,-0.0857893686464448,-0.0349180668209053));
#2750=CARTESIAN_POINT('',(-0.07564,-0.0809844190235676,-0.0299429088205377));
#2751=CARTESIAN_POINT('',(-0.00564000000000001,-0.0809844190235676,-0.0299429088205377));
#2752=CARTESIAN_POINT('',(-0.07564,-0.0853887964303837,-0.0315054050179867));
#2753=CARTESIAN_POINT('',(-0.00564000000000001,-0.0853887964303837,-0.0315054050179867));
#2754=CARTESIAN_POINT('',(-0.07564,-0.0895945815006979,-0.0342188996578392));
#2755=CARTESIAN_POINT('',(-0.00564000000000001,-0.0895945815006979,-0.0342188996578392));
#2756=CARTESIAN_POINT('',(-0.07564,-0.0944915112517824,-0.0324342252171321));
#2757=CARTESIAN_POINT('',(-0.00564000000000001,-0.0944915112517824,-0.0324342252171321));
#2758=CARTESIAN_POINT('',(-0.07564,-0.0993926334179671,-0.035906945121706));
#2759=CARTESIAN_POINT('',(-0.00564000000000001,-0.0993926334179671,-0.035906945121706));
#2760=CARTESIAN_POINT('',(-0.07564,-0.0931270323481056,-0.0398611743856719));
#2761=CARTESIAN_POINT('',(-0.00564000000000001,-0.0931270323481056,-0.0398611743856719));
#2762=CARTESIAN_POINT('',(-0.07564,-0.0902460924629144,-0.0385262172534145));
#2763=CARTESIAN_POINT('',(-0.00564000000000001,-0.0902460924629144,-0.0385262172534145));
#2764=CARTESIAN_POINT('',(-0.07564,-0.0881990012675298,-0.0368688982706412));
#2765=CARTESIAN_POINT('',(-0.00564000000000001,-0.0881990012675298,-0.0368688982706412));
#2766=CARTESIAN_POINT('',(-0.00564,-0.0881990012675298,-0.0368688982706412));
#2767=CARTESIAN_POINT('',(-0.00564,-0.0857893686464448,-0.0349180668209053));
#2768=CARTESIAN_POINT('',(-0.00564,-0.0809844190235676,-0.0299429088205377));
#2769=CARTESIAN_POINT('',(-0.00564,-0.0853887964303837,-0.0315054050179867));
#2770=CARTESIAN_POINT('',(-0.00564,-0.0895945815006979,-0.0342188996578392));
#2771=CARTESIAN_POINT('',(-0.00564,-0.0944915112517824,-0.0324342252171321));
#2772=CARTESIAN_POINT('',(-0.00564,-0.0993926334179671,-0.035906945121706));
#2773=CARTESIAN_POINT('',(-0.00564,-0.0931270323481056,-0.0398611743856719));
#2774=CARTESIAN_POINT('',(-0.00564,-0.0902460924629144,-0.0385262172534145));
#2775=CARTESIAN_POINT('',(-0.00564,-0.0881990012675298,-0.0368688982706412));
#2776=CARTESIAN_POINT('',(-0.00564,-0.0881990012675298,-0.0368688982706412));
#2777=CARTESIAN_POINT('',(-0.07564,-0.0881990012675298,-0.0368688982706412));
#2778=CARTESIAN_POINT('',(-0.07564,-0.0857893686464448,-0.0349180668209053));
#2779=CARTESIAN_POINT('',(-0.07564,-0.0809844190235676,-0.0299429088205377));
#2780=CARTESIAN_POINT('',(-0.07564,-0.0853887964303837,-0.0315054050179867));
#2781=CARTESIAN_POINT('',(-0.07564,-0.0895945815006979,-0.0342188996578392));
#2782=CARTESIAN_POINT('',(-0.07564,-0.0944915112517824,-0.0324342252171321));
#2783=CARTESIAN_POINT('',(-0.07564,-0.0993926334179671,-0.035906945121706));
#2784=CARTESIAN_POINT('',(-0.07564,-0.0931270323481056,-0.0398611743856719));
#2785=CARTESIAN_POINT('',(-0.07564,-0.0902460924629144,-0.0385262172534145));
#2786=CARTESIAN_POINT('',(-0.07564,-0.0881990012675298,-0.0368688982706412));
#2787=CARTESIAN_POINT('',(-0.07564,-0.0881990012675298,-0.0368688982706412));
#2788=CARTESIAN_POINT('',(-0.00564,-0.0785210989415646,0.00672139371856989));
#2789=CARTESIAN_POINT('',(-0.07564,-0.0785210989415646,0.00672139371856989));
#2790=CARTESIAN_POINT('',(-0.00564,-0.0785210989415646,0.00672139371856989));
#2791=CARTESIAN_POINT('',(-0.07564,-0.0359138370979987,-0.045182822875631));
#2792=CARTESIAN_POINT('',(-0.00564000000000001,-0.0359138370979987,-0.045182822875631));
#2793=CARTESIAN_POINT('',(-0.07564,-0.0357154910759614,-0.0473846328754869));
#2794=CARTESIAN_POINT('',(-0.00564000000000001,-0.0357154910759614,-0.0473846328754869));
#2795=CARTESIAN_POINT('',(-0.07564,-0.0354876858307925,-0.0516497997216384));
#2796=CARTESIAN_POINT('',(-0.00563999999999998,-0.0354876858307925,-0.0516497997216384));
#2797=CARTESIAN_POINT('',(-0.0756400000000001,-0.0357884528832994,-0.0570715900310002));
#2798=CARTESIAN_POINT('',(-0.00564000000000005,-0.0357884528832994,-0.0570715900310002));
#2799=CARTESIAN_POINT('',(-0.0756399999999999,-0.0366890755008894,-0.0603061672980577));
#2800=CARTESIAN_POINT('',(-0.00563999999999994,-0.0366890755008894,-0.0603061672980577));
#2801=CARTESIAN_POINT('',(-0.07564,-0.037865357595036,-0.0618480514799677));
#2802=CARTESIAN_POINT('',(-0.00564000000000003,-0.037865357595036,-0.0618480514799677));
#2803=CARTESIAN_POINT('',(-0.07564,-0.0393760915624132,-0.0625817215045156));
#2804=CARTESIAN_POINT('',(-0.00563999999999998,-0.0393760915624132,-0.0625817215045156));
#2805=CARTESIAN_POINT('',(-0.07564,-0.041757640164816,-0.0622242044002086));
#2806=CARTESIAN_POINT('',(-0.00564000000000003,-0.041757640164816,-0.0622242044002086));
#2807=CARTESIAN_POINT('',(-0.07564,-0.0448902432602215,-0.0608439695151939));
#2808=CARTESIAN_POINT('',(-0.00563999999999999,-0.0448902432602215,-0.0608439695151939));
#2809=CARTESIAN_POINT('',(-0.07564,-0.0477889900710507,-0.0592687453889504));
#2810=CARTESIAN_POINT('',(-0.00564000000000002,-0.0477889900710507,-0.0592687453889504));
#2811=CARTESIAN_POINT('',(-0.07564,-0.0492182410064085,-0.0580687266098569));
#2812=CARTESIAN_POINT('',(-0.00564000000000001,-0.0492182410064085,-0.0580687266098569));
#2813=CARTESIAN_POINT('',(-0.07564,-0.0497206121121704,-0.057447788954193));
#2814=CARTESIAN_POINT('',(-0.00564000000000001,-0.0497206121121704,-0.057447788954193));
#2815=CARTESIAN_POINT('',(-0.00564,-0.0361545250924756,-0.0425109808712335));
#2816=CARTESIAN_POINT('',(-0.00564,-0.0360742957609833,-0.0434015948726993));
#2817=CARTESIAN_POINT('',(-0.00564,-0.035994066429491,-0.0442922088741652));
#2818=CARTESIAN_POINT('',(-0.00564,-0.0359138370979987,-0.045182822875631));
#2819=CARTESIAN_POINT('',(-0.00564,-0.0352030692252464,-0.0530729524266434));
#2820=CARTESIAN_POINT('',(-0.00564,-0.0357977643337755,-0.0642276295390163));
#2821=CARTESIAN_POINT('',(-0.00564,-0.044202764593793,-0.0613829249074599));
#2822=CARTESIAN_POINT('',(-0.00564,-0.0485696087043636,-0.0588704451330765));
#2823=CARTESIAN_POINT('',(-0.00564,-0.0497206121121704,-0.057447788954193));
#2824=CARTESIAN_POINT('',(-0.00564,-0.0499665324435542,-0.0571438280131711));
#2825=CARTESIAN_POINT('',(-0.00564,-0.0502124527749381,-0.0568398670721492));
#2826=CARTESIAN_POINT('',(-0.00564,-0.050458373106322,-0.0565359061311272));
#2827=CARTESIAN_POINT('',(-0.00564,-0.0374441964719296,-0.0612582769977032));
#2828=CARTESIAN_POINT('',(-0.00564,-0.0374441964719298,-0.0612582769977035));
#2829=CARTESIAN_POINT('',(-0.00564,-0.0370133638995476,-0.0607054671084121));
#2830=CARTESIAN_POINT('',(-0.00566050947447835,-0.0364587980446378,-0.0594548665633515));
#2831=CARTESIAN_POINT('',(-0.00567699452855919,-0.035826702764862,-0.0567631147212473));
#2832=CARTESIAN_POINT('',(-0.00567301752798673,-0.0355647825551478,-0.0533815246843258));
#2833=CARTESIAN_POINT('',(-0.00566421313508763,-0.0356031287611793,-0.0492705195619599));
#2834=CARTESIAN_POINT('',(-0.00566294774643258,-0.0357911306938853,-0.0465449686088721));
#2835=CARTESIAN_POINT('',(-0.00566399197641155,-0.0359138370979987,-0.045182822875631));
#2836=CARTESIAN_POINT('',(-0.0756160080235885,-0.0359138370979987,-0.045182822875631));
#2837=CARTESIAN_POINT('',(-0.0756170518408516,-0.0357911791917044,-0.0465444302417197));
#2838=CARTESIAN_POINT('',(-0.0756157987429363,-0.0356038825412583,-0.0492693112887103));
#2839=CARTESIAN_POINT('',(-0.0756069626461352,-0.0355627281731454,-0.0533699116220019));
#2840=CARTESIAN_POINT('',(-0.0756030826661408,-0.0358320605950211,-0.0567863057858986));
#2841=CARTESIAN_POINT('',(-0.0756194771969908,-0.0364552879166435,-0.0594472163039494));
#2842=CARTESIAN_POINT('',(-0.07564,-0.0370196365352307,-0.0607135156526652));
#2843=CARTESIAN_POINT('',(-0.07564,-0.0374441964719298,-0.0612582769977035));
#2844=CARTESIAN_POINT('',(-0.07564,-0.0374441964719298,-0.0612582769977035));
#2845=CARTESIAN_POINT('',(-0.07564,-0.0359138370979987,-0.045182822875631));
#2846=CARTESIAN_POINT('',(-0.07564,-0.0352030692252464,-0.0530729524266434));
#2847=CARTESIAN_POINT('',(-0.07564,-0.0357977643337755,-0.0642276295390163));
#2848=CARTESIAN_POINT('',(-0.07564,-0.044202764593793,-0.0613829249074599));
#2849=CARTESIAN_POINT('',(-0.07564,-0.0485696087043636,-0.0588704451330765));
#2850=CARTESIAN_POINT('',(-0.07564,-0.0497206121121704,-0.057447788954193));
#2851=CARTESIAN_POINT('',(-0.00564,-0.0785833531866038,-0.024257448981059));
#2852=CARTESIAN_POINT('',(-0.00564,-0.120868520725176,-0.0114981740569055));
#2853=CARTESIAN_POINT('',(-0.00564,-0.121486538058106,-0.0134547732919238));
#2854=CARTESIAN_POINT('',(-0.00564,-0.122334257749392,-0.0174623644363807));
#2855=CARTESIAN_POINT('',(-0.00564,-0.12211594115984,-0.0236748369794331));
#2856=CARTESIAN_POINT('',(-0.00564,-0.120679031082871,-0.0295674592359513));
#2857=CARTESIAN_POINT('',(-0.00564,-0.119102470702328,-0.0333531280779341));
#2858=CARTESIAN_POINT('',(-0.00564,-0.118344219438613,-0.0352511187582678));
#2859=CARTESIAN_POINT('',(-0.00564,-0.118344219438613,-0.0352511187582678));
#2860=CARTESIAN_POINT('',(-0.00564,-0.0688101994892325,-0.051020340129893));
#2861=CARTESIAN_POINT('',(-0.00564,-0.0688101994892325,-0.051020340129893));
#2862=CARTESIAN_POINT('',(-0.00564,-0.119638473643401,-0.0619186896160141));
#2863=CARTESIAN_POINT('',(-0.00564,-0.11726723795234,-0.0605954978497016));
#2864=CARTESIAN_POINT('',(-0.00564,-0.11644464452274,-0.0631833415858222));
#2865=CARTESIAN_POINT('',(-0.00564,-0.122908950711832,-0.0330220449868183));
#2866=CARTESIAN_POINT('',(-0.00564,-0.0983764465604376,-0.0517209034306175));
#2867=CARTESIAN_POINT('',(-0.00564,-0.0779357636793124,-0.0125589969411408));
#2868=CARTESIAN_POINT('',(-0.00564,-0.0583836109072912,-0.0521719968088205));
#2869=CARTESIAN_POINT('',(-0.00564,-0.0377055101638454,-0.0377343105512703));
#2870=CARTESIAN_POINT('',(-0.00564,-0.0378703087189076,-0.062953419898426));
#2871=CARTESIAN_POINT('',(-0.00564,-0.0379660241305829,-0.062816031602025));
#2872=CARTESIAN_POINT('',(-0.00564,-0.0378206398261565,-0.0628991001763874));
#2873=CARTESIAN_POINT('',(-0.00564,-0.0882929685259089,-0.0504559691139481));
#2874=CARTESIAN_POINT('',(-0.00564,-0.0882929685259089,-0.0504559691139481));
#2875=CARTESIAN_POINT('',(-0.00564,-0.0387666723050683,-0.0346625066164932));
#2876=CARTESIAN_POINT('',(-0.00564,-0.0387666723050683,-0.0346625066164932));
#2877=CARTESIAN_POINT('',(-0.00564,-0.0382289826053532,-0.0330340519552049));
#2878=CARTESIAN_POINT('',(-0.00564,-0.0371250316608354,-0.0297865929692964));
#2879=CARTESIAN_POINT('',(-0.00563999999999999,-0.0358176569928243,-0.0248032068449906));
#2880=CARTESIAN_POINT('',(-0.00564,-0.0350755255929218,-0.019752351707103));
#2881=CARTESIAN_POINT('',(-0.00564,-0.035233645426152,-0.0162818694117467));
#2882=CARTESIAN_POINT('',(-0.00564,-0.0355125055353339,-0.0145767567389426));
#2883=CARTESIAN_POINT('',(-0.07564,-0.0785833531866038,-0.024257448981059));
#2884=CARTESIAN_POINT('',(-0.07564,-0.0355125055353338,-0.0145767567389426));
#2885=CARTESIAN_POINT('',(-0.07564,-0.0352320858694576,-0.0162914054471854));
#2886=CARTESIAN_POINT('',(-0.07564,-0.0350764745217081,-0.0197844007276928));
#2887=CARTESIAN_POINT('',(-0.07564,-0.0358245352045199,-0.0248296411666576));
#2888=CARTESIAN_POINT('',(-0.07564,-0.0371233523414667,-0.0297799716790269));
#2889=CARTESIAN_POINT('',(-0.07564,-0.0382288127542849,-0.0330335375418471));
#2890=CARTESIAN_POINT('',(-0.07564,-0.0387666723050683,-0.0346625066164932));
#2891=CARTESIAN_POINT('',(-0.07564,-0.0387666723050683,-0.0346625066164932));
#2892=CARTESIAN_POINT('',(-0.07564,-0.0882929685259089,-0.0504559691139481));
#2893=CARTESIAN_POINT('',(-0.07564,-0.0882929685259089,-0.0504559691139481));
#2894=CARTESIAN_POINT('',(-0.07564,-0.0378206398261565,-0.0628991001763874));
#2895=CARTESIAN_POINT('',(-0.07564,-0.0379660241305829,-0.062816031602025));
#2896=CARTESIAN_POINT('',(-0.07564,-0.0378703087189076,-0.062953419898426));
#2897=CARTESIAN_POINT('',(-0.07564,-0.0377055101638454,-0.0377343105512703));
#2898=CARTESIAN_POINT('',(-0.07564,-0.0583836109072912,-0.0521719968088205));
#2899=CARTESIAN_POINT('',(-0.07564,-0.0779357636793124,-0.0125589969411408));
#2900=CARTESIAN_POINT('',(-0.07564,-0.0983764465604376,-0.0517209034306175));
#2901=CARTESIAN_POINT('',(-0.07564,-0.122908950711832,-0.0330220449868183));
#2902=CARTESIAN_POINT('',(-0.07564,-0.11644464452274,-0.0631833415858222));
#2903=CARTESIAN_POINT('',(-0.07564,-0.11726723795234,-0.0605954978497016));
#2904=CARTESIAN_POINT('',(-0.07564,-0.119638473643401,-0.0619186896160141));
#2905=CARTESIAN_POINT('',(-0.07564,-0.0688101994892325,-0.051020340129893));
#2906=CARTESIAN_POINT('',(-0.07564,-0.0688101994892325,-0.051020340129893));
#2907=CARTESIAN_POINT('',(-0.07564,-0.118344219438613,-0.0352511187582678));
#2908=CARTESIAN_POINT('',(-0.07564,-0.118344219438613,-0.0352511187582678));
#2909=CARTESIAN_POINT('',(-0.07564,-0.119102586572493,-0.0333528380414994));
#2910=CARTESIAN_POINT('',(-0.07564,-0.120682671092213,-0.0295746102747377));
#2911=CARTESIAN_POINT('',(-0.07564,-0.121881193865866,-0.0245916694023485));
#2912=CARTESIAN_POINT('',(-0.07564,-0.122231001568121,-0.0205754611162415));
#2913=CARTESIAN_POINT('',(-0.07564,-0.122120445595367,-0.0164773958109867));
#2914=CARTESIAN_POINT('',(-0.07564,-0.121487759170946,-0.0134586392489458));
#2915=CARTESIAN_POINT('',(-0.07564,-0.120868520725176,-0.0114981740569055));
#2916=CARTESIAN_POINT('',(-0.01474,-0.0301808277061347,-0.0376831661618985));
#2917=CARTESIAN_POINT('',(-0.00564,-0.0301808277061347,-0.0376831661618985));
#2918=CARTESIAN_POINT('',(-0.00564,-0.0388219750901888,-0.0348299974169671));
#2919=CARTESIAN_POINT('',(-0.01474,-0.0299864998639766,-0.0370946220991277));
#2920=CARTESIAN_POINT('',(-0.00564,-0.0299864998639775,-0.0370946220991252));
#2921=CARTESIAN_POINT('',(-0.00564,-0.0386276472480327,-0.0342414533541956));
#2922=CARTESIAN_POINT('',(-0.01474,-0.0296917004322724,-0.0362012383917559));
#2923=CARTESIAN_POINT('',(-0.00564,-0.0296917004322722,-0.0362012383917564));
#2924=CARTESIAN_POINT('',(-0.00564,-0.038336304530601,-0.0333585850454087));
#2925=CARTESIAN_POINT('',(-0.01474,-0.0293118651971866,-0.0350523305680753));
#2926=CARTESIAN_POINT('',(-0.00564,-0.0293118651971866,-0.0350523305680752));
#2927=CARTESIAN_POINT('',(-0.00564,-0.0379472513907827,-0.032181636158837));
#2928=CARTESIAN_POINT('',(-0.01474,-0.0288879277159343,-0.0337625212350426));
#2929=CARTESIAN_POINT('',(-0.00563999999999999,-0.0288879277159342,-0.0337625212350426));
#2930=CARTESIAN_POINT('',(-0.00563999999999999,-0.0375601855284621,-0.0310039910773679));
#2931=CARTESIAN_POINT('',(-0.01474,-0.0283775419392826,-0.0321132231194753));
#2932=CARTESIAN_POINT('',(-0.00564,-0.0283775419392826,-0.0321132231194753));
#2933=CARTESIAN_POINT('',(-0.00564,-0.0371024634938858,-0.0295240665965261));
#2934=CARTESIAN_POINT('',(-0.01474,-0.0276112790479106,-0.0293996358063748));
#2935=CARTESIAN_POINT('',(-0.00563999999999999,-0.0276112790479106,-0.0293996358063748));
#2936=CARTESIAN_POINT('',(-0.00564,-0.0364280696647454,-0.0271349710204907));
#2937=CARTESIAN_POINT('',(-0.01474,-0.0267794369779251,-0.0258516422257147));
#2938=CARTESIAN_POINT('',(-0.00564000000000001,-0.0267794369779251,-0.0258516422257147));
#2939=CARTESIAN_POINT('',(-0.00564,-0.0357255665988624,-0.024124098537595));
#2940=CARTESIAN_POINT('',(-0.01474,-0.0262260196646926,-0.0220010519244653));
#2941=CARTESIAN_POINT('',(-0.00564,-0.0262260196646926,-0.0220010519244653));
#2942=CARTESIAN_POINT('',(-0.00564,-0.0352938895917983,-0.0210758420708472));
#2943=CARTESIAN_POINT('',(-0.01474,-0.026074356918909,-0.0186910548415162));
#2944=CARTESIAN_POINT('',(-0.00564,-0.0260743569189091,-0.0186910548415162));
#2945=CARTESIAN_POINT('',(-0.00564,-0.0351822845611926,-0.0186046455613051));
#2946=CARTESIAN_POINT('',(-0.01474,-0.0261726503192883,-0.0152380068089314));
#2947=CARTESIAN_POINT('',(-0.00564,-0.0261726503192883,-0.0152380068089314));
#2948=CARTESIAN_POINT('',(-0.00564,-0.0352549178416291,-0.0161034044242183));
#2949=CARTESIAN_POINT('',(-0.01474,-0.0266956990735628,-0.0118173495307806));
#2950=CARTESIAN_POINT('',(-0.00564,-0.0266956990735628,-0.0118173495307806));
#2951=CARTESIAN_POINT('',(-0.00564,-0.0356263952095959,-0.013661081172129));
#2952=CARTESIAN_POINT('',(-0.01474,-0.027554866963232,-0.00861664442852596));
#2953=CARTESIAN_POINT('',(-0.00564,-0.027554866963232,-0.00861664442852598));
#2954=CARTESIAN_POINT('',(-0.00564,-0.036268348307805,-0.0112606900810254));
#2955=CARTESIAN_POINT('',(-0.01474,-0.0281912371590142,-0.00672539180268757));
#2956=CARTESIAN_POINT('',(-0.00564,-0.0281912371590142,-0.00672539180268754));
#2957=CARTESIAN_POINT('',(-0.00564,-0.0367649892797918,-0.0097824545653385));
#2958=CARTESIAN_POINT('',(-0.01474,-0.0287469046530496,-0.00526889774693047));
#2959=CARTESIAN_POINT('',(-0.00564,-0.0287469046530496,-0.00526889774693052));
#2960=CARTESIAN_POINT('',(-0.00564,-0.0372070824612781,-0.00862377977157396));
#2961=CARTESIAN_POINT('',(-0.01474,-0.02919052282603,-0.00419219119497245));
#2962=CARTESIAN_POINT('',(-0.00564,-0.0291905228260299,-0.00419219119497226));
#2963=CARTESIAN_POINT('',(-0.00564,-0.0375609392624202,-0.00776424437048038));
#2964=CARTESIAN_POINT('',(-0.01474,-0.029646588557061,-0.00315455852083889));
#2965=CARTESIAN_POINT('',(-0.00564,-0.0296465885570615,-0.00315455852083959));
#2966=CARTESIAN_POINT('',(-0.00564,-0.0379351435029029,-0.00691396520330354));
#2967=CARTESIAN_POINT('',(-0.01474,-0.0299928967872776,-0.00242279608376749));
#2968=CARTESIAN_POINT('',(-0.00564,-0.0299928967872765,-0.00242279608376598));
#2969=CARTESIAN_POINT('',(-0.00564,-0.0381999621143789,-0.0063539636859787));
#2970=CARTESIAN_POINT('',(-0.01474,-0.0301267130253129,-0.00214342905633145));
#2971=CARTESIAN_POINT('',(-0.00564,-0.0301267130253129,-0.00214342905633144));
#2972=CARTESIAN_POINT('',(-0.00564,-0.038333778352415,-0.00607459665854305));
#2973=CARTESIAN_POINT('',(-0.01474,-0.0292405110323072,-0.0348353097283591));
#2974=CARTESIAN_POINT('',(-0.0135091862587529,-0.0292405110323072,-0.0348353097283591));
#2975=CARTESIAN_POINT('',(-0.0110862909238224,-0.0297613966245134,-0.0348191140131279));
#2976=CARTESIAN_POINT('',(-0.00805068765505689,-0.0319399522286012,-0.0347595673905444));
#2977=CARTESIAN_POINT('',(-0.00609150359788076,-0.0350923801792285,-0.0346951599381817));
#2978=CARTESIAN_POINT('',(-0.00564,-0.0375536389881124,-0.0346687484995472));
#2979=CARTESIAN_POINT('',(-0.00564,-0.0387666723050683,-0.0346625066164932));
#2980=CARTESIAN_POINT('',(-0.01474,-0.0882929685259089,-0.0504559691139481));
#2981=CARTESIAN_POINT('',(-0.01474,-0.029062699891417,-0.0653882500234458));
#2982=CARTESIAN_POINT('',(-0.0135378140593819,-0.029062699891417,-0.0653882500234458));
#2983=CARTESIAN_POINT('',(-0.011169825401268,-0.029521313937177,-0.0652648921652567));
#2984=CARTESIAN_POINT('',(-0.00813668173144379,-0.0314730054799332,-0.0647329173321348));
#2985=CARTESIAN_POINT('',(-0.0064543415369463,-0.0339083622216792,-0.0640711428631544));
#2986=CARTESIAN_POINT('',(-0.00575830352671063,-0.0361025792195136,-0.0634358548460046));
#2987=CARTESIAN_POINT('',(-0.00564,-0.0372689579493448,-0.0631153803708007));
#2988=CARTESIAN_POINT('',(-0.00564,-0.0378206398261552,-0.0628991001763851));
#2989=CARTESIAN_POINT('',(-0.01474,-0.0379660241305829,-0.062816031602025));
#2990=CARTESIAN_POINT('',(-0.01474,-0.0371779167648967,-0.0720499027780468));
#2991=CARTESIAN_POINT('',(-0.0135360176682878,-0.0371779167648967,-0.0720499027780468));
#2992=CARTESIAN_POINT('',(-0.011164906066222,-0.0372015598558407,-0.0715750352743098));
#2993=CARTESIAN_POINT('',(-0.00863369783736451,-0.0372893882865478,-0.0698818384853633));
#2994=CARTESIAN_POINT('',(-0.00712267788106113,-0.0373936108453285,-0.0680367766016496));
#2995=CARTESIAN_POINT('',(-0.00627475624554702,-0.0374939619932241,-0.0664503151978498));
#2996=CARTESIAN_POINT('',(-0.00584263365778507,-0.0375948046895645,-0.0650180098321255));
#2997=CARTESIAN_POINT('',(-0.00566836341894846,-0.0377166804217902,-0.0638423257459097));
#2998=CARTESIAN_POINT('',(-0.00564,-0.0377853323668064,-0.063237714937394));
#2999=CARTESIAN_POINT('',(-0.00564,-0.0378703087189076,-0.062953419898426));
#3000=CARTESIAN_POINT('',(-0.01474,-0.0377055101638454,-0.0377343105512703));
#3001=CARTESIAN_POINT('',(-0.01474,-0.0608938597142696,-0.0630352723866701));
#3002=CARTESIAN_POINT('',(-0.0133912599971946,-0.0608938597142696,-0.0630352723866701));
#3003=CARTESIAN_POINT('',(-0.0107472636694258,-0.0607485142762861,-0.0623426012896697));
#3004=CARTESIAN_POINT('',(-0.00770154415874966,-0.0601669017950058,-0.0596468232483978));
#3005=CARTESIAN_POINT('',(-0.00597301636761737,-0.0593473503689424,-0.0560437763054878));
#3006=CARTESIAN_POINT('',(-0.00564,-0.0587139881515552,-0.0534586970287441));
#3007=CARTESIAN_POINT('',(-0.00564,-0.0583836109072912,-0.0521719968088205));
#3008=CARTESIAN_POINT('',(-0.01474,-0.0779357636793124,-0.0125589969411408));
#3009=CARTESIAN_POINT('',(-0.01474,-0.0961050465703747,-0.0626405108243216));
#3010=CARTESIAN_POINT('',(-0.013392813364347,-0.0961050465703747,-0.0626405108243216));
#3011=CARTESIAN_POINT('',(-0.0107526007320538,-0.0962410946682208,-0.0619442102949977));
#3012=CARTESIAN_POINT('',(-0.0077132970519191,-0.0967797749776267,-0.0592376414266891));
#3013=CARTESIAN_POINT('',(-0.00598201586607014,-0.0975218060915959,-0.0556348755953131));
#3014=CARTESIAN_POINT('',(-0.00563999999999999,-0.0980879189464421,-0.0530159928311574));
#3015=CARTESIAN_POINT('',(-0.00564,-0.0983764465604376,-0.0517209034306175));
#3016=CARTESIAN_POINT('',(-0.01474,-0.122908950711832,-0.0330220449868183));
#3017=CARTESIAN_POINT('',(-0.01474,-0.114234291017129,-0.0720150324970473));
#3018=CARTESIAN_POINT('',(-0.0135379840706609,-0.114234291017129,-0.0720150324970473));
#3019=CARTESIAN_POINT('',(-0.0111702877603999,-0.114346539075928,-0.0715545026674011));
#3020=CARTESIAN_POINT('',(-0.00813767702787473,-0.1148279015638,-0.0695864991390528));
#3021=CARTESIAN_POINT('',(-0.0061180762249405,-0.115551262665202,-0.066659969516333));
#3022=CARTESIAN_POINT('',(-0.00564000000000001,-0.116140926650953,-0.0643287183966156));
#3023=CARTESIAN_POINT('',(-0.00564,-0.11644464452274,-0.0631833415858222));
#3024=CARTESIAN_POINT('',(-0.01474,-0.11726723795234,-0.0605954978497016));
#3025=CARTESIAN_POINT('',(-0.01474,-0.128334805369451,-0.0647323432832945));
#3026=CARTESIAN_POINT('',(-0.0135352499095449,-0.128334805369451,-0.0647323432832945));
#3027=CARTESIAN_POINT('',(-0.0111621648929623,-0.127877720501215,-0.0645952486065439));
#3028=CARTESIAN_POINT('',(-0.00812719932487425,-0.125927449324925,-0.0640038767328084));
#3029=CARTESIAN_POINT('',(-0.00611248685753717,-0.123037749551106,-0.0630997875400946));
#3030=CARTESIAN_POINT('',(-0.00563999999999999,-0.120750134220749,-0.0623366709687647));
#3031=CARTESIAN_POINT('',(-0.00564,-0.119638473643401,-0.0619186896160141));
#3032=CARTESIAN_POINT('',(-0.01474,-0.0688101994892325,-0.051020340129893));
#3033=CARTESIAN_POINT('',(-0.01474,-0.127950294666023,-0.0357348280954737));
#3034=CARTESIAN_POINT('',(-0.0135029603657926,-0.127950294666023,-0.0357348280954737));
#3035=CARTESIAN_POINT('',(-0.0110682673742406,-0.127419772599383,-0.0357005078924455));
#3036=CARTESIAN_POINT('',(-0.00803261874544673,-0.125211509928417,-0.03556692746899));
#3037=CARTESIAN_POINT('',(-0.00608602231893301,-0.122033460995064,-0.0353990598233333));
#3038=CARTESIAN_POINT('',(-0.00563999999999999,-0.119562550936673,-0.0352949659562391));
#3039=CARTESIAN_POINT('',(-0.00564,-0.118344219438613,-0.0352511187582678));
#3040=CARTESIAN_POINT('',(-0.00564,-0.118272740156633,-0.0354300396747598));
#3041=CARTESIAN_POINT('',(-0.00564,-0.126723328141902,-0.0388060673261915));
#3042=CARTESIAN_POINT('',(-0.01474,-0.126723328141902,-0.0388060673261915));
#3043=CARTESIAN_POINT('',(-0.00564,-0.118523910411341,-0.0348013314543139));
#3044=CARTESIAN_POINT('',(-0.00563999999999502,-0.126974498396585,-0.0381773591057335));
#3045=CARTESIAN_POINT('',(-0.01474,-0.126974498396632,-0.0381773591057545));
#3046=CARTESIAN_POINT('',(-0.00564,-0.118837851714221,-0.0340154368962615));
#3047=CARTESIAN_POINT('',(-0.0056400000000005,-0.127289528096983,-0.0373887285297784));
#3048=CARTESIAN_POINT('',(-0.01474,-0.127289528096978,-0.0373887285297761));
#3049=CARTESIAN_POINT('',(-0.00564,-0.119214645824347,-0.0330723912740551));
#3050=CARTESIAN_POINT('',(-0.00563999999999995,-0.127664363091623,-0.0364506077398195));
#3051=CARTESIAN_POINT('',(-0.01474,-0.127664363091624,-0.0364506077398198));
#3052=CARTESIAN_POINT('',(-0.00564,-0.119371557307953,-0.0326794184682027));
#3053=CARTESIAN_POINT('',(-0.00564000000000003,-0.127824811867075,-0.0360487428757401));
#3054=CARTESIAN_POINT('',(-0.01474,-0.127824811867075,-0.0360487428757401));
#3055=CARTESIAN_POINT('',(-0.00564,-0.119497286589643,-0.032365126550615));
#3056=CARTESIAN_POINT('',(-0.00563999999999999,-0.127943248885575,-0.0357527822781899));
#3057=CARTESIAN_POINT('',(-0.01474,-0.127943248885575,-0.0357527822781899));
#3058=CARTESIAN_POINT('',(-0.00564000000000001,-0.119622284341937,-0.0320505190285969));
#3059=CARTESIAN_POINT('',(-0.00564000000000001,-0.128097959889374,-0.0353634814670634));
#3060=CARTESIAN_POINT('',(-0.01474,-0.128097959889374,-0.0353634814670634));
#3061=CARTESIAN_POINT('',(-0.00564,-0.119836233295104,-0.0314982746223809));
#3062=CARTESIAN_POINT('',(-0.00564000000000002,-0.128348496871411,-0.0347165048881648));
#3063=CARTESIAN_POINT('',(-0.01474,-0.128348496871411,-0.0347165048881649));
#3064=CARTESIAN_POINT('',(-0.00564,-0.120128641608435,-0.0307064716212528));
#3065=CARTESIAN_POINT('',(-0.00563999999999999,-0.128701255561751,-0.0337619018196849));
#3066=CARTESIAN_POINT('',(-0.01474,-0.128701255561751,-0.0337619018196849));
#3067=CARTESIAN_POINT('',(-0.00564,-0.12056639448051,-0.029432306177723));
#3068=CARTESIAN_POINT('',(-0.00564000000000001,-0.129230416882622,-0.0322215971667304));
#3069=CARTESIAN_POINT('',(-0.01474,-0.129230416882622,-0.0322215971667304));
#3070=CARTESIAN_POINT('',(-0.00564,-0.12105434471285,-0.0278257149492833));
#3071=CARTESIAN_POINT('',(-0.00563999999999999,-0.129831517669799,-0.0302447973454989));
#3072=CARTESIAN_POINT('',(-0.01474,-0.129831517669799,-0.0302447973454989));
#3073=CARTESIAN_POINT('',(-0.00564,-0.12153433368069,-0.0258723525230193));
#3074=CARTESIAN_POINT('',(-0.00564000000000002,-0.130435930751315,-0.0277881552148855));
#3075=CARTESIAN_POINT('',(-0.01474,-0.130435930751315,-0.0277881552148855));
#3076=CARTESIAN_POINT('',(-0.00564000000000001,-0.122017392480214,-0.0232328521671173));
#3077=CARTESIAN_POINT('',(-0.00564000000000002,-0.131058839427573,-0.0243922504485946));
#3078=CARTESIAN_POINT('',(-0.01474,-0.131058839427573,-0.0243922504485946));
#3079=CARTESIAN_POINT('',(-0.00564,-0.122292054793921,-0.0198406149000121));
#3080=CARTESIAN_POINT('',(-0.00563999999999999,-0.131429861856908,-0.0198811838451006));
#3081=CARTESIAN_POINT('',(-0.01474,-0.131429861856908,-0.0198811838451006));
#3082=CARTESIAN_POINT('',(-0.00564,-0.122032068202631,-0.0164380254042024));
#3083=CARTESIAN_POINT('',(-0.00564,-0.131077069580481,-0.015265889060594));
#3084=CARTESIAN_POINT('',(-0.01474,-0.131077069580481,-0.015265889060594));
#3085=CARTESIAN_POINT('',(-0.00564,-0.121523486088822,-0.0138064412198828));
#3086=CARTESIAN_POINT('',(-0.00563999999999999,-0.130397626266714,-0.0117580305581409));
#3087=CARTESIAN_POINT('',(-0.01474,-0.130397626266714,-0.0117580305581409));
#3088=CARTESIAN_POINT('',(-0.00564,-0.121005979700917,-0.0118700503545413));
#3089=CARTESIAN_POINT('',(-0.00564000000000002,-0.129720154323516,-0.0092264739786485));
#3090=CARTESIAN_POINT('',(-0.01474,-0.129720154323516,-0.00922647397864849));
#3091=CARTESIAN_POINT('',(-0.00564,-0.120363986851225,-0.00996859998368709));
#3092=CARTESIAN_POINT('',(-0.00564000000000002,-0.128899793524614,-0.00680024953753739));
#3093=CARTESIAN_POINT('',(-0.01474,-0.128899793524614,-0.00680024953753739));
#3094=CARTESIAN_POINT('',(-0.00564000000000001,-0.119737035848884,-0.00841022075937332));
#3095=CARTESIAN_POINT('',(-0.00564,-0.128120364218437,-0.00486411420554587));
#3096=CARTESIAN_POINT('',(-0.01474,-0.128120364218437,-0.00486411420554587));
#3097=CARTESIAN_POINT('',(-0.00564,-0.119183086375303,-0.00717716324007062));
#3098=CARTESIAN_POINT('',(-0.00564,-0.127434499207502,-0.0033375191331468));
#3099=CARTESIAN_POINT('',(-0.01474,-0.127434499207502,-0.0033375191331468));
#3100=CARTESIAN_POINT('',(-0.00564000000000001,-0.11874272514375,-0.00626217227855941));
#3101=CARTESIAN_POINT('',(-0.00563999999999999,-0.126892199345186,-0.00221052094631737));
#3102=CARTESIAN_POINT('',(-0.01474,-0.126892199345186,-0.00221052094631737));
#3103=CARTESIAN_POINT('',(-0.00563999999999999,-0.118356825785301,-0.00551084532688498));
#3104=CARTESIAN_POINT('',(-0.00563999999999999,-0.126413910231148,-0.0012797786199144));
#3105=CARTESIAN_POINT('',(-0.01474,-0.126413910231148,-0.00127977861991441));
#3106=CARTESIAN_POINT('',(-0.00564000000000001,-0.118076641643922,-0.00499023214609342));
#3107=CARTESIAN_POINT('',(-0.00564000000000001,-0.126074359509845,-0.000648520882771284));
#3108=CARTESIAN_POINT('',(-0.01474,-0.126074359509845,-0.000648520882771268));
#3109=CARTESIAN_POINT('',(-0.00564,-0.117913632097829,-0.00469433628462643));
#3110=CARTESIAN_POINT('',(-0.00564,-0.125865105766269,-0.000268852215609509));
#3111=CARTESIAN_POINT('',(-0.01474,-0.125865105766269,-0.000268852215609534));
#3112=CARTESIAN_POINT('',(-0.00564,-0.117831262978548,-0.00454685749094044));
#3113=CARTESIAN_POINT('',(-0.00564,-0.125781300410168,-0.000118889013653786));
#3114=CARTESIAN_POINT('',(-0.01474,-0.125781300410168,-0.000118889013653734));
#3115=CARTESIAN_POINT('',(-0.00564,-0.117790165658748,-0.00447307077984923));
#3116=CARTESIAN_POINT('',(-0.00564,-0.125740203090368,-4.51023025625696E-5));
#3117=CARTESIAN_POINT('',(-0.01474,-0.125740203090368,-4.51023025625705E-5));
#3118=CARTESIAN_POINT('',(-0.07564,-0.117789961018701,-0.00447270336620479));
#3119=CARTESIAN_POINT('',(-0.07564,-0.12573999845032,-4.47348889181364E-5));
#3120=CARTESIAN_POINT('',(-0.06654,-0.12573999845032,-4.47348889181364E-5));
#3121=CARTESIAN_POINT('',(-0.07564,-0.1178311482238,-0.00454665145863537));
#3122=CARTESIAN_POINT('',(-0.07564,-0.125781185655419,-0.000118682981348717));
#3123=CARTESIAN_POINT('',(-0.06654,-0.125781185655419,-0.000118682981348882));
#3124=CARTESIAN_POINT('',(-0.07564,-0.117913697636361,-0.00469445218058919));
#3125=CARTESIAN_POINT('',(-0.07564,-0.125865174480428,-0.000268973404016802));
#3126=CARTESIAN_POINT('',(-0.06654,-0.125865174480428,-0.000268973404016727));
#3127=CARTESIAN_POINT('',(-0.07564,-0.118077062585151,-0.00499100018778369));
#3128=CARTESIAN_POINT('',(-0.07564,-0.126074884495494,-0.000649478561470191));
#3129=CARTESIAN_POINT('',(-0.06654,-0.126074884495494,-0.000649478561470235));
#3130=CARTESIAN_POINT('',(-0.07564,-0.118357852805546,-0.00551278031776527));
#3131=CARTESIAN_POINT('',(-0.07564,-0.126415169728185,-0.00128215206120273));
#3132=CARTESIAN_POINT('',(-0.06654,-0.126415169728185,-0.0012821520612027));
#3133=CARTESIAN_POINT('',(-0.07564,-0.118744574845348,-0.0062658378909378));
#3134=CARTESIAN_POINT('',(-0.07564,-0.12689447967283,-0.00221503939911222));
#3135=CARTESIAN_POINT('',(-0.06654,-0.12689447967283,-0.00221503939911223));
#3136=CARTESIAN_POINT('',(-0.07564,-0.119185835311447,-0.00718305373083363));
#3137=CARTESIAN_POINT('',(-0.07564,-0.127437894336054,-0.0033447940100397));
#3138=CARTESIAN_POINT('',(-0.06654,-0.127437894336054,-0.0033447940100397));
#3139=CARTESIAN_POINT('',(-0.07564,-0.119739442219318,-0.00841592274751739));
#3140=CARTESIAN_POINT('',(-0.07564,-0.128123350181622,-0.00487118794415999));
#3141=CARTESIAN_POINT('',(-0.06654,-0.128123350181622,-0.00487118794415998));
#3142=CARTESIAN_POINT('',(-0.07564,-0.120366604167138,-0.00997557117093887));
#3143=CARTESIAN_POINT('',(-0.07564,-0.128903080364751,-0.00680899296506836));
#3144=CARTESIAN_POINT('',(-0.06654,-0.128903080364751,-0.00680899296506835));
#3145=CARTESIAN_POINT('',(-0.07564,-0.121008656760968,-0.0118786717032377));
#3146=CARTESIAN_POINT('',(-0.07564,-0.12972361702135,-0.00923760282834178));
#3147=CARTESIAN_POINT('',(-0.06654,-0.12972361702135,-0.00923760282834179));
#3148=CARTESIAN_POINT('',(-0.07564,-0.121526076998,-0.0138176943499276));
#3149=CARTESIAN_POINT('',(-0.07564,-0.130401050013099,-0.0117728637546271));
#3150=CARTESIAN_POINT('',(-0.06654,-0.130401050013099,-0.0117728637546271));
#3151=CARTESIAN_POINT('',(-0.07564,-0.122034640587375,-0.0164534633539453));
#3152=CARTESIAN_POINT('',(-0.07564,-0.131080547175035,-0.0152867582694335));
#3153=CARTESIAN_POINT('',(-0.06654,-0.131080547175035,-0.0152867582694335));
#3154=CARTESIAN_POINT('',(-0.07564,-0.122289964270103,-0.0198669766553403));
#3155=CARTESIAN_POINT('',(-0.0756400000000001,-0.131427056130612,-0.0199162967550898));
#3156=CARTESIAN_POINT('',(-0.06654,-0.131427056130612,-0.0199162967550898));
#3157=CARTESIAN_POINT('',(-0.07564,-0.122020934953478,-0.0231981263049618));
#3158=CARTESIAN_POINT('',(-0.07564,-0.131063568446425,-0.0243463883166917));
#3159=CARTESIAN_POINT('',(-0.06654,-0.131063568446425,-0.0243463883166917));
#3160=CARTESIAN_POINT('',(-0.07564,-0.121541793726506,-0.0258389295049248));
#3161=CARTESIAN_POINT('',(-0.07564,-0.130445437538336,-0.027745735714364));
#3162=CARTESIAN_POINT('',(-0.06654,-0.130445437538336,-0.0277457357143641));
#3163=CARTESIAN_POINT('',(-0.07564,-0.121059888927238,-0.0278069810679429));
#3164=CARTESIAN_POINT('',(-0.07564,-0.129838351989564,-0.0302217208709586));
#3165=CARTESIAN_POINT('',(-0.06654,-0.129838351989564,-0.0302217208709586));
#3166=CARTESIAN_POINT('',(-0.07564,-0.120566557833169,-0.029432214070752));
#3167=CARTESIAN_POINT('',(-0.07564,-0.129230629127156,-0.0322214627632834));
#3168=CARTESIAN_POINT('',(-0.06654,-0.129230629127156,-0.0322214627632834));
#3169=CARTESIAN_POINT('',(-0.07564,-0.120126971949012,-0.0307111921113189));
#3170=CARTESIAN_POINT('',(-0.07564,-0.12869918197524,-0.033767742308204));
#3171=CARTESIAN_POINT('',(-0.06654,-0.12869918197524,-0.033767742308204));
#3172=CARTESIAN_POINT('',(-0.07564,-0.119834083563763,-0.0315039558380606));
#3173=CARTESIAN_POINT('',(-0.07564,-0.128346108462112,-0.0347228413188414));
#3174=CARTESIAN_POINT('',(-0.06654,-0.128346108462112,-0.0347228413188414));
#3175=CARTESIAN_POINT('',(-0.07564,-0.119620358765741,-0.0320554373740654));
#3176=CARTESIAN_POINT('',(-0.07564,-0.128095422853344,-0.0353699486422221));
#3177=CARTESIAN_POINT('',(-0.06654,-0.128095422853344,-0.0353699486422221));
#3178=CARTESIAN_POINT('',(-0.07564,-0.119495521004232,-0.032369527871109));
#3179=CARTESIAN_POINT('',(-0.07564,-0.127941596042216,-0.0357568980227107));
#3180=CARTESIAN_POINT('',(-0.06654,-0.127941596042216,-0.0357568980227106));
#3181=CARTESIAN_POINT('',(-0.07564,-0.119369991295881,-0.0326833488372569));
#3182=CARTESIAN_POINT('',(-0.0756399999999999,-0.127823180862526,-0.0360528378709434));
#3183=CARTESIAN_POINT('',(-0.06654,-0.127823180862526,-0.0360528378709435));
#3184=CARTESIAN_POINT('',(-0.07564,-0.119213315745208,-0.0330757172007264));
#3185=CARTESIAN_POINT('',(-0.0756400000000002,-0.127663054234518,-0.0364538799110138));
#3186=CARTESIAN_POINT('',(-0.06654,-0.127663054234518,-0.0364538799110137));
#3187=CARTESIAN_POINT('',(-0.07564,-0.118837099050371,-0.0340173251702082));
#3188=CARTESIAN_POINT('',(-0.0756399999999985,-0.127288748905586,-0.0373906839980692));
#3189=CARTESIAN_POINT('',(-0.06654,-0.127288748905588,-0.0373906839980698));
#3190=CARTESIAN_POINT('',(-0.07564,-0.118523636016419,-0.0348020182965881));
#3191=CARTESIAN_POINT('',(-0.0756400000000133,-0.126974224001717,-0.0381780459480307));
#3192=CARTESIAN_POINT('',(-0.06654,-0.126974224001702,-0.0381780459480255));
#3193=CARTESIAN_POINT('',(-0.07564,-0.118272849308205,-0.0354297664557415));
#3194=CARTESIAN_POINT('',(-0.07564,-0.126723437293474,-0.0388057941071732));
#3195=CARTESIAN_POINT('',(-0.06654,-0.126723437293474,-0.0388057941071732));
#3196=CARTESIAN_POINT('',(-0.06654,-0.127950294666023,-0.0357348280954737));
#3197=CARTESIAN_POINT('',(-0.0677770396342074,-0.127950294666023,-0.0357348280954737));
#3198=CARTESIAN_POINT('',(-0.0702117326257594,-0.127419772599383,-0.0357005078924456));
#3199=CARTESIAN_POINT('',(-0.0732473812545532,-0.125211509928417,-0.0355669274689895));
#3200=CARTESIAN_POINT('',(-0.075193977681067,-0.122033460995064,-0.0353990598233352));
#3201=CARTESIAN_POINT('',(-0.07564,-0.119562550936673,-0.0352949659562352));
#3202=CARTESIAN_POINT('',(-0.07564,-0.118344219438613,-0.0352511187582678));
#3203=CARTESIAN_POINT('',(-0.06654,-0.0688101994892325,-0.051020340129893));
#3204=CARTESIAN_POINT('',(-0.06654,-0.128334805369451,-0.0647323432832945));
#3205=CARTESIAN_POINT('',(-0.0677447500904551,-0.128334805369451,-0.0647323432832945));
#3206=CARTESIAN_POINT('',(-0.0701178351070377,-0.127877720501215,-0.0645952486065449));
#3207=CARTESIAN_POINT('',(-0.0731528006751258,-0.125927449324926,-0.0640038767328051));
#3208=CARTESIAN_POINT('',(-0.0751675131424628,-0.123037749551101,-0.0630997875401067));
#3209=CARTESIAN_POINT('',(-0.07564,-0.120750134220759,-0.0623366709687388));
#3210=CARTESIAN_POINT('',(-0.07564,-0.119638473643401,-0.0619186896160141));
#3211=CARTESIAN_POINT('',(-0.06654,-0.11726723795234,-0.0605954978497016));
#3212=CARTESIAN_POINT('',(-0.06654,-0.114234291017129,-0.0720150324970473));
#3213=CARTESIAN_POINT('',(-0.0677420159293391,-0.114234291017129,-0.0720150324970473));
#3214=CARTESIAN_POINT('',(-0.0701097122396001,-0.11434653907593,-0.0715545026674016));
#3215=CARTESIAN_POINT('',(-0.0731423229721253,-0.114827901563793,-0.0695864991390511));
#3216=CARTESIAN_POINT('',(-0.0751619237750595,-0.115551262665228,-0.0666599695163395));
#3217=CARTESIAN_POINT('',(-0.07564,-0.116140926650899,-0.0643287183966012));
#3218=CARTESIAN_POINT('',(-0.07564,-0.11644464452274,-0.0631833415858222));
#3219=CARTESIAN_POINT('',(-0.06654,-0.122908950711832,-0.0330220449868183));
#3220=CARTESIAN_POINT('',(-0.06654,-0.0961050465703747,-0.0626405108243216));
#3221=CARTESIAN_POINT('',(-0.067887186635653,-0.0961050465703747,-0.0626405108243216));
#3222=CARTESIAN_POINT('',(-0.0705273992679462,-0.0962410946682228,-0.0619442102949982));
#3223=CARTESIAN_POINT('',(-0.0735667029480809,-0.0967797749776197,-0.0592376414266875));
#3224=CARTESIAN_POINT('',(-0.0752979841339299,-0.0975218060916219,-0.0556348755953189));
#3225=CARTESIAN_POINT('',(-0.07564,-0.0980879189463862,-0.053015992831145));
#3226=CARTESIAN_POINT('',(-0.07564,-0.0983764465604376,-0.0517209034306175));
#3227=CARTESIAN_POINT('',(-0.06654,-0.0779357636793124,-0.0125589969411408));
#3228=CARTESIAN_POINT('',(-0.06654,-0.0608938597142696,-0.0630352723866701));
#3229=CARTESIAN_POINT('',(-0.0678887400028054,-0.0608938597142696,-0.0630352723866701));
#3230=CARTESIAN_POINT('',(-0.0705327363305742,-0.0607485142762838,-0.0623426012896703));
#3231=CARTESIAN_POINT('',(-0.0735784558412503,-0.0601669017950135,-0.0596468232483958));
#3232=CARTESIAN_POINT('',(-0.0753069836323826,-0.0593473503689137,-0.0560437763054952));
#3233=CARTESIAN_POINT('',(-0.07564,-0.0587139881516171,-0.0534586970287282));
#3234=CARTESIAN_POINT('',(-0.07564,-0.0583836109072912,-0.0521719968088205));
#3235=CARTESIAN_POINT('',(-0.06654,-0.0377055101638454,-0.0377343105512703));
#3236=CARTESIAN_POINT('',(-0.06654,-0.0371779167648967,-0.0720499027780468));
#3237=CARTESIAN_POINT('',(-0.0677439823317122,-0.0371779167648967,-0.0720499027780468));
#3238=CARTESIAN_POINT('',(-0.0701150939337781,-0.0372015598558407,-0.0715750352743098));
#3239=CARTESIAN_POINT('',(-0.0726463021626356,-0.037289388286548,-0.0698818384853633));
#3240=CARTESIAN_POINT('',(-0.074157322118939,-0.0373936108453281,-0.0680367766016493));
#3241=CARTESIAN_POINT('',(-0.075005243754453,-0.0374939619932257,-0.0664503151978501));
#3242=CARTESIAN_POINT('',(-0.0754373663422149,-0.03759480468956,-0.0650180098321241));
#3243=CARTESIAN_POINT('',(-0.0756116365810516,-0.0377166804217981,-0.0638423257459117));
#3244=CARTESIAN_POINT('',(-0.07564,-0.0377853323667894,-0.0632377149373888));
#3245=CARTESIAN_POINT('',(-0.07564,-0.0378703087189076,-0.062953419898426));
#3246=CARTESIAN_POINT('',(-0.06654,-0.0379660241305829,-0.062816031602025));
#3247=CARTESIAN_POINT('',(-0.06654,-0.029062699891417,-0.0653882500234458));
#3248=CARTESIAN_POINT('',(-0.0677421859406181,-0.029062699891417,-0.0653882500234458));
#3249=CARTESIAN_POINT('',(-0.070110174598732,-0.0295213139371772,-0.0652648921652571));
#3250=CARTESIAN_POINT('',(-0.0731433182685562,-0.031473005479933,-0.0647329173321343));
#3251=CARTESIAN_POINT('',(-0.0748256584630537,-0.03390836222168,-0.0640711428631562));
#3252=CARTESIAN_POINT('',(-0.0755216964732894,-0.0361025792195123,-0.0634358548460012));
#3253=CARTESIAN_POINT('',(-0.07564,-0.0372689579493479,-0.0631153803708086));
#3254=CARTESIAN_POINT('',(-0.07564,-0.0378206398261552,-0.0628991001763851));
#3255=CARTESIAN_POINT('',(-0.06654,-0.0882929685259089,-0.0504559691139481));
#3256=CARTESIAN_POINT('',(-0.06654,-0.0292405110323072,-0.0348353097283591));
#3257=CARTESIAN_POINT('',(-0.0677708137412471,-0.0292405110323072,-0.0348353097283591));
#3258=CARTESIAN_POINT('',(-0.0701937090761776,-0.0297613966245134,-0.034819114013126));
#3259=CARTESIAN_POINT('',(-0.0732293123449431,-0.0319399522286012,-0.034759567390551));
#3260=CARTESIAN_POINT('',(-0.0751884964021193,-0.0350923801792285,-0.0346951599381569));
#3261=CARTESIAN_POINT('',(-0.07564,-0.0375536389881127,-0.0346687484996006));
#3262=CARTESIAN_POINT('',(-0.07564,-0.0387666723050683,-0.0346625066164932));
#3263=CARTESIAN_POINT('',(-0.06654,-0.0301272757192609,-0.00214225432493937));
#3264=CARTESIAN_POINT('',(-0.07564,-0.0301272757192608,-0.00214225432493936));
#3265=CARTESIAN_POINT('',(-0.07564,-0.038334341046363,-0.00607342192715097));
#3266=CARTESIAN_POINT('',(-0.06654,-0.0299924708592173,-0.00242368529017373));
#3267=CARTESIAN_POINT('',(-0.07564,-0.0299924708592183,-0.0024236852901742));
#3268=CARTESIAN_POINT('',(-0.07564,-0.0381995361863207,-0.00635485289238584));
#3269=CARTESIAN_POINT('',(-0.06654,-0.0296435797976695,-0.00316097378088621));
#3270=CARTESIAN_POINT('',(-0.07564,-0.029643579797669,-0.00316097378088599));
#3271=CARTESIAN_POINT('',(-0.07564,-0.0379327427131974,-0.00691908627193005));
#3272=CARTESIAN_POINT('',(-0.06654,-0.0291841881251223,-0.00420685291982612));
#3273=CARTESIAN_POINT('',(-0.07564,-0.0291841881251225,-0.00420685291982618));
#3274=CARTESIAN_POINT('',(-0.07564,-0.0375558278412715,-0.00777607474813875));
#3275=CARTESIAN_POINT('',(-0.06654,-0.0287369801897826,-0.0052937014265819));
#3276=CARTESIAN_POINT('',(-0.07564,-0.0287369801897826,-0.00529370142658188));
#3277=CARTESIAN_POINT('',(-0.07564,-0.0371991557717645,-0.00864359509021125));
#3278=CARTESIAN_POINT('',(-0.06654,-0.0281796376240283,-0.00675786229210007));
#3279=CARTESIAN_POINT('',(-0.07564,-0.0281796376240283,-0.00675786229210008));
#3280=CARTESIAN_POINT('',(-0.07564,-0.0367558442234983,-0.00980807580790052));
#3281=CARTESIAN_POINT('',(-0.06654,-0.0275486233732808,-0.00863857601415065));
#3282=CARTESIAN_POINT('',(-0.07564,-0.0275486233732808,-0.00863857601415065));
#3283=CARTESIAN_POINT('',(-0.07564,-0.0362636457002444,-0.0112772831079233));
#3284=CARTESIAN_POINT('',(-0.06654,-0.0266960384133507,-0.0118194214480833));
#3285=CARTESIAN_POINT('',(-0.07564,-0.0266960384133507,-0.0118194214480833));
#3286=CARTESIAN_POINT('',(-0.07564,-0.0356266985355486,-0.013662387667251));
#3287=CARTESIAN_POINT('',(-0.06654,-0.0261717153766806,-0.015238730231178));
#3288=CARTESIAN_POINT('',(-0.07564,-0.0261717153766806,-0.0152387302311779));
#3289=CARTESIAN_POINT('',(-0.07564,-0.0352542419423113,-0.0161038444805188));
#3290=CARTESIAN_POINT('',(-0.06654,-0.026074241605813,-0.0187133428598358));
#3291=CARTESIAN_POINT('',(-0.07564,-0.026074241605813,-0.0187133428598358));
#3292=CARTESIAN_POINT('',(-0.07564,-0.0351821906890103,-0.0186208935610336));
#3293=CARTESIAN_POINT('',(-0.06654,-0.0262290042533129,-0.0220313219474766));
#3294=CARTESIAN_POINT('',(-0.07564,-0.0262290042533129,-0.0220313219474766));
#3295=CARTESIAN_POINT('',(-0.07564,-0.0352961273475026,-0.0210990647695119));
#3296=CARTESIAN_POINT('',(-0.06654,-0.026784865516637,-0.0258774307366789));
#3297=CARTESIAN_POINT('',(-0.07564,-0.026784865516637,-0.0258774307366789));
#3298=CARTESIAN_POINT('',(-0.07564,-0.0357300259714488,-0.0241455530128385));
#3299=CARTESIAN_POINT('',(-0.06654,-0.0276138951874601,-0.0294087573752979));
#3300=CARTESIAN_POINT('',(-0.07564,-0.0276138951874601,-0.0294087573752978));
#3301=CARTESIAN_POINT('',(-0.07564,-0.036430388172679,-0.0271430594689801));
#3302=CARTESIAN_POINT('',(-0.06654,-0.0283765416049102,-0.0321096859580491));
#3303=CARTESIAN_POINT('',(-0.07564,-0.0283765416049102,-0.0321096859580492));
#3304=CARTESIAN_POINT('',(-0.07564,-0.0371015660646244,-0.0295208979870853));
#3305=CARTESIAN_POINT('',(-0.06654,-0.0288866222690509,-0.0337584639418714));
#3306=CARTESIAN_POINT('',(-0.07564,-0.0288866222690509,-0.0337584639418713));
#3307=CARTESIAN_POINT('',(-0.07564,-0.0375590563468094,-0.031000476220208));
#3308=CARTESIAN_POINT('',(-0.06654,-0.0293111672202007,-0.0350502358499142));
#3309=CARTESIAN_POINT('',(-0.07564,-0.0293111672202006,-0.0350502358499143));
#3310=CARTESIAN_POINT('',(-0.07564,-0.0379465207720874,-0.0321794409895627));
#3311=CARTESIAN_POINT('',(-0.06654,-0.0296912883688628,-0.0361999788997501));
#3312=CARTESIAN_POINT('',(-0.07564,-0.0296912883688631,-0.0361999788997494));
#3313=CARTESIAN_POINT('',(-0.07564,-0.0383359120522174,-0.0333573858240707));
#3314=CARTESIAN_POINT('',(-0.06654,-0.02998637458592,-0.037094242680226));
#3315=CARTESIAN_POINT('',(-0.07564,-0.0299863745859187,-0.0370942426802292));
#3316=CARTESIAN_POINT('',(-0.07564,-0.0386275219699748,-0.0342410739352944));
#3317=CARTESIAN_POINT('',(-0.06654,-0.0301808775404993,-0.037683317090963));
#3318=CARTESIAN_POINT('',(-0.07564,-0.0301808775404993,-0.037683317090963));
#3319=CARTESIAN_POINT('',(-0.07564,-0.0388220249245534,-0.0348301483460315));
#3320=CARTESIAN_POINT('',(-0.07464,-0.0785833531866038,-0.024257448981059));
#3321=CARTESIAN_POINT('',(-0.0746400000000001,-0.0936114933018392,-0.032181947538131));
#3322=CARTESIAN_POINT('',(-0.07464,-0.0949391388205311,-0.032305395058674));
#3323=CARTESIAN_POINT('',(-0.07464,-0.096195978771565,-0.0327237715394506));
#3324=CARTESIAN_POINT('',(-0.07464,-0.0973483325228216,-0.0333959609696879));
#3325=CARTESIAN_POINT('',(-0.07464,-0.0982949413589628,-0.0343488449247504));
#3326=CARTESIAN_POINT('',(-0.07464,-0.0987625016165444,-0.0356563269775122));
#3327=CARTESIAN_POINT('',(-0.07464,-0.0983762058248661,-0.0369826807507062));
#3328=CARTESIAN_POINT('',(-0.07464,-0.0974951994869575,-0.0379928034491525));
#3329=CARTESIAN_POINT('',(-0.07464,-0.0964182335652407,-0.038775540752896));
#3330=CARTESIAN_POINT('',(-0.07464,-0.0948588395609298,-0.0395647867269137));
#3331=CARTESIAN_POINT('',(-0.07464,-0.0926712883945835,-0.0401485104212804));
#3332=CARTESIAN_POINT('',(-0.07464,-0.0900490582742341,-0.0394816668244259));
#3333=CARTESIAN_POINT('',(-0.07464,-0.0878852288627231,-0.0379522896268129));
#3334=CARTESIAN_POINT('',(-0.07464,-0.0862250987958089,-0.036514884602928));
#3335=CARTESIAN_POINT('',(-0.07464,-0.0849505382977404,-0.0353073613608385));
#3336=CARTESIAN_POINT('',(-0.07464,-0.0840213306088327,-0.0343700529180222));
#3337=CARTESIAN_POINT('',(-0.07464,-0.0831305048088198,-0.0333980259221529));
#3338=CARTESIAN_POINT('',(-0.07464,-0.0824351028265197,-0.032544866220213));
#3339=CARTESIAN_POINT('',(-0.07464,-0.0819646906461433,-0.0317987108463784));
#3340=CARTESIAN_POINT('',(-0.07464,-0.0817375468863693,-0.0311653215519942));
#3341=CARTESIAN_POINT('',(-0.07464,-0.0818340598364049,-0.0304845275323897));
#3342=CARTESIAN_POINT('',(-0.07464,-0.0822923314865246,-0.0299653914883928));
#3343=CARTESIAN_POINT('',(-0.07464,-0.0829510221727895,-0.0297768246940602));
#3344=CARTESIAN_POINT('',(-0.07464,-0.0838312062391416,-0.0299068925521229));
#3345=CARTESIAN_POINT('',(-0.07464,-0.084852142851997,-0.0303148083479106));
#3346=CARTESIAN_POINT('',(-0.07464,-0.0860279671302388,-0.0308877651907192));
#3347=CARTESIAN_POINT('',(-0.07464,-0.0871912234478048,-0.0314996675618891));
#3348=CARTESIAN_POINT('',(-0.07464,-0.088373014825535,-0.0320507598391848));
#3349=CARTESIAN_POINT('',(-0.07464,-0.0896241240923303,-0.032450964022801));
#3350=CARTESIAN_POINT('',(-0.07464,-0.0909749377637386,-0.0324373618351989));
#3351=CARTESIAN_POINT('',(-0.07464,-0.0922906497174106,-0.0322738284938477));
#3352=CARTESIAN_POINT('',(-0.0746400000000001,-0.0936114933018392,-0.032181947538131));
#3353=CARTESIAN_POINT('',(-0.07464,-0.0949391388205311,-0.032305395058674));
#3354=CARTESIAN_POINT('',(-0.07464,-0.096195978771565,-0.0327237715394506));
#3355=CARTESIAN_POINT('',(-0.07464,-0.0949273378925881,-0.0323545498853796));
#3356=CARTESIAN_POINT('',(-0.07464,-0.0619096616544922,-0.0321819475381309));
#3357=CARTESIAN_POINT('',(-0.07464,-0.0605820161357996,-0.032305395058674));
#3358=CARTESIAN_POINT('',(-0.07464,-0.059325176184766,-0.0327237715394506));
#3359=CARTESIAN_POINT('',(-0.0746399999999999,-0.0581728224335094,-0.0333959609696879));
#3360=CARTESIAN_POINT('',(-0.07464,-0.0572262135973683,-0.0343488449247503));
#3361=CARTESIAN_POINT('',(-0.07464,-0.0567586533397865,-0.0356563269775119));
#3362=CARTESIAN_POINT('',(-0.07464,-0.0571449491314646,-0.0369826807507059));
#3363=CARTESIAN_POINT('',(-0.07464,-0.058025955469373,-0.0379928034491522));
#3364=CARTESIAN_POINT('',(-0.07464,-0.0591029213910898,-0.0387755407528958));
#3365=CARTESIAN_POINT('',(-0.07464,-0.0606623153954006,-0.0395647867269135));
#3366=CARTESIAN_POINT('',(-0.07464,-0.0628498665617468,-0.0401485104212804));
#3367=CARTESIAN_POINT('',(-0.07464,-0.0654720966820962,-0.0394816668244262));
#3368=CARTESIAN_POINT('',(-0.07464,-0.0676359260936072,-0.0379522896268133));
#3369=CARTESIAN_POINT('',(-0.07464,-0.0692960561605213,-0.0365148846029286));
#3370=CARTESIAN_POINT('',(-0.07464,-0.07057061665859,-0.0353073613608391));
#3371=CARTESIAN_POINT('',(-0.07464,-0.0714998243474976,-0.034370052918023));
#3372=CARTESIAN_POINT('',(-0.07464,-0.0723906501475104,-0.0333980259221536));
#3373=CARTESIAN_POINT('',(-0.07464,-0.0730860521298107,-0.0325448662202138));
#3374=CARTESIAN_POINT('',(-0.07464,-0.0735564643101871,-0.0317987108463793));
#3375=CARTESIAN_POINT('',(-0.07464,-0.0737836080699615,-0.0311653215519953));
#3376=CARTESIAN_POINT('',(-0.07464,-0.0736870951199265,-0.0304845275323907));
#3377=CARTESIAN_POINT('',(-0.07464,-0.0732288234698072,-0.0299653914883934));
#3378=CARTESIAN_POINT('',(-0.07464,-0.0725701327835426,-0.0297768246940603));
#3379=CARTESIAN_POINT('',(-0.07464,-0.0716899487171904,-0.0299068925521225));
#3380=CARTESIAN_POINT('',(-0.07464,-0.070669012104335,-0.0303148083479101));
#3381=CARTESIAN_POINT('',(-0.07464,-0.0694931878260933,-0.0308877651907185));
#3382=CARTESIAN_POINT('',(-0.07464,-0.0683299315085273,-0.0314996675618885));
#3383=CARTESIAN_POINT('',(-0.07464,-0.0671481401307971,-0.0320507598391843));
#3384=CARTESIAN_POINT('',(-0.07464,-0.0658970308640024,-0.0324509640228007));
#3385=CARTESIAN_POINT('',(-0.07464,-0.0645462171925936,-0.0324373618351991));
#3386=CARTESIAN_POINT('',(-0.07464,-0.0632305052389211,-0.0322738284938478));
#3387=CARTESIAN_POINT('',(-0.07464,-0.0619096616544922,-0.0321819475381309));
#3388=CARTESIAN_POINT('',(-0.07464,-0.0605820161357996,-0.032305395058674));
#3389=CARTESIAN_POINT('',(-0.07464,-0.059325176184766,-0.0327237715394506));
#3390=CARTESIAN_POINT('',(-0.07464,-0.0605938170637428,-0.0323545498853796));
#3391=CARTESIAN_POINT('',(-0.07464,-0.122908950711832,-0.0330220449868183));
#3392=CARTESIAN_POINT('',(-0.07464,-0.0983764465604376,-0.0517209034306175));
#3393=CARTESIAN_POINT('',(-0.07464,-0.108843281864461,-0.0604746956223287));
#3394=CARTESIAN_POINT('',(-0.07464,-0.0779357636793124,-0.0125589969411408));
#3395=CARTESIAN_POINT('',(-0.07464,-0.0583836109072912,-0.0521719968088205));
#3396=CARTESIAN_POINT('',(-0.07464,-0.0377055101638454,-0.0377343105512703));
#3397=CARTESIAN_POINT('',(-0.07464,-0.0448380125034478,-0.0619243507580001));
#3398=CARTESIAN_POINT('',(-0.07464,-0.0448380125034485,-0.0619243507580017));
#3399=CARTESIAN_POINT('',(-0.07464,-0.0454501584566834,-0.0616394927861837));
#3400=CARTESIAN_POINT('',(-0.07464,-0.0466663791316267,-0.0610333952226748));
#3401=CARTESIAN_POINT('',(-0.07464,-0.0483928542755187,-0.0599886176406384));
#3402=CARTESIAN_POINT('',(-0.07464,-0.049977228749784,-0.0587754747660703));
#3403=CARTESIAN_POINT('',(-0.07464,-0.050808829574403,-0.0576926208103914));
#3404=CARTESIAN_POINT('',(-0.07464,-0.0512357971685948,-0.057164882941033));
#3405=CARTESIAN_POINT('',(-0.07464,-0.0512357971685948,-0.057164882941033));
#3406=CARTESIAN_POINT('',(-0.07464,-0.0742433289153579,-0.0159386771493228));
#3407=CARTESIAN_POINT('',(-0.07464,-0.0366516392446079,-0.0445010900158294));
#3408=CARTESIAN_POINT('',(-0.07464,-0.0882929685259089,-0.0504559691139481));
#3409=CARTESIAN_POINT('',(-0.07464,-0.0387666723050683,-0.0346625066164932));
#3410=CARTESIAN_POINT('',(-0.07464,-0.0353491955724344,-0.0157645652269133));
#3411=CARTESIAN_POINT('',(-0.07464,-0.0351678828338692,-0.0173916816842218));
#3412=CARTESIAN_POINT('',(-0.07464,-0.0351681752707882,-0.0206688145742631));
#3413=CARTESIAN_POINT('',(-0.07464,-0.0359604953500905,-0.0254021222161567));
#3414=CARTESIAN_POINT('',(-0.07464,-0.0372179489091744,-0.0300622185403979));
#3415=CARTESIAN_POINT('',(-0.07464,-0.0382598418677797,-0.0331275127556796));
#3416=CARTESIAN_POINT('',(-0.07464,-0.0387666723050683,-0.0346625066164932));
#3417=CARTESIAN_POINT('',(-0.07464,-0.0353491955724344,-0.0157645652269133));
#3418=CARTESIAN_POINT('',(-0.07464,-0.046837971903524,-0.00218461135112349));
#3419=CARTESIAN_POINT('',(-0.07464,-0.0408794093403092,-0.0189447623359637));
#3420=CARTESIAN_POINT('',(-0.07464,-0.0425528436899185,-0.0118947274506092));
#3421=CARTESIAN_POINT('',(-0.07464,-0.0471910208944472,-0.0174616553849871));
#3422=CARTESIAN_POINT('',(-0.07464,-0.0568146604246339,-0.01041937339587));
#3423=CARTESIAN_POINT('',(-0.07464,-0.0475989931670977,-0.0179877054723311));
#3424=CARTESIAN_POINT('',(-0.07464,-0.0635234625666132,-0.0174981439117899));
#3425=CARTESIAN_POINT('',(-0.07464,-0.0637925483449806,-0.0180159824123764));
#3426=CARTESIAN_POINT('',(-0.07464,-0.0641166992136879,-0.0191369179097107));
#3427=CARTESIAN_POINT('',(-0.0746400000000001,-0.0640304251360617,-0.0206056349767505));
#3428=CARTESIAN_POINT('',(-0.07464,-0.0636277945560708,-0.0216974376374684));
#3429=CARTESIAN_POINT('',(-0.07464,-0.0631183827844689,-0.0224179229170225));
#3430=CARTESIAN_POINT('',(-0.07464,-0.0623694344401544,-0.0229096116245393));
#3431=CARTESIAN_POINT('',(-0.07464,-0.0614783497880491,-0.0229975817789776));
#3432=CARTESIAN_POINT('',(-0.07464,-0.0606379513620591,-0.022724837156814));
#3433=CARTESIAN_POINT('',(-0.0746400000000001,-0.0596371013013248,-0.0221299297976443));
#3434=CARTESIAN_POINT('',(-0.07464,-0.058722843949506,-0.0214108046818297));
#3435=CARTESIAN_POINT('',(-0.07464,-0.0577758775021081,-0.0207377418295607));
#3436=CARTESIAN_POINT('',(-0.07464,-0.0570257129851507,-0.0202975336868345));
#3437=CARTESIAN_POINT('',(-0.07464,-0.0561985595928315,-0.0199770757894669));
#3438=CARTESIAN_POINT('',(-0.07464,-0.0553142285138501,-0.0200680988796679));
#3439=CARTESIAN_POINT('',(-0.07464,-0.0545175754067922,-0.0204360274369315));
#3440=CARTESIAN_POINT('',(-0.07464,-0.0535436066583476,-0.021034978058711));
#3441=CARTESIAN_POINT('',(-0.07464,-0.0524035245347038,-0.0219059392567952));
#3442=CARTESIAN_POINT('',(-0.07464,-0.051254509225497,-0.022772417722005));
#3443=CARTESIAN_POINT('',(-0.07464,-0.0502449316099949,-0.0233055647506738));
#3444=CARTESIAN_POINT('',(-0.07464,-0.0493976144016325,-0.0235181543846139));
#3445=CARTESIAN_POINT('',(-0.07464,-0.0485265081287537,-0.0233710035494274));
#3446=CARTESIAN_POINT('',(-0.07464,-0.047806920207226,-0.0228547636341556));
#3447=CARTESIAN_POINT('',(-0.07464,-0.0473254315508644,-0.0221299918144221));
#3448=CARTESIAN_POINT('',(-0.07464,-0.0469620223072628,-0.0210369480171264));
#3449=CARTESIAN_POINT('',(-0.07464,-0.0469412503780905,-0.0195841922150235));
#3450=CARTESIAN_POINT('',(-0.07464,-0.047315911964107,-0.0184898237837695));
#3451=CARTESIAN_POINT('',(-0.07464,-0.0475989931670977,-0.0179877054723311));
#3452=CARTESIAN_POINT('',(-0.07464,-0.0635234625666132,-0.0174981439117899));
#3453=CARTESIAN_POINT('',(-0.07464,-0.0584945060629864,-0.0115636332650741));
#3454=CARTESIAN_POINT('',(-0.07464,-0.0642429626926998,-0.0168042502619224));
#3455=CARTESIAN_POINT('',(-0.07464,-0.0785210989415646,0.00672139371856989));
#3456=CARTESIAN_POINT('',(-0.07464,-0.0932964036425314,-0.0164952268458363));
#3457=CARTESIAN_POINT('',(-0.07464,-0.100867123519654,-0.0123929998364403));
#3458=CARTESIAN_POINT('',(-0.07464,-0.0940623516012159,-0.01766928120048));
#3459=CARTESIAN_POINT('',(-0.07464,-0.0940623516012159,-0.01766928120048));
#3460=CARTESIAN_POINT('',(-0.07464,-0.0937433565056015,-0.0181342535338964));
#3461=CARTESIAN_POINT('',(-0.07464,-0.0932649306793032,-0.0191495886598571));
#3462=CARTESIAN_POINT('',(-0.07464,-0.0930136114754615,-0.0208165602529089));
#3463=CARTESIAN_POINT('',(-0.07464,-0.0932831043217133,-0.0222410895163504));
#3464=CARTESIAN_POINT('',(-0.07464,-0.0939936563913339,-0.0231443694668329));
#3465=CARTESIAN_POINT('',(-0.07464,-0.0947780413360003,-0.0235196571570183));
#3466=CARTESIAN_POINT('',(-0.07464,-0.0956463399678255,-0.0234821435407917));
#3467=CARTESIAN_POINT('',(-0.07464,-0.0966975492589151,-0.0230726878135909));
#3468=CARTESIAN_POINT('',(-0.07464,-0.0978764361508443,-0.0223002827759328));
#3469=CARTESIAN_POINT('',(-0.07464,-0.0990412950816564,-0.0215189037295487));
#3470=CARTESIAN_POINT('',(-0.07464,-0.100029807873586,-0.0209797352348408));
#3471=CARTESIAN_POINT('',(-0.07464,-0.100807108901094,-0.0206637759274579));
#3472=CARTESIAN_POINT('',(-0.07464,-0.101653805781032,-0.0205362489257267));
#3473=CARTESIAN_POINT('',(-0.07464,-0.10247884903184,-0.0207743136882589));
#3474=CARTESIAN_POINT('',(-0.07464,-0.103228394794341,-0.0211627729434343));
#3475=CARTESIAN_POINT('',(-0.07464,-0.104168241848896,-0.0217790603868942));
#3476=CARTESIAN_POINT('',(-0.07464,-0.105061961129814,-0.0224628215917911));
#3477=CARTESIAN_POINT('',(-0.07464,-0.106006909799711,-0.0230670100042661));
#3478=CARTESIAN_POINT('',(-0.07464,-0.106786135000304,-0.0234036069734537));
#3479=CARTESIAN_POINT('',(-0.07464,-0.107648923232768,-0.02345750574099));
#3480=CARTESIAN_POINT('',(-0.07464,-0.108438312394965,-0.0230998202463307));
#3481=CARTESIAN_POINT('',(-0.07464,-0.10900023728895,-0.0224534846577287));
#3482=CARTESIAN_POINT('',(-0.07464,-0.109448007157266,-0.0214157103018659));
#3483=CARTESIAN_POINT('',(-0.07464,-0.109571748116435,-0.0200060975800888));
#3484=CARTESIAN_POINT('',(-0.07464,-0.109313840757659,-0.0189069671204836));
#3485=CARTESIAN_POINT('',(-0.07464,-0.109092486568481,-0.0183899830984403));
#3486=CARTESIAN_POINT('',(-0.07464,-0.109092486568481,-0.0183899830984404));
#3487=CARTESIAN_POINT('',(-0.07464,-0.105582519253996,-0.0104838143583129));
#3488=CARTESIAN_POINT('',(-0.07464,-0.110717215555764,-0.0174452990120869));
#3489=CARTESIAN_POINT('',(-0.07464,-0.111414294185958,-0.0102329862214146));
#3490=CARTESIAN_POINT('',(-0.07464,-0.112233504983859,-0.0174324492622095));
#3491=CARTESIAN_POINT('',(-0.07464,-0.108146512640548,0.000834151253895469));
#3492=CARTESIAN_POINT('',(-0.07464,-0.121191529977126,-0.0125896978035709));
#3493=CARTESIAN_POINT('',(-0.07464,-0.118344219438613,-0.0352511187582678));
#3494=CARTESIAN_POINT('',(-0.07464,-0.119067232726179,-0.0334413328110159));
#3495=CARTESIAN_POINT('',(-0.07464,-0.12057508266512,-0.0298404492735539));
#3496=CARTESIAN_POINT('',(-0.07464,-0.122016307759785,-0.0241622514533043));
#3497=CARTESIAN_POINT('',(-0.07464,-0.122371157922258,-0.0183771607997716));
#3498=CARTESIAN_POINT('',(-0.07464,-0.121712906025774,-0.0144800473575989));
#3499=CARTESIAN_POINT('',(-0.07464,-0.121191529977126,-0.0125896978035709));
#3500=CARTESIAN_POINT('',(-0.07464,-0.118344219438613,-0.0352511187582678));
#3501=CARTESIAN_POINT('',(-0.07464,-0.0688101994892325,-0.051020340129893));
#3502=CARTESIAN_POINT('',(-0.07464,-0.120344337646677,-0.0441997771485553));
#3503=CARTESIAN_POINT('',(-0.07464,-0.077901972124337,-0.00957702160685395));
#3504=CARTESIAN_POINT('',(-0.07464,-0.105318655735777,-0.0569944767492642));
#3505=CARTESIAN_POINT('',(-0.07464,-0.105318655735777,-0.0569944767492642));
#3506=CARTESIAN_POINT('',(-0.07464,-0.105844337198819,-0.0576425770829607));
#3507=CARTESIAN_POINT('',(-0.07464,-0.10688568622883,-0.0589498144412761));
#3508=CARTESIAN_POINT('',(-0.07464,-0.108166848543073,-0.0599927445730677));
#3509=CARTESIAN_POINT('',(-0.07464,-0.108843281864462,-0.0604746956223273));
#3510=CARTESIAN_POINT('',(-0.07464,-0.0785833531866038,-0.024257448981059));
#3511=CARTESIAN_POINT('',(-0.07464,-0.0377055101638454,-0.0377343105512703));
#3512=CARTESIAN_POINT('',(-0.07464,-0.0378703087189076,-0.062953419898426));
#3513=CARTESIAN_POINT('',(-0.07464,-0.0379119196364308,-0.0629531136544546));
#3514=CARTESIAN_POINT('',(-0.07464,-0.0379660241305829,-0.062816031602025));
#3515=CARTESIAN_POINT('',(-0.07464,-0.0378241261447561,-0.0629049244906084));
#3516=CARTESIAN_POINT('',(-0.07464,-0.0378241261447542,-0.0629049244906142));
#3517=CARTESIAN_POINT('',(-0.07464,-0.0378532455670671,-0.0629214405790309));
#3518=CARTESIAN_POINT('',(-0.07464,-0.0378825109593322,-0.0629375008386526));
#3519=CARTESIAN_POINT('',(-0.07464,-0.0379119196364308,-0.0629531136544546));
#3520=CARTESIAN_POINT('',(-0.00664,-0.0785833531866038,-0.024257448981059));
#3521=CARTESIAN_POINT('',(-0.00664,-0.0378241261447517,-0.0629049244906127));
#3522=CARTESIAN_POINT('',(-0.00664,-0.0378532455670653,-0.06292144057903));
#3523=CARTESIAN_POINT('',(-0.00664,-0.0378825109593313,-0.0629375008386522));
#3524=CARTESIAN_POINT('',(-0.00664,-0.0379119196364307,-0.0629531136544546));
#3525=CARTESIAN_POINT('',(-0.00664,-0.0378241261447537,-0.0629049244906063));
#3526=CARTESIAN_POINT('',(-0.00664,-0.0379119196364307,-0.0629531136544546));
#3527=CARTESIAN_POINT('',(-0.00664,-0.0379660241305829,-0.062816031602025));
#3528=CARTESIAN_POINT('',(-0.00664,-0.0378703087189076,-0.062953419898426));
#3529=CARTESIAN_POINT('',(-0.00664,-0.0377055101638454,-0.0377343105512703));
#3530=CARTESIAN_POINT('',(-0.00664,-0.0785833531866038,-0.024257448981059));
#3531=CARTESIAN_POINT('',(-0.00664,-0.11726723795234,-0.0605954978497016));
#3532=CARTESIAN_POINT('',(-0.00664,-0.119638473643401,-0.0619186896160141));
#3533=CARTESIAN_POINT('',(-0.00664,-0.116972572387404,-0.0632948991458886));
#3534=CARTESIAN_POINT('',(-0.00664,-0.0688101994892325,-0.051020340129893));
#3535=CARTESIAN_POINT('',(-0.00664,-0.119641707897878,-0.0619035946024663));
#3536=CARTESIAN_POINT('',(-0.00664,-0.116972572387404,-0.0632948991458914));
#3537=CARTESIAN_POINT('',(-0.00664,-0.117480424223034,-0.0632446790039859));
#3538=CARTESIAN_POINT('',(-0.00664,-0.118501130374878,-0.062981375264655));
#3539=CARTESIAN_POINT('',(-0.00664,-0.119312557979367,-0.0623068934151813));
#3540=CARTESIAN_POINT('',(-0.00664,-0.119641707897878,-0.0619035946024663));
#3541=CARTESIAN_POINT('',(-0.00564,-0.0742433289153579,-0.0159386771493228));
#3542=CARTESIAN_POINT('',(-0.0744476053657273,-0.0351585580521322,-0.042421261004149));
#3543=CARTESIAN_POINT('',(-0.0744476053657273,-0.0351585580521322,-0.042421261004149));
#3544=CARTESIAN_POINT('',(-0.00683239463427269,-0.0351585580521322,-0.042421261004149));
#3545=CARTESIAN_POINT('',(-0.07464,-0.0366516392446079,-0.0445010900158294));
#3546=CARTESIAN_POINT('',(-0.07464,-0.0361322239276758,-0.043817474822127));
#3547=CARTESIAN_POINT('',(-0.0745754214887314,-0.0356347614256945,-0.0431240738354803));
#3548=CARTESIAN_POINT('',(-0.0744476053657273,-0.0351585580521322,-0.042421261004149));
#3549=CARTESIAN_POINT('',(-0.07464,-0.0512357971685948,-0.057164882941033));
#3550=CARTESIAN_POINT('',(-0.00664,-0.0512357971685948,-0.057164882941033));
#3551=CARTESIAN_POINT('',(-0.00664,-0.0742433289153579,-0.0159386771493228));
#3552=CARTESIAN_POINT('',(-0.00664,-0.0366516392446079,-0.0445010900158294));
#3553=CARTESIAN_POINT('',(-0.00683239463427269,-0.0351585580521322,-0.042421261004149));
#3554=CARTESIAN_POINT('',(-0.00670457851126857,-0.0356347614256945,-0.0431240738354803));
#3555=CARTESIAN_POINT('',(-0.00664,-0.0361322239276758,-0.0438174748221269));
#3556=CARTESIAN_POINT('',(-0.00664,-0.0366516392446079,-0.0445010900158294));
#3557=CARTESIAN_POINT('',(-0.00564,-0.100867123519654,-0.0123929998364403));
#3558=CARTESIAN_POINT('',(-0.07464,-0.0932964036425314,-0.0164952268458363));
#3559=CARTESIAN_POINT('',(-0.00664,-0.0932964036425314,-0.0164952268458363));
#3560=CARTESIAN_POINT('',(-0.00664,-0.100867123519654,-0.0123929998364403));
#3561=CARTESIAN_POINT('',(-0.00664,-0.0940623516012159,-0.01766928120048));
#3562=CARTESIAN_POINT('',(-0.07464,-0.0940623516012159,-0.01766928120048));
#3563=CARTESIAN_POINT('',(-0.07464,-0.0940623516012159,-0.01766928120048));
#3564=CARTESIAN_POINT('',(-0.00664000000000001,-0.0940623516012159,-0.01766928120048));
#3565=CARTESIAN_POINT('',(-0.07464,-0.093655736862496,-0.0182619693215933));
#3566=CARTESIAN_POINT('',(-0.00664000000000001,-0.093655736862496,-0.0182619693215933));
#3567=CARTESIAN_POINT('',(-0.07464,-0.0932610461258912,-0.0192232013025663));
#3568=CARTESIAN_POINT('',(-0.00664000000000002,-0.0932610461258912,-0.0192232013025663));
#3569=CARTESIAN_POINT('',(-0.07464,-0.0930871110556908,-0.020469467151829));
#3570=CARTESIAN_POINT('',(-0.00664000000000001,-0.0930871110556908,-0.020469467151829));
#3571=CARTESIAN_POINT('',(-0.07464,-0.093123159552233,-0.0213592484347975));
#3572=CARTESIAN_POINT('',(-0.00664000000000003,-0.093123159552233,-0.0213592484347975));
#3573=CARTESIAN_POINT('',(-0.07464,-0.0933316812013688,-0.0221829445923992));
#3574=CARTESIAN_POINT('',(-0.00663999999999999,-0.0933316812013688,-0.0221829445923992));
#3575=CARTESIAN_POINT('',(-0.07464,-0.0936989091595967,-0.022812944244673));
#3576=CARTESIAN_POINT('',(-0.00664000000000002,-0.0936989091595967,-0.022812944244673));
#3577=CARTESIAN_POINT('',(-0.07464,-0.0941815324491422,-0.0232272392466532));
#3578=CARTESIAN_POINT('',(-0.00663999999999998,-0.0941815324491422,-0.0232272392466532));
#3579=CARTESIAN_POINT('',(-0.07464,-0.0946536781075218,-0.0234436706770617));
#3580=CARTESIAN_POINT('',(-0.00664000000000002,-0.0946536781075218,-0.0234436706770617));
#3581=CARTESIAN_POINT('',(-0.07464,-0.095151816354294,-0.0235064843566192));
#3582=CARTESIAN_POINT('',(-0.00663999999999998,-0.095151816354294,-0.0235064843566192));
#3583=CARTESIAN_POINT('',(-0.07464,-0.0957386709684105,-0.0234403860877425));
#3584=CARTESIAN_POINT('',(-0.00664000000000001,-0.0957386709684105,-0.0234403860877425));
#3585=CARTESIAN_POINT('',(-0.07464,-0.0963652132519362,-0.0232075368835487));
#3586=CARTESIAN_POINT('',(-0.00664000000000001,-0.0963652132519362,-0.0232075368835487));
#3587=CARTESIAN_POINT('',(-0.07464,-0.0970699424349116,-0.022819710213057));
#3588=CARTESIAN_POINT('',(-0.00664000000000002,-0.0970699424349116,-0.022819710213057));
#3589=CARTESIAN_POINT('',(-0.07464,-0.0977786720289624,-0.022363650751903));
#3590=CARTESIAN_POINT('',(-0.00664000000000001,-0.0977786720289624,-0.022363650751903));
#3591=CARTESIAN_POINT('',(-0.07464,-0.0987401370121173,-0.0217223209359436));
#3592=CARTESIAN_POINT('',(-0.00664000000000001,-0.0987401370121173,-0.0217223209359436));
#3593=CARTESIAN_POINT('',(-0.07464,-0.0999609786153301,-0.0209651364328075));
#3594=CARTESIAN_POINT('',(-0.00664000000000002,-0.0999609786153301,-0.0209651364328075));
#3595=CARTESIAN_POINT('',(-0.07464,-0.10107846745591,-0.0205843296966807));
#3596=CARTESIAN_POINT('',(-0.00664000000000001,-0.10107846745591,-0.0205843296966807));
#3597=CARTESIAN_POINT('',(-0.07464,-0.101758357427611,-0.0205857859442565));
#3598=CARTESIAN_POINT('',(-0.00664000000000001,-0.101758357427611,-0.0205857859442565));
#3599=CARTESIAN_POINT('',(-0.07464,-0.102525164629478,-0.0207761101014826));
#3600=CARTESIAN_POINT('',(-0.00664000000000001,-0.102525164629478,-0.0207761101014826));
#3601=CARTESIAN_POINT('',(-0.07464,-0.103615690916261,-0.0213760253071912));
#3602=CARTESIAN_POINT('',(-0.00664000000000002,-0.103615690916261,-0.0213760253071912));
#3603=CARTESIAN_POINT('',(-0.07464,-0.104715878573897,-0.0222012338751592));
#3604=CARTESIAN_POINT('',(-0.00664000000000001,-0.104715878573897,-0.0222012338751592));
#3605=CARTESIAN_POINT('',(-0.07464,-0.105584809610722,-0.0228068434271597));
#3606=CARTESIAN_POINT('',(-0.00664000000000001,-0.105584809610722,-0.0228068434271597));
#3607=CARTESIAN_POINT('',(-0.07464,-0.106254913454586,-0.0231914659904127));
#3608=CARTESIAN_POINT('',(-0.00664000000000001,-0.106254913454586,-0.0231914659904127));
#3609=CARTESIAN_POINT('',(-0.07464,-0.106898089588774,-0.0234143433417272));
#3610=CARTESIAN_POINT('',(-0.00664000000000003,-0.106898089588774,-0.0234143433417272));
#3611=CARTESIAN_POINT('',(-0.07464,-0.107529608276367,-0.0234292521720663));
#3612=CARTESIAN_POINT('',(-0.00663999999999999,-0.107529608276367,-0.0234292521720663));
#3613=CARTESIAN_POINT('',(-0.07464,-0.10819919066691,-0.0232471125509891));
#3614=CARTESIAN_POINT('',(-0.00664000000000001,-0.10819919066691,-0.0232471125509891));
#3615=CARTESIAN_POINT('',(-0.07464,-0.108800146191101,-0.0227437409968268));
#3616=CARTESIAN_POINT('',(-0.00664000000000001,-0.108800146191101,-0.0227437409968268));
#3617=CARTESIAN_POINT('',(-0.07464,-0.109219936978579,-0.0220087834423593));
#3618=CARTESIAN_POINT('',(-0.00664000000000001,-0.109219936978579,-0.0220087834423593));
#3619=CARTESIAN_POINT('',(-0.07464,-0.109453251906241,-0.0211835211779401));
#3620=CARTESIAN_POINT('',(-0.00664000000000002,-0.109453251906241,-0.0211835211779401));
#3621=CARTESIAN_POINT('',(-0.07464,-0.109545187891119,-0.0199877817059286));
#3622=CARTESIAN_POINT('',(-0.00664000000000001,-0.109545187891119,-0.0199877817059286));
#3623=CARTESIAN_POINT('',(-0.07464,-0.109361002798039,-0.0190171164762015));
#3624=CARTESIAN_POINT('',(-0.00664000000000001,-0.109361002798039,-0.0190171164762015));
#3625=CARTESIAN_POINT('',(-0.07464,-0.109092486568481,-0.0183899830984404));
#3626=CARTESIAN_POINT('',(-0.00664000000000001,-0.109092486568481,-0.0183899830984404));
#3627=CARTESIAN_POINT('',(-0.00664,-0.0940623516012159,-0.01766928120048));
#3628=CARTESIAN_POINT('',(-0.00664,-0.0937433565056015,-0.0181342535338964));
#3629=CARTESIAN_POINT('',(-0.00664,-0.0932649306793032,-0.0191495886598571));
#3630=CARTESIAN_POINT('',(-0.00664,-0.0930136114754615,-0.0208165602529088));
#3631=CARTESIAN_POINT('',(-0.00664,-0.0932831043217132,-0.0222410895163503));
#3632=CARTESIAN_POINT('',(-0.00664,-0.0939936563913339,-0.0231443694668329));
#3633=CARTESIAN_POINT('',(-0.00664,-0.0947780413360001,-0.0235196571570183));
#3634=CARTESIAN_POINT('',(-0.00664,-0.0956463399678254,-0.0234821435407917));
#3635=CARTESIAN_POINT('',(-0.00664000000000001,-0.0966975492589148,-0.023072687813591));
#3636=CARTESIAN_POINT('',(-0.00663999999999999,-0.0978764361508442,-0.0223002827759329));
#3637=CARTESIAN_POINT('',(-0.00664,-0.0990412950816562,-0.0215189037295488));
#3638=CARTESIAN_POINT('',(-0.00664,-0.100029807873586,-0.0209797352348409));
#3639=CARTESIAN_POINT('',(-0.00664,-0.100807108901093,-0.020663775927458));
#3640=CARTESIAN_POINT('',(-0.00664,-0.101653805781032,-0.0205362489257267));
#3641=CARTESIAN_POINT('',(-0.00664,-0.102478849031839,-0.0207743136882588));
#3642=CARTESIAN_POINT('',(-0.00664,-0.103228394794341,-0.0211627729434342));
#3643=CARTESIAN_POINT('',(-0.00664,-0.104168241848896,-0.0217790603868941));
#3644=CARTESIAN_POINT('',(-0.00664,-0.105061961129814,-0.022462821591791));
#3645=CARTESIAN_POINT('',(-0.00664,-0.106006909799711,-0.023067010004266));
#3646=CARTESIAN_POINT('',(-0.00664,-0.106786135000304,-0.0234036069734536));
#3647=CARTESIAN_POINT('',(-0.00664,-0.107648923232768,-0.02345750574099));
#3648=CARTESIAN_POINT('',(-0.00664,-0.108438312394965,-0.0230998202463308));
#3649=CARTESIAN_POINT('',(-0.00664,-0.10900023728895,-0.0224534846577289));
#3650=CARTESIAN_POINT('',(-0.00664,-0.109448007157266,-0.021415710301866));
#3651=CARTESIAN_POINT('',(-0.00664,-0.109571748116435,-0.0200060975800889));
#3652=CARTESIAN_POINT('',(-0.00664,-0.109313840757659,-0.0189069671204837));
#3653=CARTESIAN_POINT('',(-0.00664,-0.109092486568481,-0.0183899830984403));
#3654=CARTESIAN_POINT('',(-0.00664,-0.109092486568481,-0.0183899830984404));
#3655=CARTESIAN_POINT('',(-0.07464,-0.109092486568481,-0.0183899830984404));
#3656=CARTESIAN_POINT('',(-0.00564,-0.105582519253996,-0.0104838143583129));
#3657=CARTESIAN_POINT('',(-0.00664,-0.105582519253996,-0.0104838143583129));
#3658=CARTESIAN_POINT('',(-0.00664,-0.110717215555764,-0.0174452990120869));
#3659=CARTESIAN_POINT('',(-0.07464,-0.110717215555764,-0.0174452990120869));
#3660=CARTESIAN_POINT('',(-0.00564,-0.111414294185958,-0.0102329862214146));
#3661=CARTESIAN_POINT('',(-0.00664,-0.111414294185958,-0.0102329862214146));
#3662=CARTESIAN_POINT('',(-0.00664,-0.112233504983859,-0.0174324492622095));
#3663=CARTESIAN_POINT('',(-0.07464,-0.112233504983859,-0.0174324492622095));
#3664=CARTESIAN_POINT('',(-0.00564,-0.108146512640548,0.000834151253895469));
#3665=CARTESIAN_POINT('',(-0.06654,-0.126370724841829,-0.00343788461579478));
#3666=CARTESIAN_POINT('',(-0.06654,-0.126370724841829,-0.00343788461579478));
#3667=CARTESIAN_POINT('',(-0.01474,-0.126370724841829,-0.00343788461579478));
#3668=CARTESIAN_POINT('',(-0.07464,-0.121191529977126,-0.0125896978035709));
#3669=CARTESIAN_POINT('',(-0.07464,-0.122073197653136,-0.0117329114921768));
#3670=CARTESIAN_POINT('',(-0.0742213310553429,-0.123627215774918,-0.00988313438233264));
#3671=CARTESIAN_POINT('',(-0.072867858148795,-0.124985912352885,-0.00744512744808489));
#3672=CARTESIAN_POINT('',(-0.0713652819434788,-0.125707808756555,-0.00569035967797768));
#3673=CARTESIAN_POINT('',(-0.0695392860825014,-0.126220375789642,-0.00413273678061287));
#3674=CARTESIAN_POINT('',(-0.067776885108381,-0.126370724841829,-0.00343788461579475));
#3675=CARTESIAN_POINT('',(-0.06654,-0.126370724841829,-0.00343788461579475));
#3676=CARTESIAN_POINT('',(-0.00664,-0.108146512640548,0.000834151253895469));
#3677=CARTESIAN_POINT('',(-0.00664,-0.121191529977126,-0.0125896978035709));
#3678=CARTESIAN_POINT('',(-0.01474,-0.126370724841829,-0.00343788461579478));
#3679=CARTESIAN_POINT('',(-0.0135035394445467,-0.126370724841829,-0.00343788461579478));
#3680=CARTESIAN_POINT('',(-0.0111624298946479,-0.126169752834006,-0.00437001539504966));
#3681=CARTESIAN_POINT('',(-0.00867530006747827,-0.125253638645623,-0.00697498380772487));
#3682=CARTESIAN_POINT('',(-0.00705720096160641,-0.123621726415116,-0.00988756826301601));
#3683=CARTESIAN_POINT('',(-0.00664,-0.122073750482037,-0.0117323742645482));
#3684=CARTESIAN_POINT('',(-0.00664,-0.121191529977126,-0.0125896978035709));
#3685=CARTESIAN_POINT('',(-0.06654,-0.126899598553235,-0.0356693665306031));
#3686=CARTESIAN_POINT('',(-0.01474,-0.126899598553235,-0.0356693665306031));
#3687=CARTESIAN_POINT('',(-0.06654,-0.127533930664627,-0.0340815598321228));
#3688=CARTESIAN_POINT('',(-0.01474,-0.127533930664627,-0.0340815598321228));
#3689=CARTESIAN_POINT('',(-0.06654,-0.128616816899775,-0.0310567804313011));
#3690=CARTESIAN_POINT('',(-0.01474,-0.128616816899775,-0.0310567804313011));
#3691=CARTESIAN_POINT('',(-0.0665400000000001,-0.130048628010353,-0.0252372814153874));
#3692=CARTESIAN_POINT('',(-0.0147400000000001,-0.130048628010353,-0.0252372814153874));
#3693=CARTESIAN_POINT('',(-0.06654,-0.130563072127413,-0.0184579356634911));
#3694=CARTESIAN_POINT('',(-0.01474,-0.130563072127413,-0.0184579356634911));
#3695=CARTESIAN_POINT('',(-0.0665400000000001,-0.129380581551096,-0.0108258439481411));
#3696=CARTESIAN_POINT('',(-0.0147400000000001,-0.129380581551096,-0.0108258439481411));
#3697=CARTESIAN_POINT('',(-0.06654,-0.127527077266844,-0.00587467202808741));
#3698=CARTESIAN_POINT('',(-0.01474,-0.127527077266844,-0.00587467202808741));
#3699=CARTESIAN_POINT('',(-0.06654,-0.126370724841829,-0.00343788461579479));
#3700=CARTESIAN_POINT('',(-0.01474,-0.126370724841829,-0.00343788461579479));
#3701=CARTESIAN_POINT('',(-0.04064,-0.126899598553235,-0.035669366530603));
#3702=CARTESIAN_POINT('',(-0.06654,-0.126899598553235,-0.035669366530603));
#3703=CARTESIAN_POINT('',(-0.01474,-0.12689959855324,-0.0356693665305906));
#3704=CARTESIAN_POINT('',(-0.06654,-0.126370724841829,-0.00343788461579477));
#3705=CARTESIAN_POINT('',(-0.06654,-0.127569293684551,-0.00596363490223778));
#3706=CARTESIAN_POINT('',(-0.06654,-0.129017425699972,-0.00985058156514534));
#3707=CARTESIAN_POINT('',(-0.06654,-0.130075600109275,-0.015279023857591));
#3708=CARTESIAN_POINT('',(-0.06654,-0.13046655546076,-0.0208941639758148));
#3709=CARTESIAN_POINT('',(-0.06654,-0.129838711267141,-0.0263536801606128));
#3710=CARTESIAN_POINT('',(-0.06654,-0.128382222224985,-0.0317613007539994));
#3711=CARTESIAN_POINT('',(-0.06654,-0.127416464486212,-0.0343755912733555));
#3712=CARTESIAN_POINT('',(-0.06654,-0.126899598553235,-0.0356693665306031));
#3713=CARTESIAN_POINT('',(-0.01474,-0.126370724841829,-0.00343788461579477));
#3714=CARTESIAN_POINT('',(-0.01474,-0.127567092631458,-0.00595899661173481));
#3715=CARTESIAN_POINT('',(-0.01474,-0.129015930917629,-0.00984547629491798));
#3716=CARTESIAN_POINT('',(-0.01474,-0.130072622865396,-0.0152645317098477));
#3717=CARTESIAN_POINT('',(-0.01474,-0.130370536424976,-0.0194643643352103));
#3718=CARTESIAN_POINT('',(-0.01474,-0.130148054723476,-0.0236657181054117));
#3719=CARTESIAN_POINT('',(-0.01474,-0.129237138949769,-0.0291252549255602));
#3720=CARTESIAN_POINT('',(-0.01474,-0.127934831737673,-0.0330780580421639));
#3721=CARTESIAN_POINT('',(-0.01474,-0.12689959855324,-0.0356693665305907));
#3722=CARTESIAN_POINT('',(-0.00564,-0.0688101994892325,-0.051020340129893));
#3723=CARTESIAN_POINT('',(-0.00564,-0.127375314781191,-0.0644426329631865));
#3724=CARTESIAN_POINT('',(-0.06654,-0.127375314781191,-0.0644426329631865));
#3725=CARTESIAN_POINT('',(-0.0147400000000081,-0.127375314781191,-0.064442632963186));
#3726=CARTESIAN_POINT('',(-0.06654,-0.0688101994892325,-0.051020340129893));
#3727=CARTESIAN_POINT('',(-0.01474,-0.0688101994892325,-0.051020340129893));
#3728=CARTESIAN_POINT('',(-0.00564,-0.11726723795234,-0.0605954978497016));
#3729=CARTESIAN_POINT('',(-0.00564,-0.114471629796423,-0.0710433799699181));
#3730=CARTESIAN_POINT('',(-0.0665400000000009,-0.114471629796423,-0.0710433799699181));
#3731=CARTESIAN_POINT('',(-0.0147400000000142,-0.114471629796423,-0.071043379969918));
#3732=CARTESIAN_POINT('',(-0.06654,-0.11726723795234,-0.0605954978497016));
#3733=CARTESIAN_POINT('',(-0.01474,-0.11726723795234,-0.0605954978497016));
#3734=CARTESIAN_POINT('',(-0.00564,-0.122908950711832,-0.0330220449868183));
#3735=CARTESIAN_POINT('',(-0.00564,-0.0963318182018723,-0.0614907352565643));
#3736=CARTESIAN_POINT('',(-0.0665399999999949,-0.0963318182018723,-0.0614907352565643));
#3737=CARTESIAN_POINT('',(-0.0147399999999949,-0.0963318182018723,-0.0614907352565643));
#3738=CARTESIAN_POINT('',(-0.06654,-0.122908950711832,-0.0330220449868183));
#3739=CARTESIAN_POINT('',(-0.01474,-0.122908950711832,-0.0330220449868183));
#3740=CARTESIAN_POINT('',(-0.00564,-0.0779357636793124,-0.0125589969411408));
#3741=CARTESIAN_POINT('',(-0.00564,-0.0606510151778799,-0.0618942511292801));
#3742=CARTESIAN_POINT('',(-0.0665399999999939,-0.0606510151778799,-0.06189425112928));
#3743=CARTESIAN_POINT('',(-0.0147399999999938,-0.0606510151778799,-0.0618942511292801));
#3744=CARTESIAN_POINT('',(-0.06654,-0.0779357636793124,-0.0125589969411408));
#3745=CARTESIAN_POINT('',(-0.01474,-0.0779357636793124,-0.0125589969411408));
#3746=CARTESIAN_POINT('',(-0.00564,-0.0377055101638454,-0.0377343105512703));
#3747=CARTESIAN_POINT('',(-0.00564,-0.0372289245376465,-0.0710505497631463));
#3748=CARTESIAN_POINT('',(-0.06654,-0.0372289245376466,-0.0710505497631463));
#3749=CARTESIAN_POINT('',(-0.01474,-0.037228924537647,-0.0710505497631463));
#3750=CARTESIAN_POINT('',(-0.06654,-0.0377055101638454,-0.0377343105512703));
#3751=CARTESIAN_POINT('',(-0.01474,-0.0377055101638454,-0.0377343105512703));
#3752=CARTESIAN_POINT('',(-0.00564,-0.0379660241305829,-0.062816031602025));
#3753=CARTESIAN_POINT('',(-0.00564,-0.0300280688260996,-0.0651267610841951));
#3754=CARTESIAN_POINT('',(-0.06654,-0.0300280688260997,-0.0651267610841953));
#3755=CARTESIAN_POINT('',(-0.01474,-0.0300280688260997,-0.0651267610841953));
#3756=CARTESIAN_POINT('',(-0.06654,-0.0379660241305829,-0.062816031602025));
#3757=CARTESIAN_POINT('',(-0.01474,-0.0379660241305829,-0.062816031602025));
#3758=CARTESIAN_POINT('',(-0.00564,-0.0882929685259089,-0.0504559691139481));
#3759=CARTESIAN_POINT('',(-0.04064,-0.0302836445350074,-0.0348051223578868));
#3760=CARTESIAN_POINT('',(-0.06654,-0.0302836445350074,-0.0348051223578868));
#3761=CARTESIAN_POINT('',(-0.0147399999999997,-0.0302836445350044,-0.0348051223578779));
#3762=CARTESIAN_POINT('',(-0.06654,-0.0882929685259089,-0.0504559691139481));
#3763=CARTESIAN_POINT('',(-0.01474,-0.0882929685259089,-0.0504559691139481));
#3764=CARTESIAN_POINT('',(-0.06654,-0.0302836445350074,-0.0348051223578868));
#3765=CARTESIAN_POINT('',(-0.0147399999999997,-0.0302836445350074,-0.0348051223578868));
#3766=CARTESIAN_POINT('',(-0.06654,-0.0292899603515259,-0.0317956363266375));
#3767=CARTESIAN_POINT('',(-0.0147399999999997,-0.0292899603515259,-0.0317956363266375));
#3768=CARTESIAN_POINT('',(-0.06654,-0.0277600398651303,-0.0263413310821333));
#3769=CARTESIAN_POINT('',(-0.0147399999999997,-0.0277600398651303,-0.0263413310821333));
#3770=CARTESIAN_POINT('',(-0.06654,-0.0268894844162168,-0.0192248083112695));
#3771=CARTESIAN_POINT('',(-0.0147399999999997,-0.0268894844162168,-0.0192248083112695));
#3772=CARTESIAN_POINT('',(-0.06654,-0.027385697931166,-0.012709005245687));
#3773=CARTESIAN_POINT('',(-0.0147399999999997,-0.027385697931166,-0.012709005245687));
#3774=CARTESIAN_POINT('',(-0.06654,-0.0286365324982281,-0.00836017938777191));
#3775=CARTESIAN_POINT('',(-0.0147399999999997,-0.0286365324982281,-0.00836017938777191));
#3776=CARTESIAN_POINT('',(-0.06654,-0.0294920605545213,-0.00612497787302534));
#3777=CARTESIAN_POINT('',(-0.0147399999999997,-0.0294920605545213,-0.00612497787302534));
#3778=CARTESIAN_POINT('',(-0.06654,-0.0294920605545213,-0.00612497787302534));
#3779=CARTESIAN_POINT('',(-0.06654,-0.0294920605545213,-0.00612497787302534));
#3780=CARTESIAN_POINT('',(-0.01474,-0.0294920605545213,-0.00612497787302534));
#3781=CARTESIAN_POINT('',(-0.06654,-0.0294920605545213,-0.00612497787302534));
#3782=CARTESIAN_POINT('',(-0.06654,-0.028608336841368,-0.00843384497297334));
#3783=CARTESIAN_POINT('',(-0.06654,-0.0275927391260803,-0.0119576545748651));
#3784=CARTESIAN_POINT('',(-0.06654,-0.0270686594431152,-0.0168456450679391));
#3785=CARTESIAN_POINT('',(-0.06654,-0.0271250972802175,-0.0217996622303141));
#3786=CARTESIAN_POINT('',(-0.06654,-0.0281165691818289,-0.0277789029551348));
#3787=CARTESIAN_POINT('',(-0.06654,-0.0295142604777079,-0.0324749548744955));
#3788=CARTESIAN_POINT('',(-0.06654,-0.0302836445350074,-0.0348051223578869));
#3789=CARTESIAN_POINT('',(-0.01474,-0.0294920605545213,-0.00612497787302534));
#3790=CARTESIAN_POINT('',(-0.01474,-0.0286117641395625,-0.00842489061775431));
#3791=CARTESIAN_POINT('',(-0.01474,-0.0272402257306355,-0.0131491649656614));
#3792=CARTESIAN_POINT('',(-0.01474,-0.026918512930002,-0.0205638936734679));
#3793=CARTESIAN_POINT('',(-0.01474,-0.0281131056659497,-0.027765678203752));
#3794=CARTESIAN_POINT('',(-0.01474,-0.0295155501253762,-0.0324788607197405));
#3795=CARTESIAN_POINT('',(-0.01474,-0.0302836445350044,-0.0348051223578779));
#3796=CARTESIAN_POINT('',(-0.00564,-0.046837971903524,-0.00218461135112349));
#3797=CARTESIAN_POINT('',(-0.00664,-0.046837971903524,-0.00218461135112349));
#3798=CARTESIAN_POINT('',(-0.00664,-0.0353491955724343,-0.0157645652269133));
#3799=CARTESIAN_POINT('',(-0.00664,-0.0408794093403092,-0.0189447623359637));
#3800=CARTESIAN_POINT('',(-0.07464,-0.0408794093403092,-0.0189447623359637));
#3801=CARTESIAN_POINT('',(-0.06654,-0.0294920605545213,-0.00612497787302534));
#3802=CARTESIAN_POINT('',(-0.0671860179714575,-0.0294920605545213,-0.00612497787302534));
#3803=CARTESIAN_POINT('',(-0.0684498958277915,-0.0295529113157011,-0.00640508073410518));
#3804=CARTESIAN_POINT('',(-0.0706264050590129,-0.0299084794346521,-0.0077440772768571));
#3805=CARTESIAN_POINT('',(-0.072657020583548,-0.0307887442047767,-0.0100926106556701));
#3806=CARTESIAN_POINT('',(-0.0742324721109765,-0.0326360968337601,-0.013102957150453));
#3807=CARTESIAN_POINT('',(-0.074639999999999,-0.0343694910525934,-0.0149357254383573));
#3808=CARTESIAN_POINT('',(-0.07464,-0.0353491955724344,-0.0157645652269133));
#3809=CARTESIAN_POINT('',(-0.00664,-0.0353491955724343,-0.0157645652269133));
#3810=CARTESIAN_POINT('',(-0.00664,-0.0343685511830378,-0.0149349302993455));
#3811=CARTESIAN_POINT('',(-0.0070439555015121,-0.0326451648030682,-0.0131138672690303));
#3812=CARTESIAN_POINT('',(-0.00862000190900837,-0.0307900599204833,-0.0100965573472775));
#3813=CARTESIAN_POINT('',(-0.0106474681805494,-0.0299101309962663,-0.00774928854890593));
#3814=CARTESIAN_POINT('',(-0.0128282177312994,-0.0295528874404656,-0.00640526301653854));
#3815=CARTESIAN_POINT('',(-0.0140942026517973,-0.0294920605545213,-0.00612497787302535));
#3816=CARTESIAN_POINT('',(-0.01474,-0.0294920605545213,-0.00612497787302535));
#3817=CARTESIAN_POINT('',(-0.00564,-0.0425528436899185,-0.0118947274506092));
#3818=CARTESIAN_POINT('',(-0.00664,-0.0425528436899185,-0.0118947274506092));
#3819=CARTESIAN_POINT('',(-0.00664,-0.0471910208944472,-0.0174616553849871));
#3820=CARTESIAN_POINT('',(-0.07464,-0.0471910208944472,-0.0174616553849871));
#3821=CARTESIAN_POINT('',(-0.00564,-0.0568146604246339,-0.01041937339587));
#3822=CARTESIAN_POINT('',(-0.00664,-0.0568146604246339,-0.01041937339587));
#3823=CARTESIAN_POINT('',(-0.00664,-0.0475989931670977,-0.0179877054723311));
#3824=CARTESIAN_POINT('',(-0.07464,-0.0475989931670977,-0.0179877054723311));
#3825=CARTESIAN_POINT('',(-0.07464,-0.0635234625666132,-0.0174981439117899));
#3826=CARTESIAN_POINT('',(-0.00663999999999999,-0.0635234625666132,-0.0174981439117899));
#3827=CARTESIAN_POINT('',(-0.07464,-0.0638542521669615,-0.0181347275012063));
#3828=CARTESIAN_POINT('',(-0.00663999999999999,-0.0638542521669615,-0.0181347275012063));
#3829=CARTESIAN_POINT('',(-0.07464,-0.0640908582482751,-0.0191489518372467));
#3830=CARTESIAN_POINT('',(-0.00663999999999997,-0.0640908582482751,-0.0191489518372467));
#3831=CARTESIAN_POINT('',(-0.07464,-0.064025525055145,-0.0204155941477572));
#3832=CARTESIAN_POINT('',(-0.00664000000000002,-0.064025525055145,-0.0204155941477572));
#3833=CARTESIAN_POINT('',(-0.07464,-0.0638036749297139,-0.0212960282031653));
#3834=CARTESIAN_POINT('',(-0.00663999999999999,-0.0638036749297139,-0.0212960282031653));
#3835=CARTESIAN_POINT('',(-0.07464,-0.0633989049490762,-0.022075230790487));
#3836=CARTESIAN_POINT('',(-0.00664000000000002,-0.0633989049490762,-0.022075230790487));
#3837=CARTESIAN_POINT('',(-0.07464,-0.0627567786974553,-0.022742891653378));
#3838=CARTESIAN_POINT('',(-0.00664000000000001,-0.0627567786974553,-0.022742891653378));
#3839=CARTESIAN_POINT('',(-0.07464,-0.061697756567339,-0.0230387873522761));
#3840=CARTESIAN_POINT('',(-0.00663999999999999,-0.061697756567339,-0.0230387873522761));
#3841=CARTESIAN_POINT('',(-0.07464,-0.0608254534637976,-0.0228023374151942));
#3842=CARTESIAN_POINT('',(-0.00664000000000001,-0.0608254534637976,-0.0228023374151942));
#3843=CARTESIAN_POINT('',(-0.07464,-0.0601140684861292,-0.0224259503464528));
#3844=CARTESIAN_POINT('',(-0.00663999999999999,-0.0601140684861292,-0.0224259503464528));
#3845=CARTESIAN_POINT('',(-0.07464,-0.0594359898682835,-0.0219580928998456));
#3846=CARTESIAN_POINT('',(-0.00664000000000002,-0.0594359898682835,-0.0219580928998456));
#3847=CARTESIAN_POINT('',(-0.07464,-0.0587644193598657,-0.021452827039033));
#3848=CARTESIAN_POINT('',(-0.00663999999999998,-0.0587644193598657,-0.021452827039033));
#3849=CARTESIAN_POINT('',(-0.07464,-0.0578681617193562,-0.020790921128623));
#3850=CARTESIAN_POINT('',(-0.00663999999999999,-0.0578681617193562,-0.020790921128623));
#3851=CARTESIAN_POINT('',(-0.07464,-0.0569875083091356,-0.0202566909564847));
#3852=CARTESIAN_POINT('',(-0.00664000000000002,-0.0569875083091356,-0.0202566909564847));
#3853=CARTESIAN_POINT('',(-0.07464,-0.0562186374005259,-0.0200283539756548));
#3854=CARTESIAN_POINT('',(-0.00663999999999998,-0.0562186374005259,-0.0200283539756548));
#3855=CARTESIAN_POINT('',(-0.07464,-0.0557469282500901,-0.0200080739169651));
#3856=CARTESIAN_POINT('',(-0.00663999999999999,-0.0557469282500901,-0.0200080739169651));
#3857=CARTESIAN_POINT('',(-0.07464,-0.0551783704405171,-0.0201396368984177));
#3858=CARTESIAN_POINT('',(-0.00663999999999998,-0.0551783704405171,-0.0201396368984177));
#3859=CARTESIAN_POINT('',(-0.07464,-0.0543036371968332,-0.0205329947948912));
#3860=CARTESIAN_POINT('',(-0.00664000000000001,-0.0543036371968332,-0.0205329947948912));
#3861=CARTESIAN_POINT('',(-0.07464,-0.0530972442004108,-0.0213585287519712));
#3862=CARTESIAN_POINT('',(-0.00663999999999998,-0.0530972442004108,-0.0213585287519712));
#3863=CARTESIAN_POINT('',(-0.07464,-0.0518937012070333,-0.0223059591048008));
#3864=CARTESIAN_POINT('',(-0.00664000000000001,-0.0518937012070333,-0.0223059591048008));
#3865=CARTESIAN_POINT('',(-0.07464,-0.0509321519673281,-0.0229496007570358));
#3866=CARTESIAN_POINT('',(-0.00663999999999998,-0.0509321519673281,-0.0229496007570358));
#3867=CARTESIAN_POINT('',(-0.07464,-0.0501847251908398,-0.0233265157490942));
#3868=CARTESIAN_POINT('',(-0.00663999999999999,-0.0501847251908398,-0.0233265157490942));
#3869=CARTESIAN_POINT('',(-0.07464,-0.0492905809679897,-0.0235451158624828));
#3870=CARTESIAN_POINT('',(-0.00664000000000001,-0.0492905809679897,-0.0235451158624828));
#3871=CARTESIAN_POINT('',(-0.07464,-0.0482467027098688,-0.0232504918871133));
#3872=CARTESIAN_POINT('',(-0.00664000000000001,-0.0482467027098688,-0.0232504918871133));
#3873=CARTESIAN_POINT('',(-0.07464,-0.0475893011575448,-0.0225855712594183));
#3874=CARTESIAN_POINT('',(-0.00663999999999999,-0.0475893011575448,-0.0225855712594183));
#3875=CARTESIAN_POINT('',(-0.07464,-0.0471859984030493,-0.0217965269636374));
#3876=CARTESIAN_POINT('',(-0.00663999999999999,-0.0471859984030493,-0.0217965269636374));
#3877=CARTESIAN_POINT('',(-0.07464,-0.046981729290341,-0.0209099290576475));
#3878=CARTESIAN_POINT('',(-0.00664000000000001,-0.046981729290341,-0.0209099290576475));
#3879=CARTESIAN_POINT('',(-0.07464,-0.0469573550618676,-0.0196377422901152));
#3880=CARTESIAN_POINT('',(-0.00663999999999998,-0.0469573550618676,-0.0196377422901152));
#3881=CARTESIAN_POINT('',(-0.07464,-0.0472403662816471,-0.0186238237460151));
#3882=CARTESIAN_POINT('',(-0.00664000000000001,-0.0472403662816471,-0.0186238237460151));
#3883=CARTESIAN_POINT('',(-0.07464,-0.0475989931670976,-0.0179877054723311));
#3884=CARTESIAN_POINT('',(-0.00664000000000001,-0.0475989931670976,-0.0179877054723311));
#3885=CARTESIAN_POINT('',(-0.00664,-0.0635234625666132,-0.0174981439117899));
#3886=CARTESIAN_POINT('',(-0.00664,-0.0637925483449806,-0.0180159824123765));
#3887=CARTESIAN_POINT('',(-0.00664,-0.064116699213688,-0.0191369179097107));
#3888=CARTESIAN_POINT('',(-0.00664,-0.0640304251360617,-0.0206056349767506));
#3889=CARTESIAN_POINT('',(-0.00664,-0.0636277945560708,-0.0216974376374686));
#3890=CARTESIAN_POINT('',(-0.00664,-0.0631183827844686,-0.0224179229170227));
#3891=CARTESIAN_POINT('',(-0.00664,-0.0623694344401541,-0.0229096116245394));
#3892=CARTESIAN_POINT('',(-0.00664,-0.0614783497880487,-0.0229975817789776));
#3893=CARTESIAN_POINT('',(-0.00664,-0.0606379513620587,-0.0227248371568138));
#3894=CARTESIAN_POINT('',(-0.00664,-0.0596371013013244,-0.022129929797644));
#3895=CARTESIAN_POINT('',(-0.00664,-0.0587228439495056,-0.0214108046818293));
#3896=CARTESIAN_POINT('',(-0.00664,-0.0577758775021076,-0.0207377418295604));
#3897=CARTESIAN_POINT('',(-0.00664,-0.0570257129851501,-0.0202975336868341));
#3898=CARTESIAN_POINT('',(-0.00664000000000001,-0.0561985595928308,-0.0199770757894668));
#3899=CARTESIAN_POINT('',(-0.00664,-0.0553142285138494,-0.0200680988796682));
#3900=CARTESIAN_POINT('',(-0.00664000000000001,-0.0545175754067915,-0.0204360274369318));
#3901=CARTESIAN_POINT('',(-0.00664,-0.0535436066583469,-0.0210349780587116));
#3902=CARTESIAN_POINT('',(-0.00664,-0.052403524534703,-0.0219059392567958));
#3903=CARTESIAN_POINT('',(-0.00664,-0.0512545092254962,-0.0227724177220056));
#3904=CARTESIAN_POINT('',(-0.00664,-0.0502449316099937,-0.0233055647506742));
#3905=CARTESIAN_POINT('',(-0.00664,-0.0493976144016312,-0.0235181543846139));
#3906=CARTESIAN_POINT('',(-0.00664,-0.0485265081287527,-0.0233710035494269));
#3907=CARTESIAN_POINT('',(-0.00664,-0.0478069202072252,-0.0228547636341548));
#3908=CARTESIAN_POINT('',(-0.00664,-0.047325431550864,-0.0221299918144212));
#3909=CARTESIAN_POINT('',(-0.00664,-0.0469620223072628,-0.0210369480171258));
#3910=CARTESIAN_POINT('',(-0.00664,-0.0469412503780907,-0.0195841922150229));
#3911=CARTESIAN_POINT('',(-0.00664,-0.047315911964107,-0.0184898237837694));
#3912=CARTESIAN_POINT('',(-0.00664,-0.0475989931670977,-0.0179877054723312));
#3913=CARTESIAN_POINT('',(-0.00664,-0.0635234625666132,-0.0174981439117899));
#3914=CARTESIAN_POINT('',(-0.07464,-0.0635234625666132,-0.0174981439117899));
#3915=CARTESIAN_POINT('',(-0.00564,-0.0584945060629864,-0.0115636332650741));
#3916=CARTESIAN_POINT('',(-0.00664,-0.0584945060629864,-0.0115636332650741));
#3917=CARTESIAN_POINT('',(-0.00664,-0.0642429626926998,-0.0168042502619224));
#3918=CARTESIAN_POINT('',(-0.07464,-0.0642429626926998,-0.0168042502619224));
#3919=CARTESIAN_POINT('',(-0.00564,-0.077901972124337,-0.00957702160685395));
#3920=CARTESIAN_POINT('',(-0.00664,-0.077901972124337,-0.00957702160685395));
#3921=CARTESIAN_POINT('',(-0.00664,-0.105318655735777,-0.0569944767492642));
#3922=CARTESIAN_POINT('',(-0.00664,-0.120344337646677,-0.0441997771485553));
#3923=CARTESIAN_POINT('',(-0.07464,-0.105318655735777,-0.0569944767492642));
#3924=CARTESIAN_POINT('',(-0.0744959051897962,-0.121639752410764,-0.0425481630497669));
#3925=CARTESIAN_POINT('',(-0.0745918894911002,-0.121220480303786,-0.0431043473519385));
#3926=CARTESIAN_POINT('',(-0.07464,-0.120788778087514,-0.0436549590557201));
#3927=CARTESIAN_POINT('',(-0.07464,-0.120344337646677,-0.0441997771485553));
#3928=CARTESIAN_POINT('',(-0.0744959051897962,-0.121639752410764,-0.0425481630497669));
#3929=CARTESIAN_POINT('',(-0.0744959051897962,-0.121639752410764,-0.0425481630497669));
#3930=CARTESIAN_POINT('',(-0.00678409481020381,-0.121639752410764,-0.0425481630497669));
#3931=CARTESIAN_POINT('',(-0.00664,-0.120344337646677,-0.0441997771485553));
#3932=CARTESIAN_POINT('',(-0.00664000000000001,-0.120788778087514,-0.0436549590557201));
#3933=CARTESIAN_POINT('',(-0.00668811050889984,-0.121220480303786,-0.0431043473519385));
#3934=CARTESIAN_POINT('',(-0.0067840948102038,-0.121639752410764,-0.0425481630497669));
#3935=CARTESIAN_POINT('',(-0.0746400000000001,-0.105318655735778,-0.0569944767492646));
#3936=CARTESIAN_POINT('',(-0.00663999999999988,-0.105318655735778,-0.0569944767492646));
#3937=CARTESIAN_POINT('',(-0.0746400000000001,-0.105568179749971,-0.0573021090479734));
#3938=CARTESIAN_POINT('',(-0.00663999999999988,-0.105568179749971,-0.0573021090479734));
#3939=CARTESIAN_POINT('',(-0.0746400000000001,-0.105915425818965,-0.0577426997437028));
#3940=CARTESIAN_POINT('',(-0.00663999999999987,-0.105915425818965,-0.0577426997437028));
#3941=CARTESIAN_POINT('',(-0.0746400000000002,-0.106492050170544,-0.0584201095294921));
#3942=CARTESIAN_POINT('',(-0.00663999999999991,-0.106492050170544,-0.0584201095294921));
#3943=CARTESIAN_POINT('',(-0.0746400000000001,-0.107399268796706,-0.0593620123069337));
#3944=CARTESIAN_POINT('',(-0.00663999999999983,-0.107399268796706,-0.0593620123069337));
#3945=CARTESIAN_POINT('',(-0.0746400000000001,-0.108950385754261,-0.0606352021833968));
#3946=CARTESIAN_POINT('',(-0.00663999999999987,-0.108950385754261,-0.0606352021833968));
#3947=CARTESIAN_POINT('',(-0.0746400000000002,-0.111224664720307,-0.0619679000932225));
#3948=CARTESIAN_POINT('',(-0.00663999999999992,-0.111224664720307,-0.0619679000932225));
#3949=CARTESIAN_POINT('',(-0.0746400000000001,-0.11354030416072,-0.0629019458819292));
#3950=CARTESIAN_POINT('',(-0.00663999999999987,-0.11354030416072,-0.0629019458819292));
#3951=CARTESIAN_POINT('',(-0.0746400000000001,-0.115729742487712,-0.0633759828999591));
#3952=CARTESIAN_POINT('',(-0.00663999999999988,-0.115729742487712,-0.0633759828999591));
#3953=CARTESIAN_POINT('',(-0.0746400000000001,-0.117725369596663,-0.0633132991388847));
#3954=CARTESIAN_POINT('',(-0.00663999999999988,-0.117725369596663,-0.0633132991388847));
#3955=CARTESIAN_POINT('',(-0.0746400000000001,-0.119352498497666,-0.0624174555546859));
#3956=CARTESIAN_POINT('',(-0.00663999999999987,-0.119352498497666,-0.0624174555546859));
#3957=CARTESIAN_POINT('',(-0.0746400000000001,-0.120313309025931,-0.0609840027184288));
#3958=CARTESIAN_POINT('',(-0.00663999999999988,-0.120313309025931,-0.0609840027184288));
#3959=CARTESIAN_POINT('',(-0.0746400000000001,-0.120889157632972,-0.0593342188681483));
#3960=CARTESIAN_POINT('',(-0.00663999999999985,-0.120889157632972,-0.0593342188681483));
#3961=CARTESIAN_POINT('',(-0.0746400000000002,-0.121346354755608,-0.0574595522189647));
#3962=CARTESIAN_POINT('',(-0.0066399999999999,-0.121346354755608,-0.0574595522189647));
#3963=CARTESIAN_POINT('',(-0.0746400000000001,-0.121727559100771,-0.0553167903675935));
#3964=CARTESIAN_POINT('',(-0.00663999999999987,-0.121727559100771,-0.0553167903675935));
#3965=CARTESIAN_POINT('',(-0.0746400000000002,-0.12208782036358,-0.0521849652354024));
#3966=CARTESIAN_POINT('',(-0.00663999999999992,-0.12208782036358,-0.0521849652354024));
#3967=CARTESIAN_POINT('',(-0.0746400000000002,-0.122203609378344,-0.0487487753365978));
#3968=CARTESIAN_POINT('',(-0.0066399999999999,-0.122203609378344,-0.0487487753365978));
#3969=CARTESIAN_POINT('',(-0.0746400000000001,-0.121943416914986,-0.0451462079093109));
#3970=CARTESIAN_POINT('',(-0.00663999999999984,-0.121943416914986,-0.0451462079093109));
#3971=CARTESIAN_POINT('',(-0.0746400000000001,-0.121734371264034,-0.0434186586781238));
#3972=CARTESIAN_POINT('',(-0.00663999999999988,-0.121734371264034,-0.0434186586781238));
#3973=CARTESIAN_POINT('',(-0.0746400000000001,-0.121639752410764,-0.0425481630497668));
#3974=CARTESIAN_POINT('',(-0.00663999999999988,-0.121639752410764,-0.0425481630497668));
#3975=CARTESIAN_POINT('',(-0.00664,-0.108843281864465,-0.0604746956223293));
#3976=CARTESIAN_POINT('',(-0.00663999999999992,-0.109962870731265,-0.0612723899582394));
#3977=CARTESIAN_POINT('',(-0.00664935244729165,-0.111743780768688,-0.0622517071366524));
#3978=CARTESIAN_POINT('',(-0.00665100273044639,-0.114350405216674,-0.0631155605637408));
#3979=CARTESIAN_POINT('',(-0.00664381569409702,-0.115724392600068,-0.0633226501922175));
#3980=CARTESIAN_POINT('',(-0.00664126767786017,-0.116407917933117,-0.0633220232811993));
#3981=CARTESIAN_POINT('',(-0.00664,-0.108843281864464,-0.0604746956223306));
#3982=CARTESIAN_POINT('',(-0.00664126767786017,-0.116407917933117,-0.0633220232811994));
#3983=CARTESIAN_POINT('',(-0.00664126767786017,-0.116407917933117,-0.0633220232811993));
#3984=CARTESIAN_POINT('',(-0.00664026830462336,-0.116595269324546,-0.0633218514475512));
#3985=CARTESIAN_POINT('',(-0.00664000000000003,-0.116783416088994,-0.0633136043183099));
#3986=CARTESIAN_POINT('',(-0.00664,-0.116972572387404,-0.0632948991458914));
#3987=CARTESIAN_POINT('',(-0.00678409481020381,-0.121639752410764,-0.0425481630497669));
#3988=CARTESIAN_POINT('',(-0.006768080936718,-0.121818198830285,-0.0441898742174682));
#3989=CARTESIAN_POINT('',(-0.00677163861106688,-0.122205937348957,-0.04747488348077));
#3990=CARTESIAN_POINT('',(-0.00674262730963403,-0.122124990366672,-0.0515574748528151));
#3991=CARTESIAN_POINT('',(-0.00671808408690816,-0.121801081021419,-0.0548141276557112));
#3992=CARTESIAN_POINT('',(-0.00669470919824032,-0.121396864824966,-0.0572470751608211));
#3993=CARTESIAN_POINT('',(-0.00667297002965322,-0.120820942188352,-0.0596844093406094));
#3994=CARTESIAN_POINT('',(-0.00664,-0.120176186714151,-0.0612487116451806));
#3995=CARTESIAN_POINT('',(-0.00664,-0.119641707897878,-0.0619035946024663));
#3996=CARTESIAN_POINT('',(-0.07464,-0.119641707897878,-0.0619035946024663));
#3997=CARTESIAN_POINT('',(-0.07464,-0.12017280879125,-0.0612528505260338));
#3998=CARTESIAN_POINT('',(-0.0746072966469163,-0.120815128845526,-0.0597002720589701));
#3999=CARTESIAN_POINT('',(-0.0745857976385595,-0.121385947768304,-0.0572986601429779));
#4000=CARTESIAN_POINT('',(-0.0745623018173268,-0.121795478582813,-0.0548609350859394));
#4001=CARTESIAN_POINT('',(-0.0745373971664465,-0.122125846983115,-0.0515652912374238));
#4002=CARTESIAN_POINT('',(-0.0745083193563219,-0.122205261563049,-0.0474610797978072));
#4003=CARTESIAN_POINT('',(-0.0745118792577051,-0.121817755267229,-0.0441857934271346));
#4004=CARTESIAN_POINT('',(-0.0744959051897962,-0.121639752410764,-0.0425481630497669));
#4005=CARTESIAN_POINT('',(-0.07464,-0.119641707897878,-0.0619035946024663));
#4006=CARTESIAN_POINT('',(-0.07464,-0.116972572387402,-0.0632948991458916));
#4007=CARTESIAN_POINT('',(-0.07464,-0.117480424223032,-0.0632446790039861));
#4008=CARTESIAN_POINT('',(-0.07464,-0.118501130374877,-0.0629813752646554));
#4009=CARTESIAN_POINT('',(-0.07464,-0.119312557979367,-0.0623068934151815));
#4010=CARTESIAN_POINT('',(-0.07464,-0.119641707897878,-0.0619035946024663));
#4011=CARTESIAN_POINT('',(-0.07464,-0.116972572387402,-0.0632948991458886));
#4012=CARTESIAN_POINT('',(-0.0746387323221398,-0.116407917933119,-0.0633220232811993));
#4013=CARTESIAN_POINT('',(-0.0746397316953766,-0.116595269324547,-0.0633218514475512));
#4014=CARTESIAN_POINT('',(-0.07464,-0.116783416088993,-0.0633136043183099));
#4015=CARTESIAN_POINT('',(-0.07464,-0.116972572387402,-0.0632948991458916));
#4016=CARTESIAN_POINT('',(-0.0746387323221399,-0.116407917933119,-0.0633220232811994));
#4017=CARTESIAN_POINT('',(-0.07464,-0.108843281864462,-0.0604746956223271));
#4018=CARTESIAN_POINT('',(-0.0746400000000001,-0.109962870731262,-0.061272389958238));
#4019=CARTESIAN_POINT('',(-0.0746306475527083,-0.111743780768687,-0.062251707136652));
#4020=CARTESIAN_POINT('',(-0.0746289972695536,-0.114350405216674,-0.063115560563741));
#4021=CARTESIAN_POINT('',(-0.074636184305903,-0.115724392600069,-0.0633226501922177));
#4022=CARTESIAN_POINT('',(-0.0746387323221398,-0.116407917933119,-0.0633220232811993));
#4023=CARTESIAN_POINT('',(-0.00664,-0.105318655735777,-0.0569944767492642));
#4024=CARTESIAN_POINT('',(-0.00664,-0.105844337198819,-0.0576425770829611));
#4025=CARTESIAN_POINT('',(-0.00664,-0.106885686228832,-0.0589498144412774));
#4026=CARTESIAN_POINT('',(-0.00664,-0.108166848543075,-0.0599927445730695));
#4027=CARTESIAN_POINT('',(-0.00664,-0.108843281864465,-0.0604746956223293));
#4028=CARTESIAN_POINT('',(-0.07464,-0.0655367563141335,-0.0394450333006781));
#4029=CARTESIAN_POINT('',(-0.00663999999999998,-0.0655367563141335,-0.0394450333006781));
#4030=CARTESIAN_POINT('',(-0.07464,-0.0674900956888337,-0.038060506763713));
#4031=CARTESIAN_POINT('',(-0.00664000000000003,-0.0674900956888337,-0.038060506763713));
#4032=CARTESIAN_POINT('',(-0.07464,-0.0692646354054308,-0.0365404270784133));
#4033=CARTESIAN_POINT('',(-0.00664000000000001,-0.0692646354054308,-0.0365404270784133));
#4034=CARTESIAN_POINT('',(-0.07464,-0.0706018223640587,-0.0352852172567984));
#4035=CARTESIAN_POINT('',(-0.00664000000000001,-0.0706018223640587,-0.0352852172567984));
#4036=CARTESIAN_POINT('',(-0.07464,-0.0716256214819239,-0.0342376621475636));
#4037=CARTESIAN_POINT('',(-0.00664000000000002,-0.0716256214819239,-0.0342376621475636));
#4038=CARTESIAN_POINT('',(-0.07464,-0.0723354060844902,-0.033449358027131));
#4039=CARTESIAN_POINT('',(-0.00664000000000001,-0.0723354060844902,-0.033449358027131));
#4040=CARTESIAN_POINT('',(-0.07464,-0.0728005486645244,-0.0328936751078387));
#4041=CARTESIAN_POINT('',(-0.00664000000000001,-0.0728005486645244,-0.0328936751078387));
#4042=CARTESIAN_POINT('',(-0.07464,-0.073188015555558,-0.0323793793519091));
#4043=CARTESIAN_POINT('',(-0.00664000000000001,-0.073188015555558,-0.0323793793519091));
#4044=CARTESIAN_POINT('',(-0.07464,-0.0734408541975474,-0.031981555637273));
#4045=CARTESIAN_POINT('',(-0.00664000000000001,-0.0734408541975474,-0.031981555637273));
#4046=CARTESIAN_POINT('',(-0.07464,-0.0736029822386852,-0.0316523051847855));
#4047=CARTESIAN_POINT('',(-0.00664000000000001,-0.0736029822386852,-0.0316523051847855));
#4048=CARTESIAN_POINT('',(-0.07464,-0.0737002672653464,-0.0313709581497681));
#4049=CARTESIAN_POINT('',(-0.00664000000000001,-0.0737002672653464,-0.0313709581497681));
#4050=CARTESIAN_POINT('',(-0.07464,-0.0737660730732873,-0.0310086215532799));
#4051=CARTESIAN_POINT('',(-0.00664000000000002,-0.0737660730732873,-0.0310086215532799));
#4052=CARTESIAN_POINT('',(-0.07464,-0.0736506292116959,-0.0304212060010521));
#4053=CARTESIAN_POINT('',(-0.00664000000000002,-0.0736506292116959,-0.0304212060010521));
#4054=CARTESIAN_POINT('',(-0.07464,-0.0731830196861729,-0.0299611214244035));
#4055=CARTESIAN_POINT('',(-0.00664000000000001,-0.0731830196861729,-0.0299611214244035));
#4056=CARTESIAN_POINT('',(-0.07464,-0.0727510748687098,-0.0298328030765454));
#4057=CARTESIAN_POINT('',(-0.00664000000000001,-0.0727510748687098,-0.0298328030765454));
#4058=CARTESIAN_POINT('',(-0.07464,-0.0724326698037976,-0.0298136886307992));
#4059=CARTESIAN_POINT('',(-0.00664000000000002,-0.0724326698037976,-0.0298136886307992));
#4060=CARTESIAN_POINT('',(-0.07464,-0.0720753602504995,-0.0298478814053905));
#4061=CARTESIAN_POINT('',(-0.00664000000000002,-0.0720753602504995,-0.0298478814053905));
#4062=CARTESIAN_POINT('',(-0.07464,-0.0716749790820518,-0.0299459629586493));
#4063=CARTESIAN_POINT('',(-0.00664000000000001,-0.0716749790820518,-0.0299459629586493));
#4064=CARTESIAN_POINT('',(-0.07464,-0.0711793627616042,-0.0301172042416673));
#4065=CARTESIAN_POINT('',(-0.00664000000000002,-0.0711793627616042,-0.0301172042416673));
#4066=CARTESIAN_POINT('',(-0.07464,-0.0706644716449626,-0.0303302112507949));
#4067=CARTESIAN_POINT('',(-0.00664000000000001,-0.0706644716449626,-0.0303302112507949));
#4068=CARTESIAN_POINT('',(-0.07464,-0.0699653078467863,-0.0306523444282607));
#4069=CARTESIAN_POINT('',(-0.00664000000000001,-0.0699653078467863,-0.0306523444282607));
#4070=CARTESIAN_POINT('',(-0.07464,-0.0691171485958186,-0.0310875093804689));
#4071=CARTESIAN_POINT('',(-0.00663999999999999,-0.0691171485958186,-0.0310875093804689));
#4072=CARTESIAN_POINT('',(-0.07464,-0.0681300515365039,-0.0315958120639749));
#4073=CARTESIAN_POINT('',(-0.00664000000000002,-0.0681300515365039,-0.0315958120639749));
#4074=CARTESIAN_POINT('',(-0.07464,-0.0671785917359018,-0.0320283736740229));
#4075=CARTESIAN_POINT('',(-0.00664000000000002,-0.0671785917359018,-0.0320283736740229));
#4076=CARTESIAN_POINT('',(-0.07464,-0.0662643800258835,-0.0323311199664865));
#4077=CARTESIAN_POINT('',(-0.00664000000000001,-0.0662643800258835,-0.0323311199664865));
#4078=CARTESIAN_POINT('',(-0.07464,-0.0651597674109358,-0.0324976868379123));
#4079=CARTESIAN_POINT('',(-0.00664000000000002,-0.0651597674109358,-0.0324976868379123));
#4080=CARTESIAN_POINT('',(-0.07464,-0.0638264821296593,-0.0323380444153362));
#4081=CARTESIAN_POINT('',(-0.00664000000000001,-0.0638264821296593,-0.0323380444153362));
#4082=CARTESIAN_POINT('',(-0.07464,-0.0622814143081964,-0.0321981763806063));
#4083=CARTESIAN_POINT('',(-0.00664000000000001,-0.0622814143081964,-0.0321981763806063));
#4084=CARTESIAN_POINT('',(-0.07464,-0.0610160549216109,-0.032231439537729));
#4085=CARTESIAN_POINT('',(-0.00664000000000001,-0.0610160549216109,-0.032231439537729));
#4086=CARTESIAN_POINT('',(-0.07464,-0.059676372447081,-0.0325726448713378));
#4087=CARTESIAN_POINT('',(-0.00664000000000003,-0.059676372447081,-0.0325726448713378));
#4088=CARTESIAN_POINT('',(-0.07464,-0.0584716884629838,-0.0331877284914348));
#4089=CARTESIAN_POINT('',(-0.00664000000000001,-0.0584716884629838,-0.0331877284914348));
#4090=CARTESIAN_POINT('',(-0.07464,-0.0576325991233706,-0.0339045269260314));
#4091=CARTESIAN_POINT('',(-0.00664000000000001,-0.0576325991233706,-0.0339045269260314));
#4092=CARTESIAN_POINT('',(-0.07464,-0.0571375258244789,-0.0346500936347227));
#4093=CARTESIAN_POINT('',(-0.00664000000000002,-0.0571375258244789,-0.0346500936347227));
#4094=CARTESIAN_POINT('',(-0.07464,-0.056898419022738,-0.0353141202273194));
#4095=CARTESIAN_POINT('',(-0.00664000000000001,-0.056898419022738,-0.0353141202273194));
#4096=CARTESIAN_POINT('',(-0.07464,-0.0568851275674,-0.0360860685974265));
#4097=CARTESIAN_POINT('',(-0.00664000000000001,-0.0568851275674,-0.0360860685974265));
#4098=CARTESIAN_POINT('',(-0.07464,-0.0571937260714804,-0.0370005740836845));
#4099=CARTESIAN_POINT('',(-0.00664000000000001,-0.0571937260714804,-0.0370005740836845));
#4100=CARTESIAN_POINT('',(-0.07464,-0.0579000204834162,-0.0378823607130875));
#4101=CARTESIAN_POINT('',(-0.00664000000000002,-0.0579000204834162,-0.0378823607130875));
#4102=CARTESIAN_POINT('',(-0.07464,-0.0590175533687345,-0.0387306313549869));
#4103=CARTESIAN_POINT('',(-0.00664000000000001,-0.0590175533687345,-0.0387306313549869));
#4104=CARTESIAN_POINT('',(-0.07464,-0.0603068524300947,-0.0393896277613142));
#4105=CARTESIAN_POINT('',(-0.00664000000000001,-0.0603068524300947,-0.0393896277613142));
#4106=CARTESIAN_POINT('',(-0.07464,-0.0616599664455731,-0.0398274626632212));
#4107=CARTESIAN_POINT('',(-0.00664000000000002,-0.0616599664455731,-0.0398274626632212));
#4108=CARTESIAN_POINT('',(-0.07464,-0.0634374802352474,-0.040025428184682));
#4109=CARTESIAN_POINT('',(-0.00664000000000001,-0.0634374802352474,-0.040025428184682));
#4110=CARTESIAN_POINT('',(-0.07464,-0.0655367563141335,-0.0394450333006781));
#4111=CARTESIAN_POINT('',(-0.00663999999999998,-0.0655367563141335,-0.0394450333006781));
#4112=CARTESIAN_POINT('',(-0.07464,-0.0674900956888337,-0.038060506763713));
#4113=CARTESIAN_POINT('',(-0.00664000000000003,-0.0674900956888337,-0.038060506763713));
#4114=CARTESIAN_POINT('',(-0.07464,-0.0692646354054308,-0.0365404270784133));
#4115=CARTESIAN_POINT('',(-0.00664000000000001,-0.0692646354054308,-0.0365404270784133));
#4116=CARTESIAN_POINT('',(-0.00664,-0.0619096616544922,-0.0321819475381309));
#4117=CARTESIAN_POINT('',(-0.00664,-0.0605820161357996,-0.032305395058674));
#4118=CARTESIAN_POINT('',(-0.00664000000000001,-0.059325176184766,-0.0327237715394506));
#4119=CARTESIAN_POINT('',(-0.00663999999999999,-0.0581728224335094,-0.0333959609696879));
#4120=CARTESIAN_POINT('',(-0.00664,-0.0572262135973683,-0.0343488449247503));
#4121=CARTESIAN_POINT('',(-0.00664,-0.0567586533397865,-0.0356563269775119));
#4122=CARTESIAN_POINT('',(-0.00664,-0.0571449491314646,-0.0369826807507059));
#4123=CARTESIAN_POINT('',(-0.00664,-0.058025955469373,-0.0379928034491522));
#4124=CARTESIAN_POINT('',(-0.00664,-0.0591029213910898,-0.0387755407528958));
#4125=CARTESIAN_POINT('',(-0.00664,-0.0606623153954006,-0.0395647867269135));
#4126=CARTESIAN_POINT('',(-0.00664,-0.0628498665617468,-0.0401485104212804));
#4127=CARTESIAN_POINT('',(-0.00663999999999999,-0.0654720966820962,-0.0394816668244262));
#4128=CARTESIAN_POINT('',(-0.00664000000000001,-0.0676359260936072,-0.0379522896268133));
#4129=CARTESIAN_POINT('',(-0.00663999999999999,-0.0692960561605213,-0.0365148846029286));
#4130=CARTESIAN_POINT('',(-0.00664,-0.07057061665859,-0.0353073613608391));
#4131=CARTESIAN_POINT('',(-0.00664,-0.0714998243474976,-0.034370052918023));
#4132=CARTESIAN_POINT('',(-0.00664,-0.0723906501475104,-0.0333980259221536));
#4133=CARTESIAN_POINT('',(-0.00664000000000001,-0.0730860521298107,-0.0325448662202138));
#4134=CARTESIAN_POINT('',(-0.00663999999999999,-0.0735564643101871,-0.0317987108463793));
#4135=CARTESIAN_POINT('',(-0.00664,-0.0737836080699615,-0.0311653215519953));
#4136=CARTESIAN_POINT('',(-0.00664,-0.0736870951199265,-0.0304845275323907));
#4137=CARTESIAN_POINT('',(-0.00664,-0.0732288234698072,-0.0299653914883934));
#4138=CARTESIAN_POINT('',(-0.00664,-0.0725701327835426,-0.0297768246940603));
#4139=CARTESIAN_POINT('',(-0.00664,-0.0716899487171904,-0.0299068925521225));
#4140=CARTESIAN_POINT('',(-0.00664,-0.070669012104335,-0.0303148083479101));
#4141=CARTESIAN_POINT('',(-0.00664,-0.0694931878260933,-0.0308877651907185));
#4142=CARTESIAN_POINT('',(-0.00664,-0.0683299315085273,-0.0314996675618885));
#4143=CARTESIAN_POINT('',(-0.00664,-0.0671481401307971,-0.0320507598391843));
#4144=CARTESIAN_POINT('',(-0.00664,-0.0658970308640024,-0.0324509640228007));
#4145=CARTESIAN_POINT('',(-0.00664,-0.0645462171925936,-0.0324373618351991));
#4146=CARTESIAN_POINT('',(-0.00664,-0.0632305052389211,-0.0322738284938478));
#4147=CARTESIAN_POINT('',(-0.00664,-0.0619096616544922,-0.0321819475381309));
#4148=CARTESIAN_POINT('',(-0.00664,-0.0605820161357996,-0.032305395058674));
#4149=CARTESIAN_POINT('',(-0.00664000000000001,-0.059325176184766,-0.0327237715394506));
#4150=CARTESIAN_POINT('',(-0.00664,-0.0605938170637428,-0.0323545498853796));
#4151=CARTESIAN_POINT('',(-0.07464,-0.0899843986421974,-0.0394450333006781));
#4152=CARTESIAN_POINT('',(-0.00663999999999998,-0.0899843986421974,-0.0394450333006781));
#4153=CARTESIAN_POINT('',(-0.07464,-0.0880310592674972,-0.038060506763713));
#4154=CARTESIAN_POINT('',(-0.00664000000000003,-0.0880310592674972,-0.038060506763713));
#4155=CARTESIAN_POINT('',(-0.07464,-0.0862565195509001,-0.0365404270784133));
#4156=CARTESIAN_POINT('',(-0.00664000000000001,-0.0862565195509001,-0.0365404270784133));
#4157=CARTESIAN_POINT('',(-0.07464,-0.0849193325922722,-0.0352852172567983));
#4158=CARTESIAN_POINT('',(-0.00664000000000001,-0.0849193325922722,-0.0352852172567983));
#4159=CARTESIAN_POINT('',(-0.07464,-0.083895533474407,-0.0342376621475635));
#4160=CARTESIAN_POINT('',(-0.00664000000000002,-0.083895533474407,-0.0342376621475635));
#4161=CARTESIAN_POINT('',(-0.07464,-0.0831857488718408,-0.0334493580271311));
#4162=CARTESIAN_POINT('',(-0.00664000000000001,-0.0831857488718408,-0.0334493580271311));
#4163=CARTESIAN_POINT('',(-0.07464,-0.0827206062918065,-0.0328936751078387));
#4164=CARTESIAN_POINT('',(-0.00664000000000001,-0.0827206062918065,-0.0328936751078387));
#4165=CARTESIAN_POINT('',(-0.07464,-0.0823331394007729,-0.0323793793519091));
#4166=CARTESIAN_POINT('',(-0.00664000000000001,-0.0823331394007729,-0.0323793793519091));
#4167=CARTESIAN_POINT('',(-0.07464,-0.0820803007587835,-0.031981555637273));
#4168=CARTESIAN_POINT('',(-0.00664000000000001,-0.0820803007587835,-0.031981555637273));
#4169=CARTESIAN_POINT('',(-0.07464,-0.0819181727176458,-0.0316523051847855));
#4170=CARTESIAN_POINT('',(-0.00664000000000001,-0.0819181727176458,-0.0316523051847855));
#4171=CARTESIAN_POINT('',(-0.07464,-0.0818208876909845,-0.0313709581497681));
#4172=CARTESIAN_POINT('',(-0.00664000000000001,-0.0818208876909845,-0.0313709581497681));
#4173=CARTESIAN_POINT('',(-0.07464,-0.0817550818830436,-0.0310086215532799));
#4174=CARTESIAN_POINT('',(-0.00664000000000002,-0.0817550818830436,-0.0310086215532799));
#4175=CARTESIAN_POINT('',(-0.07464,-0.081870525744635,-0.0304212060010521));
#4176=CARTESIAN_POINT('',(-0.00664000000000002,-0.081870525744635,-0.0304212060010521));
#4177=CARTESIAN_POINT('',(-0.07464,-0.082338135270158,-0.0299611214244035));
#4178=CARTESIAN_POINT('',(-0.00664000000000001,-0.082338135270158,-0.0299611214244035));
#4179=CARTESIAN_POINT('',(-0.07464,-0.0827700800876211,-0.0298328030765454));
#4180=CARTESIAN_POINT('',(-0.00664000000000001,-0.0827700800876211,-0.0298328030765454));
#4181=CARTESIAN_POINT('',(-0.07464,-0.0830884851525334,-0.0298136886307992));
#4182=CARTESIAN_POINT('',(-0.00664000000000002,-0.0830884851525334,-0.0298136886307992));
#4183=CARTESIAN_POINT('',(-0.07464,-0.0834457947058314,-0.0298478814053905));
#4184=CARTESIAN_POINT('',(-0.00664000000000002,-0.0834457947058314,-0.0298478814053905));
#4185=CARTESIAN_POINT('',(-0.07464,-0.0838461758742791,-0.0299459629586493));
#4186=CARTESIAN_POINT('',(-0.00664000000000001,-0.0838461758742791,-0.0299459629586493));
#4187=CARTESIAN_POINT('',(-0.07464,-0.0843417921947267,-0.0301172042416673));
#4188=CARTESIAN_POINT('',(-0.00664000000000002,-0.0843417921947267,-0.0301172042416673));
#4189=CARTESIAN_POINT('',(-0.07464,-0.0848566833113683,-0.0303302112507949));
#4190=CARTESIAN_POINT('',(-0.00664000000000001,-0.0848566833113683,-0.0303302112507949));
#4191=CARTESIAN_POINT('',(-0.07464,-0.0855558471095445,-0.0306523444282607));
#4192=CARTESIAN_POINT('',(-0.00664000000000001,-0.0855558471095445,-0.0306523444282607));
#4193=CARTESIAN_POINT('',(-0.07464,-0.0864040063605123,-0.031087509380469));
#4194=CARTESIAN_POINT('',(-0.00663999999999999,-0.0864040063605123,-0.031087509380469));
#4195=CARTESIAN_POINT('',(-0.07464,-0.087391103419827,-0.0315958120639749));
#4196=CARTESIAN_POINT('',(-0.00664000000000002,-0.087391103419827,-0.0315958120639749));
#4197=CARTESIAN_POINT('',(-0.07464,-0.0883425632204291,-0.0320283736740229));
#4198=CARTESIAN_POINT('',(-0.00664000000000002,-0.0883425632204291,-0.0320283736740229));
#4199=CARTESIAN_POINT('',(-0.07464,-0.0892567749304474,-0.0323311199664865));
#4200=CARTESIAN_POINT('',(-0.00664000000000001,-0.0892567749304474,-0.0323311199664865));
#4201=CARTESIAN_POINT('',(-0.07464,-0.0903613875453951,-0.0324976868379123));
#4202=CARTESIAN_POINT('',(-0.00664000000000002,-0.0903613875453951,-0.0324976868379123));
#4203=CARTESIAN_POINT('',(-0.07464,-0.0916946728266716,-0.0323380444153362));
#4204=CARTESIAN_POINT('',(-0.00664000000000001,-0.0916946728266716,-0.0323380444153362));
#4205=CARTESIAN_POINT('',(-0.07464,-0.0932397406481345,-0.0321981763806063));
#4206=CARTESIAN_POINT('',(-0.00664000000000001,-0.0932397406481345,-0.0321981763806063));
#4207=CARTESIAN_POINT('',(-0.07464,-0.09450510003472,-0.032231439537729));
#4208=CARTESIAN_POINT('',(-0.00664000000000001,-0.09450510003472,-0.032231439537729));
#4209=CARTESIAN_POINT('',(-0.07464,-0.0958447825092499,-0.0325726448713377));
#4210=CARTESIAN_POINT('',(-0.00664000000000003,-0.0958447825092499,-0.0325726448713377));
#4211=CARTESIAN_POINT('',(-0.07464,-0.0970494664933472,-0.0331877284914348));
#4212=CARTESIAN_POINT('',(-0.00664000000000001,-0.0970494664933472,-0.0331877284914348));
#4213=CARTESIAN_POINT('',(-0.07464,-0.0978885558329603,-0.0339045269260314));
#4214=CARTESIAN_POINT('',(-0.00664000000000001,-0.0978885558329603,-0.0339045269260314));
#4215=CARTESIAN_POINT('',(-0.07464,-0.098383629131852,-0.0346500936347227));
#4216=CARTESIAN_POINT('',(-0.00664000000000002,-0.098383629131852,-0.0346500936347227));
#4217=CARTESIAN_POINT('',(-0.07464,-0.0986227359335929,-0.0353141202273194));
#4218=CARTESIAN_POINT('',(-0.00664000000000001,-0.0986227359335929,-0.0353141202273194));
#4219=CARTESIAN_POINT('',(-0.07464,-0.0986360273889309,-0.0360860685974265));
#4220=CARTESIAN_POINT('',(-0.00664000000000001,-0.0986360273889309,-0.0360860685974265));
#4221=CARTESIAN_POINT('',(-0.07464,-0.0983274288848505,-0.0370005740836845));
#4222=CARTESIAN_POINT('',(-0.00664000000000001,-0.0983274288848505,-0.0370005740836845));
#4223=CARTESIAN_POINT('',(-0.07464,-0.0976211344729147,-0.0378823607130875));
#4224=CARTESIAN_POINT('',(-0.00664000000000002,-0.0976211344729147,-0.0378823607130875));
#4225=CARTESIAN_POINT('',(-0.07464,-0.0965036015875965,-0.0387306313549868));
#4226=CARTESIAN_POINT('',(-0.00664000000000001,-0.0965036015875965,-0.0387306313549868));
#4227=CARTESIAN_POINT('',(-0.07464,-0.0952143025262362,-0.0393896277613142));
#4228=CARTESIAN_POINT('',(-0.00664000000000001,-0.0952143025262362,-0.0393896277613142));
#4229=CARTESIAN_POINT('',(-0.07464,-0.0938611885107578,-0.0398274626632212));
#4230=CARTESIAN_POINT('',(-0.00664000000000002,-0.0938611885107578,-0.0398274626632212));
#4231=CARTESIAN_POINT('',(-0.07464,-0.0920836747210835,-0.040025428184682));
#4232=CARTESIAN_POINT('',(-0.00664000000000001,-0.0920836747210835,-0.040025428184682));
#4233=CARTESIAN_POINT('',(-0.07464,-0.0899843986421974,-0.0394450333006781));
#4234=CARTESIAN_POINT('',(-0.00663999999999998,-0.0899843986421974,-0.0394450333006781));
#4235=CARTESIAN_POINT('',(-0.07464,-0.0880310592674972,-0.038060506763713));
#4236=CARTESIAN_POINT('',(-0.00664000000000003,-0.0880310592674972,-0.038060506763713));
#4237=CARTESIAN_POINT('',(-0.07464,-0.0862565195509001,-0.0365404270784133));
#4238=CARTESIAN_POINT('',(-0.00664000000000001,-0.0862565195509001,-0.0365404270784133));
#4239=CARTESIAN_POINT('',(-0.00664000000000001,-0.0936114933018392,-0.032181947538131));
#4240=CARTESIAN_POINT('',(-0.00664,-0.0949391388205311,-0.032305395058674));
#4241=CARTESIAN_POINT('',(-0.00664,-0.096195978771565,-0.0327237715394506));
#4242=CARTESIAN_POINT('',(-0.00664,-0.0973483325228216,-0.0333959609696879));
#4243=CARTESIAN_POINT('',(-0.00664,-0.0982949413589628,-0.0343488449247504));
#4244=CARTESIAN_POINT('',(-0.00664,-0.0987625016165444,-0.0356563269775122));
#4245=CARTESIAN_POINT('',(-0.00664,-0.0983762058248661,-0.0369826807507062));
#4246=CARTESIAN_POINT('',(-0.00664,-0.0974951994869575,-0.0379928034491525));
#4247=CARTESIAN_POINT('',(-0.00664,-0.0964182335652407,-0.038775540752896));
#4248=CARTESIAN_POINT('',(-0.00664000000000001,-0.0948588395609298,-0.0395647867269137));
#4249=CARTESIAN_POINT('',(-0.00664,-0.0926712883945835,-0.0401485104212804));
#4250=CARTESIAN_POINT('',(-0.00664,-0.0900490582742341,-0.0394816668244259));
#4251=CARTESIAN_POINT('',(-0.00664000000000001,-0.0878852288627231,-0.0379522896268129));
#4252=CARTESIAN_POINT('',(-0.00663999999999999,-0.0862250987958089,-0.036514884602928));
#4253=CARTESIAN_POINT('',(-0.00664,-0.0849505382977404,-0.0353073613608385));
#4254=CARTESIAN_POINT('',(-0.00664,-0.0840213306088327,-0.0343700529180222));
#4255=CARTESIAN_POINT('',(-0.00664,-0.0831305048088198,-0.0333980259221529));
#4256=CARTESIAN_POINT('',(-0.00664,-0.0824351028265197,-0.032544866220213));
#4257=CARTESIAN_POINT('',(-0.00664,-0.0819646906461433,-0.0317987108463784));
#4258=CARTESIAN_POINT('',(-0.00664,-0.0817375468863693,-0.0311653215519942));
#4259=CARTESIAN_POINT('',(-0.00664,-0.0818340598364049,-0.0304845275323897));
#4260=CARTESIAN_POINT('',(-0.00664,-0.0822923314865246,-0.0299653914883928));
#4261=CARTESIAN_POINT('',(-0.00664,-0.0829510221727895,-0.0297768246940602));
#4262=CARTESIAN_POINT('',(-0.00664,-0.0838312062391416,-0.0299068925521229));
#4263=CARTESIAN_POINT('',(-0.00664,-0.084852142851997,-0.0303148083479106));
#4264=CARTESIAN_POINT('',(-0.00664000000000001,-0.0860279671302388,-0.0308877651907192));
#4265=CARTESIAN_POINT('',(-0.00664,-0.0871912234478048,-0.0314996675618891));
#4266=CARTESIAN_POINT('',(-0.00664,-0.088373014825535,-0.0320507598391848));
#4267=CARTESIAN_POINT('',(-0.00664,-0.0896241240923303,-0.032450964022801));
#4268=CARTESIAN_POINT('',(-0.00664000000000001,-0.0909749377637386,-0.0324373618351989));
#4269=CARTESIAN_POINT('',(-0.00663999999999999,-0.0922906497174106,-0.0322738284938477));
#4270=CARTESIAN_POINT('',(-0.00664000000000001,-0.0936114933018392,-0.032181947538131));
#4271=CARTESIAN_POINT('',(-0.00664,-0.0949391388205311,-0.032305395058674));
#4272=CARTESIAN_POINT('',(-0.00664,-0.096195978771565,-0.0327237715394506));
#4273=CARTESIAN_POINT('',(-0.00664,-0.0949273378925881,-0.0323545498853796));
#4274=CARTESIAN_POINT('',(-0.00564,-0.0785210989415646,0.00672139371856989));
#4275=CARTESIAN_POINT('',(-0.00664,-0.0785210989415646,0.00672139371856989));
#4276=CARTESIAN_POINT('',(-0.07464,-0.0351585580521322,-0.042421261004149));
#4277=CARTESIAN_POINT('',(-0.00663999999999997,-0.0351585580521322,-0.042421261004149));
#4278=CARTESIAN_POINT('',(-0.07464,-0.0350483023205383,-0.0436451936541283));
#4279=CARTESIAN_POINT('',(-0.00663999999999997,-0.0350483023205383,-0.0436451936541283));
#4280=CARTESIAN_POINT('',(-0.07464,-0.0348078486782618,-0.0461139990644404));
#4281=CARTESIAN_POINT('',(-0.00663999999999997,-0.0348078486782618,-0.0461139990644404));
#4282=CARTESIAN_POINT('',(-0.07464,-0.0345261671913844,-0.0509306317506057));
#4283=CARTESIAN_POINT('',(-0.00663999999999997,-0.0345261671913844,-0.0509306317506057));
#4284=CARTESIAN_POINT('',(-0.07464,-0.034624404539913,-0.0552475268061075));
#4285=CARTESIAN_POINT('',(-0.00663999999999995,-0.034624404539913,-0.0552475268061075));
#4286=CARTESIAN_POINT('',(-0.07464,-0.0352127413853593,-0.0587630740413935));
#4287=CARTESIAN_POINT('',(-0.00663999999999998,-0.0352127413853593,-0.0587630740413935));
#4288=CARTESIAN_POINT('',(-0.07464,-0.0359503892299952,-0.0609290329313465));
#4289=CARTESIAN_POINT('',(-0.00663999999999997,-0.0359503892299952,-0.0609290329313465));
#4290=CARTESIAN_POINT('',(-0.07464,-0.0369168000585241,-0.0623244010940747));
#4291=CARTESIAN_POINT('',(-0.00663999999999998,-0.0369168000585241,-0.0623244010940747));
#4292=CARTESIAN_POINT('',(-0.07464,-0.0380278876929513,-0.0630620524281532));
#4293=CARTESIAN_POINT('',(-0.00663999999999995,-0.0380278876929513,-0.0630620524281532));
#4294=CARTESIAN_POINT('',(-0.07464,-0.0392398307723357,-0.0634481769964878));
#4295=CARTESIAN_POINT('',(-0.00663999999999997,-0.0392398307723357,-0.0634481769964878));
#4296=CARTESIAN_POINT('',(-0.07464,-0.0407846632987675,-0.0634078146870229));
#4297=CARTESIAN_POINT('',(-0.00663999999999999,-0.0407846632987675,-0.0634078146870229));
#4298=CARTESIAN_POINT('',(-0.07464,-0.0426044360210377,-0.062896579957312));
#4299=CARTESIAN_POINT('',(-0.00663999999999995,-0.0426044360210377,-0.062896579957312));
#4300=CARTESIAN_POINT('',(-0.07464,-0.0443872918920888,-0.0621476303599344));
#4301=CARTESIAN_POINT('',(-0.00663999999999998,-0.0443872918920888,-0.0621476303599344));
#4302=CARTESIAN_POINT('',(-0.07464,-0.0461196281624718,-0.0613181211414549));
#4303=CARTESIAN_POINT('',(-0.00663999999999998,-0.0461196281624718,-0.0613181211414549));
#4304=CARTESIAN_POINT('',(-0.07464,-0.0477634098554285,-0.0603920071002374));
#4305=CARTESIAN_POINT('',(-0.00663999999999997,-0.0477634098554285,-0.0603920071002374));
#4306=CARTESIAN_POINT('',(-0.07464,-0.0489807431633326,-0.0595470221620753));
#4307=CARTESIAN_POINT('',(-0.00663999999999997,-0.0489807431633326,-0.0595470221620753));
#4308=CARTESIAN_POINT('',(-0.07464,-0.0498310983094606,-0.0588100352791624));
#4309=CARTESIAN_POINT('',(-0.00663999999999995,-0.0498310983094606,-0.0588100352791624));
#4310=CARTESIAN_POINT('',(-0.07464,-0.0502462918276018,-0.0583817104167674));
#4311=CARTESIAN_POINT('',(-0.00663999999999997,-0.0502462918276018,-0.0583817104167674));
#4312=CARTESIAN_POINT('',(-0.07464,-0.050508190424466,-0.058064934044024));
#4313=CARTESIAN_POINT('',(-0.00663999999999998,-0.050508190424466,-0.058064934044024));
#4314=CARTESIAN_POINT('',(-0.07464,-0.0506392698700731,-0.0579017880577698));
#4315=CARTESIAN_POINT('',(-0.00663999999999995,-0.0506392698700731,-0.0579017880577698));
#4316=CARTESIAN_POINT('',(-0.07464,-0.0508890587212777,-0.0575937646463992));
#4317=CARTESIAN_POINT('',(-0.00663999999999997,-0.0508890587212777,-0.0575937646463992));
#4318=CARTESIAN_POINT('',(-0.07464,-0.0510961692264043,-0.0573374650145132));
#4319=CARTESIAN_POINT('',(-0.00663999999999997,-0.0510961692264043,-0.0573374650145132));
#4320=CARTESIAN_POINT('',(-0.07464,-0.0512357971685949,-0.0571648829410329));
#4321=CARTESIAN_POINT('',(-0.00663999999999997,-0.0512357971685949,-0.0571648829410329));
#4322=CARTESIAN_POINT('',(-0.00664,-0.0379119196364307,-0.0629531136544546));
#4323=CARTESIAN_POINT('',(-0.00664,-0.0384549041570416,-0.0632413795045361));
#4324=CARTESIAN_POINT('',(-0.0066636782465909,-0.0396626872514046,-0.0635133310452517));
#4325=CARTESIAN_POINT('',(-0.00665803948023064,-0.0414869703361155,-0.0632472570951947));
#4326=CARTESIAN_POINT('',(-0.00664322540651056,-0.0431913908328119,-0.0626646749224352));
#4327=CARTESIAN_POINT('',(-0.00663999999999997,-0.0442919005337913,-0.0621784802629677));
#4328=CARTESIAN_POINT('',(-0.00664,-0.0448380125034848,-0.0619243507579848));
#4329=CARTESIAN_POINT('',(-0.00664,-0.0448380125034852,-0.061924350757986));
#4330=CARTESIAN_POINT('',(-0.00664,-0.0448380125034847,-0.0619243507579848));
#4331=CARTESIAN_POINT('',(-0.00664,-0.0454501584567164,-0.0616394927861675));
#4332=CARTESIAN_POINT('',(-0.00664,-0.0466663791316531,-0.0610333952226602));
#4333=CARTESIAN_POINT('',(-0.00664,-0.0483928542755349,-0.059988617640627));
#4334=CARTESIAN_POINT('',(-0.00664,-0.0499772287497906,-0.0587754747660628));
#4335=CARTESIAN_POINT('',(-0.00664,-0.0508088295744051,-0.0576926208103888));
#4336=CARTESIAN_POINT('',(-0.00664,-0.0512357971685948,-0.057164882941033));
#4337=CARTESIAN_POINT('',(-0.07464,-0.0379119196364307,-0.0629531136544546));
#4338=CARTESIAN_POINT('',(-0.07464,-0.0384549041570386,-0.0632413795045346));
#4339=CARTESIAN_POINT('',(-0.0746163217534093,-0.0396626872513943,-0.0635133310452505));
#4340=CARTESIAN_POINT('',(-0.0746219605197692,-0.0414869703360957,-0.0632472570951993));
#4341=CARTESIAN_POINT('',(-0.0746367745934893,-0.0431913908327841,-0.0626646749224463));
#4342=CARTESIAN_POINT('',(-0.0746399999999999,-0.0442919005337577,-0.0621784802629826));
#4343=CARTESIAN_POINT('',(-0.07464,-0.0448380125034484,-0.0619243507580017));
#4344=CARTESIAN_POINT('',(-0.0746399988854909,-0.0378166434201232,-0.0629006685311954));
#4345=CARTESIAN_POINT('',(-0.0746399996555093,-0.0378191360275787,-0.0629020902155733));
#4346=CARTESIAN_POINT('',(-0.07464,-0.0378216302692299,-0.0629035088684087));
#4347=CARTESIAN_POINT('',(-0.07464,-0.0378241261447532,-0.0629049244906136));
#4348=CARTESIAN_POINT('',(-0.0746399988837796,-0.0378166434201232,-0.0629006685311961));
#4349=CARTESIAN_POINT('',(-0.0744476053657273,-0.0351585580521322,-0.042421261004149));
#4350=CARTESIAN_POINT('',(-0.0744713216787,-0.0349992932985373,-0.044189235594655));
#4351=CARTESIAN_POINT('',(-0.0744733968860792,-0.0346578681175063,-0.047725260211515));
#4352=CARTESIAN_POINT('',(-0.0744500663544323,-0.0345399820145889,-0.0521438880325163));
#4353=CARTESIAN_POINT('',(-0.0744354932934061,-0.0347331639031223,-0.0556756430935336));
#4354=CARTESIAN_POINT('',(-0.074448061021474,-0.0351106562877346,-0.05832632059558));
#4355=CARTESIAN_POINT('',(-0.0745155802697614,-0.0358919233757857,-0.0609612791586769));
#4356=CARTESIAN_POINT('',(-0.0746396499233332,-0.0370206269177326,-0.062446652306767));
#4357=CARTESIAN_POINT('',(-0.0746399988820683,-0.0378166434201637,-0.0629006685312185));
#4358=CARTESIAN_POINT('',(-0.00664000111793175,-0.0378166434201237,-0.0629006685311957));
#4359=CARTESIAN_POINT('',(-0.0066403480758269,-0.037025191078323,-0.0624492555228335));
#4360=CARTESIAN_POINT('',(-0.00676317953020706,-0.03590184827694,-0.0609741399158931));
#4361=CARTESIAN_POINT('',(-0.00683089553354409,-0.0351251613474641,-0.0583882779672184));
#4362=CARTESIAN_POINT('',(-0.00684467988233676,-0.0347388714821638,-0.0557452719040775));
#4363=CARTESIAN_POINT('',(-0.00683016078762462,-0.0345388539317109,-0.0521736490225823));
#4364=CARTESIAN_POINT('',(-0.00680659801898845,-0.0346568421682322,-0.0477395969328431));
#4365=CARTESIAN_POINT('',(-0.00680861737165105,-0.034998883996685,-0.0441937791942793));
#4366=CARTESIAN_POINT('',(-0.00683239463427269,-0.0351585580521322,-0.042421261004149));
#4367=CARTESIAN_POINT('',(-0.00664000111793174,-0.0378166434201237,-0.0629006685311957));
#4368=CARTESIAN_POINT('',(-0.00664000111450909,-0.037816643420123,-0.0629006685311952));
#4369=CARTESIAN_POINT('',(-0.00664000034449068,-0.0378191360275991,-0.0629020902155848));
#4370=CARTESIAN_POINT('',(-0.00664,-0.0378216302692066,-0.0629035088683955));
#4371=CARTESIAN_POINT('',(-0.00663999999999999,-0.0378241261447506,-0.0629049244906121));
#4372=CARTESIAN_POINT('',(-0.00664,-0.0785833531866038,-0.024257448981059));
#4373=CARTESIAN_POINT('',(-0.00664,-0.0387666723050683,-0.0346625066164932));
#4374=CARTESIAN_POINT('',(-0.00664,-0.0382601753991668,-0.0331285228935756));
#4375=CARTESIAN_POINT('',(-0.00664000000000001,-0.0372202814365859,-0.0300704578408759));
#4376=CARTESIAN_POINT('',(-0.00664,-0.0359550089199696,-0.0253822221476373));
#4377=CARTESIAN_POINT('',(-0.00664,-0.035166139493401,-0.0206407334222431));
#4378=CARTESIAN_POINT('',(-0.00664,-0.0351689529408913,-0.0173820784497193));
#4379=CARTESIAN_POINT('',(-0.00664,-0.0353491955724344,-0.0157645652269133));
#4380=CARTESIAN_POINT('',(-0.00664,-0.0387666723050683,-0.0346625066164932));
#4381=CARTESIAN_POINT('',(-0.00664,-0.0882929685259089,-0.0504559691139481));
#4382=CARTESIAN_POINT('',(-0.00664,-0.0377055101638454,-0.0377343105512703));
#4383=CARTESIAN_POINT('',(-0.00664,-0.0583836109072912,-0.0521719968088205));
#4384=CARTESIAN_POINT('',(-0.00664,-0.0779357636793124,-0.0125589969411408));
#4385=CARTESIAN_POINT('',(-0.00664,-0.0983764465604376,-0.0517209034306175));
#4386=CARTESIAN_POINT('',(-0.00664,-0.122908950711832,-0.0330220449868183));
#4387=CARTESIAN_POINT('',(-0.00664,-0.0688101994892325,-0.051020340129893));
#4388=CARTESIAN_POINT('',(-0.00664,-0.118344219438613,-0.0352511187582678));
#4389=CARTESIAN_POINT('',(-0.00664,-0.121191529977126,-0.0125896978035709));
#4390=CARTESIAN_POINT('',(-0.00664,-0.121711827620045,-0.0144761373893614));
#4391=CARTESIAN_POINT('',(-0.00664,-0.122373375589894,-0.0183400328449173));
#4392=CARTESIAN_POINT('',(-0.00664,-0.122006671654659,-0.0242333894844531));
#4393=CARTESIAN_POINT('',(-0.00664,-0.120573422969009,-0.029833473622463));
#4394=CARTESIAN_POINT('',(-0.00664,-0.119067052414281,-0.0334417841525685));
#4395=CARTESIAN_POINT('',(-0.00664,-0.118344219438613,-0.0352511187582678));
#4396=CARTESIAN_POINT('',(-0.07464,-0.0785833531866038,-0.024257448981059));
#4397=CARTESIAN_POINT('',(-0.07464,-0.0688101994892325,-0.051020340129893));
#4398=CARTESIAN_POINT('',(-0.07464,-0.119638473643401,-0.0619186896160141));
#4399=CARTESIAN_POINT('',(-0.07464,-0.11726723795234,-0.0605954978497016));
#4400=CARTESIAN_POINT('',(-0.01474,-0.0311246920641494,-0.0373523308499263));
#4401=CARTESIAN_POINT('',(-0.00664,-0.0311246920641494,-0.0373523308499263));
#4402=CARTESIAN_POINT('',(-0.00664,-0.0388162628125932,-0.0348126971319104));
#4403=CARTESIAN_POINT('',(-0.01474,-0.0309504365307621,-0.0368245780665826));
#4404=CARTESIAN_POINT('',(-0.00664,-0.0309504365307681,-0.0368245780665811));
#4405=CARTESIAN_POINT('',(-0.00664,-0.0386420072792082,-0.0342849443485659));
#4406=CARTESIAN_POINT('',(-0.01474,-0.0306901051383863,-0.0360362642102893));
#4407=CARTESIAN_POINT('',(-0.00664,-0.0306901051383848,-0.0360362642102897));
#4408=CARTESIAN_POINT('',(-0.00664,-0.0383805884611068,-0.0334933268187185));
#4409=CARTESIAN_POINT('',(-0.01474,-0.0303827035036538,-0.0351049610957749));
#4410=CARTESIAN_POINT('',(-0.00664,-0.0303827035036539,-0.0351049610957749));
#4411=CARTESIAN_POINT('',(-0.00664,-0.0380757241530614,-0.0325697322758324));
#4412=CARTESIAN_POINT('',(-0.01474,-0.0302123049651768,-0.0345893644810537));
#4413=CARTESIAN_POINT('',(-0.00664,-0.0302123049651768,-0.0345893644810537));
#4414=CARTESIAN_POINT('',(-0.00664,-0.0379013383869342,-0.0320420221914093));
#4415=CARTESIAN_POINT('',(-0.01474,-0.02992725374179,-0.0337231406349683));
#4416=CARTESIAN_POINT('',(-0.00664,-0.02992725374179,-0.0337231406349683));
#4417=CARTESIAN_POINT('',(-0.00664,-0.0376407542423097,-0.0312501310003127));
#4418=CARTESIAN_POINT('',(-0.01474,-0.0295159623052021,-0.0324200120076191));
#4419=CARTESIAN_POINT('',(-0.00664,-0.0295159623052021,-0.0324200120076191));
#4420=CARTESIAN_POINT('',(-0.00664,-0.0372644773658847,-0.0300577759192928));
#4421=CARTESIAN_POINT('',(-0.01474,-0.0288201200252585,-0.0300409775424934));
#4422=CARTESIAN_POINT('',(-0.00664,-0.0288201200252582,-0.0300409775424933));
#4423=CARTESIAN_POINT('',(-0.00664,-0.03664027299158,-0.0279228654699157));
#4424=CARTESIAN_POINT('',(-0.01474,-0.0280427579109191,-0.0269566019968055));
#4425=CARTESIAN_POINT('',(-0.00664,-0.0280427579109212,-0.0269566019968063));
#4426=CARTESIAN_POINT('',(-0.00664,-0.0359627584708036,-0.025227675150244));
#4427=CARTESIAN_POINT('',(-0.01474,-0.0273419281138805,-0.0230273250497228));
#4428=CARTESIAN_POINT('',(-0.00664,-0.027341928113873,-0.0230273250497199));
#4429=CARTESIAN_POINT('',(-0.00664,-0.035385023391077,-0.0219655963558879));
#4430=CARTESIAN_POINT('',(-0.01474,-0.0270072085214083,-0.0187713600472677));
#4431=CARTESIAN_POINT('',(-0.00664,-0.0270072085214362,-0.0187713600472786));
#4432=CARTESIAN_POINT('',(-0.00664,-0.0351310731217411,-0.0186518267236199));
#4433=CARTESIAN_POINT('',(-0.01474,-0.0272656565194206,-0.0142196797571993));
#4434=CARTESIAN_POINT('',(-0.00664,-0.0272656565193164,-0.0142196797571588));
#4435=CARTESIAN_POINT('',(-0.00664,-0.0353248427515749,-0.0152908461368487));
#4436=CARTESIAN_POINT('',(-0.01474,-0.0281718236537995,-0.00986928764629967));
#4437=CARTESIAN_POINT('',(-0.00664,-0.0281718236541881,-0.00986928764645091));
#4438=CARTESIAN_POINT('',(-0.00664,-0.0359968444280493,-0.0120370088590432));
#4439=CARTESIAN_POINT('',(-0.01474,-0.0290680961599235,-0.00721678271170225));
#4440=CARTESIAN_POINT('',(-0.00664,-0.0290680961590862,-0.00721678271137638));
#4441=CARTESIAN_POINT('',(-0.00664,-0.036711580280497,-0.00990963319869693));
#4442=CARTESIAN_POINT('',(-0.01474,-0.0295619923584434,-0.00594348802885934));
#4443=CARTESIAN_POINT('',(-0.00664,-0.0295619923584434,-0.00594348802885934));
#4444=CARTESIAN_POINT('',(-0.00664,-0.037113779675676,-0.00887273849873824));
#4445=CARTESIAN_POINT('',(-0.00664,-0.0387666723050683,-0.0346625066164932));
#4446=CARTESIAN_POINT('',(-0.00664,-0.0366072079316999,-0.034673614021167));
#4447=CARTESIAN_POINT('',(-0.00787210272820103,-0.0333379600823287,-0.0347262869029095));
#4448=CARTESIAN_POINT('',(-0.0114888403620679,-0.0307475520923066,-0.0347919846112791));
#4449=CARTESIAN_POINT('',(-0.0136457954909742,-0.0302836445350073,-0.0348051223578868));
#4450=CARTESIAN_POINT('',(-0.0147400000000001,-0.0302836445350074,-0.0348051223578868));
#4451=CARTESIAN_POINT('',(-0.01474,-0.0882929685259089,-0.0504559691139481));
#4452=CARTESIAN_POINT('',(-0.00664000111793176,-0.0378166434201237,-0.0629006685311957));
#4453=CARTESIAN_POINT('',(-0.00664027955223027,-0.0373189674115689,-0.0630959771549954));
#4454=CARTESIAN_POINT('',(-0.00674762642565769,-0.0362859163497361,-0.0633831217510169));
#4455=CARTESIAN_POINT('',(-0.00736281104877231,-0.0343458370695911,-0.0639480780382347));
#4456=CARTESIAN_POINT('',(-0.00886124419056865,-0.0321722164392731,-0.0645417420266587));
#4457=CARTESIAN_POINT('',(-0.0115662197802683,-0.0304347755950934,-0.065016981490847));
#4458=CARTESIAN_POINT('',(-0.0136708045767971,-0.0300280688260993,-0.065126761084194));
#4459=CARTESIAN_POINT('',(-0.01474,-0.0300280688260993,-0.065126761084194));
#4460=CARTESIAN_POINT('',(-0.01474,-0.0379660241305829,-0.062816031602025));
#4461=CARTESIAN_POINT('',(-0.00664,-0.0378703087189076,-0.0629534198984261));
#4462=CARTESIAN_POINT('',(-0.00664,-0.0377934297523173,-0.0632101018147544));
#4463=CARTESIAN_POINT('',(-0.00666527625460053,-0.0377281598493565,-0.0637444895034426));
#4464=CARTESIAN_POINT('',(-0.00682116028171999,-0.0376147561618298,-0.064794696504624));
#4465=CARTESIAN_POINT('',(-0.00720193266353683,-0.0375212892260953,-0.0660574207763824));
#4466=CARTESIAN_POINT('',(-0.00795703448601624,-0.0374278357691679,-0.0674750287940407));
#4467=CARTESIAN_POINT('',(-0.00930294983537493,-0.0373313930225213,-0.0691194320378321));
#4468=CARTESIAN_POINT('',(-0.0115608007814724,-0.0372505170001063,-0.0706294111263752));
#4469=CARTESIAN_POINT('',(-0.0136688655159075,-0.037228924537647,-0.0710505497631463));
#4470=CARTESIAN_POINT('',(-0.01474,-0.037228924537647,-0.0710505497631463));
#4471=CARTESIAN_POINT('',(-0.01474,-0.0377055101638454,-0.0377343105512703));
#4472=CARTESIAN_POINT('',(-0.00664,-0.0583836109072912,-0.0521719968088205));
#4473=CARTESIAN_POINT('',(-0.00664,-0.0586779834434694,-0.0533184573787349));
#4474=CARTESIAN_POINT('',(-0.00693755185814297,-0.0592471649676756,-0.055629624494664));
#4475=CARTESIAN_POINT('',(-0.00847360223338314,-0.0599878646239409,-0.0588491810251428));
#4476=CARTESIAN_POINT('',(-0.0111765258697869,-0.0605181923200686,-0.0612712452801068));
#4477=CARTESIAN_POINT('',(-0.0135500677020549,-0.0606510151778796,-0.061894251129279));
#4478=CARTESIAN_POINT('',(-0.0147399999999938,-0.0606510151778799,-0.0618942511292801));
#4479=CARTESIAN_POINT('',(-0.01474,-0.0779357636793124,-0.0125589969411408));
#4480=CARTESIAN_POINT('',(-0.00664,-0.0983764465604376,-0.0517209034306175));
#4481=CARTESIAN_POINT('',(-0.00664000000000001,-0.0981191964054508,-0.0528755910475518));
#4482=CARTESIAN_POINT('',(-0.00694196834787355,-0.097614988433129,-0.0552001988534103));
#4483=CARTESIAN_POINT('',(-0.00848038058822431,-0.0969445513167764,-0.0584306372704545));
#4484=CARTESIAN_POINT('',(-0.0111788870099516,-0.0964556921361209,-0.0608633940343106));
#4485=CARTESIAN_POINT('',(-0.0135509408363863,-0.0963318182018726,-0.0614907352565634));
#4486=CARTESIAN_POINT('',(-0.0147399999999949,-0.0963318182018724,-0.0614907352565643));
#4487=CARTESIAN_POINT('',(-0.01474,-0.122908950711832,-0.0330220449868183));
#4488=CARTESIAN_POINT('',(-0.00664126767786017,-0.116407917933118,-0.0633220232811995));
#4489=CARTESIAN_POINT('',(-0.00665993495802212,-0.11613809912012,-0.0643431435705586));
#4490=CARTESIAN_POINT('',(-0.00710832530902589,-0.115627651103112,-0.0663573579872266));
#4491=CARTESIAN_POINT('',(-0.00891850731964911,-0.114989217390423,-0.0689318842416472));
#4492=CARTESIAN_POINT('',(-0.0115975768306069,-0.114569750297467,-0.0706420040585929));
#4493=CARTESIAN_POINT('',(-0.0136841415507591,-0.114471629796423,-0.0710433799699198));
#4494=CARTESIAN_POINT('',(-0.0147400000000142,-0.114471629796423,-0.071043379969918));
#4495=CARTESIAN_POINT('',(-0.01474,-0.11726723795234,-0.0605954978497016));
#4496=CARTESIAN_POINT('',(-0.00664,-0.119638473643401,-0.0619186896160141));
#4497=CARTESIAN_POINT('',(-0.00663999999999999,-0.120628375795573,-0.0622909188802482));
#4498=CARTESIAN_POINT('',(-0.00705628897804327,-0.12265200786788,-0.0629732773204788));
#4499=CARTESIAN_POINT('',(-0.00885299606101412,-0.125234278950517,-0.0637888718400014));
#4500=CARTESIAN_POINT('',(-0.0115542903906388,-0.126968314675154,-0.0643195034356771));
#4501=CARTESIAN_POINT('',(-0.013669800611898,-0.127375314781192,-0.0644426329631871));
#4502=CARTESIAN_POINT('',(-0.0147400000000081,-0.127375314781191,-0.0644426329631868));
#4503=CARTESIAN_POINT('',(-0.01474,-0.0688101994892325,-0.051020340129893));
#4504=CARTESIAN_POINT('',(-0.00664,-0.118344219438614,-0.0352511187582516));
#4505=CARTESIAN_POINT('',(-0.00663999999999878,-0.120513068817951,-0.0353291698975697));
#4506=CARTESIAN_POINT('',(-0.00785518153499442,-0.123798602808956,-0.035486994738595));
#4507=CARTESIAN_POINT('',(-0.0114726249964553,-0.126427282928255,-0.0356402537553851));
#4508=CARTESIAN_POINT('',(-0.0136404869350221,-0.126899598553236,-0.0356693665306031));
#4509=CARTESIAN_POINT('',(-0.0147400000000007,-0.126899598553235,-0.0356693665306031));
#4510=CARTESIAN_POINT('',(-0.00664,-0.118278432833692,-0.0354157902451553));
#4511=CARTESIAN_POINT('',(-0.00663999999999999,-0.125800384776624,-0.0384208258469791));
#4512=CARTESIAN_POINT('',(-0.01474,-0.125800384776624,-0.0384208258469791));
#4513=CARTESIAN_POINT('',(-0.00664,-0.118509599653761,-0.0348371529370608));
#4514=CARTESIAN_POINT('',(-0.00664000000001069,-0.126031551596767,-0.0378421885388958));
#4515=CARTESIAN_POINT('',(-0.01474,-0.126031551596694,-0.037842188538885));
#4516=CARTESIAN_POINT('',(-0.00664,-0.118856472270666,-0.0339692558125781));
#4517=CARTESIAN_POINT('',(-0.00663999999999749,-0.126375242778551,-0.0369823147342232));
#4518=CARTESIAN_POINT('',(-0.01474,-0.126375242778568,-0.0369823147342257));
#4519=CARTESIAN_POINT('',(-0.00664,-0.119260728636581,-0.0329565032355729));
#4520=CARTESIAN_POINT('',(-0.0066400000000002,-0.126786922492885,-0.0359508410776318));
#4521=CARTESIAN_POINT('',(-0.01474,-0.126786922492884,-0.0359508410776316));
#4522=CARTESIAN_POINT('',(-0.00664,-0.119492344208257,-0.0323780816655257));
#4523=CARTESIAN_POINT('',(-0.00663999999999995,-0.127006872802788,-0.0354018383469385));
#4524=CARTESIAN_POINT('',(-0.01474,-0.127006872802789,-0.0354018383469386));
#4525=CARTESIAN_POINT('',(-0.00664,-0.119721675226294,-0.0317985617927135));
#4526=CARTESIAN_POINT('',(-0.00664000000000001,-0.127283925346253,-0.0347019686767681));
#4527=CARTESIAN_POINT('',(-0.01474,-0.127283925346253,-0.034701968676768));
#4528=CARTESIAN_POINT('',(-0.00664,-0.119996190415291,-0.0310709322447163));
#4529=CARTESIAN_POINT('',(-0.00664,-0.127601329668039,-0.0338600814682782));
#4530=CARTESIAN_POINT('',(-0.01474,-0.127601329668039,-0.0338600814682782));
#4531=CARTESIAN_POINT('',(-0.00664,-0.120411038405334,-0.0299011391263017));
#4532=CARTESIAN_POINT('',(-0.00664,-0.128093928989895,-0.0324718036730136));
#4533=CARTESIAN_POINT('',(-0.01474,-0.128093928989895,-0.0324718036730136));
#4534=CARTESIAN_POINT('',(-0.00664,-0.120880389529163,-0.0284272599183375));
#4535=CARTESIAN_POINT('',(-0.00664,-0.128655779740453,-0.0307081268301728));
#4536=CARTESIAN_POINT('',(-0.01474,-0.128655779740453,-0.0307081268301728));
#4537=CARTESIAN_POINT('',(-0.00664,-0.121357299742556,-0.0266378175602116));
#4538=CARTESIAN_POINT('',(-0.00664,-0.129238729596524,-0.0285232407304418));
#4539=CARTESIAN_POINT('',(-0.01474,-0.129238729596524,-0.0285232407304418));
#4540=CARTESIAN_POINT('',(-0.00664,-0.12186548851252,-0.0242234899673213));
#4541=CARTESIAN_POINT('',(-0.00664,-0.12987167328329,-0.0255200215513462));
#4542=CARTESIAN_POINT('',(-0.01474,-0.12987167328329,-0.0255200215513461));
#4543=CARTESIAN_POINT('',(-0.00664,-0.122238020691044,-0.0211305061226138));
#4544=CARTESIAN_POINT('',(-0.00664000000000021,-0.130353102236533,-0.0215608069288765));
#4545=CARTESIAN_POINT('',(-0.01474,-0.130353102236529,-0.0215608069288773));
#4546=CARTESIAN_POINT('',(-0.00664,-0.122164593056365,-0.0173576535186182));
#4547=CARTESIAN_POINT('',(-0.0066399999999992,-0.130258695502424,-0.0166042101771854));
#4548=CARTESIAN_POINT('',(-0.01474,-0.130258695502436,-0.0166042101771822));
#4549=CARTESIAN_POINT('',(-0.00664000000000001,-0.121553980724924,-0.0136873609578485));
#4550=CARTESIAN_POINT('',(-0.00664000000000297,-0.129457384664325,-0.0118105519241438));
#4551=CARTESIAN_POINT('',(-0.0147399999999999,-0.129457384664282,-0.0118105519241554));
#4552=CARTESIAN_POINT('',(-0.00664,-0.120483404367683,-0.0101606915774194));
#4553=CARTESIAN_POINT('',(-0.00663999999998901,-0.128101022485766,-0.00736367952090492));
#4554=CARTESIAN_POINT('',(-0.0147400000000005,-0.128101022485927,-0.00736367952086163));
#4555=CARTESIAN_POINT('',(-0.00664,-0.119515537529868,-0.00787316683660006));
#4556=CARTESIAN_POINT('',(-0.00664000000002367,-0.126929727936469,-0.00460100525816506));
#4557=CARTESIAN_POINT('',(-0.0147399999999989,-0.126929727936122,-0.00460100525825835));
#4558=CARTESIAN_POINT('',(-0.00664,-0.11897653089655,-0.00675056512854741));
#4559=CARTESIAN_POINT('',(-0.00663999999999999,-0.126278467162016,-0.0032446092282147));
#4560=CARTESIAN_POINT('',(-0.01474,-0.126278467162016,-0.0032446092282147));
#4561=CARTESIAN_POINT('',(-0.07464,-0.118976345575915,-0.00675017916237404));
#4562=CARTESIAN_POINT('',(-0.07464,-0.126278243246391,-0.00324414288048953));
#4563=CARTESIAN_POINT('',(-0.06654,-0.126278243246391,-0.00324414288048953));
#4564=CARTESIAN_POINT('',(-0.07464,-0.119516729191742,-0.00787561699210864));
#4565=CARTESIAN_POINT('',(-0.0746399999999694,-0.126931167194436,-0.00460396447686289));
#4566=CARTESIAN_POINT('',(-0.06654,-0.126931167194295,-0.00460396447698285));
#4567=CARTESIAN_POINT('',(-0.07464,-0.12048389380805,-0.0101624020456367));
#4568=CARTESIAN_POINT('',(-0.0746400000000142,-0.128101615751908,-0.00736579410032724));
#4569=CARTESIAN_POINT('',(-0.06654,-0.128101615751973,-0.00736579410027158));
#4570=CARTESIAN_POINT('',(-0.07464,-0.121555775442791,-0.0136922966669892));
#4571=CARTESIAN_POINT('',(-0.0746399999999962,-0.129459684293085,-0.0118167271546485));
#4572=CARTESIAN_POINT('',(-0.06654,-0.129459684293067,-0.0118167271546634));
#4573=CARTESIAN_POINT('',(-0.07464,-0.122166738619028,-0.0173782261077966));
#4574=CARTESIAN_POINT('',(-0.074640000000001,-0.130261504736977,-0.016631355927685));
#4575=CARTESIAN_POINT('',(-0.06654,-0.130261504736982,-0.016631355927681));
#4576=CARTESIAN_POINT('',(-0.07464,-0.122235674919486,-0.0211306880636484));
#4577=CARTESIAN_POINT('',(-0.0746399999999997,-0.130350089006362,-0.0215605800558235));
#4578=CARTESIAN_POINT('',(-0.06654,-0.13035008900636,-0.0215605800558245));
#4579=CARTESIAN_POINT('',(-0.07464,-0.121799670673771,-0.0247918398785029));
#4580=CARTESIAN_POINT('',(-0.0746400000000001,-0.129786513377537,-0.0262480794773769));
#4581=CARTESIAN_POINT('',(-0.06654,-0.129786513377538,-0.0262480794773766));
#4582=CARTESIAN_POINT('',(-0.07464,-0.121073745743889,-0.0278204722225126));
#4583=CARTESIAN_POINT('',(-0.07464,-0.128887339245257,-0.0299817557195315));
#4584=CARTESIAN_POINT('',(-0.06654,-0.128887339245257,-0.0299817557195316));
#4585=CARTESIAN_POINT('',(-0.07464,-0.120410663959316,-0.0299024572951879));
#4586=CARTESIAN_POINT('',(-0.07464,-0.128093428541482,-0.0324735159820022));
#4587=CARTESIAN_POINT('',(-0.06654,-0.128093428541482,-0.0324735159820022));
#4588=CARTESIAN_POINT('',(-0.07464,-0.119994511798555,-0.0310755361076496));
#4589=CARTESIAN_POINT('',(-0.07464,-0.127599417700372,-0.0338653395181098));
#4590=CARTESIAN_POINT('',(-0.06654,-0.127599417700372,-0.0338653395181098));
#4591=CARTESIAN_POINT('',(-0.07464,-0.119719843587363,-0.0318033136129375));
#4592=CARTESIAN_POINT('',(-0.0746399999999999,-0.127281584176467,-0.0347080237655444));
#4593=CARTESIAN_POINT('',(-0.06654,-0.127281584176467,-0.0347080237655445));
#4594=CARTESIAN_POINT('',(-0.07464,-0.119490813896249,-0.0323818814475149));
#4595=CARTESIAN_POINT('',(-0.0746400000000001,-0.127005436351728,-0.0354053980531419));
#4596=CARTESIAN_POINT('',(-0.06654,-0.127005436351728,-0.0354053980531418));
#4597=CARTESIAN_POINT('',(-0.07464,-0.119259507937823,-0.0329595763664875));
#4598=CARTESIAN_POINT('',(-0.0746399999999994,-0.126785648159297,-0.0359540513947092));
#4599=CARTESIAN_POINT('',(-0.06654,-0.126785648159299,-0.0359540513947096));
#4600=CARTESIAN_POINT('',(-0.0746400000000001,-0.118855789510879,-0.0339709516538895));
#4601=CARTESIAN_POINT('',(-0.0746400000000071,-0.126374600244919,-0.0369839076859179));
#4602=CARTESIAN_POINT('',(-0.0665400000000001,-0.126374600244899,-0.0369839076859136));
#4603=CARTESIAN_POINT('',(-0.07464,-0.118509379316254,-0.0348377044673176));
#4604=CARTESIAN_POINT('',(-0.0746399999999695,-0.126031331259113,-0.0378427400691273));
#4605=CARTESIAN_POINT('',(-0.06654,-0.126031331259196,-0.0378427400691457));
#4606=CARTESIAN_POINT('',(-0.07464,-0.118278520481762,-0.0354155708518915));
#4607=CARTESIAN_POINT('',(-0.07464,-0.125800472424694,-0.0384206064537153));
#4608=CARTESIAN_POINT('',(-0.06654,-0.125800472424694,-0.0384206064537153));
#4609=CARTESIAN_POINT('',(-0.07464,-0.118344219438613,-0.0352511187582678));
#4610=CARTESIAN_POINT('',(-0.07464,-0.120513068818004,-0.0353291698960899));
#4611=CARTESIAN_POINT('',(-0.0734248184650064,-0.123798602808943,-0.0354869947389313));
#4612=CARTESIAN_POINT('',(-0.0698073750035453,-0.126427282928257,-0.0356402537553178));
#4613=CARTESIAN_POINT('',(-0.0676395130649785,-0.126899598553235,-0.035669366530603));
#4614=CARTESIAN_POINT('',(-0.06654,-0.126899598553235,-0.035669366530603));
#4615=CARTESIAN_POINT('',(-0.06654,-0.0688101994892325,-0.051020340129893));
#4616=CARTESIAN_POINT('',(-0.07464,-0.119638473643401,-0.0619186896160141));
#4617=CARTESIAN_POINT('',(-0.07464,-0.120628375795573,-0.0622909188802451));
#4618=CARTESIAN_POINT('',(-0.0742237110219572,-0.122652007867878,-0.0629732773204796));
#4619=CARTESIAN_POINT('',(-0.0724270039389883,-0.125234278950515,-0.0637888718400001));
#4620=CARTESIAN_POINT('',(-0.0697257096093667,-0.126968314675151,-0.0643195034356765));
#4621=CARTESIAN_POINT('',(-0.0676101993881093,-0.127375314781191,-0.0644426329631868));
#4622=CARTESIAN_POINT('',(-0.06654,-0.127375314781191,-0.0644426329631868));
#4623=CARTESIAN_POINT('',(-0.06654,-0.11726723795234,-0.0605954978497016));
#4624=CARTESIAN_POINT('',(-0.0746387323221398,-0.116407917933119,-0.0633220232811993));
#4625=CARTESIAN_POINT('',(-0.074620065041978,-0.116138099120115,-0.0643431435705555));
#4626=CARTESIAN_POINT('',(-0.0741716746909753,-0.115627651103116,-0.0663573579872235));
#4627=CARTESIAN_POINT('',(-0.0723614926803561,-0.114989217390423,-0.0689318842416413));
#4628=CARTESIAN_POINT('',(-0.0696824231694038,-0.114569750297468,-0.0706420040585883));
#4629=CARTESIAN_POINT('',(-0.0675958584492544,-0.114471629796423,-0.0710433799699179));
#4630=CARTESIAN_POINT('',(-0.0665400000000009,-0.114471629796423,-0.071043379969918));
#4631=CARTESIAN_POINT('',(-0.06654,-0.122908950711832,-0.0330220449868183));
#4632=CARTESIAN_POINT('',(-0.07464,-0.0983764465604376,-0.0517209034306175));
#4633=CARTESIAN_POINT('',(-0.07464,-0.0981191964054437,-0.0528755910475511));
#4634=CARTESIAN_POINT('',(-0.074338031652126,-0.0976149884331316,-0.0552001988534135));
#4635=CARTESIAN_POINT('',(-0.0727996194117729,-0.0969445513167746,-0.0584306372704588));
#4636=CARTESIAN_POINT('',(-0.0701011129900417,-0.0964556921361203,-0.0608633940343149));
#4637=CARTESIAN_POINT('',(-0.0677290591636044,-0.0963318182018723,-0.0614907352565652));
#4638=CARTESIAN_POINT('',(-0.0665399999999949,-0.0963318182018724,-0.0614907352565643));
#4639=CARTESIAN_POINT('',(-0.06654,-0.0779357636793124,-0.0125589969411408));
#4640=CARTESIAN_POINT('',(-0.07464,-0.0583836109072912,-0.0521719968088205));
#4641=CARTESIAN_POINT('',(-0.07464,-0.0586779834434835,-0.0533184573787324));
#4642=CARTESIAN_POINT('',(-0.0743424481418565,-0.0592471649676699,-0.0556296244946687));
#4643=CARTESIAN_POINT('',(-0.0728063977666135,-0.0599878646239439,-0.0588491810251476));
#4644=CARTESIAN_POINT('',(-0.070103474130205,-0.0605181923200691,-0.0612712452801119));
#4645=CARTESIAN_POINT('',(-0.067729932297934,-0.0606510151778801,-0.0618942511292811));
#4646=CARTESIAN_POINT('',(-0.0665399999999939,-0.0606510151778799,-0.0618942511292801));
#4647=CARTESIAN_POINT('',(-0.06654,-0.0377055101638454,-0.0377343105512703));
#4648=CARTESIAN_POINT('',(-0.07464,-0.0378703087189076,-0.0629534198984261));
#4649=CARTESIAN_POINT('',(-0.07464,-0.0377934297523144,-0.0632101018147535));
#4650=CARTESIAN_POINT('',(-0.0746147237453995,-0.0377281598493579,-0.063744489503443));
#4651=CARTESIAN_POINT('',(-0.07445883971828,-0.037614756161829,-0.0647946965046238));
#4652=CARTESIAN_POINT('',(-0.0740780673364632,-0.0375212892260955,-0.0660574207763825));
#4653=CARTESIAN_POINT('',(-0.0733229655139837,-0.0374278357691679,-0.0674750287940408));
#4654=CARTESIAN_POINT('',(-0.0719770501646251,-0.0373313930225212,-0.0691194320378321));
#4655=CARTESIAN_POINT('',(-0.0697191992185276,-0.0372505170001063,-0.0706294111263752));
#4656=CARTESIAN_POINT('',(-0.0676111344840925,-0.037228924537647,-0.0710505497631463));
#4657=CARTESIAN_POINT('',(-0.06654,-0.037228924537647,-0.0710505497631463));
#4658=CARTESIAN_POINT('',(-0.06654,-0.0379660241305829,-0.062816031602025));
#4659=CARTESIAN_POINT('',(-0.0746399988854909,-0.0378166434201198,-0.0629006685311973));
#4660=CARTESIAN_POINT('',(-0.0746397212323264,-0.0373189674100489,-0.0630959771555955));
#4661=CARTESIAN_POINT('',(-0.0745323732195434,-0.0362859163504271,-0.0633831217507444));
#4662=CARTESIAN_POINT('',(-0.0739171891561129,-0.0343458370691953,-0.0639480780383912));
#4663=CARTESIAN_POINT('',(-0.072418755739472,-0.0321722164394099,-0.064541742026605));
#4664=CARTESIAN_POINT('',(-0.0697137802397212,-0.0304347755950548,-0.0650169814908624));
#4665=CARTESIAN_POINT('',(-0.0676091954232032,-0.0300280688260993,-0.0651267610841939));
#4666=CARTESIAN_POINT('',(-0.06654,-0.0300280688260993,-0.0651267610841939));
#4667=CARTESIAN_POINT('',(-0.06654,-0.0882929685259089,-0.0504559691139481));
#4668=CARTESIAN_POINT('',(-0.07464,-0.0387666723050683,-0.0346625066164932));
#4669=CARTESIAN_POINT('',(-0.07464,-0.0366072079317003,-0.0346736140212588));
#4670=CARTESIAN_POINT('',(-0.0734078972717987,-0.0333379600823284,-0.0347262869028886));
#4671=CARTESIAN_POINT('',(-0.0697911596379321,-0.0307475520923067,-0.0347919846112833));
#4672=CARTESIAN_POINT('',(-0.0676342045090259,-0.0302836445350074,-0.0348051223578868));
#4673=CARTESIAN_POINT('',(-0.06654,-0.0302836445350074,-0.0348051223578868));
#4674=CARTESIAN_POINT('',(-0.06654,-0.0295624057882042,-0.00594242222300179));
#4675=CARTESIAN_POINT('',(-0.07464,-0.0295624057882042,-0.00594242222300179));
#4676=CARTESIAN_POINT('',(-0.07464,-0.0371141163494542,-0.0088718705668209));
#4677=CARTESIAN_POINT('',(-0.06654,-0.0290653500246148,-0.00722376287792335));
#4678=CARTESIAN_POINT('',(-0.07464,-0.0290653500239519,-0.00722376287766709));
#4679=CARTESIAN_POINT('',(-0.07464,-0.0367093405873776,-0.00991532620607262));
#4680=CARTESIAN_POINT('',(-0.06654,-0.0281770126912404,-0.00985622291840824));
#4681=CARTESIAN_POINT('',(-0.07464,-0.0281770126915481,-0.00985622291852717));
#4682=CARTESIAN_POINT('',(-0.07464,-0.0360009502775753,-0.0120264591938519));
#4683=CARTESIAN_POINT('',(-0.06654,-0.0272685355478907,-0.0141924555411343));
#4684=CARTESIAN_POINT('',(-0.07464,-0.0272685355478083,-0.0141924555411025));
#4685=CARTESIAN_POINT('',(-0.07464,-0.035326918032555,-0.0152709111259508));
#4686=CARTESIAN_POINT('',(-0.06654,-0.0270059728770922,-0.0187759018110126));
#4687=CARTESIAN_POINT('',(-0.07464,-0.0270059728771143,-0.0187759018110211));
#4688=CARTESIAN_POINT('',(-0.07464,-0.0351301535878703,-0.0186549221117755));
#4689=CARTESIAN_POINT('',(-0.06654,-0.0273440577743577,-0.0230432250519894));
#4690=CARTESIAN_POINT('',(-0.07464,-0.0273440577743518,-0.0230432250519871));
#4691=CARTESIAN_POINT('',(-0.07464,-0.0353866763513587,-0.0219783359759314));
#4692=CARTESIAN_POINT('',(-0.06654,-0.028045517287722,-0.0269677954642511));
#4693=CARTESIAN_POINT('',(-0.07464,-0.0280455172877236,-0.0269677954642518));
#4694=CARTESIAN_POINT('',(-0.07464,-0.0359651378082566,-0.0252373876601856));
#4695=CARTESIAN_POINT('',(-0.06654,-0.0288192312815003,-0.03003721995497));
#4696=CARTESIAN_POINT('',(-0.07464,-0.0288192312815001,-0.0300372199549699));
#4697=CARTESIAN_POINT('',(-0.07464,-0.0366395539527386,-0.0279197492930673));
#4698=CARTESIAN_POINT('',(-0.06654,-0.0295134412834801,-0.0324117233120497));
#4699=CARTESIAN_POINT('',(-0.07464,-0.0295134412834801,-0.0324117233120498));
#4700=CARTESIAN_POINT('',(-0.07464,-0.0372621207266394,-0.0300500429243351));
#4701=CARTESIAN_POINT('',(-0.06654,-0.0299248886261139,-0.0337158182692849));
#4702=CARTESIAN_POINT('',(-0.07464,-0.0299248886261139,-0.0337158182692849));
#4703=CARTESIAN_POINT('',(-0.07464,-0.037638786255596,-0.0312440241682279));
#4704=CARTESIAN_POINT('',(-0.06654,-0.0302108140891994,-0.0345848676292456));
#4705=CARTESIAN_POINT('',(-0.07464,-0.0302108140891994,-0.0345848676292456));
#4706=CARTESIAN_POINT('',(-0.07464,-0.0378998015621512,-0.0320373846993502));
#4707=CARTESIAN_POINT('',(-0.06654,-0.0303814544876955,-0.0351011677732459));
#4708=CARTESIAN_POINT('',(-0.07464,-0.0303814544876956,-0.0351011677732458));
#4709=CARTESIAN_POINT('',(-0.07464,-0.0380745013935634,-0.0325660193191611));
#4710=CARTESIAN_POINT('',(-0.06654,-0.0306894392054825,-0.0360342552577325));
#4711=CARTESIAN_POINT('',(-0.07464,-0.030689439205482,-0.036034255257733));
#4712=CARTESIAN_POINT('',(-0.07464,-0.0383799028358579,-0.0334912575917683));
#4713=CARTESIAN_POINT('',(-0.06654,-0.0309502155851582,-0.0368239089075885));
#4714=CARTESIAN_POINT('',(-0.07464,-0.0309502155851603,-0.0368239089075863));
#4715=CARTESIAN_POINT('',(-0.07464,-0.0386417863336037,-0.034284275189572));
#4716=CARTESIAN_POINT('',(-0.06654,-0.0311247799541143,-0.0373525970347222));
#4717=CARTESIAN_POINT('',(-0.07464,-0.0311247799541143,-0.0373525970347222));
#4718=CARTESIAN_POINT('',(-0.07464,-0.0388163507025581,-0.0348129633167063));
#4719=MECHANICAL_DESIGN_GEOMETRIC_PRESENTATION_REPRESENTATION('',(#1695),
#4720);
#4720=(
GEOMETRIC_REPRESENTATION_CONTEXT(3)
GLOBAL_UNCERTAINTY_ASSIGNED_CONTEXT((#4721))
GLOBAL_UNIT_ASSIGNED_CONTEXT((#4724,#4723,#4722))
REPRESENTATION_CONTEXT('Part 16','TOP_LEVEL_ASSEMBLY_PART')
);
#4721=UNCERTAINTY_MEASURE_WITH_UNIT(LENGTH_MEASURE(2.E-5),#4724,
'DISTANCE_ACCURACY_VALUE','Maximum Tolerance applied to model');
#4722=(
NAMED_UNIT(*)
SI_UNIT($,.STERADIAN.)
SOLID_ANGLE_UNIT()
);
#4723=(
NAMED_UNIT(*)
PLANE_ANGLE_UNIT()
SI_UNIT($,.RADIAN.)
);
#4724=(
LENGTH_UNIT()
NAMED_UNIT(*)
SI_UNIT($,.METRE.)
);
#4725=PRODUCT_DEFINITION_SHAPE('','',#4726);
#4726=PRODUCT_DEFINITION('','',#4728,#4727);
#4727=PRODUCT_DEFINITION_CONTEXT('',#4734,'design');
#4728=PRODUCT_DEFINITION_FORMATION_WITH_SPECIFIED_SOURCE('','',#4730,
 .NOT_KNOWN.);
#4729=PRODUCT_RELATED_PRODUCT_CATEGORY('','',(#4730));
#4730=PRODUCT('Part 16','Part 16','Part 16',(#4732));
#4731=PRODUCT_CATEGORY('','');
#4732=PRODUCT_CONTEXT('',#4734,'mechanical');
#4733=APPLICATION_PROTOCOL_DEFINITION('international standard',
'ap242_managed_model_based_3d_engineering',2020,#4734);
#4734=APPLICATION_CONTEXT('managed model based 3d engineering');
ENDSEC;
END-ISO-10303-21;
