ISO-10303-21;
HEADER;
/* Generated by software containing ST-Developer
 * from STEP Tools, Inc. (www.steptools.com) 
 */
/* OPTION: using custom renumber hook */

FILE_DESCRIPTION(
/* description */ ('STEP AP242 Edition 2',
'CAx-IF Rec.Pracs.---Representation and Presentation of Product Manufa
cturing Information (PMI)---4.0---2014-10-13',
'CAx-IF Rec.Pracs.---3D Tessellated Geometry---0.4---2014-09-14','2;1',
'CAx-IF Rec.Pracs.---User Defined Attributes---1.5---2016-08-15'),
/* implementation_level */ '2;1');

FILE_NAME(
/* name */ 'Part Studio 1 - Part 12',
/* time_stamp */ '2026-06-18T16:33:34Z',
/* author */ (''),
/* organization */ (''),
/* preprocessor_version */ 'ST-DEVELOPER v20',
/* originating_system */ 'ONSHAPE BY PTC INC, 1.216',
/* authorisation */ '  ');

FILE_SCHEMA (('AP242_MANAGED_MODEL_BASED_3D_ENGINEERING_MIM_LF { 1 0 10303 442 3 1 4 }'));
ENDSEC;

DATA;
#10=SHAPE_REPRESENTATION_RELATIONSHIP('','',#920,#11);
#11=ADVANCED_BREP_SHAPE_REPRESENTATION('',(#918),#2755);
#12=ORIENTED_CLOSED_SHELL('',*,#909,.F.);
#13=SPHERICAL_SURFACE('',#977,0.0019);
#14=(
BOUNDED_SURFACE()
B_SPLINE_SURFACE(3,2,((#1669,#1670,#1671),(#1672,#1673,#1674),(#1675,#1676,
#1677),(#1678,#1679,#1680),(#1681,#1682,#1683),(#1684,#1685,#1686),(#1687,
#1688,#1689),(#1690,#1691,#1692),(#1693,#1694,#1695)),.UNSPECIFIED.,.F.,
 .F.,.F.)
B_SPLINE_SURFACE_WITH_KNOTS((4,1,1,1,1,1,4),(3,3),(0.0969022545948843,0.0970889585426291,
0.0972756624903738,0.0976490703858633,0.0983958861768422,0.0991427019678211,
0.0998895177588001),(0.,1.),.UNSPECIFIED.)
GEOMETRIC_REPRESENTATION_ITEM()
RATIONAL_B_SPLINE_SURFACE(((1.,0.707106781186548,1.),(1.,0.707106781186548,
1.),(1.,0.707106781186548,1.),(1.,0.707106781186548,1.),(1.,0.707106781186548,
1.),(1.,0.707106781186548,1.),(1.,0.707106781186548,1.),(1.,0.707106781186548,
1.),(1.,0.707106781186548,1.)))
REPRESENTATION_ITEM('')
SURFACE()
);
#15=(
BOUNDED_SURFACE()
B_SPLINE_SURFACE(3,2,((#1704,#1705,#1706),(#1707,#1708,#1709),(#1710,#1711,
#1712),(#1713,#1714,#1715),(#1716,#1717,#1718),(#1719,#1720,#1721),(#1722,
#1723,#1724),(#1725,#1726,#1727),(#1728,#1729,#1730),(#1731,#1732,#1733),
(#1734,#1735,#1736),(#1737,#1738,#1739),(#1740,#1741,#1742),(#1743,#1744,
#1745),(#1746,#1747,#1748),(#1749,#1750,#1751),(#1752,#1753,#1754),(#1755,
#1756,#1757),(#1758,#1759,#1760),(#1761,#1762,#1763),(#1764,#1765,#1766),
(#1767,#1768,#1769),(#1770,#1771,#1772),(#1773,#1774,#1775),(#1776,#1777,
#1778),(#1779,#1780,#1781),(#1782,#1783,#1784),(#1785,#1786,#1787),(#1788,
#1789,#1790),(#1791,#1792,#1793),(#1794,#1795,#1796),(#1797,#1798,#1799),
(#1800,#1801,#1802),(#1803,#1804,#1805),(#1806,#1807,#1808),(#1809,#1810,
#1811),(#1812,#1813,#1814),(#1815,#1816,#1817),(#1818,#1819,#1820),(#1821,
#1822,#1823),(#1824,#1825,#1826),(#1827,#1828,#1829),(#1830,#1831,#1832),
(#1833,#1834,#1835),(#1836,#1837,#1838),(#1839,#1840,#1841)),
 .UNSPECIFIED.,.F.,.F.,.F.)
B_SPLINE_SURFACE_WITH_KNOTS((4,1,1,1,1,1,1,1,1,1,1,1,1,1,1,1,1,1,1,1,1,
1,1,1,1,1,1,1,1,1,1,1,1,1,1,1,1,1,1,1,1,1,1,4),(3,3),(9.54097911787244E-18,
0.000547300198501853,0.0010946003970037,0.00164190059550554,0.00218920079400739,
0.00273650099250923,0.00301015109176015,0.00328380119101107,0.00342062624063653,
0.00355745129026199,0.00369427633988746,0.00383110138951292,0.00389951391432565,
0.00396792643913838,0.00403633896395111,0.00410475148876384,0.00417316401357657,
0.0042415765383893,0.00437840158801476,0.00451522663764022,0.00465205168726568,
0.0049257017865166,0.00519935188576753,0.00547300198501845,0.00602030218352029,
0.00656760238202214,0.00711490258052398,0.00766220277902582,0.00875680317602951,
0.0098514035730332,0.0109460039700369,0.0120406043670406,0.0131352047640443,
0.0136825049625461,0.0142298051610479,0.0147771053595498,0.0150507554588007,
0.0153244055580516,0.0155980556573026,0.0158717057565535,0.0161453558558044,
0.0164190059550553,0.0169663061535572,0.017513606352059),(0.,1.),
 .UNSPECIFIED.)
GEOMETRIC_REPRESENTATION_ITEM()
RATIONAL_B_SPLINE_SURFACE(((1.,0.707106781186548,1.),(1.,0.707106781186548,
1.),(1.,0.707106781186548,1.),(1.,0.707106781186547,1.),(1.,0.707106781186548,
1.),(1.,0.707106781186547,1.),(1.,0.707106781186548,1.),(1.,0.707106781186547,
1.),(1.,0.707106781186549,1.),(1.,0.707106781186544,1.),(1.,0.707106781186545,
1.),(1.,0.707106781186548,1.),(1.,0.707106781186549,1.),(1.,0.707106781186544,
1.),(1.,0.707106781186548,1.),(1.,0.707106781186548,1.),(1.,0.707106781186546,
1.),(1.,0.707106781186548,1.),(1.,0.707106781186547,1.),(1.,0.707106781186547,
1.),(1.,0.707106781186548,1.),(1.,0.707106781186547,1.),(1.,0.707106781186548,
1.),(1.,0.707106781186547,1.),(1.,0.707106781186548,1.),(1.,0.707106781186547,
1.),(1.,0.707106781186547,1.),(1.,0.707106781186548,1.),(1.,0.707106781186548,
1.),(1.,0.707106781186548,1.),(1.,0.707106781186547,1.),(1.,0.707106781186548,
1.),(1.,0.707106781186547,1.),(1.,0.707106781186548,1.),(1.,0.707106781186547,
1.),(1.,0.707106781186548,1.),(1.,0.707106781186545,1.),(1.,0.707106781186544,
1.),(1.,0.707106781186548,1.),(1.,0.707106781186547,1.),(1.,0.707106781186548,
1.),(1.,0.707106781186547,1.),(1.,0.707106781186548,1.),(1.,0.707106781186548,
1.),(1.,0.707106781186548,1.),(1.,0.707106781186548,1.)))
REPRESENTATION_ITEM('')
SURFACE()
);
#16=(
BOUNDED_SURFACE()
B_SPLINE_SURFACE(3,2,((#1868,#1869,#1870),(#1871,#1872,#1873),(#1874,#1875,
#1876),(#1877,#1878,#1879),(#1880,#1881,#1882),(#1883,#1884,#1885),(#1886,
#1887,#1888),(#1889,#1890,#1891),(#1892,#1893,#1894),(#1895,#1896,#1897),
(#1898,#1899,#1900),(#1901,#1902,#1903),(#1904,#1905,#1906),(#1907,#1908,
#1909),(#1910,#1911,#1912),(#1913,#1914,#1915),(#1916,#1917,#1918),(#1919,
#1920,#1921),(#1922,#1923,#1924),(#1925,#1926,#1927),(#1928,#1929,#1930),
(#1931,#1932,#1933),(#1934,#1935,#1936),(#1937,#1938,#1939),(#1940,#1941,
#1942),(#1943,#1944,#1945),(#1946,#1947,#1948),(#1949,#1950,#1951),(#1952,
#1953,#1954),(#1955,#1956,#1957),(#1958,#1959,#1960),(#1961,#1962,#1963),
(#1964,#1965,#1966),(#1967,#1968,#1969),(#1970,#1971,#1972),(#1973,#1974,
#1975),(#1976,#1977,#1978),(#1979,#1980,#1981),(#1982,#1983,#1984),(#1985,
#1986,#1987)),.UNSPECIFIED.,.F.,.F.,.F.)
B_SPLINE_SURFACE_WITH_KNOTS((4,1,1,1,1,1,1,1,1,1,1,1,1,1,1,1,1,1,1,1,1,
1,1,1,1,1,1,1,1,1,1,1,1,1,1,1,1,4),(3,3),(0.0914912423408162,0.0928301870214401,
0.094169131702064,0.0968470210633117,0.0981859657439356,0.0995249104245595,
0.100863855105183,0.102202799785807,0.103541744466431,0.104880689147055,
0.106219633827679,0.106889106167991,0.107558578508303,0.108228050848615,
0.108897523188927,0.109566995529239,0.110236467869551,0.110571204039706,
0.110905940209862,0.111240676380018,0.111575412550174,0.111742780635252,
0.11191014872033,0.112077516805408,0.112244884890486,0.112412252975564,
0.112495937018103,0.112579621060642,0.112663305103181,0.112705147124451,
0.11274698914572,0.11278883116699,0.112830673188259,0.112851594198894,0.112872515209529,
0.112893436220164,0.112903896725481,0.112914357230798),(0.,1.),
 .UNSPECIFIED.)
GEOMETRIC_REPRESENTATION_ITEM()
RATIONAL_B_SPLINE_SURFACE(((1.,0.707106781186548,1.),(1.,0.707106781186548,
1.),(1.,0.707106781186548,1.),(1.,0.707106781186547,1.),(1.,0.707106781186547,
1.),(1.,0.707106781186548,1.),(1.,0.707106781186548,1.),(1.,0.707106781186548,
1.),(1.,0.707106781186548,1.),(1.,0.707106781186547,1.),(1.,0.707106781186548,
1.),(1.,0.707106781186547,1.),(1.,0.707106781186548,1.),(1.,0.707106781186547,
1.),(1.,0.707106781186548,1.),(1.,0.707106781186547,1.),(1.,0.707106781186548,
1.),(1.,0.707106781186548,1.),(1.,0.707106781186548,1.),(1.,0.707106781186548,
1.),(1.,0.707106781186548,1.),(1.,0.707106781186547,1.),(1.,0.707106781186548,
1.),(1.,0.707106781186547,1.),(1.,0.707106781186548,1.),(1.,0.707106781186548,
1.),(1.,0.707106781186548,1.),(1.,0.707106781186548,1.),(1.,0.707106781186548,
1.),(1.,0.707106781186548,1.),(1.,0.707106781186547,1.),(1.,0.707106781186548,
1.),(1.,0.707106781186547,1.),(1.,0.707106781186548,1.),(1.,0.707106781186548,
1.),(1.,0.707106781186547,1.),(1.,0.707106781186548,1.),(1.,0.707106781186548,
1.),(1.,0.707106781186548,1.),(1.,0.707106781186548,1.)))
REPRESENTATION_ITEM('')
SURFACE()
);
#17=(
BOUNDED_SURFACE()
B_SPLINE_SURFACE(3,2,((#1993,#1994,#1995),(#1996,#1997,#1998),(#1999,#2000,
#2001),(#2002,#2003,#2004),(#2005,#2006,#2007),(#2008,#2009,#2010),(#2011,
#2012,#2013),(#2014,#2015,#2016),(#2017,#2018,#2019),(#2020,#2021,#2022),
(#2023,#2024,#2025),(#2026,#2027,#2028),(#2029,#2030,#2031),(#2032,#2033,
#2034),(#2035,#2036,#2037),(#2038,#2039,#2040),(#2041,#2042,#2043),(#2044,
#2045,#2046),(#2047,#2048,#2049),(#2050,#2051,#2052),(#2053,#2054,#2055),
(#2056,#2057,#2058),(#2059,#2060,#2061),(#2062,#2063,#2064),(#2065,#2066,
#2067),(#2068,#2069,#2070),(#2071,#2072,#2073),(#2074,#2075,#2076),(#2077,
#2078,#2079),(#2080,#2081,#2082),(#2083,#2084,#2085),(#2086,#2087,#2088),
(#2089,#2090,#2091),(#2092,#2093,#2094),(#2095,#2096,#2097),(#2098,#2099,
#2100),(#2101,#2102,#2103),(#2104,#2105,#2106),(#2107,#2108,#2109)),
 .UNSPECIFIED.,.F.,.F.,.F.)
B_SPLINE_SURFACE_WITH_KNOTS((4,1,1,1,1,1,1,1,1,1,1,1,1,1,1,1,1,1,1,1,1,
1,1,1,1,1,1,1,1,1,1,1,1,1,1,1,4),(3,3),(0.0792034637430492,0.0803023356258637,
0.0814012075086782,0.0835989512743071,0.087994438805565,0.092389926336823,
0.0945876701024519,0.0967854138680809,0.0989831576337098,0.101180901399339,
0.103378645164968,0.104477517047782,0.105576388930597,0.106675260813411,
0.107224696754818,0.107774132696226,0.108323568637633,0.10887300457904,
0.109422440520447,0.109697158491151,0.109971876461855,0.110246594432558,
0.11038395341791,0.110521312403262,0.110658671388614,0.110796030373965,
0.111070748344669,0.111345466315373,0.111620184286076,0.11189490225678,
0.112169620227484,0.112719056168891,0.112993774139594,0.113268492110298,
0.113543210081002,0.113817928051705,0.114367363993113),(0.,1.),
 .UNSPECIFIED.)
GEOMETRIC_REPRESENTATION_ITEM()
RATIONAL_B_SPLINE_SURFACE(((1.,0.707106781186548,1.),(1.,0.707106781186548,
1.),(1.,0.707106781186548,1.),(1.,0.707106781186547,1.),(1.,0.707106781186548,
1.),(1.,0.707106781186547,1.),(1.,0.707106781186548,1.),(1.,0.707106781186547,
1.),(1.,0.707106781186548,1.),(1.,0.707106781186547,1.),(1.,0.707106781186548,
1.),(1.,0.707106781186547,1.),(1.,0.707106781186548,1.),(1.,0.707106781186547,
1.),(1.,0.707106781186548,1.),(1.,0.707106781186547,1.),(1.,0.707106781186547,
1.),(1.,0.707106781186547,1.),(1.,0.707106781186548,1.),(1.,0.707106781186547,
1.),(1.,0.707106781186548,1.),(1.,0.707106781186548,1.),(1.,0.707106781186547,
1.),(1.,0.707106781186548,1.),(1.,0.707106781186547,1.),(1.,0.707106781186548,
1.),(1.,0.707106781186547,1.),(1.,0.707106781186548,1.),(1.,0.707106781186547,
1.),(1.,0.707106781186547,1.),(1.,0.707106781186547,1.),(1.,0.707106781186547,
1.),(1.,0.707106781186547,1.),(1.,0.707106781186548,1.),(1.,0.707106781186547,
1.),(1.,0.707106781186548,1.),(1.,0.707106781186547,1.),(1.,0.707106781186548,
1.),(1.,0.707106781186548,1.)))
REPRESENTATION_ITEM('')
SURFACE()
);
#18=(
BOUNDED_SURFACE()
B_SPLINE_SURFACE(3,2,((#2602,#2603,#2604),(#2605,#2606,#2607),(#2608,#2609,
#2610),(#2611,#2612,#2613),(#2614,#2615,#2616),(#2617,#2618,#2619),(#2620,
#2621,#2622),(#2623,#2624,#2625),(#2626,#2627,#2628),(#2629,#2630,#2631),
(#2632,#2633,#2634),(#2635,#2636,#2637),(#2638,#2639,#2640),(#2641,#2642,
#2643),(#2644,#2645,#2646),(#2647,#2648,#2649),(#2650,#2651,#2652),(#2653,
#2654,#2655),(#2656,#2657,#2658),(#2659,#2660,#2661),(#2662,#2663,#2664),
(#2665,#2666,#2667)),.UNSPECIFIED.,.F.,.F.,.F.)
B_SPLINE_SURFACE_WITH_KNOTS((4,1,1,1,1,1,1,1,1,1,1,1,1,1,1,1,1,1,1,4),(3,
3),(0.0914912423408162,0.094169131702064,0.0968470210633117,0.0995249104245595,
0.102202799785807,0.104880689147055,0.106219633827679,0.107558578508303,
0.108897523188927,0.109566995529239,0.11023646786955,0.110905940209862,
0.111575412550174,0.11191014872033,0.112244884890486,0.112412252975564,
0.112579621060642,0.11274698914572,0.112830673188259,0.112914357230798),
(0.,1.),.UNSPECIFIED.)
GEOMETRIC_REPRESENTATION_ITEM()
RATIONAL_B_SPLINE_SURFACE(((1.,0.707106781186548,1.),(1.,0.707106781186548,
1.),(1.,0.707106781186548,1.),(1.,0.707106781186548,1.),(1.,0.707106781186548,
1.),(1.,0.707106781186548,1.),(1.,0.707106781186548,1.),(1.,0.707106781186548,
1.),(1.,0.707106781186547,1.),(1.,0.707106781186548,1.),(1.,0.707106781186548,
1.),(1.,0.707106781186548,1.),(1.,0.707106781186544,1.),(1.,0.707106781186557,
1.),(1.,0.707106781186542,1.),(1.,0.707106781186549,1.),(1.,0.707106781186547,
1.),(1.,0.707106781186549,1.),(1.,0.707106781186547,1.),(1.,0.707106781186548,
1.),(1.,0.707106781186548,1.),(1.,0.707106781186548,1.)))
REPRESENTATION_ITEM('')
SURFACE()
);
#19=(
BOUNDED_SURFACE()
B_SPLINE_SURFACE(3,2,((#2672,#2673,#2674),(#2675,#2676,#2677),(#2678,#2679,
#2680),(#2681,#2682,#2683),(#2684,#2685,#2686),(#2687,#2688,#2689),(#2690,
#2691,#2692),(#2693,#2694,#2695),(#2696,#2697,#2698),(#2699,#2700,#2701),
(#2702,#2703,#2704),(#2705,#2706,#2707),(#2708,#2709,#2710),(#2711,#2712,
#2713),(#2714,#2715,#2716),(#2717,#2718,#2719),(#2720,#2721,#2722),(#2723,
#2724,#2725),(#2726,#2727,#2728),(#2729,#2730,#2731),(#2732,#2733,#2734),
(#2735,#2736,#2737),(#2738,#2739,#2740),(#2741,#2742,#2743),(#2744,#2745,
#2746),(#2747,#2748,#2749),(#2750,#2751,#2752)),.UNSPECIFIED.,.F.,.F.,.F.)
B_SPLINE_SURFACE_WITH_KNOTS((4,1,1,1,1,1,1,1,1,1,1,1,1,1,1,1,1,1,1,1,1,
1,1,1,4),(3,3),(0.0791905115708701,0.0838590740655346,0.0885276365601991,
0.0931961990548636,0.0955304803021959,0.0978647615495281,0.10019904279686,
0.102533324044193,0.104867605291525,0.106034745915191,0.107201886538857,
0.108369027162523,0.108952597474356,0.109536167786189,0.110119738098022,
0.110411523253939,0.110703308409855,0.110995093565772,0.111286878721689,
0.111870449033522,0.112454019345355,0.113037589657188,0.114204730280854,
0.11537187090452,0.116539011528186),(0.,1.),.UNSPECIFIED.)
GEOMETRIC_REPRESENTATION_ITEM()
RATIONAL_B_SPLINE_SURFACE(((1.,0.707106781186548,1.),(1.,0.707106781186548,
1.),(1.,0.707106781186546,1.),(1.,0.707106781186551,1.),(1.,0.707106781186549,
1.),(1.,0.707106781186547,1.),(1.,0.707106781186547,1.),(1.,0.707106781186548,
1.),(1.,0.707106781186545,1.),(1.,0.707106781186548,1.),(1.,0.707106781186548,
1.),(1.,0.707106781186548,1.),(1.,0.707106781186547,1.),(1.,0.707106781186548,
1.),(1.,0.707106781186548,1.),(1.,0.707106781186545,1.),(1.,0.707106781186551,
1.),(1.,0.707106781186543,1.),(1.,0.707106781186549,1.),(1.,0.707106781186547,
1.),(1.,0.707106781186547,1.),(1.,0.707106781186552,1.),(1.,0.707106781186545,
1.),(1.,0.707106781186548,1.),(1.,0.707106781186547,1.),(1.,0.707106781186548,
1.),(1.,0.707106781186548,1.)))
REPRESENTATION_ITEM('')
SURFACE()
);
#20=PLANE('',#944);
#21=PLANE('',#950);
#22=PLANE('',#1001);
#23=PLANE('',#1006);
#24=B_SPLINE_SURFACE_WITH_KNOTS('',3,1,((#1296,#1297),(#1298,#1299),(#1300,
#1301),(#1302,#1303),(#1304,#1305),(#1306,#1307),(#1308,#1309),(#1310,#1311),
(#1312,#1313),(#1314,#1315),(#1316,#1317),(#1318,#1319),(#1320,#1321),(#1322,
#1323),(#1324,#1325),(#1326,#1327),(#1328,#1329),(#1330,#1331),(#1332,#1333),
(#1334,#1335),(#1336,#1337)),.SURF_OF_LINEAR_EXTRUSION.,.F.,.F.,.F.,(4,
1,1,1,1,1,1,1,1,1,1,1,1,1,1,1,1,1,4),(2,2),(0.002851369895796,0.0651731592773088,
0.127494948658821,0.189816738040334,0.252138527421847,0.31446031680336,
0.376782106184873,0.439103895566385,0.470264790257142,0.501425684947898,
0.563747474329411,0.626069263710924,0.65723015840168,0.688391053092436,
0.750712842473949,0.813034631855462,0.875356421236974,0.937678210618487,
1.),(0.,1.),.UNSPECIFIED.);
#25=B_SPLINE_SURFACE_WITH_KNOTS('',3,1,((#1411,#1412),(#1413,#1414),(#1415,
#1416),(#1417,#1418),(#1419,#1420),(#1421,#1422),(#1423,#1424),(#1425,#1426),
(#1427,#1428),(#1429,#1430),(#1431,#1432),(#1433,#1434),(#1435,#1436),(#1437,
#1438),(#1439,#1440),(#1441,#1442),(#1443,#1444)),
 .SURF_OF_LINEAR_EXTRUSION.,.F.,.F.,.F.,(4,1,1,1,1,1,1,1,1,1,1,1,1,1,4),
(2,2),(0.,0.0625,0.125,0.1875,0.25,0.3125,0.375,0.4375,0.5,0.625,0.6875,
0.75,0.8125,0.875,1.),(0.,1.),.UNSPECIFIED.);
#26=B_SPLINE_SURFACE_WITH_KNOTS('',3,1,((#1474,#1475),(#1476,#1477),(#1478,
#1479),(#1480,#1481)),.SURF_OF_LINEAR_EXTRUSION.,.F.,.F.,.F.,(4,4),(2,2),
(-1.17604380891891E-14,0.245561543634318),(0.,1.),
 .PIECEWISE_BEZIER_KNOTS.);
#27=B_SPLINE_SURFACE_WITH_KNOTS('',3,1,((#1515,#1516),(#1517,#1518),(#1519,
#1520),(#1521,#1522)),.SURF_OF_LINEAR_EXTRUSION.,.F.,.F.,.F.,(4,4),(2,2),
(0.0672856767177611,0.572516579103809),(0.,1.),.PIECEWISE_BEZIER_KNOTS.);
#28=B_SPLINE_SURFACE_WITH_KNOTS('',3,1,((#1537,#1538),(#1539,#1540),(#1541,
#1542),(#1543,#1544)),.SURF_OF_LINEAR_EXTRUSION.,.F.,.F.,.F.,(4,4),(2,2),
(0.572516579103809,1.),(0.,1.),.PIECEWISE_BEZIER_KNOTS.);
#29=B_SPLINE_SURFACE_WITH_KNOTS('',3,1,((#1556,#1557),(#1558,#1559),(#1560,
#1561),(#1562,#1563),(#1564,#1565),(#1566,#1567)),
 .SURF_OF_LINEAR_EXTRUSION.,.F.,.F.,.F.,(4,1,1,4),(2,2),(0.74436939613527,
0.808277047101452,0.872184698067633,0.999999999999997),(0.,1.),
 .UNSPECIFIED.);
#30=B_SPLINE_SURFACE_WITH_KNOTS('',3,1,((#2134,#2135),(#2136,#2137),(#2138,
#2139),(#2140,#2141),(#2142,#2143),(#2144,#2145),(#2146,#2147),(#2148,#2149),
(#2150,#2151),(#2152,#2153),(#2154,#2155),(#2156,#2157),(#2158,#2159),(#2160,
#2161),(#2162,#2163),(#2164,#2165),(#2166,#2167),(#2168,#2169),(#2170,#2171),
(#2172,#2173),(#2174,#2175),(#2176,#2177),(#2178,#2179),(#2180,#2181),(#2182,
#2183),(#2184,#2185),(#2186,#2187),(#2188,#2189),(#2190,#2191),(#2192,#2193),
(#2194,#2195),(#2196,#2197),(#2198,#2199),(#2200,#2201),(#2202,#2203)),
 .SURF_OF_LINEAR_EXTRUSION.,.F.,.F.,.F.,(4,1,1,1,1,1,1,1,1,1,1,1,1,1,1,
1,1,1,1,1,1,1,1,1,1,1,1,1,1,1,1,1,4),(2,2),(0.00285136973583263,0.0651731591273441,
0.127494948518856,0.158655843214611,0.189816737910367,0.252138527301879,
0.283299421997634,0.31446031669339,0.345621211389146,0.376782106084902,
0.392362553432779,0.407943000780657,0.423523448128535,0.439103895476413,
0.454684342824291,0.46247456649823,0.470264790172169,0.485845237520047,
0.501425684867925,0.517006132215802,0.53258657956368,0.563747474259436,
0.594908368955192,0.626069263650948,0.641649710998826,0.657230158346703,
0.688391053042459,0.719551947738215,0.750712842433971,0.813034631825482,
0.875356421216994,0.937678210608505,1.00000000000002),(0.,1.),
 .UNSPECIFIED.);
#31=B_SPLINE_SURFACE_WITH_KNOTS('',3,1,((#2287,#2288),(#2289,#2290),(#2291,
#2292),(#2293,#2294),(#2295,#2296),(#2297,#2298),(#2299,#2300),(#2301,#2302),
(#2303,#2304),(#2305,#2306),(#2307,#2308),(#2309,#2310),(#2311,#2312),(#2313,
#2314),(#2315,#2316),(#2317,#2318),(#2319,#2320),(#2321,#2322),(#2323,#2324),
(#2325,#2326),(#2327,#2328),(#2329,#2330),(#2331,#2332),(#2333,#2334),(#2335,
#2336)),.SURF_OF_LINEAR_EXTRUSION.,.F.,.F.,.F.,(4,1,1,1,1,1,1,1,1,1,1,1,
1,1,1,1,1,1,1,1,1,1,4),(2,2),(-0.0820176671225651,-0.0481935655743149,-0.0312815148001897,
-0.0143694640260646,0.00254258674806049,0.0194546375221856,0.0532787390704359,
0.120926942166936,0.154751043715187,0.188575145263437,0.222399246811687,
0.256223348359937,0.290047449908188,0.323871551456438,0.391519754552938,
0.459167957649439,0.526816160745939,0.59446436384244,0.729760770035441,
0.865057176228442,0.932705379324942,0.966529480873192,1.00035358242144),
(0.,1.),.UNSPECIFIED.);
#32=B_SPLINE_SURFACE_WITH_KNOTS('',3,1,((#2386,#2387),(#2388,#2389),(#2390,
#2391),(#2392,#2393),(#2394,#2395),(#2396,#2397),(#2398,#2399),(#2400,#2401),
(#2402,#2403),(#2404,#2405),(#2406,#2407),(#2408,#2409)),
 .SURF_OF_LINEAR_EXTRUSION.,.F.,.F.,.F.,(4,1,1,1,1,1,1,1,1,4),(2,2),(-7.09722268003281E-5,
0.0152810600135972,0.0306330922539947,0.0613371567347897,0.0920412212155847,
0.12274528569638,0.153449350177175,0.18415341465797,0.214857479138765,0.24556154361956),
(0.,1.),.UNSPECIFIED.);
#33=B_SPLINE_SURFACE_WITH_KNOTS('',3,1,((#2450,#2451),(#2452,#2453),(#2454,
#2455),(#2456,#2457)),.SURF_OF_LINEAR_EXTRUSION.,.F.,.F.,.F.,(4,4),(2,2),
(0.0672856767177588,0.572516579103804),(0.,1.),.PIECEWISE_BEZIER_KNOTS.);
#34=B_SPLINE_SURFACE_WITH_KNOTS('',3,1,((#2472,#2473),(#2474,#2475),(#2476,
#2477),(#2478,#2479)),.SURF_OF_LINEAR_EXTRUSION.,.F.,.F.,.F.,(4,4),(2,2),
(0.572516579103811,0.985719631877627),(0.,1.),.PIECEWISE_BEZIER_KNOTS.);
#35=B_SPLINE_SURFACE_WITH_KNOTS('',3,1,((#2491,#2492),(#2493,#2494),(#2495,
#2496),(#2497,#2498),(#2499,#2500),(#2501,#2502),(#2503,#2504),(#2505,#2506),
(#2507,#2508),(#2509,#2510),(#2511,#2512)),.SURF_OF_LINEAR_EXTRUSION.,.F.,
 .F.,.F.,(4,1,1,1,1,1,1,1,4),(2,2),(0.748216474752902,0.780272437534014,
0.812328400315125,0.876440325877349,0.90849628865846,0.940552251439572,
0.972608214220684,0.98863619561124,1.0046641770018),(0.,1.),
 .UNSPECIFIED.);
#36=LINE('',#1273,#67);
#37=LINE('',#1287,#68);
#38=LINE('',#1293,#69);
#39=LINE('',#1365,#70);
#40=LINE('',#1380,#71);
#41=LINE('',#1384,#72);
#42=LINE('',#1389,#73);
#43=LINE('',#1390,#74);
#44=LINE('',#1408,#75);
#45=LINE('',#1465,#76);
#46=LINE('',#1494,#77);
#47=LINE('',#1510,#78);
#48=LINE('',#1514,#79);
#49=LINE('',#1529,#80);
#50=LINE('',#1536,#81);
#51=LINE('',#1550,#82);
#52=LINE('',#2120,#83);
#53=LINE('',#2125,#84);
#54=LINE('',#2131,#85);
#55=LINE('',#2258,#86);
#56=LINE('',#2262,#87);
#57=LINE('',#2269,#88);
#58=LINE('',#2273,#89);
#59=LINE('',#2277,#90);
#60=LINE('',#2361,#91);
#61=LINE('',#2426,#92);
#62=LINE('',#2445,#93);
#63=LINE('',#2449,#94);
#64=LINE('',#2464,#95);
#65=LINE('',#2471,#96);
#66=LINE('',#2485,#97);
#67=VECTOR('',#1035,1.);
#68=VECTOR('',#1038,1.);
#69=VECTOR('',#1045,1.);
#70=VECTOR('',#1048,1.);
#71=VECTOR('',#1053,1.);
#72=VECTOR('',#1056,1.);
#73=VECTOR('',#1061,1.);
#74=VECTOR('',#1062,1.);
#75=VECTOR('',#1069,1.);
#76=VECTOR('',#1072,1.);
#77=VECTOR('',#1073,1.);
#78=VECTOR('',#1078,1.);
#79=VECTOR('',#1081,1.);
#80=VECTOR('',#1082,1.);
#81=VECTOR('',#1083,1.);
#82=VECTOR('',#1084,1.);
#83=VECTOR('',#1163,1.);
#84=VECTOR('',#1166,1.);
#85=VECTOR('',#1173,1.);
#86=VECTOR('',#1176,1.);
#87=VECTOR('',#1181,1.);
#88=VECTOR('',#1188,1.);
#89=VECTOR('',#1191,1.);
#90=VECTOR('',#1196,1.);
#91=VECTOR('',#1201,1.);
#92=VECTOR('',#1202,1.);
#93=VECTOR('',#1207,1.);
#94=VECTOR('',#1210,1.);
#95=VECTOR('',#1211,1.);
#96=VECTOR('',#1212,1.);
#97=VECTOR('',#1213,1.);
#98=CYLINDRICAL_SURFACE('',#926,0.0213637221168819);
#99=CYLINDRICAL_SURFACE('',#929,0.0200725218713424);
#100=CYLINDRICAL_SURFACE('',#932,0.0065384431025959);
#101=CYLINDRICAL_SURFACE('',#935,0.00736452982288295);
#102=CYLINDRICAL_SURFACE('',#937,0.0136486445640111);
#103=CYLINDRICAL_SURFACE('',#941,0.0243829726803794);
#104=CYLINDRICAL_SURFACE('',#966,0.002);
#105=CYLINDRICAL_SURFACE('',#967,0.002);
#106=CYLINDRICAL_SURFACE('',#973,0.0021);
#107=CYLINDRICAL_SURFACE('',#975,0.0019);
#108=CYLINDRICAL_SURFACE('',#982,0.0194637221168819);
#109=CYLINDRICAL_SURFACE('',#985,0.0181725218713425);
#110=CYLINDRICAL_SURFACE('',#988,0.0046384431025959);
#111=CYLINDRICAL_SURFACE('',#991,0.00546452982288296);
#112=CYLINDRICAL_SURFACE('',#994,0.0117486445640111);
#113=CYLINDRICAL_SURFACE('',#998,0.0224829726803794);
#114=CYLINDRICAL_SURFACE('',#1015,0.0001);
#115=CYLINDRICAL_SURFACE('',#1016,0.0039);
#116=CYLINDRICAL_SURFACE('',#1022,0.004);
#117=B_SPLINE_CURVE_WITH_KNOTS('',3,(#1265,#1266,#1267,#1268,#1269),
 .UNSPECIFIED.,.F.,.F.,(4,1,4),(0.,0.00150800624729817,0.00301601249459633),
 .UNSPECIFIED.);
#118=B_SPLINE_CURVE_WITH_KNOTS('',3,(#1278,#1279,#1280,#1281,#1282,#1283,
#1284,#1285),.UNSPECIFIED.,.F.,.F.,(4,1,1,1,1,4),(0.,0.00129481406232389,
0.00258962812464778,0.00388444218697167,0.00453184921813362,0.00517925624929556),
 .UNSPECIFIED.);
#119=B_SPLINE_CURVE_WITH_KNOTS('',3,(#1338,#1339,#1340,#1341,#1342,#1343,
#1344,#1345,#1346,#1347,#1348,#1349,#1350,#1351,#1352,#1353,#1354,#1355,
#1356,#1357,#1358,#1359,#1360,#1361,#1362,#1363),.UNSPECIFIED.,.F.,.F.,
(4,1,1,1,1,1,1,1,1,1,1,1,1,1,1,1,1,1,1,1,1,1,1,4),(-6.0000000022658E-8,
0.00121310096710897,0.00242626193421797,0.00363942290132696,0.00485258386843595,
0.00606574483554495,0.00727890580265394,0.00849206676976294,0.00909864725331743,
0.00970522773687193,0.0103118082204264,0.0106150984622037,0.0109183887039809,
0.0112216789457582,0.0115249691875354,0.0118282594293127,0.0121315496710899,
0.0127381301546444,0.0133447106381989,0.0145578716053079,0.0157710325724169,
0.0169841935395259,0.0181973545066349,0.0194105154737439),.UNSPECIFIED.);
#120=B_SPLINE_CURVE_WITH_KNOTS('',3,(#1367,#1368,#1369,#1370,#1371,#1372,
#1373,#1374,#1375),.UNSPECIFIED.,.F.,.F.,(4,1,1,1,1,1,4),(0.,0.165187463910662,
0.309483441331806,0.462360665737831,0.65430233607149,0.830219540757525,
1.),.UNSPECIFIED.);
#121=B_SPLINE_CURVE_WITH_KNOTS('',3,(#1394,#1395,#1396,#1397,#1398),
 .UNSPECIFIED.,.F.,.F.,(4,1,4),(3.5796303702764E-16,0.00154887908656995,
0.00309775817313954),.UNSPECIFIED.);
#122=B_SPLINE_CURVE_WITH_KNOTS('',3,(#1402,#1403,#1404,#1405,#1406),
 .UNSPECIFIED.,.F.,.F.,(4,1,4),(3.49644694633735E-18,0.00163206858434723,
0.00326413716869446),.UNSPECIFIED.);
#123=B_SPLINE_CURVE_WITH_KNOTS('',3,(#1445,#1446,#1447,#1448,#1449,#1450,
#1451,#1452,#1453,#1454,#1455,#1456,#1457,#1458,#1459,#1460,#1461,#1462,
#1463),.UNSPECIFIED.,.F.,.F.,(4,1,1,1,1,1,1,1,1,1,1,1,1,1,1,1,4),(0.027826712307709,
0.0301577897907626,0.0313233285322894,0.0324888672738162,0.033654406015343,
0.0348199447568698,0.0359854834983966,0.0371510222399234,0.039482099722977,
0.0418131772060306,0.0441442546890842,0.0464753321721378,0.0488064096551914,
0.051137487138245,0.0557996421043522,0.0604617970704594,0.0651239520365666),
 .UNSPECIFIED.);
#124=B_SPLINE_CURVE_WITH_KNOTS('',3,(#1467,#1468,#1469,#1470,#1471,#1472,
#1473),.UNSPECIFIED.,.F.,.F.,(4,1,1,1,4),(0.,0.191458305839061,0.480564051154669,
0.727439756806521,1.),.UNSPECIFIED.);
#125=B_SPLINE_CURVE_WITH_KNOTS('',3,(#1482,#1483,#1484,#1485,#1486,#1487,
#1488,#1489,#1490,#1491,#1492),.UNSPECIFIED.,.F.,.F.,(4,1,1,1,1,1,1,1,4),
(-6.00000000617357E-8,0.00559294927775482,0.00838945391663226,0.0111859585555097,
0.0139824631943871,0.0167789678332646,0.019575472472142,0.0209737247915807,
0.0223719771110195),.UNSPECIFIED.);
#126=B_SPLINE_CURVE_WITH_KNOTS('',3,(#1496,#1497,#1498,#1499,#1500),
 .UNSPECIFIED.,.F.,.F.,(4,1,4),(5.21562088374915E-15,0.00182742033517679,
0.00365484067034836),.UNSPECIFIED.);
#127=B_SPLINE_CURVE_WITH_KNOTS('',3,(#1502,#1503,#1504,#1505),
 .UNSPECIFIED.,.F.,.F.,(4,4),(0.,0.249455050508897),.UNSPECIFIED.);
#128=B_SPLINE_CURVE_WITH_KNOTS('',3,(#1523,#1524,#1525,#1526),
 .UNSPECIFIED.,.F.,.F.,(4,4),(0.,0.572516579103809),.UNSPECIFIED.);
#129=B_SPLINE_CURVE_WITH_KNOTS('',3,(#1531,#1532,#1533,#1534),
 .UNSPECIFIED.,.F.,.F.,(4,4),(0.,0.572516579103809),.UNSPECIFIED.);
#130=B_SPLINE_CURVE_WITH_KNOTS('',3,(#1545,#1546,#1547,#1548),
 .UNSPECIFIED.,.F.,.F.,(4,4),(0.572516579103809,1.),.UNSPECIFIED.);
#131=B_SPLINE_CURVE_WITH_KNOTS('',3,(#1552,#1553,#1554,#1555),
 .UNSPECIFIED.,.F.,.F.,(4,4),(0.572516579103809,1.),.UNSPECIFIED.);
#132=B_SPLINE_CURVE_WITH_KNOTS('',3,(#1568,#1569,#1570,#1571,#1572),
 .UNSPECIFIED.,.F.,.F.,(4,1,4),(0.74436939613527,0.77572261878206,1.),
 .UNSPECIFIED.);
#133=B_SPLINE_CURVE_WITH_KNOTS('',3,(#1573,#1574,#1575,#1576,#1577),
 .UNSPECIFIED.,.F.,.F.,(4,1,4),(0.74436939613527,0.77572261878206,1.),
 .UNSPECIFIED.);
#134=B_SPLINE_CURVE_WITH_KNOTS('',3,(#1591,#1592,#1593,#1594,#1595,#1596,
#1597,#1598,#1599,#1600,#1601,#1602,#1603,#1604,#1605,#1606,#1607,#1608,
#1609,#1610,#1611,#1612,#1613,#1614,#1615,#1616),.UNSPECIFIED.,.F.,.F.,
(4,1,1,1,1,1,1,1,1,1,1,1,1,1,1,1,1,1,1,1,1,1,1,4),(0.0042086366990642,0.00530406244147603,
0.00585177531268195,0.00639948818388787,0.0074949139262997,0.00859033966871154,
0.00968576541112337,0.0107811911535352,0.011876616895947,0.0129720426383589,
0.0140674683807707,0.0151628941231825,0.0157106069943885,0.0162583198655944,
0.0168060327368003,0.0173537456080062,0.0176276020436092,0.0179014584792121,
0.0181753149148151,0.018449171350418,0.018996884221624,0.0195445970928299,
0.0206400228352417,0.0217354485776536),.UNSPECIFIED.);
#135=B_SPLINE_CURVE_WITH_KNOTS('',3,(#1625,#1626,#1627,#1628,#1629,#1630,
#1631,#1632,#1633,#1634,#1635,#1636,#1637,#1638),.UNSPECIFIED.,.F.,.F.,
(4,1,1,1,1,1,1,1,1,1,1,4),(-2.81617405730644E-6,0.000330556322942882,0.000663928819943071,
0.00133067381394345,0.0026641638019442,0.00399765378994496,0.00533114377794571,
0.00799812375394723,0.0106651037299487,0.0133320837059502,0.0159990636819518,
0.0213330236339548),.UNSPECIFIED.);
#136=B_SPLINE_CURVE_WITH_KNOTS('',3,(#1640,#1641,#1642,#1643,#1644,#1645,
#1646,#1647,#1648,#1649,#1650,#1651,#1652,#1653,#1654,#1655,#1656,#1657,
#1658,#1659,#1660,#1661,#1662),.UNSPECIFIED.,.F.,.F.,(4,1,1,1,1,1,1,1,1,
1,1,1,1,1,1,1,1,1,1,1,4),(0.,0.00433316464051137,0.00866632928102275,0.0129994939215341,
0.0151660762417898,0.0173326585620455,0.0194992408823012,0.0216658232025569,
0.0238324055228126,0.0259989878430682,0.0270822790031961,0.0281655701633239,
0.0292488613234518,0.0303321524835796,0.0308737980636435,0.0311446208536755,
0.0314154436437075,0.0319570892237714,0.0324987348038353,0.0335820259639631,
0.034665317124091),.UNSPECIFIED.);
#137=B_SPLINE_CURVE_WITH_KNOTS('',3,(#1663,#1664,#1665,#1666),
 .UNSPECIFIED.,.F.,.F.,(4,4),(0.0169783657765,0.019174418631499),
 .UNSPECIFIED.);
#138=B_SPLINE_CURVE_WITH_KNOTS('',3,(#1696,#1697,#1698,#1699,#1700,#1701,
#1702),.UNSPECIFIED.,.F.,.F.,(4,1,1,1,4),(0.,0.00108603640595957,0.00217207281191914,
0.00325810921787871,0.00434414562383828),.UNSPECIFIED.);
#139=B_SPLINE_CURVE_WITH_KNOTS('',3,(#1846,#1847,#1848,#1849,#1850,#1851),
 .UNSPECIFIED.,.F.,.F.,(4,1,1,4),(0.,0.00096917757103602,0.00193835514207204,
0.00387671028414408),.UNSPECIFIED.);
#140=B_SPLINE_CURVE_WITH_KNOTS('',3,(#1856,#1857,#1858,#1859,#1860,#1861),
 .UNSPECIFIED.,.F.,.F.,(4,1,1,4),(0.,0.000969177571036019,0.00193835514207204,
0.00387671028414408),.UNSPECIFIED.);
#141=B_SPLINE_CURVE_WITH_KNOTS('',3,(#1988,#1989,#1990,#1991,#1992),
 .UNSPECIFIED.,.F.,.F.,(4,1,4),(2.42861286636753E-17,0.00156240208629031,
0.0031248041725806),.UNSPECIFIED.);
#142=B_SPLINE_CURVE_WITH_KNOTS('',3,(#2204,#2205,#2206,#2207,#2208,#2209,
#2210,#2211,#2212,#2213,#2214,#2215,#2216,#2217,#2218,#2219,#2220,#2221,
#2222,#2223,#2224,#2225,#2226,#2227,#2228,#2229),.UNSPECIFIED.,.F.,.F.,
(4,1,1,1,1,1,1,1,1,1,1,1,1,1,1,1,1,1,1,1,1,1,1,4),(4.06088354287779E-17,
0.00109430637218093,0.00218861274436183,0.00273576593045227,0.00328291911654272,
0.00355649570958794,0.00383007230263316,0.00410364889567839,0.00437722548872361,
0.00492437867481406,0.0054715318609045,0.00601868504699495,0.0065658382330854,
0.00766014460526629,0.00875445097744718,0.00984875734962807,0.010943063721809,
0.0120373700939899,0.0131316764661707,0.0142259828383516,0.0153202892105325,
0.015867442396623,0.0164145955827134,0.0175089019548943),.UNSPECIFIED.);
#143=B_SPLINE_CURVE_WITH_KNOTS('',3,(#2231,#2232,#2233,#2234,#2235,#2236,
#2237,#2238,#2239,#2240,#2241,#2242,#2243,#2244,#2245,#2246,#2247,#2248,
#2249,#2250,#2251,#2252,#2253,#2254,#2255,#2256),.UNSPECIFIED.,.F.,.F.,
(4,1,1,1,1,1,1,1,1,1,1,1,1,1,1,1,1,1,1,1,1,1,1,4),(8.87765633443909E-17,
0.00111229537684072,0.00166844306526103,0.00222459075368135,0.00333688613052198,
0.00444918150736261,0.00556147688420324,0.00667377226104387,0.0077860676378845,
0.00889836301472513,0.0100106583915658,0.0111229537684064,0.0116791014568267,
0.012235249145247,0.0127913968336673,0.0133475445220877,0.0136256183662978,
0.013903692210508,0.0141817660547181,0.0144598398989283,0.0150159875873486,
0.0155721352757689,0.0166844306526095,0.0177967260294502),.UNSPECIFIED.);
#144=B_SPLINE_CURVE_WITH_KNOTS('',3,(#2279,#2280,#2281,#2282),
 .UNSPECIFIED.,.F.,.F.,(4,4),(0.,0.000169259654727639),.UNSPECIFIED.);
#145=B_SPLINE_CURVE_WITH_KNOTS('',3,(#2337,#2338,#2339,#2340,#2341,#2342,
#2343,#2344,#2345,#2346,#2347,#2348,#2349,#2350,#2351,#2352,#2353,#2354,
#2355,#2356,#2357,#2358,#2359),.UNSPECIFIED.,.F.,.F.,(4,1,1,1,1,1,1,1,1,
1,1,1,1,1,1,1,1,1,1,1,4),(0.,0.00115883468036494,0.00231766936072987,0.00347650404109481,
0.00463533872145974,0.00521475606164221,0.00579417340182468,0.00637359074200715,
0.00695300808218961,0.00811184276255455,0.00927067744291948,0.0104295121232844,
0.0115883468036494,0.0139060161643792,0.0162236855251091,0.018541354885839,
0.0208590242465688,0.0231766936072987,0.0278120323287585,0.0324473710502182,
0.0370827097716779),.UNSPECIFIED.);
#146=B_SPLINE_CURVE_WITH_KNOTS('',3,(#2363,#2364,#2365,#2366,#2367,#2368,
#2369,#2370,#2371,#2372,#2373,#2374,#2375,#2376,#2377,#2378,#2379,#2380,
#2381,#2382,#2383,#2384,#2385),.UNSPECIFIED.,.F.,.F.,(4,1,1,1,1,1,1,1,1,
1,1,1,1,1,1,1,1,1,1,1,4),(0.017,0.0181661490020758,0.0193322980041516,0.0204984470062274,
0.0216645960083033,0.0222476705093412,0.0228307450103791,0.023413819511417,
0.0239968940124549,0.0251630430145307,0.0263291920166065,0.0274953410186823,
0.0286614900207581,0.0309937880249098,0.0333260860290614,0.035658384033213,
0.0379906820373646,0.0403229800415163,0.0449875760498195,0.0496521720581228,
0.054316768066426),.UNSPECIFIED.);
#147=B_SPLINE_CURVE_WITH_KNOTS('',3,(#2410,#2411,#2412,#2413,#2414,#2415,
#2416,#2417,#2418,#2419),.UNSPECIFIED.,.F.,.F.,(4,1,1,1,1,1,1,4),(0.,0.00522407630439892,
0.0104481526087978,0.0130601907609973,0.0156722289131968,0.0182842670653962,
0.0195902861414959,0.0208963052175957),.UNSPECIFIED.);
#148=B_SPLINE_CURVE_WITH_KNOTS('',3,(#2421,#2422,#2423,#2424),
 .UNSPECIFIED.,.F.,.F.,(4,4),(0.,0.000426001628642802),.UNSPECIFIED.);
#149=B_SPLINE_CURVE_WITH_KNOTS('',3,(#2428,#2429,#2430,#2431,#2432,#2433,
#2434,#2435,#2436,#2437,#2438,#2439,#2440),.UNSPECIFIED.,.F.,.F.,(4,1,1,
1,1,1,1,1,1,1,4),(-3.89257483913508E-8,0.000668046154765108,0.00133613123527861,
0.00267230139630561,0.00400847155733261,0.00534464171835961,0.00801698204041361,
0.0106893223624676,0.0133616626845216,0.0160340030065756,0.0213786836506836),
 .UNSPECIFIED.);
#150=B_SPLINE_CURVE_WITH_KNOTS('',3,(#2458,#2459,#2460,#2461),
 .UNSPECIFIED.,.F.,.F.,(4,4),(0.,0.0161086383149661),.UNSPECIFIED.);
#151=B_SPLINE_CURVE_WITH_KNOTS('',3,(#2466,#2467,#2468,#2469),
 .UNSPECIFIED.,.F.,.F.,(4,4),(0.,0.0161086383149661),.UNSPECIFIED.);
#152=B_SPLINE_CURVE_WITH_KNOTS('',3,(#2480,#2481,#2482,#2483),
 .UNSPECIFIED.,.F.,.F.,(4,4),(0.,0.0100145584744118),.UNSPECIFIED.);
#153=B_SPLINE_CURVE_WITH_KNOTS('',3,(#2487,#2488,#2489,#2490),
 .UNSPECIFIED.,.F.,.F.,(4,4),(0.,0.0100145584744117),.UNSPECIFIED.);
#154=B_SPLINE_CURVE_WITH_KNOTS('',3,(#2513,#2514,#2515,#2516,#2517,#2518,
#2519,#2520),.UNSPECIFIED.,.F.,.F.,(4,1,1,1,1,4),(0.,0.0055488093348771,
0.0110976186697542,0.0166464280046313,0.0194208326720699,0.0221952373395084),
 .UNSPECIFIED.);
#155=B_SPLINE_CURVE_WITH_KNOTS('',3,(#2521,#2522,#2523,#2524,#2525,#2526,
#2527,#2528),.UNSPECIFIED.,.F.,.F.,(4,1,1,1,1,4),(0.,0.00554880933487708,
0.0110976186697542,0.0166464280046312,0.0194208326720698,0.0221952373395083),
 .UNSPECIFIED.);
#156=B_SPLINE_CURVE_WITH_KNOTS('',3,(#2537,#2538,#2539,#2540,#2541,#2542,
#2543,#2544,#2545,#2546,#2547,#2548,#2549,#2550,#2551,#2552,#2553,#2554,
#2555,#2556,#2557,#2558,#2559,#2560),.UNSPECIFIED.,.F.,.F.,(4,1,1,1,1,1,
1,1,1,1,1,1,1,1,1,1,1,1,1,1,1,4),(0.,0.00460228262555113,0.00920456525110226,
0.0138068478766534,0.016107989189429,0.0184091305022045,0.0207102718149801,
0.0230114131277557,0.0253125544405312,0.026463125096919,0.0276136957533068,
0.0287642664096946,0.0293395517378885,0.0299148370660824,0.0304901223942762,
0.0310654077224701,0.031640693050664,0.0322159783788579,0.0333665490352457,
0.0345171196916335,0.0356676903480213,0.036818261004409),.UNSPECIFIED.);
#157=B_SPLINE_CURVE_WITH_KNOTS('',3,(#2562,#2563,#2564,#2565,#2566,#2567,
#2568,#2569,#2570,#2571,#2572,#2573,#2574,#2575),.UNSPECIFIED.,.F.,.F.,
(4,1,1,1,1,1,1,1,1,1,1,4),(0.,0.000333328271522851,0.000666656543045702,
0.0013333130860914,0.00266662617218281,0.00399993925827421,0.00533325234436561,
0.00799987851654842,0.0106665046887312,0.013333130860914,0.0159997570330968,
0.0213330093774625),.UNSPECIFIED.);
#158=B_SPLINE_CURVE_WITH_KNOTS('',3,(#2584,#2585,#2586,#2587),
 .UNSPECIFIED.,.F.,.F.,(4,4),(0.,0.000190438115056205),.UNSPECIFIED.);
#159=B_SPLINE_CURVE_WITH_KNOTS('',3,(#2592,#2593,#2594,#2595),
 .UNSPECIFIED.,.F.,.F.,(4,4),(0.,0.000190438115056215),.UNSPECIFIED.);
#160=B_SPLINE_CURVE_WITH_KNOTS('',3,(#2668,#2669,#2670,#2671),
 .UNSPECIFIED.,.F.,.F.,(4,4),(0.,1.),.UNSPECIFIED.);
#161=ORIENTED_EDGE('',*,*,#439,.F.);
#162=ORIENTED_EDGE('',*,*,#440,.F.);
#163=ORIENTED_EDGE('',*,*,#441,.T.);
#164=ORIENTED_EDGE('',*,*,#442,.F.);
#165=ORIENTED_EDGE('',*,*,#443,.F.);
#166=ORIENTED_EDGE('',*,*,#444,.T.);
#167=ORIENTED_EDGE('',*,*,#445,.T.);
#168=ORIENTED_EDGE('',*,*,#446,.T.);
#169=ORIENTED_EDGE('',*,*,#447,.F.);
#170=ORIENTED_EDGE('',*,*,#446,.F.);
#171=ORIENTED_EDGE('',*,*,#448,.T.);
#172=ORIENTED_EDGE('',*,*,#449,.T.);
#173=ORIENTED_EDGE('',*,*,#450,.F.);
#174=ORIENTED_EDGE('',*,*,#451,.T.);
#175=ORIENTED_EDGE('',*,*,#452,.T.);
#176=ORIENTED_EDGE('',*,*,#453,.T.);
#177=ORIENTED_EDGE('',*,*,#449,.F.);
#178=ORIENTED_EDGE('',*,*,#454,.F.);
#179=ORIENTED_EDGE('',*,*,#455,.T.);
#180=ORIENTED_EDGE('',*,*,#456,.T.);
#181=ORIENTED_EDGE('',*,*,#457,.T.);
#182=ORIENTED_EDGE('',*,*,#458,.F.);
#183=ORIENTED_EDGE('',*,*,#459,.T.);
#184=ORIENTED_EDGE('',*,*,#442,.T.);
#185=ORIENTED_EDGE('',*,*,#460,.T.);
#186=ORIENTED_EDGE('',*,*,#460,.F.);
#187=ORIENTED_EDGE('',*,*,#461,.T.);
#188=ORIENTED_EDGE('',*,*,#462,.F.);
#189=ORIENTED_EDGE('',*,*,#463,.F.);
#190=ORIENTED_EDGE('',*,*,#464,.T.);
#191=ORIENTED_EDGE('',*,*,#465,.T.);
#192=ORIENTED_EDGE('',*,*,#466,.F.);
#193=ORIENTED_EDGE('',*,*,#465,.F.);
#194=ORIENTED_EDGE('',*,*,#467,.T.);
#195=ORIENTED_EDGE('',*,*,#468,.T.);
#196=ORIENTED_EDGE('',*,*,#469,.F.);
#197=ORIENTED_EDGE('',*,*,#468,.F.);
#198=ORIENTED_EDGE('',*,*,#470,.T.);
#199=ORIENTED_EDGE('',*,*,#471,.T.);
#200=ORIENTED_EDGE('',*,*,#472,.T.);
#201=ORIENTED_EDGE('',*,*,#473,.F.);
#202=ORIENTED_EDGE('',*,*,#474,.T.);
#203=ORIENTED_EDGE('',*,*,#475,.T.);
#204=ORIENTED_EDGE('',*,*,#476,.T.);
#205=ORIENTED_EDGE('',*,*,#477,.T.);
#206=ORIENTED_EDGE('',*,*,#478,.F.);
#207=ORIENTED_EDGE('',*,*,#479,.T.);
#208=ORIENTED_EDGE('',*,*,#480,.T.);
#209=ORIENTED_EDGE('',*,*,#481,.T.);
#210=ORIENTED_EDGE('',*,*,#481,.F.);
#211=ORIENTED_EDGE('',*,*,#482,.T.);
#212=ORIENTED_EDGE('',*,*,#483,.T.);
#213=ORIENTED_EDGE('',*,*,#484,.F.);
#214=ORIENTED_EDGE('',*,*,#485,.T.);
#215=ORIENTED_EDGE('',*,*,#443,.T.);
#216=ORIENTED_EDGE('',*,*,#486,.F.);
#217=ORIENTED_EDGE('',*,*,#483,.F.);
#218=ORIENTED_EDGE('',*,*,#453,.F.);
#219=ORIENTED_EDGE('',*,*,#487,.T.);
#220=ORIENTED_EDGE('',*,*,#454,.T.);
#221=ORIENTED_EDGE('',*,*,#488,.T.);
#222=ORIENTED_EDGE('',*,*,#458,.T.);
#223=ORIENTED_EDGE('',*,*,#466,.T.);
#224=ORIENTED_EDGE('',*,*,#469,.T.);
#225=ORIENTED_EDGE('',*,*,#473,.T.);
#226=ORIENTED_EDGE('',*,*,#489,.T.);
#227=ORIENTED_EDGE('',*,*,#490,.T.);
#228=ORIENTED_EDGE('',*,*,#491,.T.);
#229=ORIENTED_EDGE('',*,*,#478,.T.);
#230=ORIENTED_EDGE('',*,*,#484,.T.);
#231=ORIENTED_EDGE('',*,*,#486,.T.);
#232=ORIENTED_EDGE('',*,*,#447,.T.);
#233=ORIENTED_EDGE('',*,*,#450,.T.);
#234=ORIENTED_EDGE('',*,*,#440,.T.);
#235=ORIENTED_EDGE('',*,*,#492,.T.);
#236=ORIENTED_EDGE('',*,*,#493,.T.);
#237=ORIENTED_EDGE('',*,*,#494,.T.);
#238=ORIENTED_EDGE('',*,*,#495,.T.);
#239=ORIENTED_EDGE('',*,*,#444,.F.);
#240=ORIENTED_EDGE('',*,*,#485,.F.);
#241=ORIENTED_EDGE('',*,*,#482,.F.);
#242=ORIENTED_EDGE('',*,*,#480,.F.);
#243=ORIENTED_EDGE('',*,*,#496,.T.);
#244=ORIENTED_EDGE('',*,*,#497,.T.);
#245=ORIENTED_EDGE('',*,*,#498,.F.);
#246=ORIENTED_EDGE('',*,*,#499,.T.);
#247=ORIENTED_EDGE('',*,*,#500,.T.);
#248=ORIENTED_EDGE('',*,*,#463,.T.);
#249=ORIENTED_EDGE('',*,*,#501,.T.);
#250=ORIENTED_EDGE('',*,*,#502,.T.);
#251=ORIENTED_EDGE('',*,*,#501,.F.);
#252=ORIENTED_EDGE('',*,*,#462,.T.);
#253=ORIENTED_EDGE('',*,*,#503,.F.);
#254=ORIENTED_EDGE('',*,*,#503,.T.);
#255=ORIENTED_EDGE('',*,*,#461,.F.);
#256=ORIENTED_EDGE('',*,*,#441,.F.);
#257=ORIENTED_EDGE('',*,*,#502,.F.);
#258=ORIENTED_EDGE('',*,*,#494,.F.);
#259=ORIENTED_EDGE('',*,*,#504,.T.);
#260=ORIENTED_EDGE('',*,*,#451,.F.);
#261=ORIENTED_EDGE('',*,*,#505,.F.);
#262=ORIENTED_EDGE('',*,*,#445,.F.);
#263=ORIENTED_EDGE('',*,*,#495,.F.);
#264=ORIENTED_EDGE('',*,*,#505,.T.);
#265=ORIENTED_EDGE('',*,*,#448,.F.);
#266=ORIENTED_EDGE('',*,*,#506,.F.);
#267=ORIENTED_EDGE('',*,*,#490,.F.);
#268=ORIENTED_EDGE('',*,*,#507,.F.);
#269=ORIENTED_EDGE('',*,*,#476,.F.);
#270=ORIENTED_EDGE('',*,*,#489,.F.);
#271=ORIENTED_EDGE('',*,*,#472,.F.);
#272=ORIENTED_EDGE('',*,*,#508,.F.);
#273=ORIENTED_EDGE('',*,*,#507,.T.);
#274=ORIENTED_EDGE('',*,*,#506,.T.);
#275=ORIENTED_EDGE('',*,*,#475,.F.);
#276=ORIENTED_EDGE('',*,*,#509,.F.);
#277=ORIENTED_EDGE('',*,*,#496,.F.);
#278=ORIENTED_EDGE('',*,*,#479,.F.);
#279=ORIENTED_EDGE('',*,*,#491,.F.);
#280=ORIENTED_EDGE('',*,*,#508,.T.);
#281=ORIENTED_EDGE('',*,*,#471,.F.);
#282=ORIENTED_EDGE('',*,*,#510,.F.);
#283=ORIENTED_EDGE('',*,*,#477,.F.);
#284=ORIENTED_EDGE('',*,*,#509,.T.);
#285=ORIENTED_EDGE('',*,*,#474,.F.);
#286=ORIENTED_EDGE('',*,*,#511,.F.);
#287=ORIENTED_EDGE('',*,*,#497,.F.);
#288=ORIENTED_EDGE('',*,*,#511,.T.);
#289=ORIENTED_EDGE('',*,*,#510,.T.);
#290=ORIENTED_EDGE('',*,*,#512,.F.);
#291=ORIENTED_EDGE('',*,*,#498,.T.);
#292=ORIENTED_EDGE('',*,*,#512,.T.);
#293=ORIENTED_EDGE('',*,*,#470,.F.);
#294=ORIENTED_EDGE('',*,*,#513,.F.);
#295=ORIENTED_EDGE('',*,*,#499,.F.);
#296=ORIENTED_EDGE('',*,*,#464,.F.);
#297=ORIENTED_EDGE('',*,*,#500,.F.);
#298=ORIENTED_EDGE('',*,*,#513,.T.);
#299=ORIENTED_EDGE('',*,*,#467,.F.);
#300=ORIENTED_EDGE('',*,*,#488,.F.);
#301=ORIENTED_EDGE('',*,*,#457,.F.);
#302=ORIENTED_EDGE('',*,*,#514,.F.);
#303=ORIENTED_EDGE('',*,*,#459,.F.);
#304=ORIENTED_EDGE('',*,*,#487,.F.);
#305=ORIENTED_EDGE('',*,*,#452,.F.);
#306=ORIENTED_EDGE('',*,*,#515,.F.);
#307=ORIENTED_EDGE('',*,*,#455,.F.);
#308=ORIENTED_EDGE('',*,*,#515,.T.);
#309=ORIENTED_EDGE('',*,*,#504,.F.);
#310=ORIENTED_EDGE('',*,*,#516,.F.);
#311=ORIENTED_EDGE('',*,*,#516,.T.);
#312=ORIENTED_EDGE('',*,*,#493,.F.);
#313=ORIENTED_EDGE('',*,*,#517,.F.);
#314=ORIENTED_EDGE('',*,*,#456,.F.);
#315=ORIENTED_EDGE('',*,*,#514,.T.);
#316=ORIENTED_EDGE('',*,*,#517,.T.);
#317=ORIENTED_EDGE('',*,*,#492,.F.);
#318=ORIENTED_EDGE('',*,*,#439,.T.);
#319=ORIENTED_EDGE('',*,*,#518,.T.);
#320=ORIENTED_EDGE('',*,*,#519,.T.);
#321=ORIENTED_EDGE('',*,*,#520,.F.);
#322=ORIENTED_EDGE('',*,*,#521,.F.);
#323=ORIENTED_EDGE('',*,*,#520,.T.);
#324=ORIENTED_EDGE('',*,*,#522,.T.);
#325=ORIENTED_EDGE('',*,*,#523,.F.);
#326=ORIENTED_EDGE('',*,*,#524,.T.);
#327=ORIENTED_EDGE('',*,*,#525,.F.);
#328=ORIENTED_EDGE('',*,*,#523,.T.);
#329=ORIENTED_EDGE('',*,*,#526,.F.);
#330=ORIENTED_EDGE('',*,*,#527,.F.);
#331=ORIENTED_EDGE('',*,*,#528,.T.);
#332=ORIENTED_EDGE('',*,*,#529,.F.);
#333=ORIENTED_EDGE('',*,*,#530,.T.);
#334=ORIENTED_EDGE('',*,*,#527,.T.);
#335=ORIENTED_EDGE('',*,*,#531,.T.);
#336=ORIENTED_EDGE('',*,*,#532,.F.);
#337=ORIENTED_EDGE('',*,*,#533,.T.);
#338=ORIENTED_EDGE('',*,*,#534,.F.);
#339=ORIENTED_EDGE('',*,*,#532,.T.);
#340=ORIENTED_EDGE('',*,*,#535,.T.);
#341=ORIENTED_EDGE('',*,*,#536,.F.);
#342=ORIENTED_EDGE('',*,*,#537,.F.);
#343=ORIENTED_EDGE('',*,*,#538,.T.);
#344=ORIENTED_EDGE('',*,*,#539,.F.);
#345=ORIENTED_EDGE('',*,*,#536,.T.);
#346=ORIENTED_EDGE('',*,*,#540,.T.);
#347=ORIENTED_EDGE('',*,*,#541,.F.);
#348=ORIENTED_EDGE('',*,*,#542,.F.);
#349=ORIENTED_EDGE('',*,*,#541,.T.);
#350=ORIENTED_EDGE('',*,*,#543,.T.);
#351=ORIENTED_EDGE('',*,*,#544,.F.);
#352=ORIENTED_EDGE('',*,*,#545,.F.);
#353=ORIENTED_EDGE('',*,*,#546,.F.);
#354=ORIENTED_EDGE('',*,*,#547,.F.);
#355=ORIENTED_EDGE('',*,*,#548,.F.);
#356=ORIENTED_EDGE('',*,*,#549,.F.);
#357=ORIENTED_EDGE('',*,*,#550,.F.);
#358=ORIENTED_EDGE('',*,*,#551,.T.);
#359=ORIENTED_EDGE('',*,*,#552,.F.);
#360=ORIENTED_EDGE('',*,*,#553,.F.);
#361=ORIENTED_EDGE('',*,*,#554,.F.);
#362=ORIENTED_EDGE('',*,*,#552,.T.);
#363=ORIENTED_EDGE('',*,*,#555,.T.);
#364=ORIENTED_EDGE('',*,*,#556,.F.);
#365=ORIENTED_EDGE('',*,*,#557,.F.);
#366=ORIENTED_EDGE('',*,*,#558,.F.);
#367=ORIENTED_EDGE('',*,*,#556,.T.);
#368=ORIENTED_EDGE('',*,*,#559,.T.);
#369=ORIENTED_EDGE('',*,*,#518,.F.);
#370=ORIENTED_EDGE('',*,*,#526,.T.);
#371=ORIENTED_EDGE('',*,*,#522,.F.);
#372=ORIENTED_EDGE('',*,*,#519,.F.);
#373=ORIENTED_EDGE('',*,*,#559,.F.);
#374=ORIENTED_EDGE('',*,*,#555,.F.);
#375=ORIENTED_EDGE('',*,*,#551,.F.);
#376=ORIENTED_EDGE('',*,*,#560,.F.);
#377=ORIENTED_EDGE('',*,*,#561,.F.);
#378=ORIENTED_EDGE('',*,*,#562,.F.);
#379=ORIENTED_EDGE('',*,*,#543,.F.);
#380=ORIENTED_EDGE('',*,*,#540,.F.);
#381=ORIENTED_EDGE('',*,*,#535,.F.);
#382=ORIENTED_EDGE('',*,*,#531,.F.);
#383=ORIENTED_EDGE('',*,*,#563,.F.);
#384=ORIENTED_EDGE('',*,*,#528,.F.);
#385=ORIENTED_EDGE('',*,*,#533,.F.);
#386=ORIENTED_EDGE('',*,*,#539,.T.);
#387=ORIENTED_EDGE('',*,*,#538,.F.);
#388=ORIENTED_EDGE('',*,*,#564,.F.);
#389=ORIENTED_EDGE('',*,*,#565,.F.);
#390=ORIENTED_EDGE('',*,*,#566,.T.);
#391=ORIENTED_EDGE('',*,*,#567,.F.);
#392=ORIENTED_EDGE('',*,*,#568,.F.);
#393=ORIENTED_EDGE('',*,*,#553,.T.);
#394=ORIENTED_EDGE('',*,*,#557,.T.);
#395=ORIENTED_EDGE('',*,*,#558,.T.);
#396=ORIENTED_EDGE('',*,*,#521,.T.);
#397=ORIENTED_EDGE('',*,*,#524,.F.);
#398=ORIENTED_EDGE('',*,*,#525,.T.);
#399=ORIENTED_EDGE('',*,*,#530,.F.);
#400=ORIENTED_EDGE('',*,*,#569,.F.);
#401=ORIENTED_EDGE('',*,*,#570,.T.);
#402=ORIENTED_EDGE('',*,*,#549,.T.);
#403=ORIENTED_EDGE('',*,*,#571,.T.);
#404=ORIENTED_EDGE('',*,*,#561,.T.);
#405=ORIENTED_EDGE('',*,*,#562,.T.);
#406=ORIENTED_EDGE('',*,*,#571,.F.);
#407=ORIENTED_EDGE('',*,*,#572,.T.);
#408=ORIENTED_EDGE('',*,*,#544,.T.);
#409=ORIENTED_EDGE('',*,*,#570,.F.);
#410=ORIENTED_EDGE('',*,*,#560,.T.);
#411=ORIENTED_EDGE('',*,*,#554,.T.);
#412=ORIENTED_EDGE('',*,*,#568,.T.);
#413=ORIENTED_EDGE('',*,*,#573,.T.);
#414=ORIENTED_EDGE('',*,*,#550,.T.);
#415=ORIENTED_EDGE('',*,*,#572,.F.);
#416=ORIENTED_EDGE('',*,*,#548,.T.);
#417=ORIENTED_EDGE('',*,*,#574,.T.);
#418=ORIENTED_EDGE('',*,*,#545,.T.);
#419=ORIENTED_EDGE('',*,*,#573,.F.);
#420=ORIENTED_EDGE('',*,*,#567,.T.);
#421=ORIENTED_EDGE('',*,*,#575,.T.);
#422=ORIENTED_EDGE('',*,*,#547,.T.);
#423=ORIENTED_EDGE('',*,*,#575,.F.);
#424=ORIENTED_EDGE('',*,*,#566,.F.);
#425=ORIENTED_EDGE('',*,*,#576,.T.);
#426=ORIENTED_EDGE('',*,*,#574,.F.);
#427=ORIENTED_EDGE('',*,*,#576,.F.);
#428=ORIENTED_EDGE('',*,*,#565,.T.);
#429=ORIENTED_EDGE('',*,*,#577,.T.);
#430=ORIENTED_EDGE('',*,*,#546,.T.);
#431=ORIENTED_EDGE('',*,*,#537,.T.);
#432=ORIENTED_EDGE('',*,*,#542,.T.);
#433=ORIENTED_EDGE('',*,*,#577,.F.);
#434=ORIENTED_EDGE('',*,*,#564,.T.);
#435=ORIENTED_EDGE('',*,*,#563,.T.);
#436=ORIENTED_EDGE('',*,*,#534,.T.);
#437=ORIENTED_EDGE('',*,*,#569,.T.);
#438=ORIENTED_EDGE('',*,*,#529,.T.);
#439=EDGE_CURVE('',#578,#579,#666,.T.);
#440=EDGE_CURVE('',#580,#578,#667,.F.);
#441=EDGE_CURVE('',#580,#581,#117,.F.);
#442=EDGE_CURVE('',#579,#581,#668,.T.);
#443=EDGE_CURVE('',#582,#583,#36,.T.);
#444=EDGE_CURVE('',#582,#584,#669,.T.);
#445=EDGE_CURVE('',#584,#585,#118,.T.);
#446=EDGE_CURVE('',#585,#586,#37,.T.);
#447=EDGE_CURVE('',#583,#586,#670,.T.);
#448=EDGE_CURVE('',#585,#587,#671,.T.);
#449=EDGE_CURVE('',#587,#588,#38,.T.);
#450=EDGE_CURVE('',#586,#588,#672,.T.);
#451=EDGE_CURVE('',#587,#589,#119,.T.);
#452=EDGE_CURVE('',#589,#590,#39,.T.);
#453=EDGE_CURVE('',#590,#588,#120,.T.);
#454=EDGE_CURVE('',#591,#592,#673,.T.);
#455=EDGE_CURVE('',#591,#593,#40,.F.);
#456=EDGE_CURVE('',#593,#594,#674,.T.);
#457=EDGE_CURVE('',#594,#592,#41,.T.);
#458=EDGE_CURVE('',#595,#596,#675,.T.);
#459=EDGE_CURVE('',#595,#579,#42,.F.);
#460=EDGE_CURVE('',#581,#596,#43,.T.);
#461=EDGE_CURVE('',#581,#597,#676,.T.);
#462=EDGE_CURVE('',#598,#597,#121,.T.);
#463=EDGE_CURVE('',#599,#598,#677,.F.);
#464=EDGE_CURVE('',#599,#600,#122,.F.);
#465=EDGE_CURVE('',#600,#601,#44,.T.);
#466=EDGE_CURVE('',#596,#601,#678,.T.);
#467=EDGE_CURVE('',#600,#602,#123,.T.);
#468=EDGE_CURVE('',#602,#603,#45,.T.);
#469=EDGE_CURVE('',#601,#603,#124,.T.);
#470=EDGE_CURVE('',#602,#604,#125,.T.);
#471=EDGE_CURVE('',#604,#605,#46,.T.);
#472=EDGE_CURVE('',#605,#606,#126,.F.);
#473=EDGE_CURVE('',#603,#606,#127,.T.);
#474=EDGE_CURVE('',#607,#608,#679,.T.);
#475=EDGE_CURVE('',#608,#609,#47,.T.);
#476=EDGE_CURVE('',#609,#610,#680,.F.);
#477=EDGE_CURVE('',#610,#607,#48,.F.);
#478=EDGE_CURVE('',#611,#612,#128,.T.);
#479=EDGE_CURVE('',#611,#613,#49,.F.);
#480=EDGE_CURVE('',#613,#614,#129,.T.);
#481=EDGE_CURVE('',#614,#612,#50,.T.);
#482=EDGE_CURVE('',#614,#615,#130,.T.);
#483=EDGE_CURVE('',#615,#616,#51,.T.);
#484=EDGE_CURVE('',#612,#616,#131,.T.);
#485=EDGE_CURVE('',#615,#582,#132,.T.);
#486=EDGE_CURVE('',#616,#583,#133,.T.);
#487=EDGE_CURVE('',#590,#591,#681,.T.);
#488=EDGE_CURVE('',#592,#595,#682,.F.);
#489=EDGE_CURVE('',#606,#617,#683,.F.);
#490=EDGE_CURVE('',#617,#618,#684,.T.);
#491=EDGE_CURVE('',#618,#611,#685,.T.);
#492=EDGE_CURVE('',#578,#619,#686,.T.);
#493=EDGE_CURVE('',#619,#620,#687,.F.);
#494=EDGE_CURVE('',#620,#621,#134,.T.);
#495=EDGE_CURVE('',#621,#584,#688,.F.);
#496=EDGE_CURVE('',#613,#622,#689,.F.);
#497=EDGE_CURVE('',#622,#623,#690,.F.);
#498=EDGE_CURVE('',#624,#623,#691,.F.);
#499=EDGE_CURVE('',#624,#625,#135,.T.);
#500=EDGE_CURVE('',#625,#599,#136,.T.);
#501=EDGE_CURVE('',#598,#626,#137,.T.);
#502=EDGE_CURVE('',#626,#580,#692,.F.);
#503=EDGE_CURVE('',#626,#597,#138,.F.);
#504=EDGE_CURVE('',#620,#589,#693,.T.);
#505=EDGE_CURVE('',#621,#587,#694,.T.);
#506=EDGE_CURVE('',#618,#609,#139,.T.);
#507=EDGE_CURVE('',#610,#617,#695,.T.);
#508=EDGE_CURVE('',#610,#605,#696,.T.);
#509=EDGE_CURVE('',#622,#608,#140,.T.);
#510=EDGE_CURVE('',#607,#604,#697,.T.);
#511=EDGE_CURVE('',#623,#607,#698,.T.);
#512=EDGE_CURVE('',#624,#604,#699,.F.);
#513=EDGE_CURVE('',#625,#602,#141,.F.);
#514=EDGE_CURVE('',#579,#594,#700,.T.);
#515=EDGE_CURVE('',#593,#589,#701,.T.);
#516=EDGE_CURVE('',#593,#620,#702,.T.);
#517=EDGE_CURVE('',#594,#619,#703,.T.);
#518=EDGE_CURVE('',#627,#628,#52,.T.);
#519=EDGE_CURVE('',#628,#629,#704,.T.);
#520=EDGE_CURVE('',#630,#629,#53,.T.);
#521=EDGE_CURVE('',#627,#630,#705,.T.);
#522=EDGE_CURVE('',#629,#631,#706,.T.);
#523=EDGE_CURVE('',#632,#631,#54,.T.);
#524=EDGE_CURVE('',#632,#630,#707,.F.);
#525=EDGE_CURVE('',#632,#633,#142,.T.);
#526=EDGE_CURVE('',#634,#631,#143,.T.);
#527=EDGE_CURVE('',#633,#634,#55,.T.);
#528=EDGE_CURVE('',#634,#635,#708,.T.);
#529=EDGE_CURVE('',#636,#635,#56,.T.);
#530=EDGE_CURVE('',#636,#633,#709,.F.);
#531=EDGE_CURVE('',#637,#638,#710,.T.);
#532=EDGE_CURVE('',#639,#638,#57,.T.);
#533=EDGE_CURVE('',#639,#640,#711,.F.);
#534=EDGE_CURVE('',#637,#640,#58,.F.);
#535=EDGE_CURVE('',#638,#641,#712,.T.);
#536=EDGE_CURVE('',#642,#641,#59,.T.);
#537=EDGE_CURVE('',#643,#642,#144,.T.);
#538=EDGE_CURVE('',#643,#644,#713,.F.);
#539=EDGE_CURVE('',#639,#644,#714,.T.);
#540=EDGE_CURVE('',#641,#645,#145,.T.);
#541=EDGE_CURVE('',#646,#645,#60,.T.);
#542=EDGE_CURVE('',#642,#646,#146,.T.);
#543=EDGE_CURVE('',#645,#647,#147,.T.);
#544=EDGE_CURVE('',#648,#647,#148,.F.);
#545=EDGE_CURVE('',#649,#648,#61,.T.);
#546=EDGE_CURVE('',#646,#649,#149,.F.);
#547=EDGE_CURVE('',#650,#651,#715,.T.);
#548=EDGE_CURVE('',#652,#650,#62,.F.);
#549=EDGE_CURVE('',#653,#652,#716,.F.);
#550=EDGE_CURVE('',#651,#653,#63,.T.);
#551=EDGE_CURVE('',#654,#655,#150,.T.);
#552=EDGE_CURVE('',#656,#655,#64,.T.);
#553=EDGE_CURVE('',#657,#656,#151,.T.);
#554=EDGE_CURVE('',#654,#657,#65,.F.);
#555=EDGE_CURVE('',#655,#658,#152,.T.);
#556=EDGE_CURVE('',#659,#658,#66,.T.);
#557=EDGE_CURVE('',#656,#659,#153,.T.);
#558=EDGE_CURVE('',#659,#627,#154,.T.);
#559=EDGE_CURVE('',#658,#628,#155,.T.);
#560=EDGE_CURVE('',#660,#654,#717,.T.);
#561=EDGE_CURVE('',#661,#660,#718,.T.);
#562=EDGE_CURVE('',#647,#661,#719,.F.);
#563=EDGE_CURVE('',#635,#637,#720,.F.);
#564=EDGE_CURVE('',#662,#643,#156,.T.);
#565=EDGE_CURVE('',#663,#662,#157,.T.);
#566=EDGE_CURVE('',#663,#664,#721,.F.);
#567=EDGE_CURVE('',#665,#664,#722,.F.);
#568=EDGE_CURVE('',#657,#665,#723,.F.);
#569=EDGE_CURVE('',#640,#636,#724,.T.);
#570=EDGE_CURVE('',#660,#653,#158,.T.);
#571=EDGE_CURVE('',#652,#661,#725,.F.);
#572=EDGE_CURVE('',#652,#648,#726,.T.);
#573=EDGE_CURVE('',#665,#651,#159,.T.);
#574=EDGE_CURVE('',#650,#649,#727,.T.);
#575=EDGE_CURVE('',#664,#650,#728,.F.);
#576=EDGE_CURVE('',#663,#649,#729,.T.);
#577=EDGE_CURVE('',#662,#646,#160,.T.);
#578=VERTEX_POINT('',#1261);
#579=VERTEX_POINT('',#1262);
#580=VERTEX_POINT('',#1264);
#581=VERTEX_POINT('',#1270);
#582=VERTEX_POINT('',#1274);
#583=VERTEX_POINT('',#1275);
#584=VERTEX_POINT('',#1277);
#585=VERTEX_POINT('',#1286);
#586=VERTEX_POINT('',#1288);
#587=VERTEX_POINT('',#1292);
#588=VERTEX_POINT('',#1294);
#589=VERTEX_POINT('',#1364);
#590=VERTEX_POINT('',#1366);
#591=VERTEX_POINT('',#1378);
#592=VERTEX_POINT('',#1379);
#593=VERTEX_POINT('',#1381);
#594=VERTEX_POINT('',#1383);
#595=VERTEX_POINT('',#1387);
#596=VERTEX_POINT('',#1388);
#597=VERTEX_POINT('',#1393);
#598=VERTEX_POINT('',#1399);
#599=VERTEX_POINT('',#1401);
#600=VERTEX_POINT('',#1407);
#601=VERTEX_POINT('',#1409);
#602=VERTEX_POINT('',#1464);
#603=VERTEX_POINT('',#1466);
#604=VERTEX_POINT('',#1493);
#605=VERTEX_POINT('',#1495);
#606=VERTEX_POINT('',#1501);
#607=VERTEX_POINT('',#1508);
#608=VERTEX_POINT('',#1509);
#609=VERTEX_POINT('',#1511);
#610=VERTEX_POINT('',#1513);
#611=VERTEX_POINT('',#1527);
#612=VERTEX_POINT('',#1528);
#613=VERTEX_POINT('',#1530);
#614=VERTEX_POINT('',#1535);
#615=VERTEX_POINT('',#1549);
#616=VERTEX_POINT('',#1551);
#617=VERTEX_POINT('',#1582);
#618=VERTEX_POINT('',#1584);
#619=VERTEX_POINT('',#1588);
#620=VERTEX_POINT('',#1590);
#621=VERTEX_POINT('',#1617);
#622=VERTEX_POINT('',#1620);
#623=VERTEX_POINT('',#1622);
#624=VERTEX_POINT('',#1624);
#625=VERTEX_POINT('',#1639);
#626=VERTEX_POINT('',#1667);
#627=VERTEX_POINT('',#2121);
#628=VERTEX_POINT('',#2122);
#629=VERTEX_POINT('',#2124);
#630=VERTEX_POINT('',#2126);
#631=VERTEX_POINT('',#2130);
#632=VERTEX_POINT('',#2132);
#633=VERTEX_POINT('',#2230);
#634=VERTEX_POINT('',#2257);
#635=VERTEX_POINT('',#2261);
#636=VERTEX_POINT('',#2263);
#637=VERTEX_POINT('',#2267);
#638=VERTEX_POINT('',#2268);
#639=VERTEX_POINT('',#2270);
#640=VERTEX_POINT('',#2272);
#641=VERTEX_POINT('',#2276);
#642=VERTEX_POINT('',#2278);
#643=VERTEX_POINT('',#2283);
#644=VERTEX_POINT('',#2285);
#645=VERTEX_POINT('',#2360);
#646=VERTEX_POINT('',#2362);
#647=VERTEX_POINT('',#2420);
#648=VERTEX_POINT('',#2425);
#649=VERTEX_POINT('',#2427);
#650=VERTEX_POINT('',#2443);
#651=VERTEX_POINT('',#2444);
#652=VERTEX_POINT('',#2446);
#653=VERTEX_POINT('',#2448);
#654=VERTEX_POINT('',#2462);
#655=VERTEX_POINT('',#2463);
#656=VERTEX_POINT('',#2465);
#657=VERTEX_POINT('',#2470);
#658=VERTEX_POINT('',#2484);
#659=VERTEX_POINT('',#2486);
#660=VERTEX_POINT('',#2531);
#661=VERTEX_POINT('',#2533);
#662=VERTEX_POINT('',#2561);
#663=VERTEX_POINT('',#2576);
#664=VERTEX_POINT('',#2578);
#665=VERTEX_POINT('',#2580);
#666=CIRCLE('',#923,0.0019);
#667=CIRCLE('',#924,0.00546452982288296);
#668=CIRCLE('',#925,0.00736452982288295);
#669=CIRCLE('',#927,0.0213637221168819);
#670=CIRCLE('',#928,0.0213637221168819);
#671=CIRCLE('',#930,0.0200725218713424);
#672=CIRCLE('',#931,0.0200725218713424);
#673=CIRCLE('',#933,0.0065384431025959);
#674=CIRCLE('',#934,0.0065384431025959);
#675=CIRCLE('',#936,0.00736452982288295);
#676=CIRCLE('',#938,0.0136486445640111);
#677=CIRCLE('',#939,0.0136486445640111);
#678=CIRCLE('',#940,0.0136486445640111);
#679=CIRCLE('',#942,0.0243829726803794);
#680=CIRCLE('',#943,0.0243829726803794);
#681=CIRCLE('',#945,0.0019);
#682=CIRCLE('',#946,0.0021);
#683=CIRCLE('',#947,0.004);
#684=CIRCLE('',#948,0.0223829726803794);
#685=CIRCLE('',#949,0.002);
#686=CIRCLE('',#951,0.004);
#687=CIRCLE('',#952,0.0046384431025959);
#688=CIRCLE('',#953,0.0181725218713425);
#689=CIRCLE('',#954,0.002);
#690=CIRCLE('',#955,0.0223829726803794);
#691=CIRCLE('',#956,0.004);
#692=CIRCLE('',#957,0.0117486445640111);
#693=CIRCLE('',#959,0.0019);
#694=CIRCLE('',#960,0.0019);
#695=CIRCLE('',#963,0.002);
#696=CIRCLE('',#965,0.002);
#697=CIRCLE('',#968,0.002);
#698=CIRCLE('',#970,0.002);
#699=CIRCLE('',#972,0.002);
#700=CIRCLE('',#974,0.0021);
#701=CIRCLE('',#976,0.0019);
#702=CIRCLE('',#978,0.0019);
#703=CIRCLE('',#980,0.0019);
#704=CIRCLE('',#983,0.0194637221168819);
#705=CIRCLE('',#984,0.0194637221168819);
#706=CIRCLE('',#986,0.0181725218713425);
#707=CIRCLE('',#987,0.0181725218713425);
#708=CIRCLE('',#989,0.0046384431025959);
#709=CIRCLE('',#990,0.0046384431025959);
#710=CIRCLE('',#992,0.00546452982288296);
#711=CIRCLE('',#993,0.00546452982288296);
#712=CIRCLE('',#995,0.0117486445640111);
#713=CIRCLE('',#996,0.0117486445640111);
#714=CIRCLE('',#997,0.0117486445640111);
#715=CIRCLE('',#999,0.0224829726803794);
#716=CIRCLE('',#1000,0.0224829726803794);
#717=CIRCLE('',#1002,0.0001);
#718=CIRCLE('',#1003,0.0223829726803794);
#719=CIRCLE('',#1004,0.004);
#720=CIRCLE('',#1005,0.004);
#721=CIRCLE('',#1007,0.004);
#722=CIRCLE('',#1008,0.0223829726803794);
#723=CIRCLE('',#1009,0.0001);
#724=CIRCLE('',#1010,0.004);
#725=CIRCLE('',#1012,0.0001);
#726=CIRCLE('',#1014,0.0039);
#727=CIRCLE('',#1017,0.0039);
#728=CIRCLE('',#1019,0.0001);
#729=CIRCLE('',#1021,0.0001);
#730=EDGE_LOOP('',(#161,#162,#163,#164));
#731=EDGE_LOOP('',(#165,#166,#167,#168,#169));
#732=EDGE_LOOP('',(#170,#171,#172,#173));
#733=EDGE_LOOP('',(#174,#175,#176,#177));
#734=EDGE_LOOP('',(#178,#179,#180,#181));
#735=EDGE_LOOP('',(#182,#183,#184,#185));
#736=EDGE_LOOP('',(#186,#187,#188,#189,#190,#191,#192));
#737=EDGE_LOOP('',(#193,#194,#195,#196));
#738=EDGE_LOOP('',(#197,#198,#199,#200,#201));
#739=EDGE_LOOP('',(#202,#203,#204,#205));
#740=EDGE_LOOP('',(#206,#207,#208,#209));
#741=EDGE_LOOP('',(#210,#211,#212,#213));
#742=EDGE_LOOP('',(#214,#215,#216,#217));
#743=EDGE_LOOP('',(#218,#219,#220,#221,#222,#223,#224,#225,#226,#227,#228,
#229,#230,#231,#232,#233));
#744=EDGE_LOOP('',(#234,#235,#236,#237,#238,#239,#240,#241,#242,#243,#244,
#245,#246,#247,#248,#249,#250));
#745=EDGE_LOOP('',(#251,#252,#253));
#746=EDGE_LOOP('',(#254,#255,#256,#257));
#747=EDGE_LOOP('',(#258,#259,#260,#261));
#748=EDGE_LOOP('',(#262,#263,#264,#265));
#749=EDGE_LOOP('',(#266,#267,#268,#269));
#750=EDGE_LOOP('',(#270,#271,#272,#273));
#751=EDGE_LOOP('',(#274,#275,#276,#277,#278,#279));
#752=EDGE_LOOP('',(#280,#281,#282,#283));
#753=EDGE_LOOP('',(#284,#285,#286,#287));
#754=EDGE_LOOP('',(#288,#289,#290,#291));
#755=EDGE_LOOP('',(#292,#293,#294,#295));
#756=EDGE_LOOP('',(#296,#297,#298,#299));
#757=EDGE_LOOP('',(#300,#301,#302,#303));
#758=EDGE_LOOP('',(#304,#305,#306,#307));
#759=EDGE_LOOP('',(#308,#309,#310));
#760=EDGE_LOOP('',(#311,#312,#313,#314));
#761=EDGE_LOOP('',(#315,#316,#317,#318));
#762=EDGE_LOOP('',(#319,#320,#321,#322));
#763=EDGE_LOOP('',(#323,#324,#325,#326));
#764=EDGE_LOOP('',(#327,#328,#329,#330));
#765=EDGE_LOOP('',(#331,#332,#333,#334));
#766=EDGE_LOOP('',(#335,#336,#337,#338));
#767=EDGE_LOOP('',(#339,#340,#341,#342,#343,#344));
#768=EDGE_LOOP('',(#345,#346,#347,#348));
#769=EDGE_LOOP('',(#349,#350,#351,#352,#353));
#770=EDGE_LOOP('',(#354,#355,#356,#357));
#771=EDGE_LOOP('',(#358,#359,#360,#361));
#772=EDGE_LOOP('',(#362,#363,#364,#365));
#773=EDGE_LOOP('',(#366,#367,#368,#369));
#774=EDGE_LOOP('',(#370,#371,#372,#373,#374,#375,#376,#377,#378,#379,#380,
#381,#382,#383,#384));
#775=EDGE_LOOP('',(#385,#386,#387,#388,#389,#390,#391,#392,#393,#394,#395,
#396,#397,#398,#399,#400));
#776=EDGE_LOOP('',(#401,#402,#403,#404));
#777=EDGE_LOOP('',(#405,#406,#407,#408));
#778=EDGE_LOOP('',(#409,#410,#411,#412,#413,#414));
#779=EDGE_LOOP('',(#415,#416,#417,#418));
#780=EDGE_LOOP('',(#419,#420,#421,#422));
#781=EDGE_LOOP('',(#423,#424,#425,#426));
#782=EDGE_LOOP('',(#427,#428,#429,#430));
#783=EDGE_LOOP('',(#431,#432,#433,#434));
#784=EDGE_LOOP('',(#435,#436,#437,#438));
#785=FACE_BOUND('',#730,.T.);
#786=FACE_BOUND('',#731,.T.);
#787=FACE_BOUND('',#732,.T.);
#788=FACE_BOUND('',#733,.T.);
#789=FACE_BOUND('',#734,.T.);
#790=FACE_BOUND('',#735,.T.);
#791=FACE_BOUND('',#736,.T.);
#792=FACE_BOUND('',#737,.T.);
#793=FACE_BOUND('',#738,.T.);
#794=FACE_BOUND('',#739,.T.);
#795=FACE_BOUND('',#740,.T.);
#796=FACE_BOUND('',#741,.T.);
#797=FACE_BOUND('',#742,.T.);
#798=FACE_BOUND('',#743,.T.);
#799=FACE_BOUND('',#744,.T.);
#800=FACE_BOUND('',#745,.T.);
#801=FACE_BOUND('',#746,.T.);
#802=FACE_BOUND('',#747,.T.);
#803=FACE_BOUND('',#748,.T.);
#804=FACE_BOUND('',#749,.T.);
#805=FACE_BOUND('',#750,.T.);
#806=FACE_BOUND('',#751,.T.);
#807=FACE_BOUND('',#752,.T.);
#808=FACE_BOUND('',#753,.T.);
#809=FACE_BOUND('',#754,.T.);
#810=FACE_BOUND('',#755,.T.);
#811=FACE_BOUND('',#756,.T.);
#812=FACE_BOUND('',#757,.T.);
#813=FACE_BOUND('',#758,.T.);
#814=FACE_BOUND('',#759,.T.);
#815=FACE_BOUND('',#760,.T.);
#816=FACE_BOUND('',#761,.T.);
#817=FACE_BOUND('',#762,.T.);
#818=FACE_BOUND('',#763,.T.);
#819=FACE_BOUND('',#764,.T.);
#820=FACE_BOUND('',#765,.T.);
#821=FACE_BOUND('',#766,.T.);
#822=FACE_BOUND('',#767,.T.);
#823=FACE_BOUND('',#768,.T.);
#824=FACE_BOUND('',#769,.T.);
#825=FACE_BOUND('',#770,.T.);
#826=FACE_BOUND('',#771,.T.);
#827=FACE_BOUND('',#772,.T.);
#828=FACE_BOUND('',#773,.T.);
#829=FACE_BOUND('',#774,.T.);
#830=FACE_BOUND('',#775,.T.);
#831=FACE_BOUND('',#776,.T.);
#832=FACE_BOUND('',#777,.T.);
#833=FACE_BOUND('',#778,.T.);
#834=FACE_BOUND('',#779,.T.);
#835=FACE_BOUND('',#780,.T.);
#836=FACE_BOUND('',#781,.T.);
#837=FACE_BOUND('',#782,.T.);
#838=FACE_BOUND('',#783,.T.);
#839=FACE_BOUND('',#784,.T.);
#840=TOROIDAL_SURFACE('',#922,0.00546452982288296,0.0019);
#841=TOROIDAL_SURFACE('',#958,0.0117486445640111,0.0019);
#842=TOROIDAL_SURFACE('',#961,0.0181725218713425,0.0019);
#843=TOROIDAL_SURFACE('',#962,0.0223829726803794,0.002);
#844=TOROIDAL_SURFACE('',#964,0.004,0.002);
#845=TOROIDAL_SURFACE('',#969,0.0223829726803794,0.002);
#846=TOROIDAL_SURFACE('',#971,0.004,0.002);
#847=TOROIDAL_SURFACE('',#979,0.0046384431025959,0.0019);
#848=TOROIDAL_SURFACE('',#981,0.004,0.0019);
#849=TOROIDAL_SURFACE('',#1011,0.0223829726803794,0.0001);
#850=TOROIDAL_SURFACE('',#1013,0.004,0.0001);
#851=TOROIDAL_SURFACE('',#1018,0.0223829726803794,0.0001);
#852=TOROIDAL_SURFACE('',#1020,0.004,0.0001);
#853=ADVANCED_FACE('',(#785),#840,.T.);
#854=ADVANCED_FACE('Face appearance 7',(#786),#98,.T.);
#855=ADVANCED_FACE('Face appearance 7',(#787),#99,.T.);
#856=ADVANCED_FACE('Face appearance 7',(#788),#24,.F.);
#857=ADVANCED_FACE('Face appearance 7',(#789),#100,.T.);
#858=ADVANCED_FACE('Face appearance 7',(#790),#101,.T.);
#859=ADVANCED_FACE('Face appearance 7',(#791),#102,.T.);
#860=ADVANCED_FACE('Face appearance 7',(#792),#25,.T.);
#861=ADVANCED_FACE('Face appearance 7',(#793),#26,.T.);
#862=ADVANCED_FACE('Face appearance 7',(#794),#103,.T.);
#863=ADVANCED_FACE('Face appearance 7',(#795),#27,.T.);
#864=ADVANCED_FACE('Face appearance 7',(#796),#28,.T.);
#865=ADVANCED_FACE('Face appearance 7',(#797),#29,.T.);
#866=ADVANCED_FACE('Face appearance 7',(#798),#20,.T.);
#867=ADVANCED_FACE('Face appearance 7',(#799),#21,.F.);
#868=ADVANCED_FACE('',(#800),#14,.T.);
#869=ADVANCED_FACE('',(#801),#841,.T.);
#870=ADVANCED_FACE('',(#802),#15,.T.);
#871=ADVANCED_FACE('',(#803),#842,.T.);
#872=ADVANCED_FACE('',(#804),#843,.T.);
#873=ADVANCED_FACE('',(#805),#844,.T.);
#874=ADVANCED_FACE('',(#806),#104,.T.);
#875=ADVANCED_FACE('',(#807),#105,.F.);
#876=ADVANCED_FACE('',(#808),#845,.T.);
#877=ADVANCED_FACE('',(#809),#846,.T.);
#878=ADVANCED_FACE('',(#810),#16,.T.);
#879=ADVANCED_FACE('',(#811),#17,.T.);
#880=ADVANCED_FACE('',(#812),#106,.F.);
#881=ADVANCED_FACE('',(#813),#107,.T.);
#882=ADVANCED_FACE('',(#814),#13,.T.);
#883=ADVANCED_FACE('',(#815),#847,.T.);
#884=ADVANCED_FACE('',(#816),#848,.T.);
#885=ADVANCED_FACE('',(#817),#108,.F.);
#886=ADVANCED_FACE('',(#818),#109,.F.);
#887=ADVANCED_FACE('',(#819),#30,.T.);
#888=ADVANCED_FACE('',(#820),#110,.F.);
#889=ADVANCED_FACE('',(#821),#111,.F.);
#890=ADVANCED_FACE('',(#822),#112,.F.);
#891=ADVANCED_FACE('',(#823),#31,.F.);
#892=ADVANCED_FACE('',(#824),#32,.F.);
#893=ADVANCED_FACE('',(#825),#113,.F.);
#894=ADVANCED_FACE('',(#826),#33,.F.);
#895=ADVANCED_FACE('',(#827),#34,.F.);
#896=ADVANCED_FACE('',(#828),#35,.F.);
#897=ADVANCED_FACE('',(#829),#22,.F.);
#898=ADVANCED_FACE('',(#830),#23,.T.);
#899=ADVANCED_FACE('',(#831),#849,.F.);
#900=ADVANCED_FACE('',(#832),#850,.F.);
#901=ADVANCED_FACE('',(#833),#114,.F.);
#902=ADVANCED_FACE('',(#834),#115,.T.);
#903=ADVANCED_FACE('',(#835),#851,.F.);
#904=ADVANCED_FACE('',(#836),#852,.F.);
#905=ADVANCED_FACE('',(#837),#18,.F.);
#906=ADVANCED_FACE('',(#838),#19,.F.);
#907=ADVANCED_FACE('',(#839),#116,.T.);
#908=CLOSED_SHELL('',(#853,#854,#855,#856,#857,#858,#859,#860,#861,#862,
#863,#864,#865,#866,#867,#868,#869,#870,#871,#872,#873,#874,#875,#876,#877,
#878,#879,#880,#881,#882,#883,#884));
#909=CLOSED_SHELL('',(#885,#886,#887,#888,#889,#890,#891,#892,#893,#894,
#895,#896,#897,#898,#899,#900,#901,#902,#903,#904,#905,#906,#907));
#910=STYLED_ITEM('',(#911),#918);
#911=PRESENTATION_STYLE_ASSIGNMENT((#912));
#912=SURFACE_STYLE_USAGE(.BOTH.,#913);
#913=SURFACE_SIDE_STYLE('',(#914));
#914=SURFACE_STYLE_FILL_AREA(#915);
#915=FILL_AREA_STYLE('',(#916));
#916=FILL_AREA_STYLE_COLOUR('',#917);
#917=DRAUGHTING_PRE_DEFINED_COLOUR('black');
#918=BREP_WITH_VOIDS('Part 12',#908,(#12));
#919=SHAPE_DEFINITION_REPRESENTATION(#2760,#920);
#920=SHAPE_REPRESENTATION('Part 12',(#921),#2755);
#921=AXIS2_PLACEMENT_3D('',#1258,#1023,#1024);
#922=AXIS2_PLACEMENT_3D('',#1259,#1025,#1026);
#923=AXIS2_PLACEMENT_3D('',#1260,#1027,#1028);
#924=AXIS2_PLACEMENT_3D('',#1263,#1029,#1030);
#925=AXIS2_PLACEMENT_3D('',#1271,#1031,#1032);
#926=AXIS2_PLACEMENT_3D('',#1272,#1033,#1034);
#927=AXIS2_PLACEMENT_3D('',#1276,#1036,#1037);
#928=AXIS2_PLACEMENT_3D('',#1289,#1039,#1040);
#929=AXIS2_PLACEMENT_3D('',#1290,#1041,#1042);
#930=AXIS2_PLACEMENT_3D('',#1291,#1043,#1044);
#931=AXIS2_PLACEMENT_3D('',#1295,#1046,#1047);
#932=AXIS2_PLACEMENT_3D('',#1376,#1049,#1050);
#933=AXIS2_PLACEMENT_3D('',#1377,#1051,#1052);
#934=AXIS2_PLACEMENT_3D('',#1382,#1054,#1055);
#935=AXIS2_PLACEMENT_3D('',#1385,#1057,#1058);
#936=AXIS2_PLACEMENT_3D('',#1386,#1059,#1060);
#937=AXIS2_PLACEMENT_3D('',#1391,#1063,#1064);
#938=AXIS2_PLACEMENT_3D('',#1392,#1065,#1066);
#939=AXIS2_PLACEMENT_3D('',#1400,#1067,#1068);
#940=AXIS2_PLACEMENT_3D('',#1410,#1070,#1071);
#941=AXIS2_PLACEMENT_3D('',#1506,#1074,#1075);
#942=AXIS2_PLACEMENT_3D('',#1507,#1076,#1077);
#943=AXIS2_PLACEMENT_3D('',#1512,#1079,#1080);
#944=AXIS2_PLACEMENT_3D('',#1578,#1085,#1086);
#945=AXIS2_PLACEMENT_3D('',#1579,#1087,#1088);
#946=AXIS2_PLACEMENT_3D('',#1580,#1089,#1090);
#947=AXIS2_PLACEMENT_3D('',#1581,#1091,#1092);
#948=AXIS2_PLACEMENT_3D('',#1583,#1093,#1094);
#949=AXIS2_PLACEMENT_3D('',#1585,#1095,#1096);
#950=AXIS2_PLACEMENT_3D('',#1586,#1097,#1098);
#951=AXIS2_PLACEMENT_3D('',#1587,#1099,#1100);
#952=AXIS2_PLACEMENT_3D('',#1589,#1101,#1102);
#953=AXIS2_PLACEMENT_3D('',#1618,#1103,#1104);
#954=AXIS2_PLACEMENT_3D('',#1619,#1105,#1106);
#955=AXIS2_PLACEMENT_3D('',#1621,#1107,#1108);
#956=AXIS2_PLACEMENT_3D('',#1623,#1109,#1110);
#957=AXIS2_PLACEMENT_3D('',#1668,#1111,#1112);
#958=AXIS2_PLACEMENT_3D('',#1703,#1113,#1114);
#959=AXIS2_PLACEMENT_3D('',#1842,#1115,#1116);
#960=AXIS2_PLACEMENT_3D('',#1843,#1117,#1118);
#961=AXIS2_PLACEMENT_3D('',#1844,#1119,#1120);
#962=AXIS2_PLACEMENT_3D('',#1845,#1121,#1122);
#963=AXIS2_PLACEMENT_3D('',#1852,#1123,#1124);
#964=AXIS2_PLACEMENT_3D('',#1853,#1125,#1126);
#965=AXIS2_PLACEMENT_3D('',#1854,#1127,#1128);
#966=AXIS2_PLACEMENT_3D('',#1855,#1129,#1130);
#967=AXIS2_PLACEMENT_3D('',#1862,#1131,#1132);
#968=AXIS2_PLACEMENT_3D('',#1863,#1133,#1134);
#969=AXIS2_PLACEMENT_3D('',#1864,#1135,#1136);
#970=AXIS2_PLACEMENT_3D('',#1865,#1137,#1138);
#971=AXIS2_PLACEMENT_3D('',#1866,#1139,#1140);
#972=AXIS2_PLACEMENT_3D('',#1867,#1141,#1142);
#973=AXIS2_PLACEMENT_3D('',#2110,#1143,#1144);
#974=AXIS2_PLACEMENT_3D('',#2111,#1145,#1146);
#975=AXIS2_PLACEMENT_3D('',#2112,#1147,#1148);
#976=AXIS2_PLACEMENT_3D('',#2113,#1149,#1150);
#977=AXIS2_PLACEMENT_3D('',#2114,#1151,#1152);
#978=AXIS2_PLACEMENT_3D('',#2115,#1153,#1154);
#979=AXIS2_PLACEMENT_3D('',#2116,#1155,#1156);
#980=AXIS2_PLACEMENT_3D('',#2117,#1157,#1158);
#981=AXIS2_PLACEMENT_3D('',#2118,#1159,#1160);
#982=AXIS2_PLACEMENT_3D('',#2119,#1161,#1162);
#983=AXIS2_PLACEMENT_3D('',#2123,#1164,#1165);
#984=AXIS2_PLACEMENT_3D('',#2127,#1167,#1168);
#985=AXIS2_PLACEMENT_3D('',#2128,#1169,#1170);
#986=AXIS2_PLACEMENT_3D('',#2129,#1171,#1172);
#987=AXIS2_PLACEMENT_3D('',#2133,#1174,#1175);
#988=AXIS2_PLACEMENT_3D('',#2259,#1177,#1178);
#989=AXIS2_PLACEMENT_3D('',#2260,#1179,#1180);
#990=AXIS2_PLACEMENT_3D('',#2264,#1182,#1183);
#991=AXIS2_PLACEMENT_3D('',#2265,#1184,#1185);
#992=AXIS2_PLACEMENT_3D('',#2266,#1186,#1187);
#993=AXIS2_PLACEMENT_3D('',#2271,#1189,#1190);
#994=AXIS2_PLACEMENT_3D('',#2274,#1192,#1193);
#995=AXIS2_PLACEMENT_3D('',#2275,#1194,#1195);
#996=AXIS2_PLACEMENT_3D('',#2284,#1197,#1198);
#997=AXIS2_PLACEMENT_3D('',#2286,#1199,#1200);
#998=AXIS2_PLACEMENT_3D('',#2441,#1203,#1204);
#999=AXIS2_PLACEMENT_3D('',#2442,#1205,#1206);
#1000=AXIS2_PLACEMENT_3D('',#2447,#1208,#1209);
#1001=AXIS2_PLACEMENT_3D('',#2529,#1214,#1215);
#1002=AXIS2_PLACEMENT_3D('',#2530,#1216,#1217);
#1003=AXIS2_PLACEMENT_3D('',#2532,#1218,#1219);
#1004=AXIS2_PLACEMENT_3D('',#2534,#1220,#1221);
#1005=AXIS2_PLACEMENT_3D('',#2535,#1222,#1223);
#1006=AXIS2_PLACEMENT_3D('',#2536,#1224,#1225);
#1007=AXIS2_PLACEMENT_3D('',#2577,#1226,#1227);
#1008=AXIS2_PLACEMENT_3D('',#2579,#1228,#1229);
#1009=AXIS2_PLACEMENT_3D('',#2581,#1230,#1231);
#1010=AXIS2_PLACEMENT_3D('',#2582,#1232,#1233);
#1011=AXIS2_PLACEMENT_3D('',#2583,#1234,#1235);
#1012=AXIS2_PLACEMENT_3D('',#2588,#1236,#1237);
#1013=AXIS2_PLACEMENT_3D('',#2589,#1238,#1239);
#1014=AXIS2_PLACEMENT_3D('',#2590,#1240,#1241);
#1015=AXIS2_PLACEMENT_3D('',#2591,#1242,#1243);
#1016=AXIS2_PLACEMENT_3D('',#2596,#1244,#1245);
#1017=AXIS2_PLACEMENT_3D('',#2597,#1246,#1247);
#1018=AXIS2_PLACEMENT_3D('',#2598,#1248,#1249);
#1019=AXIS2_PLACEMENT_3D('',#2599,#1250,#1251);
#1020=AXIS2_PLACEMENT_3D('',#2600,#1252,#1253);
#1021=AXIS2_PLACEMENT_3D('',#2601,#1254,#1255);
#1022=AXIS2_PLACEMENT_3D('',#2753,#1256,#1257);
#1023=DIRECTION('',(0.,0.,1.));
#1024=DIRECTION('',(1.,0.,0.));
#1025=DIRECTION('',(0.,0.,1.));
#1026=DIRECTION('',(1.,0.,0.));
#1027=DIRECTION('',(0.767281318851691,0.64131067178179,0.));
#1028=DIRECTION('',(-0.64131067178179,0.767281318851691,0.));
#1029=DIRECTION('',(0.,0.,1.));
#1030=DIRECTION('',(1.,0.,0.));
#1031=DIRECTION('',(0.,0.,1.));
#1032=DIRECTION('',(1.,0.,0.));
#1033=DIRECTION('',(0.,0.,1.));
#1034=DIRECTION('',(1.,0.,0.));
#1035=DIRECTION('',(0.,0.,1.));
#1036=DIRECTION('',(0.,0.,1.));
#1037=DIRECTION('',(1.,0.,0.));
#1038=DIRECTION('',(0.,0.,1.));
#1039=DIRECTION('',(0.,0.,1.));
#1040=DIRECTION('',(1.,0.,0.));
#1041=DIRECTION('',(0.,0.,1.));
#1042=DIRECTION('',(1.,0.,0.));
#1043=DIRECTION('',(0.,0.,1.));
#1044=DIRECTION('',(1.,0.,0.));
#1045=DIRECTION('',(0.,0.,1.));
#1046=DIRECTION('',(0.,0.,1.));
#1047=DIRECTION('',(1.,0.,0.));
#1048=DIRECTION('',(0.,0.,1.));
#1049=DIRECTION('',(0.,0.,1.));
#1050=DIRECTION('',(1.,0.,0.));
#1051=DIRECTION('',(0.,0.,1.));
#1052=DIRECTION('',(1.,0.,0.));
#1053=DIRECTION('',(0.,0.,1.));
#1054=DIRECTION('',(0.,0.,1.));
#1055=DIRECTION('',(1.,0.,0.));
#1056=DIRECTION('',(0.,0.,1.));
#1057=DIRECTION('',(0.,0.,1.));
#1058=DIRECTION('',(1.,0.,0.));
#1059=DIRECTION('',(0.,0.,1.));
#1060=DIRECTION('',(1.,0.,0.));
#1061=DIRECTION('',(0.,0.,1.));
#1062=DIRECTION('',(0.,0.,1.));
#1063=DIRECTION('',(0.,0.,1.));
#1064=DIRECTION('',(1.,0.,0.));
#1065=DIRECTION('',(0.,0.,1.));
#1066=DIRECTION('',(1.,0.,0.));
#1067=DIRECTION('',(0.,0.,1.));
#1068=DIRECTION('',(1.,0.,0.));
#1069=DIRECTION('',(0.,0.,1.));
#1070=DIRECTION('',(0.,0.,1.));
#1071=DIRECTION('',(1.,0.,0.));
#1072=DIRECTION('',(0.,0.,1.));
#1073=DIRECTION('',(0.,0.,1.));
#1074=DIRECTION('',(0.,0.,1.));
#1075=DIRECTION('',(1.,0.,0.));
#1076=DIRECTION('',(0.,0.,1.));
#1077=DIRECTION('',(1.,0.,0.));
#1078=DIRECTION('',(0.,0.,1.));
#1079=DIRECTION('',(0.,0.,1.));
#1080=DIRECTION('',(1.,0.,0.));
#1081=DIRECTION('',(0.,0.,1.));
#1082=DIRECTION('',(0.,0.,1.));
#1083=DIRECTION('',(0.,0.,1.));
#1084=DIRECTION('',(0.,0.,1.));
#1085=DIRECTION('',(0.,0.,1.));
#1086=DIRECTION('',(1.,0.,0.));
#1087=DIRECTION('',(0.,0.,1.));
#1088=DIRECTION('',(1.,0.,0.));
#1089=DIRECTION('',(0.,0.,1.));
#1090=DIRECTION('',(1.,0.,0.));
#1091=DIRECTION('',(0.,0.,1.));
#1092=DIRECTION('',(1.,0.,0.));
#1093=DIRECTION('',(0.,0.,1.));
#1094=DIRECTION('',(1.,0.,0.));
#1095=DIRECTION('',(0.,0.,1.));
#1096=DIRECTION('',(1.,0.,0.));
#1097=DIRECTION('',(0.,0.,1.));
#1098=DIRECTION('',(1.,0.,0.));
#1099=DIRECTION('',(0.,0.,1.));
#1100=DIRECTION('',(1.,0.,0.));
#1101=DIRECTION('',(0.,0.,1.));
#1102=DIRECTION('',(1.,0.,0.));
#1103=DIRECTION('',(0.,0.,1.));
#1104=DIRECTION('',(1.,0.,0.));
#1105=DIRECTION('',(0.,0.,1.));
#1106=DIRECTION('',(1.,0.,0.));
#1107=DIRECTION('',(0.,0.,1.));
#1108=DIRECTION('',(1.,0.,0.));
#1109=DIRECTION('',(0.,0.,1.));
#1110=DIRECTION('',(1.,0.,0.));
#1111=DIRECTION('',(0.,0.,1.));
#1112=DIRECTION('',(1.,0.,0.));
#1113=DIRECTION('',(0.,0.,1.));
#1114=DIRECTION('',(1.,0.,0.));
#1115=DIRECTION('',(0.792570480587776,0.609780315606254,0.));
#1116=DIRECTION('',(-0.609780315606254,0.792570480587776,0.));
#1117=DIRECTION('',(0.938898878476978,-0.344193108581031,0.));
#1118=DIRECTION('',(0.344193108581031,0.938898878476978,0.));
#1119=DIRECTION('',(0.,0.,1.));
#1120=DIRECTION('',(1.,0.,0.));
#1121=DIRECTION('',(0.,0.,1.));
#1122=DIRECTION('',(1.,0.,0.));
#1123=DIRECTION('',(-0.992635001144077,-0.12114352852587,0.));
#1124=DIRECTION('',(0.12114352852587,-0.992635001144077,0.));
#1125=DIRECTION('',(0.,0.,1.));
#1126=DIRECTION('',(1.,0.,0.));
#1127=DIRECTION('',(0.,0.,1.));
#1128=DIRECTION('',(1.,0.,0.));
#1129=DIRECTION('',(0.,0.,1.));
#1130=DIRECTION('',(1.,0.,0.));
#1131=DIRECTION('',(0.,0.,1.));
#1132=DIRECTION('',(1.,0.,0.));
#1133=DIRECTION('',(0.,0.,1.));
#1134=DIRECTION('',(1.,0.,0.));
#1135=DIRECTION('',(0.,0.,1.));
#1136=DIRECTION('',(1.,0.,0.));
#1137=DIRECTION('',(-0.992635001144077,-0.12114352852587,0.));
#1138=DIRECTION('',(0.12114352852587,-0.992635001144077,0.));
#1139=DIRECTION('',(0.,0.,1.));
#1140=DIRECTION('',(1.,0.,0.));
#1141=DIRECTION('',(0.955371697534167,0.295406363422801,3.31461142399267E-15));
#1142=DIRECTION('',(-0.295406363422801,0.955371697534167,0.));
#1143=DIRECTION('',(0.,0.,-1.));
#1144=DIRECTION('',(-1.,0.,0.));
#1145=DIRECTION('',(0.,0.,1.));
#1146=DIRECTION('',(1.,0.,0.));
#1147=DIRECTION('',(0.,0.,1.));
#1148=DIRECTION('',(1.,0.,0.));
#1149=DIRECTION('',(0.,0.,-1.));
#1150=DIRECTION('',(-1.,0.,0.));
#1151=DIRECTION('',(-0.681725071350774,0.731608452036868,0.));
#1152=DIRECTION('',(-0.731608452036868,-0.681725071350774,0.));
#1153=DIRECTION('',(-0.731608452036864,-0.681725071350779,4.21357112957149E-15));
#1154=DIRECTION('',(0.681725071350779,-0.731608452036864,0.));
#1155=DIRECTION('',(0.,0.,1.));
#1156=DIRECTION('',(1.,0.,0.));
#1157=DIRECTION('',(0.538417692069983,-0.842678105130324,6.14477506786218E-16));
#1158=DIRECTION('',(0.842678105130324,0.538417692069983,0.));
#1159=DIRECTION('',(0.,0.,1.));
#1160=DIRECTION('',(1.,0.,0.));
#1161=DIRECTION('',(0.,0.,1.));
#1162=DIRECTION('',(1.,0.,0.));
#1163=DIRECTION('',(0.,0.,1.));
#1164=DIRECTION('',(0.,0.,1.));
#1165=DIRECTION('',(1.,0.,0.));
#1166=DIRECTION('',(0.,0.,1.));
#1167=DIRECTION('',(0.,0.,1.));
#1168=DIRECTION('',(1.,0.,0.));
#1169=DIRECTION('',(0.,0.,1.));
#1170=DIRECTION('',(1.,0.,0.));
#1171=DIRECTION('',(0.,0.,1.));
#1172=DIRECTION('',(1.,0.,0.));
#1173=DIRECTION('',(0.,0.,1.));
#1174=DIRECTION('',(0.,0.,1.));
#1175=DIRECTION('',(1.,0.,0.));
#1176=DIRECTION('',(0.,0.,1.));
#1177=DIRECTION('',(0.,0.,1.));
#1178=DIRECTION('',(1.,0.,0.));
#1179=DIRECTION('',(0.,0.,1.));
#1180=DIRECTION('',(1.,0.,0.));
#1181=DIRECTION('',(0.,0.,1.));
#1182=DIRECTION('',(0.,0.,1.));
#1183=DIRECTION('',(1.,0.,0.));
#1184=DIRECTION('',(0.,0.,1.));
#1185=DIRECTION('',(1.,0.,0.));
#1186=DIRECTION('',(0.,0.,1.));
#1187=DIRECTION('',(1.,0.,0.));
#1188=DIRECTION('',(0.,0.,1.));
#1189=DIRECTION('',(0.,0.,1.));
#1190=DIRECTION('',(1.,0.,0.));
#1191=DIRECTION('',(0.,0.,1.));
#1192=DIRECTION('',(0.,0.,1.));
#1193=DIRECTION('',(1.,0.,0.));
#1194=DIRECTION('',(0.,0.,1.));
#1195=DIRECTION('',(1.,0.,0.));
#1196=DIRECTION('',(0.,0.,1.));
#1197=DIRECTION('',(0.,0.,1.));
#1198=DIRECTION('',(1.,0.,0.));
#1199=DIRECTION('',(0.,0.,1.));
#1200=DIRECTION('',(1.,0.,0.));
#1201=DIRECTION('',(0.,0.,1.));
#1202=DIRECTION('',(0.,0.,1.));
#1203=DIRECTION('',(0.,0.,1.));
#1204=DIRECTION('',(1.,0.,0.));
#1205=DIRECTION('',(0.,0.,1.));
#1206=DIRECTION('',(1.,0.,0.));
#1207=DIRECTION('',(0.,0.,1.));
#1208=DIRECTION('',(0.,0.,1.));
#1209=DIRECTION('',(1.,0.,0.));
#1210=DIRECTION('',(0.,0.,1.));
#1211=DIRECTION('',(0.,0.,1.));
#1212=DIRECTION('',(0.,0.,1.));
#1213=DIRECTION('',(0.,0.,1.));
#1214=DIRECTION('',(0.,0.,1.));
#1215=DIRECTION('',(1.,0.,0.));
#1216=DIRECTION('',(0.,0.,1.));
#1217=DIRECTION('',(1.,0.,0.));
#1218=DIRECTION('',(0.,0.,1.));
#1219=DIRECTION('',(1.,0.,0.));
#1220=DIRECTION('',(0.,0.,1.));
#1221=DIRECTION('',(1.,0.,0.));
#1222=DIRECTION('',(0.,0.,1.));
#1223=DIRECTION('',(1.,0.,0.));
#1224=DIRECTION('',(0.,0.,1.));
#1225=DIRECTION('',(1.,0.,0.));
#1226=DIRECTION('',(0.,0.,1.));
#1227=DIRECTION('',(1.,0.,0.));
#1228=DIRECTION('',(0.,0.,1.));
#1229=DIRECTION('',(1.,0.,0.));
#1230=DIRECTION('',(0.,0.,1.));
#1231=DIRECTION('',(1.,0.,0.));
#1232=DIRECTION('',(0.,0.,1.));
#1233=DIRECTION('',(1.,0.,0.));
#1234=DIRECTION('',(0.,0.,1.));
#1235=DIRECTION('',(1.,0.,0.));
#1236=DIRECTION('',(0.992635001144077,0.121143528525868,0.));
#1237=DIRECTION('',(-0.121143528525868,0.992635001144077,0.));
#1238=DIRECTION('',(0.,0.,1.));
#1239=DIRECTION('',(1.,0.,0.));
#1240=DIRECTION('',(0.,0.,1.));
#1241=DIRECTION('',(1.,0.,0.));
#1242=DIRECTION('',(0.,0.,1.));
#1243=DIRECTION('',(1.,0.,0.));
#1244=DIRECTION('',(0.,0.,1.));
#1245=DIRECTION('',(1.,0.,0.));
#1246=DIRECTION('',(0.,0.,1.));
#1247=DIRECTION('',(1.,0.,0.));
#1248=DIRECTION('',(0.,0.,1.));
#1249=DIRECTION('',(1.,0.,0.));
#1250=DIRECTION('',(0.992635001144077,0.121143528525868,0.));
#1251=DIRECTION('',(-0.121143528525868,0.992635001144077,0.));
#1252=DIRECTION('',(0.,0.,1.));
#1253=DIRECTION('',(1.,0.,0.));
#1254=DIRECTION('',(-0.955371697534206,-0.295406363422676,0.));
#1255=DIRECTION('',(0.295406363422676,-0.955371697534206,0.));
#1256=DIRECTION('',(0.,0.,-1.));
#1257=DIRECTION('',(-1.,0.,0.));
#1258=CARTESIAN_POINT('',(0.,0.,0.));
#1259=CARTESIAN_POINT('',(0.00103388736255724,-0.140862886991868,-0.0281));
#1260=CARTESIAN_POINT('',(-0.00247057392912744,-0.136670055342462,-0.0281));
#1261=CARTESIAN_POINT('',(-0.00247057392912744,-0.136670055342462,-0.03));
#1262=CARTESIAN_POINT('',(-0.00368906420551285,-0.135212220836643,-0.0281));
#1263=CARTESIAN_POINT('',(0.00103388736255724,-0.140862886991868,-0.03));
#1264=CARTESIAN_POINT('',(-0.0040210774409062,-0.142938559658962,-0.03));
#1265=CARTESIAN_POINT('',(-0.00554909163348704,-0.14416450584476,-0.0281));
#1266=CARTESIAN_POINT('',(-0.00554909163348704,-0.14416450584476,-0.0286099683981352));
#1267=CARTESIAN_POINT('',(-0.00521104957535486,-0.143887316432211,-0.0296044010168791));
#1268=CARTESIAN_POINT('',(-0.00441639168299965,-0.143249050712716,-0.03));
#1269=CARTESIAN_POINT('',(-0.0040210774409062,-0.142938559658962,-0.03));
#1270=CARTESIAN_POINT('',(-0.00554909163348704,-0.14416450584476,-0.0281));
#1271=CARTESIAN_POINT('',(0.00103388736255724,-0.140862886991868,-0.0281));
#1272=CARTESIAN_POINT('',(0.0129053593738109,-0.142399063843293,0.));
#1273=CARTESIAN_POINT('',(0.0304787968798205,-0.130250692886258,0.));
#1274=CARTESIAN_POINT('',(0.0304787968798205,-0.130250692886258,-0.03));
#1275=CARTESIAN_POINT('',(0.0304787968798205,-0.130250692886258,0.02));
#1276=CARTESIAN_POINT('',(0.0129053593738109,-0.142399063843293,-0.03));
#1277=CARTESIAN_POINT('',(0.0136036763903363,-0.121046757737587,-0.03));
#1278=CARTESIAN_POINT('',(0.0136036763903363,-0.121046757737587,-0.03));
#1279=CARTESIAN_POINT('',(0.0140415772902955,-0.121061079078264,-0.03));
#1280=CARTESIAN_POINT('',(0.0149068722793017,-0.121116498306061,-0.0299477196860785));
#1281=CARTESIAN_POINT('',(0.0161665946793022,-0.121272886745889,-0.0297018580509877));
#1282=CARTESIAN_POINT('',(0.0171889338482799,-0.121463181556105,-0.0292950632004351));
#1283=CARTESIAN_POINT('',(0.017867344451776,-0.121618131481986,-0.0287401877679199));
#1284=CARTESIAN_POINT('',(0.0180586244771107,-0.121666179782881,-0.0283233497352213));
#1285=CARTESIAN_POINT('',(0.0180586244771107,-0.121666179782881,-0.0281));
#1286=CARTESIAN_POINT('',(0.0180586244771103,-0.121666179782881,-0.0281));
#1287=CARTESIAN_POINT('',(0.0180586244771103,-0.121666179782881,0.));
#1288=CARTESIAN_POINT('',(0.0180586244771103,-0.121666179782881,0.02));
#1289=CARTESIAN_POINT('',(0.0129053593738109,-0.142399063843293,0.02));
#1290=CARTESIAN_POINT('',(0.00545980577227005,-0.137292308590685,0.));
#1291=CARTESIAN_POINT('',(0.00545980577227005,-0.137292308590685,-0.0281));
#1292=CARTESIAN_POINT('',(0.0123686294722281,-0.118446240317477,-0.0281));
#1293=CARTESIAN_POINT('',(0.0123686294722281,-0.118446240317477,0.));
#1294=CARTESIAN_POINT('',(0.0123686294722281,-0.118446240317477,0.02));
#1295=CARTESIAN_POINT('',(0.00545980577227005,-0.137292308590685,0.02));
#1296=CARTESIAN_POINT('',(-0.00207711530227913,-0.124050431374537,-0.0281));
#1297=CARTESIAN_POINT('',(-0.00207711530227913,-0.124050431374537,0.02));
#1298=CARTESIAN_POINT('',(-0.0015952162888327,-0.123679672508847,-0.0281));
#1299=CARTESIAN_POINT('',(-0.0015952162888327,-0.123679672508847,0.02));
#1300=CARTESIAN_POINT('',(-0.000793914111993331,-0.123135111305218,-0.0281));
#1301=CARTESIAN_POINT('',(-0.000793914111993331,-0.123135111305218,0.02));
#1302=CARTESIAN_POINT('',(0.000129204914688332,-0.122757980617044,-0.0281));
#1303=CARTESIAN_POINT('',(0.000129204914688332,-0.122757980617044,0.02));
#1304=CARTESIAN_POINT('',(0.00100181258513401,-0.122643054664822,-0.0281));
#1305=CARTESIAN_POINT('',(0.00100181258513401,-0.122643054664822,0.02));
#1306=CARTESIAN_POINT('',(0.00197314992882013,-0.122719810733526,-0.0281));
#1307=CARTESIAN_POINT('',(0.00197314992882013,-0.122719810733526,0.02));
#1308=CARTESIAN_POINT('',(0.00307956378584454,-0.123106803565829,-0.0281));
#1309=CARTESIAN_POINT('',(0.00307956378584454,-0.123106803565829,0.02));
#1310=CARTESIAN_POINT('',(0.00434905701351233,-0.123835988962613,-0.0281));
#1311=CARTESIAN_POINT('',(0.00434905701351233,-0.123835988962613,0.02));
#1312=CARTESIAN_POINT('',(0.00522884426910331,-0.1241790864433,-0.0281));
#1313=CARTESIAN_POINT('',(0.00522884426910331,-0.1241790864433,0.02));
#1314=CARTESIAN_POINT('',(0.00564038883578076,-0.123969968736872,-0.0281));
#1315=CARTESIAN_POINT('',(0.00564038883578076,-0.123969968736872,0.02));
#1316=CARTESIAN_POINT('',(0.00582384074448332,-0.123373076912264,-0.0281));
#1317=CARTESIAN_POINT('',(0.00582384074448332,-0.123373076912264,0.02));
#1318=CARTESIAN_POINT('',(0.00579157756626032,-0.122120589598626,-0.0281));
#1319=CARTESIAN_POINT('',(0.00579157756626032,-0.122120589598626,0.02));
#1320=CARTESIAN_POINT('',(0.00578107956423518,-0.120673499955878,-0.0281));
#1321=CARTESIAN_POINT('',(0.00578107956423518,-0.120673499955878,0.02));
#1322=CARTESIAN_POINT('',(0.00601582957355426,-0.119697674922658,-0.0281));
#1323=CARTESIAN_POINT('',(0.00601582957355426,-0.119697674922658,0.02));
#1324=CARTESIAN_POINT('',(0.00648044684000269,-0.118933298391992,-0.0281));
#1325=CARTESIAN_POINT('',(0.00648044684000269,-0.118933298391992,0.02));
#1326=CARTESIAN_POINT('',(0.00739049285811918,-0.118319191137423,-0.0281));
#1327=CARTESIAN_POINT('',(0.00739049285811918,-0.118319191137423,0.02));
#1328=CARTESIAN_POINT('',(0.00873796426246384,-0.117995169814772,-0.0281));
#1329=CARTESIAN_POINT('',(0.00873796426246384,-0.117995169814772,0.02));
#1330=CARTESIAN_POINT('',(0.0100215713231942,-0.117931014089607,-0.0281));
#1331=CARTESIAN_POINT('',(0.0100215713231942,-0.117931014089607,0.02));
#1332=CARTESIAN_POINT('',(0.0112085113254089,-0.11807663453317,-0.0281));
#1333=CARTESIAN_POINT('',(0.0112085113254089,-0.11807663453317,0.02));
#1334=CARTESIAN_POINT('',(0.0119805678216351,-0.11830397990062,-0.0281));
#1335=CARTESIAN_POINT('',(0.0119805678216351,-0.11830397990062,0.02));
#1336=CARTESIAN_POINT('',(0.0123686294722281,-0.118446240317477,-0.0281));
#1337=CARTESIAN_POINT('',(0.0123686294722281,-0.118446240317477,0.02));
#1338=CARTESIAN_POINT('',(0.0123686294722281,-0.118446240317477,-0.0281));
#1339=CARTESIAN_POINT('',(0.0119889505559957,-0.118307054264044,-0.0281));
#1340=CARTESIAN_POINT('',(0.0112008391822457,-0.118073267825329,-0.0281));
#1341=CARTESIAN_POINT('',(0.00999627525409367,-0.117929987032215,-0.0281));
#1342=CARTESIAN_POINT('',(0.00875367845981459,-0.117999785989483,-0.0281));
#1343=CARTESIAN_POINT('',(0.00754900061758025,-0.118273868254467,-0.0281));
#1344=CARTESIAN_POINT('',(0.00645242534637618,-0.118900447632346,-0.0281));
#1345=CARTESIAN_POINT('',(0.00585363168609752,-0.120017985953371,-0.0281));
#1346=CARTESIAN_POINT('',(0.00579243876378404,-0.12105616043835,-0.0281));
#1347=CARTESIAN_POINT('',(0.0057905644166331,-0.121877532708403,-0.0281));
#1348=CARTESIAN_POINT('',(0.00580422150712986,-0.122495213482384,-0.0281));
#1349=CARTESIAN_POINT('',(0.00580604637675577,-0.123008744192042,-0.0281));
#1350=CARTESIAN_POINT('',(0.00577568472184886,-0.123420348091346,-0.0281));
#1351=CARTESIAN_POINT('',(0.00572100666698938,-0.123723833132181,-0.0281));
#1352=CARTESIAN_POINT('',(0.00558202062964949,-0.12402406755828,-0.0281));
#1353=CARTESIAN_POINT('',(0.0052591793879499,-0.124114938306692,-0.0281));
#1354=CARTESIAN_POINT('',(0.00495125439234232,-0.12404888686421,-0.0281));
#1355=CARTESIAN_POINT('',(0.00456481537120202,-0.123910389599567,-0.0281));
#1356=CARTESIAN_POINT('',(0.00410614492543413,-0.123682626083648,-0.0281));
#1357=CARTESIAN_POINT('',(0.00338416279327396,-0.123294385622412,-0.0281));
#1358=CARTESIAN_POINT('',(0.00246029870924409,-0.122843530748537,-0.0281));
#1359=CARTESIAN_POINT('',(0.00124542511458761,-0.12261342065296,-0.0281));
#1360=CARTESIAN_POINT('',(1.40641693568426E-5,-0.122755944677041,-0.0281));
#1361=CARTESIAN_POINT('',(-0.00109321143048771,-0.123319606664006,-0.0281));
#1362=CARTESIAN_POINT('',(-0.00175231145155301,-0.123800536886341,-0.0281));
#1363=CARTESIAN_POINT('',(-0.00207711530601856,-0.124050431377414,-0.0281));
#1364=CARTESIAN_POINT('',(-0.00207711530601861,-0.124050431377414,-0.0281));
#1365=CARTESIAN_POINT('',(-0.00207711530598986,-0.124050431377392,-0.0281));
#1366=CARTESIAN_POINT('',(-0.00207711530599072,-0.124050431377393,0.02));
#1367=CARTESIAN_POINT('',(-0.00214377472435289,-0.124101943914526,0.02));
#1368=CARTESIAN_POINT('',(-0.000846504344074815,-0.123095106951308,0.02));
#1369=CARTESIAN_POINT('',(0.000489520597493559,-0.122525627508236,0.02));
#1370=CARTESIAN_POINT('',(0.00289803247981856,-0.122793406359984,0.02));
#1371=CARTESIAN_POINT('',(0.00655365268712765,-0.125389728651603,0.02));
#1372=CARTESIAN_POINT('',(0.00498173170829984,-0.11899267173008,0.02));
#1373=CARTESIAN_POINT('',(0.00919522374715492,-0.117703563686818,0.02));
#1374=CARTESIAN_POINT('',(0.0113114504998988,-0.118058686636081,0.02));
#1375=CARTESIAN_POINT('',(0.0123686294722281,-0.118446240317477,0.02));
#1376=CARTESIAN_POINT('',(0.00224361024871702,-0.128949839468677,0.));
#1377=CARTESIAN_POINT('',(0.00224361024871702,-0.128949839468677,0.02));
#1378=CARTESIAN_POINT('',(-0.00221381034189956,-0.124166259231634,0.02));
#1379=CARTESIAN_POINT('',(-0.00326619259548092,-0.132470252913708,0.02));
#1380=CARTESIAN_POINT('',(-0.00221381034189956,-0.124166259231634,0.));
#1381=CARTESIAN_POINT('',(-0.00221381034192315,-0.124166259231656,-0.0281));
#1382=CARTESIAN_POINT('',(0.00224361024871702,-0.128949839468677,-0.0281));
#1383=CARTESIAN_POINT('',(-0.00326619259548092,-0.132470252913708,-0.0281));
#1384=CARTESIAN_POINT('',(-0.00326619259548092,-0.132470252913708,0.));
#1385=CARTESIAN_POINT('',(0.00103388736255724,-0.140862886991868,0.));
#1386=CARTESIAN_POINT('',(0.00103388736255724,-0.140862886991868,0.02));
#1387=CARTESIAN_POINT('',(-0.00368906420551285,-0.135212220836643,0.02));
#1388=CARTESIAN_POINT('',(-0.00554909163348704,-0.14416450584476,0.02));
#1389=CARTESIAN_POINT('',(-0.00368906420551285,-0.135212220836643,0.));
#1390=CARTESIAN_POINT('',(-0.00554909163348704,-0.14416450584476,0.));
#1391=CARTESIAN_POINT('',(0.00289107916074796,-0.133438415438705,0.));
#1392=CARTESIAN_POINT('',(0.00289107916074796,-0.133438415438705,-0.0281));
#1393=CARTESIAN_POINT('',(0.0034945639638933,-0.147073711714441,-0.0281));
#1394=CARTESIAN_POINT('',(0.00553058425011811,-0.146829401635319,-0.03));
#1395=CARTESIAN_POINT('',(0.00501719712462301,-0.14693059567067,-0.0299999999999985));
#1396=CARTESIAN_POINT('',(0.00397856135072501,-0.147061591298341,-0.0296432971861775));
#1397=CARTESIAN_POINT('',(0.00349456396389325,-0.147073711714441,-0.0286170598540069));
#1398=CARTESIAN_POINT('',(0.00349456396389325,-0.147073711714441,-0.0281));
#1399=CARTESIAN_POINT('',(0.00553058425012085,-0.146829401635333,-0.03));
#1400=CARTESIAN_POINT('',(0.00289107916074796,-0.133438415438705,-0.03));
#1401=CARTESIAN_POINT('',(0.00564025965001845,-0.146807316106753,-0.03));
#1402=CARTESIAN_POINT('',(0.00349456396389329,-0.147073711714441,-0.028));
#1403=CARTESIAN_POINT('',(0.00349456396389329,-0.147073711714441,-0.0285519584741545));
#1404=CARTESIAN_POINT('',(0.00400338761362606,-0.147061820558632,-0.0296224342774788));
#1405=CARTESIAN_POINT('',(0.00510343703606151,-0.146917708299285,-0.0300000000000001));
#1406=CARTESIAN_POINT('',(0.00564025965001846,-0.146807316106753,-0.03));
#1407=CARTESIAN_POINT('',(0.0034945639638933,-0.147073711714441,-0.028));
#1408=CARTESIAN_POINT('',(0.0034945639638933,-0.147073711714441,0.));
#1409=CARTESIAN_POINT('',(0.0034945639638933,-0.147073711714441,0.02));
#1410=CARTESIAN_POINT('',(0.00289107916074796,-0.133438415438705,0.02));
#1411=CARTESIAN_POINT('',(0.0034945639638933,-0.147073711714441,-0.028));
#1412=CARTESIAN_POINT('',(0.0034945639638933,-0.147073711714441,0.02));
#1413=CARTESIAN_POINT('',(0.00329828319137365,-0.147793420827805,-0.028));
#1414=CARTESIAN_POINT('',(0.00329828319137365,-0.147793420827805,0.02));
#1415=CARTESIAN_POINT('',(0.00311865452810726,-0.149208199863088,-0.028));
#1416=CARTESIAN_POINT('',(0.00311865452810726,-0.149208199863088,0.02));
#1417=CARTESIAN_POINT('',(0.00354925202823078,-0.151003206762775,-0.028));
#1418=CARTESIAN_POINT('',(0.00354925202823078,-0.151003206762775,0.02));
#1419=CARTESIAN_POINT('',(0.00473683170546243,-0.152224226392637,-0.028));
#1420=CARTESIAN_POINT('',(0.00473683170546243,-0.152224226392637,0.02));
#1421=CARTESIAN_POINT('',(0.00675338582855498,-0.152601968518025,-0.028));
#1422=CARTESIAN_POINT('',(0.00675338582855498,-0.152601968518025,0.02));
#1423=CARTESIAN_POINT('',(0.00933985972228545,-0.152356698673624,-0.028));
#1424=CARTESIAN_POINT('',(0.00933985972228545,-0.152356698673624,0.02));
#1425=CARTESIAN_POINT('',(0.0122148768530208,-0.151738167585418,-0.028));
#1426=CARTESIAN_POINT('',(0.0122148768530208,-0.151738167585418,0.02));
#1427=CARTESIAN_POINT('',(0.0151151914328143,-0.150982285055426,-0.028));
#1428=CARTESIAN_POINT('',(0.0151151914328143,-0.150982285055426,0.02));
#1429=CARTESIAN_POINT('',(0.0185979648499148,-0.150140524888472,-0.028));
#1430=CARTESIAN_POINT('',(0.0185979648499148,-0.150140524888472,0.02));
#1431=CARTESIAN_POINT('',(0.0212731538401635,-0.149876264762644,-0.028));
#1432=CARTESIAN_POINT('',(0.0212731538401635,-0.149876264762644,0.02));
#1433=CARTESIAN_POINT('',(0.024091380535227,-0.150113209859194,-0.028));
#1434=CARTESIAN_POINT('',(0.024091380535227,-0.150113209859194,0.02));
#1435=CARTESIAN_POINT('',(0.0265266475801655,-0.150547757887231,-0.028));
#1436=CARTESIAN_POINT('',(0.0265266475801655,-0.150547757887231,0.02));
#1437=CARTESIAN_POINT('',(0.0293224059454692,-0.151189110749124,-0.028));
#1438=CARTESIAN_POINT('',(0.0293224059454692,-0.151189110749124,0.02));
#1439=CARTESIAN_POINT('',(0.0330033085572352,-0.152134212929723,-0.028));
#1440=CARTESIAN_POINT('',(0.0330033085572352,-0.152134212929723,0.02));
#1441=CARTESIAN_POINT('',(0.0352320701485588,-0.152758295004804,-0.028));
#1442=CARTESIAN_POINT('',(0.0352320701485588,-0.152758295004804,0.02));
#1443=CARTESIAN_POINT('',(0.0360326527615824,-0.152966783669009,-0.028));
#1444=CARTESIAN_POINT('',(0.0360326527615824,-0.152966783669009,0.02));
#1445=CARTESIAN_POINT('',(0.0034945639638933,-0.147073711714441,-0.028));
#1446=CARTESIAN_POINT('',(0.00329011698764863,-0.147823364113472,-0.028));
#1447=CARTESIAN_POINT('',(0.0031275909618547,-0.149007255227167,-0.028));
#1448=CARTESIAN_POINT('',(0.00344264243634143,-0.15056117068303,-0.028));
#1449=CARTESIAN_POINT('',(0.00406219443224314,-0.151596380083027,-0.028));
#1450=CARTESIAN_POINT('',(0.00507383855895666,-0.152255767511508,-0.028));
#1451=CARTESIAN_POINT('',(0.00624501816504505,-0.152492543454573,-0.028));
#1452=CARTESIAN_POINT('',(0.00743114901733002,-0.152517080705278,-0.028));
#1453=CARTESIAN_POINT('',(0.00900225121091289,-0.152381653825645,-0.028));
#1454=CARTESIAN_POINT('',(0.010929493750972,-0.152027954042959,-0.028));
#1455=CARTESIAN_POINT('',(0.0132234228308354,-0.151477371706169,-0.028));
#1456=CARTESIAN_POINT('',(0.0155082818217559,-0.150884015476832,-0.028));
#1457=CARTESIAN_POINT('',(0.017800855989372,-0.150339033163604,-0.028));
#1458=CARTESIAN_POINT('',(0.0201401109885442,-0.149978162511011,-0.028));
#1459=CARTESIAN_POINT('',(0.0233037799431226,-0.149936747569676,-0.028));
#1460=CARTESIAN_POINT('',(0.0270750803254553,-0.150641060891468,-0.028));
#1461=CARTESIAN_POINT('',(0.0315679233810209,-0.151741916939166,-0.028));
#1462=CARTESIAN_POINT('',(0.0345403717020838,-0.152578162083113,-0.028));
#1463=CARTESIAN_POINT('',(0.0360326527615824,-0.152966783669009,-0.028));
#1464=CARTESIAN_POINT('',(0.0360326527615824,-0.152966783669009,-0.028));
#1465=CARTESIAN_POINT('',(0.0360326527615824,-0.152966783669009,0.));
#1466=CARTESIAN_POINT('',(0.0360326527615824,-0.152966783669009,0.02));
#1467=CARTESIAN_POINT('',(0.0034945639638933,-0.147073711714441,0.02));
#1468=CARTESIAN_POINT('',(0.00289329061708699,-0.149278420315109,0.02));
#1469=CARTESIAN_POINT('',(0.00389320472927702,-0.154520005534381,0.02));
#1470=CARTESIAN_POINT('',(0.0176892093962302,-0.149846134673013,0.02));
#1471=CARTESIAN_POINT('',(0.0247587383460446,-0.149766603465288,0.02));
#1472=CARTESIAN_POINT('',(0.034286996827965,-0.152512177900857,0.02));
#1473=CARTESIAN_POINT('',(0.0360326527615824,-0.152966783669009,0.02));
#1474=CARTESIAN_POINT('',(0.0360326527615824,-0.152966783669009,-0.028));
#1475=CARTESIAN_POINT('',(0.0360326527615824,-0.152966783669009,0.02));
#1476=CARTESIAN_POINT('',(0.0438527427892346,-0.155065128714332,-0.028));
#1477=CARTESIAN_POINT('',(0.0438527427892346,-0.155065128714332,0.02));
#1478=CARTESIAN_POINT('',(0.054360136578051,-0.159829935421583,-0.028));
#1479=CARTESIAN_POINT('',(0.054360136578051,-0.159829935421583,0.02));
#1480=CARTESIAN_POINT('',(0.0574867118202406,-0.158863180570495,-0.028));
#1481=CARTESIAN_POINT('',(0.0574867118202406,-0.158863180570495,0.02));
#1482=CARTESIAN_POINT('',(0.0360326527615824,-0.15296678366901,-0.028));
#1483=CARTESIAN_POINT('',(0.037833292783138,-0.153449945983121,-0.028));
#1484=CARTESIAN_POINT('',(0.0404973798968712,-0.154306983345561,-0.028));
#1485=CARTESIAN_POINT('',(0.0440239711552674,-0.155519178699433,-0.028));
#1486=CARTESIAN_POINT('',(0.0466656409917092,-0.156438914831336,-0.028));
#1487=CARTESIAN_POINT('',(0.0493139690959373,-0.157338593918685,-0.028));
#1488=CARTESIAN_POINT('',(0.0519838609099614,-0.158173394866397,-0.028));
#1489=CARTESIAN_POINT('',(0.0542443883466767,-0.158758829382083,-0.028));
#1490=CARTESIAN_POINT('',(0.0560885869990732,-0.159015565615158,-0.028));
#1491=CARTESIAN_POINT('',(0.0570364828459386,-0.159002393930435,-0.028));
#1492=CARTESIAN_POINT('',(0.0574867118196765,-0.158863180570669,-0.028));
#1493=CARTESIAN_POINT('',(0.0574867118196765,-0.158863180570669,-0.028));
#1494=CARTESIAN_POINT('',(0.0574867118196765,-0.158863180570669,-0.028));
#1495=CARTESIAN_POINT('',(0.0574867118196765,-0.158863180570669,0.018));
#1496=CARTESIAN_POINT('',(0.0546061375966213,-0.158786595949516,0.02));
#1497=CARTESIAN_POINT('',(0.0552144249152869,-0.15890016493433,0.02));
#1498=CARTESIAN_POINT('',(0.056377943960668,-0.159042300586768,0.0194734344603587));
#1499=CARTESIAN_POINT('',(0.0571479549265579,-0.158967926129009,0.0184953019319841));
#1500=CARTESIAN_POINT('',(0.0574867118196765,-0.158863180570669,0.018));
#1501=CARTESIAN_POINT('',(0.0546061375966161,-0.158786595949515,0.02));
#1502=CARTESIAN_POINT('',(0.0360326527615824,-0.152966783669009,0.02));
#1503=CARTESIAN_POINT('',(0.0439767344119939,-0.155098399073926,0.02));
#1504=CARTESIAN_POINT('',(0.0546940126223125,-0.159981702775063,0.02));
#1505=CARTESIAN_POINT('',(0.0576298255909267,-0.158812839179266,0.02));
#1506=CARTESIAN_POINT('',(0.0548813981430193,-0.134585261848965,0.));
#1507=CARTESIAN_POINT('',(0.0548813981430193,-0.134585261848965,-0.028));
#1508=CARTESIAN_POINT('',(0.0578352374894704,-0.158788653963449,-0.028));
#1509=CARTESIAN_POINT('',(0.0774859630314764,-0.143726542007436,-0.028));
#1510=CARTESIAN_POINT('',(0.0774859630314764,-0.143726542007436,0.));
#1511=CARTESIAN_POINT('',(0.0774859630314764,-0.143726542007436,0.018));
#1512=CARTESIAN_POINT('',(0.0548813981430193,-0.134585261848965,0.018));
#1513=CARTESIAN_POINT('',(0.0578352374894704,-0.158788653963449,0.018));
#1514=CARTESIAN_POINT('',(0.0578352374894704,-0.158788653963449,0.));
#1515=CARTESIAN_POINT('',(0.0760122639795616,-0.141013248202178,-0.03));
#1516=CARTESIAN_POINT('',(0.0760122639795616,-0.141013248202178,0.02));
#1517=CARTESIAN_POINT('',(0.0703531942846251,-0.139916795546488,-0.03));
#1518=CARTESIAN_POINT('',(0.0703531942846251,-0.139916795546488,0.02));
#1519=CARTESIAN_POINT('',(0.0648199943669036,-0.138817683324461,-0.03));
#1520=CARTESIAN_POINT('',(0.0648199943669036,-0.138817683324461,0.02));
#1521=CARTESIAN_POINT('',(0.0603577881253841,-0.137695941534078,-0.03));
#1522=CARTESIAN_POINT('',(0.0603577881253841,-0.137695941534078,0.02));
#1523=CARTESIAN_POINT('',(0.0782777208803571,-0.141451224207037,0.02));
#1524=CARTESIAN_POINT('',(0.0718459916322558,-0.140209149469349,0.02));
#1525=CARTESIAN_POINT('',(0.0654142623841545,-0.138967074731661,0.02));
#1526=CARTESIAN_POINT('',(0.0603577881253841,-0.137695941534078,0.02));
#1527=CARTESIAN_POINT('',(0.0760122639767114,-0.141013248201626,0.02));
#1528=CARTESIAN_POINT('',(0.0603577881253841,-0.137695941534078,0.02));
#1529=CARTESIAN_POINT('',(0.0760122639767115,-0.141013248201626,0.02));
#1530=CARTESIAN_POINT('',(0.0760122639767114,-0.141013248201626,-0.03));
#1531=CARTESIAN_POINT('',(0.0782777208803571,-0.141451224207037,-0.03));
#1532=CARTESIAN_POINT('',(0.0718459916322558,-0.140209149469349,-0.03));
#1533=CARTESIAN_POINT('',(0.0654142623841545,-0.138967074731661,-0.03));
#1534=CARTESIAN_POINT('',(0.0603577881253841,-0.137695941534078,-0.03));
#1535=CARTESIAN_POINT('',(0.0603577881253841,-0.137695941534078,-0.03));
#1536=CARTESIAN_POINT('',(0.0603577881253841,-0.137695941534078,0.));
#1537=CARTESIAN_POINT('',(0.0603577881253841,-0.137695941534078,-0.03));
#1538=CARTESIAN_POINT('',(0.0603577881253841,-0.137695941534078,0.02));
#1539=CARTESIAN_POINT('',(0.0565822487039849,-0.136746819032565,-0.03));
#1540=CARTESIAN_POINT('',(0.0565822487039849,-0.136746819032565,0.02));
#1541=CARTESIAN_POINT('',(0.0535734449142878,-0.13578149578517,-0.03));
#1542=CARTESIAN_POINT('',(0.0535734449142878,-0.13578149578517,0.02));
#1543=CARTESIAN_POINT('',(0.0505646411245906,-0.134816172537775,-0.03));
#1544=CARTESIAN_POINT('',(0.0505646411245906,-0.134816172537775,0.02));
#1545=CARTESIAN_POINT('',(0.0603577881253841,-0.137695941534078,-0.03));
#1546=CARTESIAN_POINT('',(0.0565822487039849,-0.136746819032565,-0.03));
#1547=CARTESIAN_POINT('',(0.0535734449142878,-0.13578149578517,-0.03));
#1548=CARTESIAN_POINT('',(0.0505646411245906,-0.134816172537775,-0.03));
#1549=CARTESIAN_POINT('',(0.0505646411245906,-0.134816172537775,-0.03));
#1550=CARTESIAN_POINT('',(0.0505646411245906,-0.134816172537775,0.));
#1551=CARTESIAN_POINT('',(0.0505646411245906,-0.134816172537775,0.02));
#1552=CARTESIAN_POINT('',(0.0603577881253841,-0.137695941534078,0.02));
#1553=CARTESIAN_POINT('',(0.0565822487039849,-0.136746819032565,0.02));
#1554=CARTESIAN_POINT('',(0.0535734449142878,-0.13578149578517,0.02));
#1555=CARTESIAN_POINT('',(0.0505646411245906,-0.134816172537775,0.02));
#1556=CARTESIAN_POINT('',(0.0505646411248036,-0.134816172537771,-0.03));
#1557=CARTESIAN_POINT('',(0.0505646411248036,-0.134816172537771,0.02));
#1558=CARTESIAN_POINT('',(0.0488188508500596,-0.134851723073595,-0.03));
#1559=CARTESIAN_POINT('',(0.0488188508500596,-0.134851723073595,0.02));
#1560=CARTESIAN_POINT('',(0.0452579217981037,-0.134864056056108,-0.03));
#1561=CARTESIAN_POINT('',(0.0452579217981037,-0.134864056056108,0.02));
#1562=CARTESIAN_POINT('',(0.0383849622597832,-0.133989075922034,-0.03));
#1563=CARTESIAN_POINT('',(0.0383849622597832,-0.133989075922034,0.02));
#1564=CARTESIAN_POINT('',(0.0335124931318586,-0.132181375119475,-0.03));
#1565=CARTESIAN_POINT('',(0.0335124931318586,-0.132181375119475,0.02));
#1566=CARTESIAN_POINT('',(0.0304787968798205,-0.130250692886258,-0.03));
#1567=CARTESIAN_POINT('',(0.0304787968798205,-0.130250692886258,0.02));
#1568=CARTESIAN_POINT('',(0.0505646411248036,-0.134816172537771,-0.03));
#1569=CARTESIAN_POINT('',(0.0497081528898094,-0.134833613702452,-0.03));
#1570=CARTESIAN_POINT('',(0.0426112562547057,-0.134965271438701,-0.03));
#1571=CARTESIAN_POINT('',(0.0358020206294919,-0.133638459051055,-0.03));
#1572=CARTESIAN_POINT('',(0.0304787968798205,-0.130250692886258,-0.03));
#1573=CARTESIAN_POINT('',(0.0505646411248036,-0.134816172537771,0.02));
#1574=CARTESIAN_POINT('',(0.0497081528898094,-0.134833613702452,0.02));
#1575=CARTESIAN_POINT('',(0.0426112562547057,-0.134965271438701,0.02));
#1576=CARTESIAN_POINT('',(0.0358020206294919,-0.133638459051055,0.02));
#1577=CARTESIAN_POINT('',(0.0304787968798205,-0.130250692886258,0.02));
#1578=CARTESIAN_POINT('',(0.0359735392100157,-0.138668568311693,0.02));
#1579=CARTESIAN_POINT('',(-0.000918532706339934,-0.12555631529051,0.02));
#1580=CARTESIAN_POINT('',(-0.00503581661625461,-0.133600930067055,0.02));
#1581=CARTESIAN_POINT('',(0.0580775245465221,-0.160773923965738,0.02));
#1582=CARTESIAN_POINT('',(0.0575929504324187,-0.156803383961161,0.02));
#1583=CARTESIAN_POINT('',(0.0548813981430193,-0.134585261848965,0.02));
#1584=CARTESIAN_POINT('',(0.0762980592765201,-0.141090958729654,0.02));
#1585=CARTESIAN_POINT('',(0.0756318359580662,-0.142976733501451,0.02));
#1586=CARTESIAN_POINT('',(0.0359735392100157,-0.138668568311693,-0.03));
#1587=CARTESIAN_POINT('',(-0.00503581661625461,-0.133600930067055,-0.03));
#1588=CARTESIAN_POINT('',(-0.0016651041957333,-0.131447259298775,-0.03));
#1589=CARTESIAN_POINT('',(0.00224361024871702,-0.128949839468677,-0.03));
#1590=CARTESIAN_POINT('',(-0.000918532706339873,-0.12555631529051,-0.03));
#1591=CARTESIAN_POINT('',(-0.000918532706339881,-0.12555631529051,-0.03));
#1592=CARTESIAN_POINT('',(-0.000629090876678378,-0.125333627296744,-0.03));
#1593=CARTESIAN_POINT('',(-0.000189666977018786,-0.125013223104271,-0.03));
#1594=CARTESIAN_POINT('',(0.000465925945598254,-0.124653652066487,-0.03));
#1595=CARTESIAN_POINT('',(0.00119606035040222,-0.124514975383428,-0.03));
#1596=CARTESIAN_POINT('',(0.00211300687622344,-0.124744074580132,-0.03));
#1597=CARTESIAN_POINT('',(0.00307459059897808,-0.12529618156928,-0.03));
#1598=CARTESIAN_POINT('',(0.00406222005839155,-0.125789029514476,-0.03));
#1599=CARTESIAN_POINT('',(0.0051588137617922,-0.126068769231618,-0.03));
#1600=CARTESIAN_POINT('',(0.00629226668172073,-0.125860643333144,-0.03));
#1601=CARTESIAN_POINT('',(0.00718657421671679,-0.125140665931381,-0.03));
#1602=CARTESIAN_POINT('',(0.00764069115600912,-0.124094807641843,-0.03));
#1603=CARTESIAN_POINT('',(0.00770696707000979,-0.123161821346243,-0.03));
#1604=CARTESIAN_POINT('',(0.00770283901165038,-0.122421870986545,-0.03));
#1605=CARTESIAN_POINT('',(0.00769198670733929,-0.121866101283599,-0.03));
#1606=CARTESIAN_POINT('',(0.00768758918534262,-0.121308306577618,-0.03));
#1607=CARTESIAN_POINT('',(0.00772227153192632,-0.120851365923241,-0.03));
#1608=CARTESIAN_POINT('',(0.00776687744859262,-0.12047485227335,-0.03));
#1609=CARTESIAN_POINT('',(0.00793675273830235,-0.120245966590828,-0.03));
#1610=CARTESIAN_POINT('',(0.00819415350039607,-0.120123995097838,-0.03));
#1611=CARTESIAN_POINT('',(0.00854132416773567,-0.119998987621825,-0.03));
#1612=CARTESIAN_POINT('',(0.00899950752011352,-0.119909471688448,-0.03));
#1613=CARTESIAN_POINT('',(0.00974059176437595,-0.119840384777496,-0.03));
#1614=CARTESIAN_POINT('',(0.0106637611642534,-0.119899353906908,-0.03));
#1615=CARTESIAN_POINT('',(0.0113670091938644,-0.120102701133891,-0.03));
#1616=CARTESIAN_POINT('',(0.0117146625659242,-0.120230148186584,-0.03));
#1617=CARTESIAN_POINT('',(0.0117146625659242,-0.120230148186584,-0.03));
#1618=CARTESIAN_POINT('',(0.00545980577227005,-0.137292308590685,-0.03));
#1619=CARTESIAN_POINT('',(0.0756318359580662,-0.142976733501451,-0.03));
#1620=CARTESIAN_POINT('',(0.0762980592765201,-0.141090958729654,-0.03));
#1621=CARTESIAN_POINT('',(0.0548813981430193,-0.134585261848965,-0.03));
#1622=CARTESIAN_POINT('',(0.0575929504324187,-0.156803383961161,-0.03));
#1623=CARTESIAN_POINT('',(0.0580775245465221,-0.160773923965738,-0.03));
#1624=CARTESIAN_POINT('',(0.0568958990928309,-0.156952437175601,-0.03));
#1625=CARTESIAN_POINT('',(0.0568958990928309,-0.156952437175601,-0.03));
#1626=CARTESIAN_POINT('',(0.0567881461887742,-0.156985754986477,-0.03));
#1627=CARTESIAN_POINT('',(0.0565640901927076,-0.156991726595741,-0.03));
#1628=CARTESIAN_POINT('',(0.056120194263358,-0.15698736934493,-0.03));
#1629=CARTESIAN_POINT('',(0.0553478569748844,-0.156899292803169,-0.03));
#1630=CARTESIAN_POINT('',(0.0542592300303545,-0.156684962306788,-0.03));
#1631=CARTESIAN_POINT('',(0.0529741095686814,-0.156356504702975,-0.03));
#1632=CARTESIAN_POINT('',(0.0512736275220301,-0.155862785305494,-0.03));
#1633=CARTESIAN_POINT('',(0.0491661133245649,-0.155179609976521,-0.03));
#1634=CARTESIAN_POINT('',(0.0466523049910684,-0.154317208495483,-0.03));
#1635=CARTESIAN_POINT('',(0.0441422813478172,-0.153443233917032,-0.03));
#1636=CARTESIAN_POINT('',(0.0407889098282625,-0.152297416376444,-0.03));
#1637=CARTESIAN_POINT('',(0.0382556448421152,-0.151492525225083,-0.03));
#1638=CARTESIAN_POINT('',(0.0365438352616774,-0.151033199675256,-0.03));
#1639=CARTESIAN_POINT('',(0.0365438352616774,-0.151033199675256,-0.03));
#1640=CARTESIAN_POINT('',(0.0365438352616774,-0.151033199675256,-0.03));
#1641=CARTESIAN_POINT('',(0.0351427849573879,-0.150668336509763,-0.03));
#1642=CARTESIAN_POINT('',(0.0323509457650622,-0.149883670459042,-0.03));
#1643=CARTESIAN_POINT('',(0.028139103121436,-0.148837434795475,-0.03));
#1644=CARTESIAN_POINT('',(0.0245975744294331,-0.148124832618162,-0.03));
#1645=CARTESIAN_POINT('',(0.0216978023022178,-0.147927239565038,-0.03));
#1646=CARTESIAN_POINT('',(0.0194618752231764,-0.148050191182971,-0.03));
#1647=CARTESIAN_POINT('',(0.0172798556720261,-0.148409703523346,-0.03));
#1648=CARTESIAN_POINT('',(0.0151263376780423,-0.148918338345954,-0.03));
#1649=CARTESIAN_POINT('',(0.0129827546652179,-0.149473419399292,-0.03));
#1650=CARTESIAN_POINT('',(0.0111911216687179,-0.149911842485871,-0.03));
#1651=CARTESIAN_POINT('',(0.00974870622897588,-0.150209742751413,-0.03));
#1652=CARTESIAN_POINT('',(0.00866006184706494,-0.15039145228414,-0.03));
#1653=CARTESIAN_POINT('',(0.00755928441193292,-0.150508014608906,-0.03));
#1654=CARTESIAN_POINT('',(0.00662889265709076,-0.15050942769583,-0.03));
#1655=CARTESIAN_POINT('',(0.00598791415939122,-0.150398008334596,-0.03));
#1656=CARTESIAN_POINT('',(0.00564582034577866,-0.150242569001893,-0.03));
#1657=CARTESIAN_POINT('',(0.00539901505105546,-0.149955597730199,-0.03));
#1658=CARTESIAN_POINT('',(0.0052631909350063,-0.149504730341603,-0.03));
#1659=CARTESIAN_POINT('',(0.0052017895892249,-0.148772959783871,-0.03));
#1660=CARTESIAN_POINT('',(0.00533017663532448,-0.147855430958094,-0.03));
#1661=CARTESIAN_POINT('',(0.00554424876135098,-0.147159362365126,-0.03));
#1662=CARTESIAN_POINT('',(0.00564025965001828,-0.146807316106753,-0.03));
#1663=CARTESIAN_POINT('',(0.00553058425012076,-0.146829401635333,-0.03));
#1664=CARTESIAN_POINT('',(0.00572050452615789,-0.146133014761968,-0.03));
#1665=CARTESIAN_POINT('',(0.00591042480219516,-0.145436627888602,-0.03));
#1666=CARTESIAN_POINT('',(0.00610034507823229,-0.144740241015237,-0.03));
#1667=CARTESIAN_POINT('',(0.00610034507823229,-0.144740241015237,-0.03));
#1668=CARTESIAN_POINT('',(0.00289107916074796,-0.133438415438705,-0.03));
#1669=CARTESIAN_POINT('',(0.00348859758104985,-0.147095706621446,-0.0281));
#1670=CARTESIAN_POINT('',(0.00348859758104985,-0.147095706621446,-0.03));
#1671=CARTESIAN_POINT('',(0.00532300457475228,-0.147590631849592,-0.03));
#1672=CARTESIAN_POINT('',(0.00350946584852617,-0.147018359794839,-0.0281));
#1673=CARTESIAN_POINT('',(0.00350946584978673,-0.147018359795174,-0.0299999999999988));
#1674=CARTESIAN_POINT('',(0.00533913146575891,-0.147530858617817,-0.03));
#1675=CARTESIAN_POINT('',(0.00353733689403737,-0.146917195670383,-0.0281));
#1676=CARTESIAN_POINT('',(0.00353733689346827,-0.146917195670232,-0.0300000000000005));
#1677=CARTESIAN_POINT('',(0.00537191997508169,-0.147411429050867,-0.03));
#1678=CARTESIAN_POINT('',(0.00360480477143725,-0.146669305261064,-0.0281));
#1679=CARTESIAN_POINT('',(0.00360480477176164,-0.14666930526115,-0.0299999999999997));
#1680=CARTESIAN_POINT('',(0.00543698647824076,-0.14717245831331,-0.03));
#1681=CARTESIAN_POINT('',(0.00371741007329689,-0.146256726163869,-0.0281));
#1682=CARTESIAN_POINT('',(0.00371741007306357,-0.146256726163807,-0.0300000000000002));
#1683=CARTESIAN_POINT('',(0.00555109072707875,-0.146754311522914,-0.03));
#1684=CARTESIAN_POINT('',(0.00388113295066832,-0.145656221676994,-0.0281));
#1685=CARTESIAN_POINT('',(0.00388113295074794,-0.145656221677015,-0.0299999999999999));
#1686=CARTESIAN_POINT('',(0.00571397235869695,-0.146156931761815,-0.03));
#1687=CARTESIAN_POINT('',(0.00407636919594623,-0.14494040031958,-0.0281));
#1688=CARTESIAN_POINT('',(0.00407636919592364,-0.144940400319575,-0.03));
#1689=CARTESIAN_POINT('',(0.00590948392076712,-0.145440087766874,-0.03));
#1690=CARTESIAN_POINT('',(0.00420676120852135,-0.144462274838111,-0.0281));
#1691=CARTESIAN_POINT('',(0.00420676120852097,-0.144462274838109,-0.03));
#1692=CARTESIAN_POINT('',(0.00603981475183215,-0.144962189538189,-0.03));
#1693=CARTESIAN_POINT('',(0.00427192790034703,-0.144223326002763,-0.0281));
#1694=CARTESIAN_POINT('',(0.00427192790034703,-0.144223326002763,-0.03));
#1695=CARTESIAN_POINT('',(0.00610498144365835,-0.144723240702841,-0.03));
#1696=CARTESIAN_POINT('',(0.0034945639638933,-0.147073711714441,-0.0281));
#1697=CARTESIAN_POINT('',(0.0034945639638933,-0.147073711714441,-0.0284693236090437));
#1698=CARTESIAN_POINT('',(0.00379719049792765,-0.146833203217657,-0.0291442440556133));
#1699=CARTESIAN_POINT('',(0.00453862409183228,-0.14621072798299,-0.0296824792153008));
#1700=CARTESIAN_POINT('',(0.00532601086606177,-0.145501837888164,-0.0299512558298988));
#1701=CARTESIAN_POINT('',(0.00584565724014468,-0.14499750923784,-0.03));
#1702=CARTESIAN_POINT('',(0.00610034507823229,-0.144740241015237,-0.03));
#1703=CARTESIAN_POINT('',(0.00289107916074796,-0.133438415438705,-0.0281));
#1704=CARTESIAN_POINT('',(0.0117146625659241,-0.120230148186584,-0.03));
#1705=CARTESIAN_POINT('',(0.0123686294722281,-0.118446240317477,-0.03));
#1706=CARTESIAN_POINT('',(0.0123686294722281,-0.118446240317477,-0.0281));
#1707=CARTESIAN_POINT('',(0.0115409181695101,-0.120166454823305,-0.03));
#1708=CARTESIAN_POINT('',(0.0121531191490872,-0.118367235883722,-0.0300000000000009));
#1709=CARTESIAN_POINT('',(0.0121531191469556,-0.118367235889538,-0.0281));
#1710=CARTESIAN_POINT('',(0.0111910606439704,-0.120052010516033,-0.03));
#1711=CARTESIAN_POINT('',(0.011707226064602,-0.118220790487182,-0.0299999999999996));
#1712=CARTESIAN_POINT('',(0.0117072260655913,-0.118220790484483,-0.0281));
#1713=CARTESIAN_POINT('',(0.0106571079885841,-0.119929030823503,-0.03));
#1714=CARTESIAN_POINT('',(0.0109895893688028,-0.118054755333182,-0.0300000000000001));
#1715=CARTESIAN_POINT('',(0.0109895893685377,-0.118054755333906,-0.0281));
#1716=CARTESIAN_POINT('',(0.0101132070840141,-0.119862784841647,-0.03));
#1717=CARTESIAN_POINT('',(0.0102368534749841,-0.117962565749296,-0.03));
#1718=CARTESIAN_POINT('',(0.0102368534750552,-0.117962565749102,-0.0281));
#1719=CARTESIAN_POINT('',(0.0095558829119263,-0.119858039512381,-0.03));
#1720=CARTESIAN_POINT('',(0.00946771166797904,-0.11795716248922,-0.03));
#1721=CARTESIAN_POINT('',(0.00946771166795955,-0.117957162489273,-0.0281));
#1722=CARTESIAN_POINT('',(0.00909284312179193,-0.119900387240554,-0.03));
#1723=CARTESIAN_POINT('',(0.00886401610894048,-0.118011983762784,-0.03));
#1724=CARTESIAN_POINT('',(0.00886401610894292,-0.118011983762777,-0.0281));
#1725=CARTESIAN_POINT('',(0.00872714305758765,-0.11996334670747,-0.03));
#1726=CARTESIAN_POINT('',(0.00834333179442499,-0.118100974189303,-0.03));
#1727=CARTESIAN_POINT('',(0.00834333179442452,-0.118100974189305,-0.0281));
#1728=CARTESIAN_POINT('',(0.00850154846057734,-0.120018874712513,-0.03));
#1729=CARTESIAN_POINT('',(0.0079944066250337,-0.118185981265225,-0.03));
#1730=CARTESIAN_POINT('',(0.00799440662503375,-0.118185981265225,-0.0281));
#1731=CARTESIAN_POINT('',(0.00832478259420559,-0.120076066639432,-0.03));
#1732=CARTESIAN_POINT('',(0.00769043569633357,-0.118283983298052,-0.03));
#1733=CARTESIAN_POINT('',(0.00769043569633356,-0.118283983298053,-0.0281));
#1734=CARTESIAN_POINT('',(0.00819552137285215,-0.120126453464455,-0.03));
#1735=CARTESIAN_POINT('',(0.00744540015523077,-0.118378843490385,-0.03));
#1736=CARTESIAN_POINT('',(0.00744540015523078,-0.118378843490385,-0.0281));
#1737=CARTESIAN_POINT('',(0.00807043036056935,-0.120186228341849,-0.03));
#1738=CARTESIAN_POINT('',(0.00717345940969211,-0.118508217935667,-0.03));
#1739=CARTESIAN_POINT('',(0.00717345940969211,-0.118508217935667,-0.0281));
#1740=CARTESIAN_POINT('',(0.00797016886616345,-0.120247486187955,-0.03));
#1741=CARTESIAN_POINT('',(0.00690045753924314,-0.118669966350548,-0.03));
#1742=CARTESIAN_POINT('',(0.00690045753924314,-0.118669966350548,-0.0281));
#1743=CARTESIAN_POINT('',(0.00789809330333017,-0.120305353485215,-0.03));
#1744=CARTESIAN_POINT('',(0.00663076600996884,-0.118885031064564,-0.03));
#1745=CARTESIAN_POINT('',(0.00663076600996886,-0.118885031064564,-0.0281));
#1746=CARTESIAN_POINT('',(0.00784907096441334,-0.120355676571678,-0.03));
#1747=CARTESIAN_POINT('',(0.00635917538369105,-0.119148835162753,-0.03));
#1748=CARTESIAN_POINT('',(0.00635917538369105,-0.119148835162753,-0.0281));
#1749=CARTESIAN_POINT('',(0.0078120296141963,-0.120416252581111,-0.03));
#1750=CARTESIAN_POINT('',(0.00606185795217766,-0.119637418615627,-0.03));
#1751=CARTESIAN_POINT('',(0.00606185795217766,-0.119637418615627,-0.0281));
#1752=CARTESIAN_POINT('',(0.0077894000243162,-0.120481461321721,-0.03));
#1753=CARTESIAN_POINT('',(0.00596419368954543,-0.119951370431014,-0.03));
#1754=CARTESIAN_POINT('',(0.00596419368954543,-0.119951370431014,-0.0281));
#1755=CARTESIAN_POINT('',(0.00777151236378007,-0.120549176157819,-0.03));
#1756=CARTESIAN_POINT('',(0.00592184776429653,-0.120111372536965,-0.03));
#1757=CARTESIAN_POINT('',(0.00592184776429653,-0.120111372536965,-0.0281));
#1758=CARTESIAN_POINT('',(0.00775222403606074,-0.120639963872484,-0.03));
#1759=CARTESIAN_POINT('',(0.0058806939089381,-0.120306657645679,-0.03));
#1760=CARTESIAN_POINT('',(0.0058806939089381,-0.120306657645679,-0.0281));
#1761=CARTESIAN_POINT('',(0.00773408469896946,-0.120754126340508,-0.03));
#1762=CARTESIAN_POINT('',(0.00585039382151227,-0.120501811204284,-0.03));
#1763=CARTESIAN_POINT('',(0.00585039382151228,-0.120501811204284,-0.0281));
#1764=CARTESIAN_POINT('',(0.00771847407912444,-0.12089181824287,-0.03));
#1765=CARTESIAN_POINT('',(0.00582662821364259,-0.120712078955902,-0.03));
#1766=CARTESIAN_POINT('',(0.00582662821364259,-0.120712078955902,-0.0281));
#1767=CARTESIAN_POINT('',(0.00770372420586343,-0.121076072961577,-0.03));
#1768=CARTESIAN_POINT('',(0.00580633524983282,-0.120968092247664,-0.03));
#1769=CARTESIAN_POINT('',(0.00580633524983283,-0.120968092247664,-0.0281));
#1770=CARTESIAN_POINT('',(0.00769389807723952,-0.121307500679316,-0.03));
#1771=CARTESIAN_POINT('',(0.00579420411641925,-0.121260559575292,-0.03));
#1772=CARTESIAN_POINT('',(0.00579420411641925,-0.121260559575292,-0.0281));
#1773=CARTESIAN_POINT('',(0.00769065315347231,-0.121585306917619,-0.03));
#1774=CARTESIAN_POINT('',(0.0057905472490531,-0.121584194898485,-0.03));
#1775=CARTESIAN_POINT('',(0.0057905472490531,-0.121584194898485,-0.0281));
#1776=CARTESIAN_POINT('',(0.00769325829362003,-0.121955732354686,-0.03));
#1777=CARTESIAN_POINT('',(0.00579349170780678,-0.121989170893257,-0.03));
#1778=CARTESIAN_POINT('',(0.00579349170780678,-0.121989170893257,-0.0281));
#1779=CARTESIAN_POINT('',(0.00770288649641619,-0.122418854733765,-0.03));
#1780=CARTESIAN_POINT('',(0.00580324095204268,-0.122454766912065,-0.03));
#1781=CARTESIAN_POINT('',(0.00580324095204268,-0.122454766912065,-0.0281));
#1782=CARTESIAN_POINT('',(0.00770616941387499,-0.122974522654215,-0.03));
#1783=CARTESIAN_POINT('',(0.00580554560976603,-0.122949166724787,-0.03));
#1784=CARTESIAN_POINT('',(0.00580554560976603,-0.122949166724787,-0.0281));
#1785=CARTESIAN_POINT('',(0.00767986769598393,-0.123528352570819,-0.03));
#1786=CARTESIAN_POINT('',(0.00578446561823496,-0.123357184488738,-0.03));
#1787=CARTESIAN_POINT('',(0.00578446561823496,-0.123357184488738,-0.0281));
#1788=CARTESIAN_POINT('',(0.00756652049351021,-0.124267295221569,-0.03));
#1789=CARTESIAN_POINT('',(0.00571761018112789,-0.123749843334664,-0.03));
#1790=CARTESIAN_POINT('',(0.00571761018112789,-0.123749843334664,-0.0281));
#1791=CARTESIAN_POINT('',(0.00718893338605892,-0.125136480777584,-0.03));
#1792=CARTESIAN_POINT('',(0.00560316492965267,-0.123956454478987,-0.03));
#1793=CARTESIAN_POINT('',(0.00560316492965267,-0.123956454478987,-0.0281));
#1794=CARTESIAN_POINT('',(0.00629674655918564,-0.125858739276455,-0.03));
#1795=CARTESIAN_POINT('',(0.00547377869794321,-0.124054440969579,-0.03));
#1796=CARTESIAN_POINT('',(0.00547377869794321,-0.124054440969579,-0.0281));
#1797=CARTESIAN_POINT('',(0.0051644879085426,-0.126068644773809,-0.03));
#1798=CARTESIAN_POINT('',(0.00527131230509379,-0.124112153881953,-0.03));
#1799=CARTESIAN_POINT('',(0.0052713123050938,-0.124112153881953,-0.0281));
#1800=CARTESIAN_POINT('',(0.00406671988690548,-0.125792430351834,-0.03));
#1801=CARTESIAN_POINT('',(0.00481048748687846,-0.124028008015838,-0.03));
#1802=CARTESIAN_POINT('',(0.00481048748687846,-0.124028008015838,-0.0281));
#1803=CARTESIAN_POINT('',(0.00324718261158139,-0.125377775404824,-0.03));
#1804=CARTESIAN_POINT('',(0.00413523891107674,-0.123699145904049,-0.03));
#1805=CARTESIAN_POINT('',(0.00413523891107673,-0.123699145904049,-0.0281));
#1806=CARTESIAN_POINT('',(0.00259524134265115,-0.125029194571636,-0.03));
#1807=CARTESIAN_POINT('',(0.00349311971548813,-0.123354526065962,-0.03));
#1808=CARTESIAN_POINT('',(0.00349311971548814,-0.123354526065962,-0.0281));
#1809=CARTESIAN_POINT('',(0.00210229901448466,-0.12478134944623,-0.03));
#1810=CARTESIAN_POINT('',(0.00286418064396256,-0.123035338876141,-0.03));
#1811=CARTESIAN_POINT('',(0.00286418064396253,-0.123035338876141,-0.0281));
#1812=CARTESIAN_POINT('',(0.00166084013046068,-0.124632475707738,-0.03));
#1813=CARTESIAN_POINT('',(0.00215162551613023,-0.122786917643931,-0.03));
#1814=CARTESIAN_POINT('',(0.00215162551613031,-0.122786917643931,-0.0281));
#1815=CARTESIAN_POINT('',(0.00129911899570125,-0.124574978823191,-0.03));
#1816=CARTESIAN_POINT('',(0.00147267242314655,-0.1226759531027,-0.03));
#1817=CARTESIAN_POINT('',(0.00147267242314642,-0.1226759531027,-0.0281));
#1818=CARTESIAN_POINT('',(0.00102077766999341,-0.124570493335186,-0.03));
#1819=CARTESIAN_POINT('',(0.000916125082797147,-0.122669557040377,-0.03));
#1820=CARTESIAN_POINT('',(0.000916125082797659,-0.122669557040377,-0.0281));
#1821=CARTESIAN_POINT('',(0.000744919156488281,-0.12459966434,-0.03));
#1822=CARTESIAN_POINT('',(0.000436635932118035,-0.122715872339402,-0.03));
#1823=CARTESIAN_POINT('',(0.00043663593211612,-0.1227158723394,-0.0281));
#1824=CARTESIAN_POINT('',(0.000480860610904299,-0.124671089798578,-0.03));
#1825=CARTESIAN_POINT('',(-0.000203898062361568,-0.122888044612454,-0.03));
#1826=CARTESIAN_POINT('',(-0.00020389806235442,-0.122888044612464,-0.0281));
#1827=CARTESIAN_POINT('',(0.00022578227517676,-0.124787824717502,-0.03));
#1828=CARTESIAN_POINT('',(-0.000647572086395911,-0.123099203641218,-0.03));
#1829=CARTESIAN_POINT('',(-0.000647572086422589,-0.123099203641184,-0.0281));
#1830=CARTESIAN_POINT('',(-9.5690284381534E-5,-0.12496860696333,-0.03));
#1831=CARTESIAN_POINT('',(-0.00111227764442756,-0.123360342396843,-0.03));
#1832=CARTESIAN_POINT('',(-0.00111227764428592,-0.123360342397027,-0.0281));
#1833=CARTESIAN_POINT('',(-0.00047761395792369,-0.125224349722983,-0.03));
#1834=CARTESIAN_POINT('',(-0.00158064479941773,-0.123676917645123,-0.03));
#1835=CARTESIAN_POINT('',(-0.00158064480055909,-0.123676917643642,-0.0281));
#1836=CARTESIAN_POINT('',(-0.00077263839701271,-0.125444068514833,-0.03));
#1837=CARTESIAN_POINT('',(-0.00191535226606896,-0.123925975667924,-0.03));
#1838=CARTESIAN_POINT('',(-0.00191535226367127,-0.123925975671036,-0.0281));
#1839=CARTESIAN_POINT('',(-0.000918532706365812,-0.12555631529053,-0.03));
#1840=CARTESIAN_POINT('',(-0.00207711530601857,-0.124050431377414,-0.03));
#1841=CARTESIAN_POINT('',(-0.00207711530601857,-0.124050431377414,-0.0281));
#1842=CARTESIAN_POINT('',(-0.000918532706357871,-0.125556315290524,-0.0281));
#1843=CARTESIAN_POINT('',(0.0117146625659242,-0.120230148186584,-0.0281));
#1844=CARTESIAN_POINT('',(0.00545980577227005,-0.137292308590685,-0.0281));
#1845=CARTESIAN_POINT('',(0.0548813981430193,-0.134585261848965,0.018));
#1846=CARTESIAN_POINT('',(0.0762980592765201,-0.141090958729654,0.02));
#1847=CARTESIAN_POINT('',(0.076608059215569,-0.141200478271013,0.02));
#1848=CARTESIAN_POINT('',(0.0771474523471604,-0.141570153906604,0.0198324556820122));
#1849=CARTESIAN_POINT('',(0.0777078843475789,-0.142549087236561,0.0191255635073727));
#1850=CARTESIAN_POINT('',(0.0776608716483696,-0.143294027839664,0.0184469989378158));
#1851=CARTESIAN_POINT('',(0.0774859630314764,-0.143726542007436,0.018));
#1852=CARTESIAN_POINT('',(0.0575929504324187,-0.156803383961161,0.018));
#1853=CARTESIAN_POINT('',(0.0580775245465221,-0.160773923965738,0.018));
#1854=CARTESIAN_POINT('',(0.0580775245465221,-0.160773923965738,0.018));
#1855=CARTESIAN_POINT('',(0.0756318359580662,-0.142976733501451,-0.005));
#1856=CARTESIAN_POINT('',(0.0762980592765201,-0.141090958729654,-0.03));
#1857=CARTESIAN_POINT('',(0.076608059215569,-0.141200478271013,-0.03));
#1858=CARTESIAN_POINT('',(0.0771474523471604,-0.141570153906604,-0.0298324556820122));
#1859=CARTESIAN_POINT('',(0.0777078843475789,-0.142549087236561,-0.0291255635073727));
#1860=CARTESIAN_POINT('',(0.0776608716483696,-0.143294027839664,-0.0284469989378157));
#1861=CARTESIAN_POINT('',(0.0774859630314764,-0.143726542007436,-0.028));
#1862=CARTESIAN_POINT('',(0.0580775245465221,-0.160773923965738,-0.005));
#1863=CARTESIAN_POINT('',(0.0580775245465221,-0.160773923965738,-0.028));
#1864=CARTESIAN_POINT('',(0.0548813981430193,-0.134585261848965,-0.028));
#1865=CARTESIAN_POINT('',(0.0575929504324187,-0.156803383961161,-0.028));
#1866=CARTESIAN_POINT('',(0.0580775245465221,-0.160773923965738,-0.028));
#1867=CARTESIAN_POINT('',(0.0568958990928309,-0.156952437175601,-0.028));
#1868=CARTESIAN_POINT('',(0.0364204286104109,-0.151000086279588,-0.03));
#1869=CARTESIAN_POINT('',(0.0359021087767007,-0.152931755130603,-0.03));
#1870=CARTESIAN_POINT('',(0.0359021087767007,-0.152931755130603,-0.028));
#1871=CARTESIAN_POINT('',(0.036851494899198,-0.151115753210304,-0.03));
#1872=CARTESIAN_POINT('',(0.0363331750654824,-0.153047422061312,-0.03));
#1873=CARTESIAN_POINT('',(0.0363331750654894,-0.153047422061302,-0.028));
#1874=CARTESIAN_POINT('',(0.0377112641329193,-0.151354306398659,-0.03));
#1875=CARTESIAN_POINT('',(0.0371482234927559,-0.153273681535259,-0.03));
#1876=CARTESIAN_POINT('',(0.0371482234927528,-0.153273681535264,-0.028));
#1877=CARTESIAN_POINT('',(0.0394190538259887,-0.151867301852904,-0.03));
#1878=CARTESIAN_POINT('',(0.0388215121409939,-0.153775984885567,-0.03));
#1879=CARTESIAN_POINT('',(0.0388215121409957,-0.153775984885564,-0.028));
#1880=CARTESIAN_POINT('',(0.041115035012886,-0.152416368866453,-0.03));
#1881=CARTESIAN_POINT('',(0.0404865447596715,-0.154315125920741,-0.03));
#1882=CARTESIAN_POINT('',(0.0404865447596712,-0.154315125920741,-0.028));
#1883=CARTESIAN_POINT('',(0.0428043000932616,-0.15298595158321,-0.03));
#1884=CARTESIAN_POINT('',(0.0421594643208929,-0.154879150533519,-0.03));
#1885=CARTESIAN_POINT('',(0.042159464320893,-0.154879150533519,-0.028));
#1886=CARTESIAN_POINT('',(0.0440690042986732,-0.153419995351538,-0.03));
#1887=CARTESIAN_POINT('',(0.0434162276786885,-0.155310471184509,-0.03));
#1888=CARTESIAN_POINT('',(0.0434162276786885,-0.155310471184509,-0.028));
#1889=CARTESIAN_POINT('',(0.0453324960652153,-0.153857742320247,-0.03));
#1890=CARTESIAN_POINT('',(0.0446765609751097,-0.155747119561502,-0.03));
#1891=CARTESIAN_POINT('',(0.0446765609751097,-0.155747119561502,-0.028));
#1892=CARTESIAN_POINT('',(0.0465958056163647,-0.154296047574201,-0.03));
#1893=CARTESIAN_POINT('',(0.0459414367997494,-0.156185969851626,-0.03));
#1894=CARTESIAN_POINT('',(0.0459414367997494,-0.156185969851626,-0.028));
#1895=CARTESIAN_POINT('',(0.0478600236077441,-0.154731571573625,-0.03));
#1896=CARTESIAN_POINT('',(0.0472124706719478,-0.15662384759736,-0.03));
#1897=CARTESIAN_POINT('',(0.0472124706719478,-0.15662384759736,-0.028));
#1898=CARTESIAN_POINT('',(0.0491264083939835,-0.155160499913968,-0.03));
#1899=CARTESIAN_POINT('',(0.0484918889687595,-0.1570572026378,-0.03));
#1900=CARTESIAN_POINT('',(0.0484918889687595,-0.1570572026378,-0.028));
#1901=CARTESIAN_POINT('',(0.0501847766343582,-0.155508558350317,-0.03));
#1902=CARTESIAN_POINT('',(0.0495677404258172,-0.15741103604883,-0.03));
#1903=CARTESIAN_POINT('',(0.0495677404258172,-0.15741103604883,-0.028));
#1904=CARTESIAN_POINT('',(0.0510343964065553,-0.155778231565099,-0.03));
#1905=CARTESIAN_POINT('',(0.0504369542047561,-0.157686937939157,-0.03));
#1906=CARTESIAN_POINT('',(0.0504369542047561,-0.157686937939157,-0.028));
#1907=CARTESIAN_POINT('',(0.0516732665370487,-0.155974987318456,-0.03));
#1908=CARTESIAN_POINT('',(0.0510939987764652,-0.15788930078633,-0.03));
#1909=CARTESIAN_POINT('',(0.0510939987764652,-0.15788930078633,-0.028));
#1910=CARTESIAN_POINT('',(0.0523138238072874,-0.156164859907648,-0.03));
#1911=CARTESIAN_POINT('',(0.0517571110027575,-0.158085874447438,-0.03));
#1912=CARTESIAN_POINT('',(0.0517571110027575,-0.158085874447438,-0.028));
#1913=CARTESIAN_POINT('',(0.0529565689035256,-0.156346214108493,-0.03));
#1914=CARTESIAN_POINT('',(0.0524281389062437,-0.158275235210381,-0.03));
#1915=CARTESIAN_POINT('',(0.0524281389062437,-0.15827523521038,-0.028));
#1916=CARTESIAN_POINT('',(0.0536020429201173,-0.156516833321636,-0.03));
#1917=CARTESIAN_POINT('',(0.0531097181002963,-0.158455440153142,-0.03));
#1918=CARTESIAN_POINT('',(0.0531097181002963,-0.158455440153142,-0.028));
#1919=CARTESIAN_POINT('',(0.0541428656355515,-0.156647537023628,-0.03));
#1920=CARTESIAN_POINT('',(0.0536899389976881,-0.158595743656746,-0.03));
#1921=CARTESIAN_POINT('',(0.0536899389976881,-0.158595743656746,-0.028));
#1922=CARTESIAN_POINT('',(0.0545778663469562,-0.156742880109929,-0.03));
#1923=CARTESIAN_POINT('',(0.0541652180839566,-0.15869994326177,-0.03));
#1924=CARTESIAN_POINT('',(0.0541652180839566,-0.158699943261771,-0.028));
#1925=CARTESIAN_POINT('',(0.0549055238547262,-0.156808926341556,-0.03));
#1926=CARTESIAN_POINT('',(0.054528840006188,-0.158773269547013,-0.03));
#1927=CARTESIAN_POINT('',(0.0545288400061879,-0.158773269547012,-0.028));
#1928=CARTESIAN_POINT('',(0.0552347904625282,-0.156868418138776,-0.03));
#1929=CARTESIAN_POINT('',(0.0549017806647158,-0.15884070027169,-0.03));
#1930=CARTESIAN_POINT('',(0.0549017806647162,-0.158840700271691,-0.028));
#1931=CARTESIAN_POINT('',(0.0555110705017482,-0.156911310052968,-0.03));
#1932=CARTESIAN_POINT('',(0.0552235253170957,-0.158890730784468,-0.03));
#1933=CARTESIAN_POINT('',(0.0552235253170945,-0.158890730784465,-0.028));
#1934=CARTESIAN_POINT('',(0.0557324804193387,-0.156940356885426,-0.03));
#1935=CARTESIAN_POINT('',(0.0554893756965329,-0.158925635675049,-0.03));
#1936=CARTESIAN_POINT('',(0.0554893756965349,-0.158925635675056,-0.028));
#1937=CARTESIAN_POINT('',(0.0558987912980111,-0.156959128506749,-0.03));
#1938=CARTESIAN_POINT('',(0.0556941935321767,-0.158948781139458,-0.03));
#1939=CARTESIAN_POINT('',(0.0556941935321692,-0.158948781139433,-0.028));
#1940=CARTESIAN_POINT('',(0.0560653898630784,-0.156974403062127,-0.03));
#1941=CARTESIAN_POINT('',(0.0559060573680791,-0.158968251312412,-0.03));
#1942=CARTESIAN_POINT('',(0.0559060573681073,-0.158968251312503,-0.028));
#1943=CARTESIAN_POINT('',(0.0562323227022691,-0.156985525018276,-0.03));
#1944=CARTESIAN_POINT('',(0.0561275290181735,-0.158983076031231,-0.03));
#1945=CARTESIAN_POINT('',(0.0561275290180685,-0.158983076030891,-0.028));
#1946=CARTESIAN_POINT('',(0.0563718037111582,-0.156990567532687,-0.03));
#1947=CARTESIAN_POINT('',(0.0563236239996928,-0.158990292091788,-0.03));
#1948=CARTESIAN_POINT('',(0.0563236240000018,-0.158990292092788,-0.028));
#1949=CARTESIAN_POINT('',(0.0564836053826093,-0.156991332395347,-0.03));
#1950=CARTESIAN_POINT('',(0.0564916014700742,-0.158991489818842,-0.03));
#1951=CARTESIAN_POINT('',(0.056491601469539,-0.158991489817111,-0.028));
#1952=CARTESIAN_POINT('',(0.0565677564779557,-0.15698997998411,-0.03));
#1953=CARTESIAN_POINT('',(0.0566254787570033,-0.158989388842519,-0.03));
#1954=CARTESIAN_POINT('',(0.0566254787590462,-0.158989388849126,-0.028));
#1955=CARTESIAN_POINT('',(0.0566375609761823,-0.156986948837356,-0.03));
#1956=CARTESIAN_POINT('',(0.0567452944618105,-0.158984272704304,-0.03));
#1957=CARTESIAN_POINT('',(0.0567452944557872,-0.158984272684824,-0.028));
#1958=CARTESIAN_POINT('',(0.0566929505784716,-0.156983137006616,-0.03));
#1959=CARTESIAN_POINT('',(0.0568485996848231,-0.158977195482147,-0.03));
#1960=CARTESIAN_POINT('',(0.0568485996952563,-0.158977195515889,-0.028));
#1961=CARTESIAN_POINT('',(0.0567342695287092,-0.156979490904407,-0.03));
#1962=CARTESIAN_POINT('',(0.0569311958062433,-0.158969936242521,-0.03));
#1963=CARTESIAN_POINT('',(0.0569311957664194,-0.158969936113727,-0.028));
#1964=CARTESIAN_POINT('',(0.0567753213166561,-0.156974935743418,-0.03));
#1965=CARTESIAN_POINT('',(0.0570208720088239,-0.15896005505271,-0.03));
#1966=CARTESIAN_POINT('',(0.0570208721576863,-0.158960055534145,-0.028));
#1967=CARTESIAN_POINT('',(0.0568092672869942,-0.156970234625793,-0.03));
#1968=CARTESIAN_POINT('',(0.0571049831076557,-0.158948465991095,-0.03));
#1969=CARTESIAN_POINT('',(0.0571049826694446,-0.158948464573879,-0.028));
#1970=CARTESIAN_POINT('',(0.0568362206268649,-0.156965777194158,-0.03));
#1971=CARTESIAN_POINT('',(0.057181673610901,-0.158935916809963,-0.03));
#1972=CARTESIAN_POINT('',(0.0571816743699087,-0.158935919264665,-0.028));
#1973=CARTESIAN_POINT('',(0.0568563134076562,-0.156962015429958,-0.03));
#1974=CARTESIAN_POINT('',(0.0572491693719117,-0.158923110829821,-0.03));
#1975=CARTESIAN_POINT('',(0.0572491664747875,-0.158923101460251,-0.028));
#1976=CARTESIAN_POINT('',(0.0568729327296774,-0.156958453633247,-0.03));
#1977=CARTESIAN_POINT('',(0.05731053467157,-0.158910665842676,-0.03));
#1978=CARTESIAN_POINT('',(0.0573105432132901,-0.158910693467395,-0.028));
#1979=CARTESIAN_POINT('',(0.0568861148768394,-0.156955216074077,-0.03));
#1980=CARTESIAN_POINT('',(0.0573910762049109,-0.158890227788172,-0.03));
#1981=CARTESIAN_POINT('',(0.0573910614092395,-0.158890179937592,-0.028));
#1982=CARTESIAN_POINT('',(0.0568926588984911,-0.156953436128671,-0.03));
#1983=CARTESIAN_POINT('',(0.0574227462198468,-0.158882843167219,-0.03));
#1984=CARTESIAN_POINT('',(0.0574227789381652,-0.158882948981309,-0.028));
#1985=CARTESIAN_POINT('',(0.056895899092831,-0.156952437175601,-0.03));
#1986=CARTESIAN_POINT('',(0.057486711819675,-0.15886318057067,-0.03));
#1987=CARTESIAN_POINT('',(0.057486711819675,-0.15886318057067,-0.028));
#1988=CARTESIAN_POINT('',(0.03603265276158,-0.152966783669009,-0.028));
#1989=CARTESIAN_POINT('',(0.03603265276158,-0.152966783669009,-0.0285282991457259));
#1990=CARTESIAN_POINT('',(0.0361429122128914,-0.152549719489135,-0.0295636075235356));
#1991=CARTESIAN_POINT('',(0.0364106789847451,-0.151536872718877,-0.0300000000000328));
#1992=CARTESIAN_POINT('',(0.0365438352617116,-0.151033199675135,-0.03));
#1993=CARTESIAN_POINT('',(0.0362415565489734,-0.153021186638637,-0.028));
#1994=CARTESIAN_POINT('',(0.0362415565489734,-0.153021186638637,-0.03));
#1995=CARTESIAN_POINT('',(0.0367455877579841,-0.151085740297262,-0.03));
#1996=CARTESIAN_POINT('',(0.0358870886214355,-0.152928875684697,-0.028));
#1997=CARTESIAN_POINT('',(0.0358870886214401,-0.152928875684682,-0.03));
#1998=CARTESIAN_POINT('',(0.0363911198304494,-0.150993429343309,-0.03));
#1999=CARTESIAN_POINT('',(0.0351514183665061,-0.152732025641725,-0.028));
#2000=CARTESIAN_POINT('',(0.0351514183665041,-0.152732025641732,-0.03));
#2001=CARTESIAN_POINT('',(0.0356831033612336,-0.150803924660511,-0.03));
#2002=CARTESIAN_POINT('',(0.0337470351311194,-0.152348153356441,-0.028));
#2003=CARTESIAN_POINT('',(0.0337470351311205,-0.152348153356438,-0.03));
#2004=CARTESIAN_POINT('',(0.0342684992572834,-0.150417366446833,-0.03));
#2005=CARTESIAN_POINT('',(0.0312842479286677,-0.151685601606311,-0.028));
#2006=CARTESIAN_POINT('',(0.0312842479286669,-0.151685601606313,-0.03));
#2007=CARTESIAN_POINT('',(0.0317910413720773,-0.149750671122412,-0.03));
#2008=CARTESIAN_POINT('',(0.027783265155479,-0.150805431614981,-0.028));
#2009=CARTESIAN_POINT('',(0.0277832651554793,-0.15080543161498,-0.03));
#2010=CARTESIAN_POINT('',(0.0282408363048193,-0.148858995508788,-0.03));
#2011=CARTESIAN_POINT('',(0.0243390525736328,-0.150113932333422,-0.028));
#2012=CARTESIAN_POINT('',(0.0243390525736327,-0.150113932333422,-0.03));
#2013=CARTESIAN_POINT('',(0.0246576912709296,-0.148132754385666,-0.03));
#2014=CARTESIAN_POINT('',(0.0217049319676237,-0.149931734946544,-0.028));
#2015=CARTESIAN_POINT('',(0.0217049319676238,-0.149931734946544,-0.03));
#2016=CARTESIAN_POINT('',(0.0217244463604682,-0.147926324360304,-0.03));
#2017=CARTESIAN_POINT('',(0.0196928125500226,-0.150040002413582,-0.028));
#2018=CARTESIAN_POINT('',(0.0196928125500226,-0.150040002413582,-0.03));
#2019=CARTESIAN_POINT('',(0.0194616595098987,-0.148049224111174,-0.03));
#2020=CARTESIAN_POINT('',(0.0176612232879947,-0.150373997802978,-0.028));
#2021=CARTESIAN_POINT('',(0.0176612232879947,-0.150373997802978,-0.03));
#2022=CARTESIAN_POINT('',(0.0172536878898697,-0.148414529556093,-0.03));
#2023=CARTESIAN_POINT('',(0.0155721551977123,-0.150868557282189,-0.028));
#2024=CARTESIAN_POINT('',(0.0155721551977123,-0.150868557282189,-0.03));
#2025=CARTESIAN_POINT('',(0.0150747755538026,-0.148931297827226,-0.03));
#2026=CARTESIAN_POINT('',(0.0137635313465271,-0.151337312965285,-0.028));
#2027=CARTESIAN_POINT('',(0.0137635313465271,-0.151337312965285,-0.03));
#2028=CARTESIAN_POINT('',(0.0132670867361392,-0.14939987842933,-0.03));
#2029=CARTESIAN_POINT('',(0.0122848731697089,-0.151702695653626,-0.028));
#2030=CARTESIAN_POINT('',(0.0122848731697089,-0.151702695653626,-0.03));
#2031=CARTESIAN_POINT('',(0.0118173794891144,-0.149758016366831,-0.03));
#2032=CARTESIAN_POINT('',(0.0111543843851352,-0.151963290782406,-0.028));
#2033=CARTESIAN_POINT('',(0.0111543843851352,-0.151963290782406,-0.03));
#2034=CARTESIAN_POINT('',(0.0107268796215799,-0.15000930526794,-0.03));
#2035=CARTESIAN_POINT('',(0.0101890486421865,-0.152159675340697,-0.028));
#2036=CARTESIAN_POINT('',(0.0101890486421865,-0.152159675340697,-0.03));
#2037=CARTESIAN_POINT('',(0.00981410681057481,-0.150194793666702,-0.03));
#2038=CARTESIAN_POINT('',(0.00939486592666244,-0.152296052163845,-0.028));
#2039=CARTESIAN_POINT('',(0.00939486592666245,-0.152296052163845,-0.03));
#2040=CARTESIAN_POINT('',(0.00908008052105302,-0.150320756947919,-0.03));
#2041=CARTESIAN_POINT('',(0.00878448691232955,-0.152384719868675,-0.028));
#2042=CARTESIAN_POINT('',(0.00878448691232956,-0.152384719868675,-0.03));
#2043=CARTESIAN_POINT('',(0.00852707118556479,-0.150401006385616,-0.03));
#2044=CARTESIAN_POINT('',(0.00815426697323492,-0.152455327816199,-0.028));
#2045=CARTESIAN_POINT('',(0.00815426697323492,-0.152455327816199,-0.03));
#2046=CARTESIAN_POINT('',(0.00797122970200641,-0.150463091161885,-0.03));
#2047=CARTESIAN_POINT('',(0.00749257199194898,-0.152500499421896,-0.028));
#2048=CARTESIAN_POINT('',(0.00749257199194898,-0.152500499421896,-0.03));
#2049=CARTESIAN_POINT('',(0.0074103106079064,-0.150501122515651,-0.03));
#2050=CARTESIAN_POINT('',(0.00690482720346533,-0.152506208451718,-0.028));
#2051=CARTESIAN_POINT('',(0.00690482720346533,-0.152506208451718,-0.03));
#2052=CARTESIAN_POINT('',(0.00694145982624494,-0.150504851955112,-0.03));
#2053=CARTESIAN_POINT('',(0.00639185032770983,-0.152475711222454,-0.028));
#2054=CARTESIAN_POINT('',(0.00639185032770982,-0.152475711222453,-0.03));
#2055=CARTESIAN_POINT('',(0.00656669132597232,-0.150482223330904,-0.03));
#2056=CARTESIAN_POINT('',(0.00597625204563058,-0.152426330262735,-0.028));
#2057=CARTESIAN_POINT('',(0.00597625204563058,-0.152426330262735,-0.03));
#2058=CARTESIAN_POINT('',(0.0062880332946648,-0.150448580769611,-0.03));
#2059=CARTESIAN_POINT('',(0.0055776768573226,-0.152345992504649,-0.028));
#2060=CARTESIAN_POINT('',(0.0055776768573226,-0.152345992504649,-0.03));
#2061=CARTESIAN_POINT('',(0.00605745704759988,-0.150401017002967,-0.03));
#2062=CARTESIAN_POINT('',(0.00519964725443159,-0.152229713382518,-0.028));
#2063=CARTESIAN_POINT('',(0.00519964725443159,-0.152229713382518,-0.03));
#2064=CARTESIAN_POINT('',(0.00587930260440162,-0.150345043054186,-0.03));
#2065=CARTESIAN_POINT('',(0.00481415415915814,-0.152067270216013,-0.028));
#2066=CARTESIAN_POINT('',(0.00481415415915815,-0.152067270216013,-0.03));
#2067=CARTESIAN_POINT('',(0.00574897910754357,-0.150288589878084,-0.03));
#2068=CARTESIAN_POINT('',(0.00436504026707224,-0.151780385740129,-0.028));
#2069=CARTESIAN_POINT('',(0.00436504026707224,-0.151780385740129,-0.03));
#2070=CARTESIAN_POINT('',(0.00563174343002928,-0.150212219063485,-0.03));
#2071=CARTESIAN_POINT('',(0.00383246375765898,-0.151237127008796,-0.028));
#2072=CARTESIAN_POINT('',(0.00383246375765898,-0.151237127008796,-0.03));
#2073=CARTESIAN_POINT('',(0.00549790581547075,-0.150077461687317,-0.03));
#2074=CARTESIAN_POINT('',(0.00352413819513643,-0.150634781775337,-0.028));
#2075=CARTESIAN_POINT('',(0.00352413819513643,-0.150634781775337,-0.03));
#2076=CARTESIAN_POINT('',(0.00538325923450784,-0.149870210643602,-0.03));
#2077=CARTESIAN_POINT('',(0.00334745430379285,-0.150070033368208,-0.028));
#2078=CARTESIAN_POINT('',(0.00334745430379285,-0.150070033368208,-0.03));
#2079=CARTESIAN_POINT('',(0.00529853203673019,-0.149604030599954,-0.03));
#2080=CARTESIAN_POINT('',(0.00326078108234466,-0.149565410772148,-0.028));
#2081=CARTESIAN_POINT('',(0.00326078108234466,-0.149565410772148,-0.03));
#2082=CARTESIAN_POINT('',(0.0052496415859493,-0.149326227281544,-0.03));
#2083=CARTESIAN_POINT('',(0.00322808355825318,-0.149113122446342,-0.028));
#2084=CARTESIAN_POINT('',(0.00322808355825318,-0.149113122446342,-0.03));
#2085=CARTESIAN_POINT('',(0.0052291253006173,-0.149049259241408,-0.03));
#2086=CARTESIAN_POINT('',(0.00323163785606707,-0.148548132495826,-0.028));
#2087=CARTESIAN_POINT('',(0.00323163785606707,-0.148548132495826,-0.03));
#2088=CARTESIAN_POINT('',(0.00523111168365859,-0.148678362615122,-0.03));
#2089=CARTESIAN_POINT('',(0.00328999604761771,-0.148018696743317,-0.028));
#2090=CARTESIAN_POINT('',(0.00328999604761771,-0.148018696743317,-0.03));
#2091=CARTESIAN_POINT('',(0.0052709637707226,-0.148305928699797,-0.03));
#2092=CARTESIAN_POINT('',(0.0033804174430129,-0.147531345618098,-0.028));
#2093=CARTESIAN_POINT('',(0.0033804174430129,-0.147531345618097,-0.03));
#2094=CARTESIAN_POINT('',(0.00533875078767792,-0.147942501797629,-0.03));
#2095=CARTESIAN_POINT('',(0.00347101001137956,-0.147153280284396,-0.028));
#2096=CARTESIAN_POINT('',(0.00347101001137955,-0.147153280284396,-0.03));
#2097=CARTESIAN_POINT('',(0.00540276317428636,-0.147673003632913,-0.03));
#2098=CARTESIAN_POINT('',(0.00354834559164752,-0.14687829767458,-0.028));
#2099=CARTESIAN_POINT('',(0.00354834559164755,-0.146878297674579,-0.0299999999999998));
#2100=CARTESIAN_POINT('',(0.00547729060636581,-0.147406234898758,-0.03));
#2101=CARTESIAN_POINT('',(0.00364402039583138,-0.146524621652861,-0.028));
#2102=CARTESIAN_POINT('',(0.00364402039583121,-0.146524621652865,-0.0300000000000008));
#2103=CARTESIAN_POINT('',(0.00557390145994554,-0.147049820918486,-0.03));
#2104=CARTESIAN_POINT('',(0.00371745034210654,-0.146256446958521,-0.028));
#2105=CARTESIAN_POINT('',(0.00371745034210727,-0.146256446958505,-0.0299999999999964));
#2106=CARTESIAN_POINT('',(0.00564698038769857,-0.146782672958603,-0.03));
#2107=CARTESIAN_POINT('',(0.00376603167448368,-0.146078312201854,-0.028));
#2108=CARTESIAN_POINT('',(0.00376603167448368,-0.146078312201854,-0.03));
#2109=CARTESIAN_POINT('',(0.00569556172007454,-0.146604538201936,-0.03));
#2110=CARTESIAN_POINT('',(-0.00503581661625461,-0.133600930067055,0.));
#2111=CARTESIAN_POINT('',(-0.00503581661625461,-0.133600930067055,-0.0281));
#2112=CARTESIAN_POINT('',(-0.000918532706339934,-0.12555631529051,-0.0281));
#2113=CARTESIAN_POINT('',(-0.000918532706339942,-0.12555631529051,-0.0281));
#2114=CARTESIAN_POINT('',(-0.000918532706358163,-0.125556315290524,-0.0281));
#2115=CARTESIAN_POINT('',(-0.000918532706356679,-0.125556315290526,-0.0281));
#2116=CARTESIAN_POINT('',(0.00224361024871702,-0.128949839468677,-0.0281));
#2117=CARTESIAN_POINT('',(-0.0016651041957333,-0.131447259298775,-0.0281));
#2118=CARTESIAN_POINT('',(-0.00503581661625461,-0.133600930067055,-0.0281));
#2119=CARTESIAN_POINT('',(0.0129053593738109,-0.142399063843293,0.));
#2120=CARTESIAN_POINT('',(0.0291265649600791,-0.131642253536737,-0.0281));
#2121=CARTESIAN_POINT('',(0.0291265649600791,-0.131642253536737,-0.0281));
#2122=CARTESIAN_POINT('',(0.0291265649600791,-0.131642253536737,0.0181));
#2123=CARTESIAN_POINT('',(0.0129053593738109,-0.142399063843293,0.0181));
#2124=CARTESIAN_POINT('',(0.017190130792394,-0.123412826392611,0.0181));
#2125=CARTESIAN_POINT('',(0.017190130792394,-0.123412826392611,-0.0281));
#2126=CARTESIAN_POINT('',(0.017190130792394,-0.123412826392611,-0.0281));
#2127=CARTESIAN_POINT('',(0.0129053593738109,-0.142399063843293,-0.0281));
#2128=CARTESIAN_POINT('',(0.00545980577227005,-0.137292308590685,0.));
#2129=CARTESIAN_POINT('',(0.00545980577227005,-0.137292308590685,0.0181));
#2130=CARTESIAN_POINT('',(0.0117146625659242,-0.120230148186584,0.0181));
#2131=CARTESIAN_POINT('',(0.0117146625659242,-0.120230148186584,0.));
#2132=CARTESIAN_POINT('',(0.0117146625659242,-0.120230148186584,-0.0281));
#2133=CARTESIAN_POINT('',(0.00545980577227005,-0.137292308590685,-0.0281));
#2134=CARTESIAN_POINT('',(-0.000918532706339886,-0.12555631529051,-0.0281));
#2135=CARTESIAN_POINT('',(-0.000918532706339886,-0.12555631529051,0.0181));
#2136=CARTESIAN_POINT('',(-0.00048390733514318,-0.125221927368541,-0.0281));
#2137=CARTESIAN_POINT('',(-0.00048390733514318,-0.125221927368541,0.0181));
#2138=CARTESIAN_POINT('',(0.000183737597971336,-0.124781933101802,-0.0281));
#2139=CARTESIAN_POINT('',(0.000183737597971336,-0.124781933101802,0.0181));
#2140=CARTESIAN_POINT('',(0.000554838584722913,-0.124644402865462,-0.0281));
#2141=CARTESIAN_POINT('',(0.000554838584722913,-0.124644402865462,0.0181));
#2142=CARTESIAN_POINT('',(0.000813265192790322,-0.124591524890038,-0.0281));
#2143=CARTESIAN_POINT('',(0.000813265192790322,-0.124591524890038,0.0181));
#2144=CARTESIAN_POINT('',(0.00115687471308948,-0.124562602745036,-0.0281));
#2145=CARTESIAN_POINT('',(0.00115687471308948,-0.124562602745036,0.0181));
#2146=CARTESIAN_POINT('',(0.00146471463622817,-0.124587892086654,-0.0281));
#2147=CARTESIAN_POINT('',(0.00146471463622817,-0.124587892086654,0.0181));
#2148=CARTESIAN_POINT('',(0.00189507250304833,-0.124708700251158,-0.0281));
#2149=CARTESIAN_POINT('',(0.00189507250304833,-0.124708700251158,0.0181));
#2150=CARTESIAN_POINT('',(0.00226374135823982,-0.124858484043467,-0.0281));
#2151=CARTESIAN_POINT('',(0.00226374135823982,-0.124858484043467,0.0181));
#2152=CARTESIAN_POINT('',(0.00280821236759634,-0.125142028281502,-0.0281));
#2153=CARTESIAN_POINT('',(0.00280821236759634,-0.125142028281502,0.0181));
#2154=CARTESIAN_POINT('',(0.00335214467184809,-0.125433157952264,-0.0281));
#2155=CARTESIAN_POINT('',(0.00335214467184809,-0.125433157952264,0.0181));
#2156=CARTESIAN_POINT('',(0.00384154556332522,-0.125662055495151,-0.0281));
#2157=CARTESIAN_POINT('',(0.00384154556332522,-0.125662055495151,0.0181));
#2158=CARTESIAN_POINT('',(0.00425469509558806,-0.125824283633123,-0.0281));
#2159=CARTESIAN_POINT('',(0.00425469509558806,-0.125824283633123,0.0181));
#2160=CARTESIAN_POINT('',(0.00475421698902853,-0.125960339874769,-0.0281));
#2161=CARTESIAN_POINT('',(0.00475421698902853,-0.125960339874769,0.0181));
#2162=CARTESIAN_POINT('',(0.0054249041405422,-0.126025920181492,-0.0281));
#2163=CARTESIAN_POINT('',(0.0054249041405422,-0.126025920181492,0.0181));
#2164=CARTESIAN_POINT('',(0.00621588114066241,-0.125848074575539,-0.0281));
#2165=CARTESIAN_POINT('',(0.00621588114066241,-0.125848074575539,0.0181));
#2166=CARTESIAN_POINT('',(0.00683489408070058,-0.12542099009264,-0.0281));
#2167=CARTESIAN_POINT('',(0.00683489408070058,-0.12542099009264,0.0181));
#2168=CARTESIAN_POINT('',(0.00728713083449134,-0.124897309331707,-0.0281));
#2169=CARTESIAN_POINT('',(0.00728713083449134,-0.124897309331707,0.0181));
#2170=CARTESIAN_POINT('',(0.00753478723887045,-0.124313072785693,-0.0281));
#2171=CARTESIAN_POINT('',(0.00753478723887045,-0.124313072785693,0.0181));
#2172=CARTESIAN_POINT('',(0.00764926117113972,-0.12377131957484,-0.0281));
#2173=CARTESIAN_POINT('',(0.00764926117113972,-0.12377131957484,0.0181));
#2174=CARTESIAN_POINT('',(0.00769305815887144,-0.123303529882874,-0.0281));
#2175=CARTESIAN_POINT('',(0.00769305815887144,-0.123303529882874,0.0181));
#2176=CARTESIAN_POINT('',(0.00770932694798873,-0.122725576177838,-0.0281));
#2177=CARTESIAN_POINT('',(0.00770932694798873,-0.122725576177838,0.0181));
#2178=CARTESIAN_POINT('',(0.00769376689144458,-0.122041136049614,-0.0281));
#2179=CARTESIAN_POINT('',(0.00769376689144458,-0.122041136049614,0.0181));
#2180=CARTESIAN_POINT('',(0.0076866268687087,-0.121281174594111,-0.0281));
#2181=CARTESIAN_POINT('',(0.0076866268687087,-0.121281174594111,0.0181));
#2182=CARTESIAN_POINT('',(0.00772425536403575,-0.12077588335304,-0.0281));
#2183=CARTESIAN_POINT('',(0.00772425536403575,-0.12077588335304,0.0181));
#2184=CARTESIAN_POINT('',(0.00777799242162899,-0.120513691483398,-0.0281));
#2185=CARTESIAN_POINT('',(0.00777799242162899,-0.120513691483398,0.0181));
#2186=CARTESIAN_POINT('',(0.00781735238421233,-0.120401482952298,-0.0281));
#2187=CARTESIAN_POINT('',(0.00781735238421233,-0.120401482952298,0.0181));
#2188=CARTESIAN_POINT('',(0.00784575952345014,-0.120359269665832,-0.0281));
#2189=CARTESIAN_POINT('',(0.00784575952345014,-0.120359269665832,0.0181));
#2190=CARTESIAN_POINT('',(0.00794014413089307,-0.120261798545818,-0.0281));
#2191=CARTESIAN_POINT('',(0.00794014413089307,-0.120261798545818,0.0181));
#2192=CARTESIAN_POINT('',(0.00824471206688947,-0.120083163442581,-0.0281));
#2193=CARTESIAN_POINT('',(0.00824471206688947,-0.120083163442581,0.0181));
#2194=CARTESIAN_POINT('',(0.00898232845571715,-0.119887922700767,-0.0281));
#2195=CARTESIAN_POINT('',(0.00898232845571715,-0.119887922700767,0.0181));
#2196=CARTESIAN_POINT('',(0.00996972049947011,-0.119839516850378,-0.0281));
#2197=CARTESIAN_POINT('',(0.00996972049947011,-0.119839516850378,0.0181));
#2198=CARTESIAN_POINT('',(0.0108091177692622,-0.119944107856693,-0.0281));
#2199=CARTESIAN_POINT('',(0.0108091177692622,-0.119944107856693,0.0181));
#2200=CARTESIAN_POINT('',(0.0114018073127521,-0.120115457856673,-0.0281));
#2201=CARTESIAN_POINT('',(0.0114018073127521,-0.120115457856673,0.0181));
#2202=CARTESIAN_POINT('',(0.0117146625659239,-0.120230148186584,-0.0281));
#2203=CARTESIAN_POINT('',(0.0117146625659239,-0.120230148186584,0.0181));
#2204=CARTESIAN_POINT('',(0.0117146625659241,-0.120230148186584,-0.0281));
#2205=CARTESIAN_POINT('',(0.0113672671121635,-0.120102795684756,-0.0281));
#2206=CARTESIAN_POINT('',(0.0106645397144033,-0.119899562482283,-0.0281));
#2207=CARTESIAN_POINT('',(0.00974212969885567,-0.119840394843253,-0.0281));
#2208=CARTESIAN_POINT('',(0.00900153890325926,-0.119909200200468,-0.0281));
#2209=CARTESIAN_POINT('',(0.00854374099232384,-0.1199984216175,-0.0281));
#2210=CARTESIAN_POINT('',(0.00819654348398782,-0.120122943146586,-0.0281));
#2211=CARTESIAN_POINT('',(0.00793951585981281,-0.120244475528114,-0.0281));
#2212=CARTESIAN_POINT('',(0.0077674289004664,-0.120471588662122,-0.0281));
#2213=CARTESIAN_POINT('',(0.00772270053747363,-0.120848160696018,-0.0281));
#2214=CARTESIAN_POINT('',(0.0076876279666494,-0.121304540421673,-0.0281));
#2215=CARTESIAN_POINT('',(0.00769192713497946,-0.121861992378018,-0.0281));
#2216=CARTESIAN_POINT('',(0.00770275036919736,-0.12241732670783,-0.0281));
#2217=CARTESIAN_POINT('',(0.00770706790190577,-0.123156756597196,-0.0281));
#2218=CARTESIAN_POINT('',(0.00764177148921499,-0.124088969870665,-0.0281));
#2219=CARTESIAN_POINT('',(0.00719052039837395,-0.125135135491677,-0.0281));
#2220=CARTESIAN_POINT('',(0.00629930576377493,-0.125857256887074,-0.0281));
#2221=CARTESIAN_POINT('',(0.00516736925630994,-0.126069133175172,-0.0281));
#2222=CARTESIAN_POINT('',(0.00407060305351111,-0.125792497967495,-0.0281));
#2223=CARTESIAN_POINT('',(0.0030832200621522,-0.125300955432645,-0.0281));
#2224=CARTESIAN_POINT('',(0.00212251086817137,-0.124748967658859,-0.0281));
#2225=CARTESIAN_POINT('',(0.00120799284847381,-0.12451597463848,-0.0281));
#2226=CARTESIAN_POINT('',(0.000477248960822387,-0.124649162273788,-0.0281));
#2227=CARTESIAN_POINT('',(-0.000180325540099303,-0.125006395653983,-0.0281));
#2228=CARTESIAN_POINT('',(-0.000625395107013905,-0.125330783880736,-0.0281));
#2229=CARTESIAN_POINT('',(-0.000918532706339921,-0.12555631529051,-0.0281));
#2230=CARTESIAN_POINT('',(-0.00091853270633992,-0.12555631529051,-0.0281));
#2231=CARTESIAN_POINT('',(-0.000918532706339783,-0.12555631529051,0.0181));
#2232=CARTESIAN_POINT('',(-0.000624298507495459,-0.125329940189459,0.0181));
#2233=CARTESIAN_POINT('',(-0.000173436896011788,-0.12500236101881,0.0181));
#2234=CARTESIAN_POINT('',(0.000479626629482293,-0.124647693722177,0.0181));
#2235=CARTESIAN_POINT('',(0.00122520341692745,-0.124514936300793,0.0181));
#2236=CARTESIAN_POINT('',(0.00213928846992424,-0.124757632959831,0.0181));
#2237=CARTESIAN_POINT('',(0.00311180460440576,-0.125316786864868,0.0181));
#2238=CARTESIAN_POINT('',(0.0041153582311409,-0.125812486898297,0.0181));
#2239=CARTESIAN_POINT('',(0.00522858544260963,-0.126072347312051,0.0181));
#2240=CARTESIAN_POINT('',(0.00635577481692045,-0.125830841233496,0.0181));
#2241=CARTESIAN_POINT('',(0.00723400562766638,-0.125079378070189,0.0181));
#2242=CARTESIAN_POINT('',(0.00765840178648463,-0.124003467315038,0.0181));
#2243=CARTESIAN_POINT('',(0.00770819936593193,-0.123079962808197,0.0181));
#2244=CARTESIAN_POINT('',(0.00770130824739601,-0.122341440886949,0.0181));
#2245=CARTESIAN_POINT('',(0.00769073770331875,-0.121787741012358,0.0181));
#2246=CARTESIAN_POINT('',(0.00768927163150169,-0.121231481118687,0.0181));
#2247=CARTESIAN_POINT('',(0.00772990693024963,-0.12077942487333,0.0181));
#2248=CARTESIAN_POINT('',(0.00778547587904208,-0.12040008832416,0.0181));
#2249=CARTESIAN_POINT('',(0.00800283207591507,-0.120213080218214,0.0181));
#2250=CARTESIAN_POINT('',(0.00825139315978099,-0.120099634686689,0.0181));
#2251=CARTESIAN_POINT('',(0.0085984016385736,-0.119986165796142,0.0181));
#2252=CARTESIAN_POINT('',(0.00904674269049591,-0.119903555871292,0.0181));
#2253=CARTESIAN_POINT('',(0.00976343478212931,-0.119841269663273,0.0181));
#2254=CARTESIAN_POINT('',(0.0106788769555499,-0.11990266990979,0.0181));
#2255=CARTESIAN_POINT('',(0.0113728309669304,-0.120104835351127,0.0181));
#2256=CARTESIAN_POINT('',(0.0117146625659241,-0.120230148186584,0.0181));
#2257=CARTESIAN_POINT('',(-0.000918532706339751,-0.12555631529051,0.0181));
#2258=CARTESIAN_POINT('',(-0.000918532706339878,-0.12555631529051,-0.0281));
#2259=CARTESIAN_POINT('',(0.00224361024871702,-0.128949839468677,0.));
#2260=CARTESIAN_POINT('',(0.00224361024871702,-0.128949839468677,0.0181));
#2261=CARTESIAN_POINT('',(-0.0016651041957333,-0.131447259298775,0.0181));
#2262=CARTESIAN_POINT('',(-0.0016651041957333,-0.131447259298775,0.));
#2263=CARTESIAN_POINT('',(-0.0016651041957333,-0.131447259298775,-0.0281));
#2264=CARTESIAN_POINT('',(0.00224361024871702,-0.128949839468677,-0.0281));
#2265=CARTESIAN_POINT('',(0.00103388736255724,-0.140862886991868,0.));
#2266=CARTESIAN_POINT('',(0.00103388736255724,-0.140862886991868,0.0181));
#2267=CARTESIAN_POINT('',(-0.00247057392912745,-0.136670055342462,0.0181));
#2268=CARTESIAN_POINT('',(-0.0040210774409062,-0.142938559658962,0.0181));
#2269=CARTESIAN_POINT('',(-0.00402107744090619,-0.142938559658962,-0.0281));
#2270=CARTESIAN_POINT('',(-0.00402107744090625,-0.142938559658962,-0.0281));
#2271=CARTESIAN_POINT('',(0.00103388736255724,-0.140862886991868,-0.0281));
#2272=CARTESIAN_POINT('',(-0.00247057392912745,-0.136670055342462,-0.0281));
#2273=CARTESIAN_POINT('',(-0.00247057392912745,-0.136670055342462,0.));
#2274=CARTESIAN_POINT('',(0.00289107916074796,-0.133438415438705,0.));
#2275=CARTESIAN_POINT('',(0.00289107916074796,-0.133438415438705,0.0181));
#2276=CARTESIAN_POINT('',(0.00610034507823229,-0.144740241015237,0.0181));
#2277=CARTESIAN_POINT('',(0.00610034507823229,-0.144740241015237,-0.028));
#2278=CARTESIAN_POINT('',(0.00610034507823229,-0.144740241015237,-0.028));
#2279=CARTESIAN_POINT('',(0.00621287761520492,-0.144707679128913,-0.0281));
#2280=CARTESIAN_POINT('',(0.00615778535270139,-0.144723918467832,-0.0281));
#2281=CARTESIAN_POINT('',(0.00610034507823229,-0.144740241015237,-0.0280577548358668));
#2282=CARTESIAN_POINT('',(0.00610034507823229,-0.144740241015237,-0.028));
#2283=CARTESIAN_POINT('',(0.00621287761520492,-0.144707679128913,-0.0281));
#2284=CARTESIAN_POINT('',(0.00289107916074796,-0.133438415438705,-0.0281));
#2285=CARTESIAN_POINT('',(0.00513605927446318,-0.14497057540033,-0.0281));
#2286=CARTESIAN_POINT('',(0.00289107916074796,-0.133438415438705,-0.0281));
#2287=CARTESIAN_POINT('',(0.00610034507823228,-0.144740241015237,-0.028));
#2288=CARTESIAN_POINT('',(0.00610034507823228,-0.144740241015237,0.0181));
#2289=CARTESIAN_POINT('',(0.00599412074572551,-0.145129737241407,-0.028));
#2290=CARTESIAN_POINT('',(0.00599412074572551,-0.145129737241407,0.0181));
#2291=CARTESIAN_POINT('',(0.00583508902126136,-0.145713469824137,-0.028));
#2292=CARTESIAN_POINT('',(0.00583508902126136,-0.145713469824137,0.0181));
#2293=CARTESIAN_POINT('',(0.00562182762479174,-0.146493826960546,-0.028));
#2294=CARTESIAN_POINT('',(0.00562182762479174,-0.146493826960546,0.0181));
#2295=CARTESIAN_POINT('',(0.00546492932039973,-0.147073977247598,-0.028));
#2296=CARTESIAN_POINT('',(0.00546492932039973,-0.147073977247598,0.0181));
#2297=CARTESIAN_POINT('',(0.0052964495927589,-0.147673574282618,-0.028));
#2298=CARTESIAN_POINT('',(0.0052964495927589,-0.147673574282618,0.0181));
#2299=CARTESIAN_POINT('',(0.00517646364737671,-0.148215580506611,-0.028));
#2300=CARTESIAN_POINT('',(0.00517646364737671,-0.148215580506611,0.0181));
#2301=CARTESIAN_POINT('',(0.00507784119510327,-0.149194250299468,-0.028));
#2302=CARTESIAN_POINT('',(0.00507784119510327,-0.149194250299468,0.0181));
#2303=CARTESIAN_POINT('',(0.00526405540443822,-0.149923831110734,-0.028));
#2304=CARTESIAN_POINT('',(0.00526405540443822,-0.149923831110734,0.0181));
#2305=CARTESIAN_POINT('',(0.00550469550252063,-0.150240736159667,-0.028));
#2306=CARTESIAN_POINT('',(0.00550469550252063,-0.150240736159667,0.0181));
#2307=CARTESIAN_POINT('',(0.00569125223804826,-0.150388333379704,-0.028));
#2308=CARTESIAN_POINT('',(0.00569125223804826,-0.150388333379704,0.0181));
#2309=CARTESIAN_POINT('',(0.00615445331372821,-0.150549293539914,-0.028));
#2310=CARTESIAN_POINT('',(0.00615445331372821,-0.150549293539914,0.0181));
#2311=CARTESIAN_POINT('',(0.00703952215379616,-0.15062601885957,-0.028));
#2312=CARTESIAN_POINT('',(0.00703952215379616,-0.15062601885957,0.0181));
#2313=CARTESIAN_POINT('',(0.00819217778389397,-0.150556133423868,-0.028));
#2314=CARTESIAN_POINT('',(0.00819217778389397,-0.150556133423868,0.0181));
#2315=CARTESIAN_POINT('',(0.00998412349051033,-0.150289640333946,-0.028));
#2316=CARTESIAN_POINT('',(0.00998412349051033,-0.150289640333946,0.0181));
#2317=CARTESIAN_POINT('',(0.0125150915051429,-0.14970517837648,-0.028));
#2318=CARTESIAN_POINT('',(0.0125150915051429,-0.14970517837648,0.0181));
#2319=CARTESIAN_POINT('',(0.0156118920185087,-0.148886720042923,-0.028));
#2320=CARTESIAN_POINT('',(0.0156118920185087,-0.148886720042923,0.0181));
#2321=CARTESIAN_POINT('',(0.0183987362455076,-0.148285703559881,-0.028));
#2322=CARTESIAN_POINT('',(0.0183987362455076,-0.148285703559881,0.0181));
#2323=CARTESIAN_POINT('',(0.0217521770104302,-0.147940439352332,-0.028));
#2324=CARTESIAN_POINT('',(0.0217521770104302,-0.147940439352332,0.0181));
#2325=CARTESIAN_POINT('',(0.025837498974855,-0.148368533537844,-0.028));
#2326=CARTESIAN_POINT('',(0.025837498974855,-0.148368533537844,0.0181));
#2327=CARTESIAN_POINT('',(0.0312518892109314,-0.14970716192147,-0.028));
#2328=CARTESIAN_POINT('',(0.0312518892109314,-0.14970716192147,0.0181));
#2329=CARTESIAN_POINT('',(0.0343950457436171,-0.150555659364365,-0.028));
#2330=CARTESIAN_POINT('',(0.0343950457436171,-0.150555659364365,0.0181));
#2331=CARTESIAN_POINT('',(0.0357964519694453,-0.150937903513397,-0.028));
#2332=CARTESIAN_POINT('',(0.0357964519694453,-0.150937903513397,0.0181));
#2333=CARTESIAN_POINT('',(0.0363016442358757,-0.151073463340948,-0.028));
#2334=CARTESIAN_POINT('',(0.0363016442358757,-0.151073463340948,0.0181));
#2335=CARTESIAN_POINT('',(0.0365182761366775,-0.151129878874945,-0.028));
#2336=CARTESIAN_POINT('',(0.0365182761366775,-0.151129878874945,0.0181));
#2337=CARTESIAN_POINT('',(0.00610034507823229,-0.144740241015237,0.0181));
#2338=CARTESIAN_POINT('',(0.00599863083136656,-0.14511319996322,0.0181));
#2339=CARTESIAN_POINT('',(0.00579392148172238,-0.145858571814939,0.0181));
#2340=CARTESIAN_POINT('',(0.00549454259273206,-0.146979905858007,0.0181));
#2341=CARTESIAN_POINT('',(0.00516826572957639,-0.148089772971858,0.0181));
#2342=CARTESIAN_POINT('',(0.00509520427381094,-0.14907681867978,0.0181));
#2343=CARTESIAN_POINT('',(0.00523776510329422,-0.149860055676514,0.0181));
#2344=CARTESIAN_POINT('',(0.00557923094478311,-0.150384648625705,0.0181));
#2345=CARTESIAN_POINT('',(0.00617630559505713,-0.150541740993636,0.0181));
#2346=CARTESIAN_POINT('',(0.00695498102875,-0.150623493755501,0.0181));
#2347=CARTESIAN_POINT('',(0.00793382956301675,-0.150579240415225,0.0181));
#2348=CARTESIAN_POINT('',(0.00909498827570667,-0.150427928307637,0.0181));
#2349=CARTESIAN_POINT('',(0.0102517910024936,-0.150212972195411,0.0181));
#2350=CARTESIAN_POINT('',(0.0117810238180493,-0.149875943533257,0.0181));
#2351=CARTESIAN_POINT('',(0.0136810946489159,-0.149396528252005,0.0181));
#2352=CARTESIAN_POINT('',(0.0159600001323453,-0.148810430490268,0.0181));
#2353=CARTESIAN_POINT('',(0.0182538997516872,-0.148321698697535,0.0181));
#2354=CARTESIAN_POINT('',(0.0206120004996924,-0.148045805325914,0.0181));
#2355=CARTESIAN_POINT('',(0.0237276853096528,-0.148089155716534,0.0181));
#2356=CARTESIAN_POINT('',(0.0275164944936843,-0.148790590680987,0.0181));
#2357=CARTESIAN_POINT('',(0.0320324421900808,-0.149900096251705,0.0181));
#2358=CARTESIAN_POINT('',(0.0350179873635114,-0.150739171910852,0.0181));
#2359=CARTESIAN_POINT('',(0.0365182761366763,-0.151129878874945,0.0181));
#2360=CARTESIAN_POINT('',(0.0365182761366763,-0.151129878874945,0.0181));
#2361=CARTESIAN_POINT('',(0.0365182761366763,-0.151129878874945,-0.004));
#2362=CARTESIAN_POINT('',(0.0365182761134873,-0.151129878868906,-0.028));
#2363=CARTESIAN_POINT('',(0.00610034507823228,-0.144740241015237,-0.028));
#2364=CARTESIAN_POINT('',(0.00599806875742198,-0.145115260938094,-0.028));
#2365=CARTESIAN_POINT('',(0.00579225195569844,-0.14586498104062,-0.028));
#2366=CARTESIAN_POINT('',(0.00549111171373042,-0.146991479653534,-0.028));
#2367=CARTESIAN_POINT('',(0.00516342410960233,-0.148111263659513,-0.028));
#2368=CARTESIAN_POINT('',(0.00509624723807548,-0.149096271347131,-0.028));
#2369=CARTESIAN_POINT('',(0.00524228201117873,-0.149872567167585,-0.028));
#2370=CARTESIAN_POINT('',(0.00558731414324216,-0.150388926376529,-0.028));
#2371=CARTESIAN_POINT('',(0.00618476482778799,-0.150542979185857,-0.028));
#2372=CARTESIAN_POINT('',(0.00696306271749478,-0.150623765490792,-0.028));
#2373=CARTESIAN_POINT('',(0.00795579242358976,-0.150577544850365,-0.028));
#2374=CARTESIAN_POINT('',(0.00911973070039414,-0.150423827684265,-0.028));
#2375=CARTESIAN_POINT('',(0.0102759174478121,-0.150208027969933,-0.028));
#2376=CARTESIAN_POINT('',(0.0118079824881519,-0.149869451432629,-0.028));
#2377=CARTESIAN_POINT('',(0.013712645161731,-0.149388330302679,-0.028));
#2378=CARTESIAN_POINT('',(0.0159971295788924,-0.14880121810258,-0.028));
#2379=CARTESIAN_POINT('',(0.0182966112530532,-0.148314296069659,-0.028));
#2380=CARTESIAN_POINT('',(0.0206598992407025,-0.14804275090179,-0.028));
#2381=CARTESIAN_POINT('',(0.0237915699710076,-0.14809642946874,-0.028));
#2382=CARTESIAN_POINT('',(0.0275652957098787,-0.14880285479162,-0.028));
#2383=CARTESIAN_POINT('',(0.0320543286069803,-0.149905933424147,-0.028));
#2384=CARTESIAN_POINT('',(0.0350264793822675,-0.150741383412347,-0.028));
#2385=CARTESIAN_POINT('',(0.0365182761134836,-0.151129878868905,-0.028));
#2386=CARTESIAN_POINT('',(0.0365182761135332,-0.151129878868735,-0.028));
#2387=CARTESIAN_POINT('',(0.0365182761135332,-0.151129878868735,0.0181000000000001));
#2388=CARTESIAN_POINT('',(0.0370071730004419,-0.151261063338056,-0.028));
#2389=CARTESIAN_POINT('',(0.0370071730004419,-0.151261063338056,0.0181000000000001));
#2390=CARTESIAN_POINT('',(0.0380615158981153,-0.151559473392281,-0.028));
#2391=CARTESIAN_POINT('',(0.0380615158981153,-0.151559473392281,0.0181000000000001));
#2392=CARTESIAN_POINT('',(0.0401556330296732,-0.152203161883627,-0.028));
#2393=CARTESIAN_POINT('',(0.0401556330296732,-0.152203161883627,0.0181000000000001));
#2394=CARTESIAN_POINT('',(0.0428549413264548,-0.153101966034068,-0.028));
#2395=CARTESIAN_POINT('',(0.0428549413264548,-0.153101966034068,0.0181000000000001));
#2396=CARTESIAN_POINT('',(0.0460718946728039,-0.154221727449425,-0.028));
#2397=CARTESIAN_POINT('',(0.0460718946728039,-0.154221727449425,0.0181000000000001));
#2398=CARTESIAN_POINT('',(0.0491604299528314,-0.155286703584529,-0.028));
#2399=CARTESIAN_POINT('',(0.0491604299528314,-0.155286703584529,0.0181000000000001));
#2400=CARTESIAN_POINT('',(0.0519916116364489,-0.156196740531232,-0.028));
#2401=CARTESIAN_POINT('',(0.0519916116364489,-0.156196740531232,0.0181000000000001));
#2402=CARTESIAN_POINT('',(0.0544222268207099,-0.156847417440728,-0.028));
#2403=CARTESIAN_POINT('',(0.0544222268207099,-0.156847417440728,0.0181000000000001));
#2404=CARTESIAN_POINT('',(0.0562746758767589,-0.157151855177403,-0.028));
#2405=CARTESIAN_POINT('',(0.0562746758767589,-0.157151855177403,0.0181000000000001));
#2406=CARTESIAN_POINT('',(0.0568884875531267,-0.157059400168387,-0.028));
#2407=CARTESIAN_POINT('',(0.0568884875531267,-0.157059400168387,0.0181000000000001));
#2408=CARTESIAN_POINT('',(0.0569254397291732,-0.157047974345354,-0.028));
#2409=CARTESIAN_POINT('',(0.0569254397291732,-0.157047974345354,0.0181000000000001));
#2410=CARTESIAN_POINT('',(0.0365182761366763,-0.151129878874945,0.0181));
#2411=CARTESIAN_POINT('',(0.0382023705064826,-0.151581767672164,0.0181));
#2412=CARTESIAN_POINT('',(0.0415223620770286,-0.152634068350215,0.0181));
#2413=CARTESIAN_POINT('',(0.0456329637065331,-0.154071312890288,0.0181));
#2414=CARTESIAN_POINT('',(0.0489265086545004,-0.155204607194547,0.0181));
#2415=CARTESIAN_POINT('',(0.0514079593170769,-0.156012799245086,0.0181));
#2416=CARTESIAN_POINT('',(0.0534949983468357,-0.15661593468302,0.0181));
#2417=CARTESIAN_POINT('',(0.0551972500615844,-0.156978554791372,0.0181));
#2418=CARTESIAN_POINT('',(0.0560655014272658,-0.15709693284191,0.0181));
#2419=CARTESIAN_POINT('',(0.0565174283284969,-0.157090705293095,0.0181));
#2420=CARTESIAN_POINT('',(0.0565174283284969,-0.157090705293095,0.0181));
#2421=CARTESIAN_POINT('',(0.0565174283284969,-0.157090705293095,0.0181));
#2422=CARTESIAN_POINT('',(0.0566605011585229,-0.157088733750726,0.0181000000000002));
#2423=CARTESIAN_POINT('',(0.0568142643592651,-0.157082350402141,0.0180813808750912));
#2424=CARTESIAN_POINT('',(0.0569254397291732,-0.157047974345354,0.018));
#2425=CARTESIAN_POINT('',(0.0569254397291732,-0.157047974345354,0.018));
#2426=CARTESIAN_POINT('',(0.0569254397291732,-0.157047974345354,0.));
#2427=CARTESIAN_POINT('',(0.0569254397291732,-0.157047974345354,-0.028));
#2428=CARTESIAN_POINT('',(0.0569254397291733,-0.157047974345354,-0.028));
#2429=CARTESIAN_POINT('',(0.0567126832031365,-0.157113759873451,-0.028));
#2430=CARTESIAN_POINT('',(0.0562552500677772,-0.15708991289419,-0.028));
#2431=CARTESIAN_POINT('',(0.0553756632310353,-0.157011839050316,-0.028));
#2432=CARTESIAN_POINT('',(0.0542806726366808,-0.156790383475424,-0.028));
#2433=CARTESIAN_POINT('',(0.0529927596982854,-0.156465919799966,-0.028));
#2434=CARTESIAN_POINT('',(0.0512872655585305,-0.155971528040208,-0.028));
#2435=CARTESIAN_POINT('',(0.0491743307105521,-0.155288014717272,-0.028));
#2436=CARTESIAN_POINT('',(0.046653965404695,-0.154423638653913,-0.028));
#2437=CARTESIAN_POINT('',(0.0441373150111106,-0.153547343022051,-0.028));
#2438=CARTESIAN_POINT('',(0.0407755201622203,-0.152398274447962,-0.028));
#2439=CARTESIAN_POINT('',(0.0382363464220767,-0.151590884343953,-0.028));
#2440=CARTESIAN_POINT('',(0.0365182761135324,-0.151129878868735,-0.028));
#2441=CARTESIAN_POINT('',(0.0548813981430193,-0.134585261848965,0.));
#2442=CARTESIAN_POINT('',(0.0548813981430193,-0.134585261848965,-0.028));
#2443=CARTESIAN_POINT('',(0.0576050647852712,-0.156902647461276,-0.028));
#2444=CARTESIAN_POINT('',(0.0757245423117367,-0.14301422392675,-0.028));
#2445=CARTESIAN_POINT('',(0.0576050647852712,-0.156902647461276,0.));
#2446=CARTESIAN_POINT('',(0.0576050647852712,-0.156902647461276,0.018));
#2447=CARTESIAN_POINT('',(0.0548813981430193,-0.134585261848965,0.018));
#2448=CARTESIAN_POINT('',(0.0757245423117367,-0.14301422392675,0.018));
#2449=CARTESIAN_POINT('',(0.0757245423117367,-0.14301422392675,0.));
#2450=CARTESIAN_POINT('',(0.0756508573618515,-0.142878559237013,-0.0281));
#2451=CARTESIAN_POINT('',(0.0756508573618515,-0.142878559237013,0.0181));
#2452=CARTESIAN_POINT('',(0.069986059316729,-0.141780996705475,-0.0281));
#2453=CARTESIAN_POINT('',(0.069986059316729,-0.141780996705475,0.0181));
#2454=CARTESIAN_POINT('',(0.0644323453060756,-0.140679349403957,-0.0281));
#2455=CARTESIAN_POINT('',(0.0644323453060756,-0.140679349403957,0.0181));
#2456=CARTESIAN_POINT('',(0.0598945649433023,-0.139538609242479,-0.0281));
#2457=CARTESIAN_POINT('',(0.0598945649433023,-0.139538609242479,0.0181));
#2458=CARTESIAN_POINT('',(0.0756508573618515,-0.142878559237013,0.0181));
#2459=CARTESIAN_POINT('',(0.0703793309008428,-0.141857193624059,0.0181));
#2460=CARTESIAN_POINT('',(0.0651026503665331,-0.140847855554934,0.0181));
#2461=CARTESIAN_POINT('',(0.0598945649433024,-0.139538609242479,0.0181));
#2462=CARTESIAN_POINT('',(0.0756508573618515,-0.142878559237013,0.0181));
#2463=CARTESIAN_POINT('',(0.0598945649433024,-0.139538609242479,0.0181));
#2464=CARTESIAN_POINT('',(0.0598945649433024,-0.139538609242479,0.));
#2465=CARTESIAN_POINT('',(0.0598945649433024,-0.139538609242479,-0.0281));
#2466=CARTESIAN_POINT('',(0.0756508573618515,-0.142878559237013,-0.0281));
#2467=CARTESIAN_POINT('',(0.0703793309008428,-0.141857193624059,-0.0281));
#2468=CARTESIAN_POINT('',(0.0651026503665331,-0.140847855554934,-0.0281));
#2469=CARTESIAN_POINT('',(0.0598945649433024,-0.139538609242479,-0.0281));
#2470=CARTESIAN_POINT('',(0.0756508573618515,-0.142878559237013,-0.0281));
#2471=CARTESIAN_POINT('',(0.0756508573618515,-0.142878559237013,0.));
#2472=CARTESIAN_POINT('',(0.0598945649433025,-0.139538609242479,-0.0281));
#2473=CARTESIAN_POINT('',(0.0598945649433025,-0.139538609242479,0.0181));
#2474=CARTESIAN_POINT('',(0.0561833416395449,-0.138605654993406,-0.0281));
#2475=CARTESIAN_POINT('',(0.0561833416395449,-0.138605654993406,0.0181));
#2476=CARTESIAN_POINT('',(0.0531981171495729,-0.137656177791761,-0.0281));
#2477=CARTESIAN_POINT('',(0.0531981171495729,-0.137656177791761,0.0181));
#2478=CARTESIAN_POINT('',(0.0502859218570455,-0.136722132846695,-0.0281));
#2479=CARTESIAN_POINT('',(0.0502859218570455,-0.136722132846695,0.0181));
#2480=CARTESIAN_POINT('',(0.0598945649433024,-0.139538609242479,0.0181));
#2481=CARTESIAN_POINT('',(0.0566568350993757,-0.138724685215815,0.0181));
#2482=CARTESIAN_POINT('',(0.0534647377892095,-0.137741692544615,0.0181));
#2483=CARTESIAN_POINT('',(0.0502859218570455,-0.136722132846695,0.0181));
#2484=CARTESIAN_POINT('',(0.0502859218570455,-0.136722132846695,0.0181));
#2485=CARTESIAN_POINT('',(0.0502859218570456,-0.136722132846695,-0.0281));
#2486=CARTESIAN_POINT('',(0.0502859218570456,-0.136722132846695,-0.0281));
#2487=CARTESIAN_POINT('',(0.0598945649433024,-0.139538609242479,-0.0281));
#2488=CARTESIAN_POINT('',(0.0566568350993757,-0.138724685215815,-0.0281));
#2489=CARTESIAN_POINT('',(0.0534647377892096,-0.137741692544615,-0.0281));
#2490=CARTESIAN_POINT('',(0.0502859218570456,-0.136722132846695,-0.0281));
#2491=CARTESIAN_POINT('',(0.0502859218570455,-0.136722132846695,-0.0281));
#2492=CARTESIAN_POINT('',(0.0502859218570455,-0.136722132846695,0.0181));
#2493=CARTESIAN_POINT('',(0.0494009115481237,-0.136739442058706,-0.0281));
#2494=CARTESIAN_POINT('',(0.0494009115481237,-0.136739442058706,0.0181));
#2495=CARTESIAN_POINT('',(0.0475680487481279,-0.136765108721323,-0.0281));
#2496=CARTESIAN_POINT('',(0.0475680487481279,-0.136765108721323,0.0181));
#2497=CARTESIAN_POINT('',(0.04390172291423,-0.136614475901,-0.0281));
#2498=CARTESIAN_POINT('',(0.04390172291423,-0.136614475901,0.0181));
#2499=CARTESIAN_POINT('',(0.0402792989455001,-0.136130203256315,-0.0281));
#2500=CARTESIAN_POINT('',(0.0402792989455001,-0.136130203256315,0.0181));
#2501=CARTESIAN_POINT('',(0.0367297353718029,-0.135218633872174,-0.0281));
#2502=CARTESIAN_POINT('',(0.0367297353718029,-0.135218633872174,0.0181));
#2503=CARTESIAN_POINT('',(0.0341169182953047,-0.134300479132063,-0.0281));
#2504=CARTESIAN_POINT('',(0.0341169182953047,-0.134300479132063,0.0181));
#2505=CARTESIAN_POINT('',(0.0319898161046034,-0.133318750256366,-0.0281));
#2506=CARTESIAN_POINT('',(0.0319898161046034,-0.133318750256366,0.0181));
#2507=CARTESIAN_POINT('',(0.0303280820971126,-0.132401549829152,-0.0281));
#2508=CARTESIAN_POINT('',(0.0303280820971126,-0.132401549829152,0.0181));
#2509=CARTESIAN_POINT('',(0.0295069891059921,-0.131884360220657,-0.0281));
#2510=CARTESIAN_POINT('',(0.0295069891059921,-0.131884360220657,0.0181));
#2511=CARTESIAN_POINT('',(0.0291265649600788,-0.131642253536737,-0.0281));
#2512=CARTESIAN_POINT('',(0.0291265649600788,-0.131642253536737,0.0181));
#2513=CARTESIAN_POINT('',(0.0502859218570456,-0.136722132846695,-0.0281));
#2514=CARTESIAN_POINT('',(0.0484351924808652,-0.136758329789063,-0.0281));
#2515=CARTESIAN_POINT('',(0.0447325946608311,-0.136741144056289,-0.0281));
#2516=CARTESIAN_POINT('',(0.0392115912010736,-0.135978000945885,-0.0281));
#2517=CARTESIAN_POINT('',(0.0348035523562054,-0.134624813398005,-0.0281));
#2518=CARTESIAN_POINT('',(0.0314909799835432,-0.133087384158929,-0.0281));
#2519=CARTESIAN_POINT('',(0.0299079659020483,-0.132139546868153,-0.0281));
#2520=CARTESIAN_POINT('',(0.0291265649600791,-0.131642253536737,-0.0281));
#2521=CARTESIAN_POINT('',(0.0502859218570455,-0.136722132846695,0.0181));
#2522=CARTESIAN_POINT('',(0.0484351924808651,-0.136758329789063,0.0181));
#2523=CARTESIAN_POINT('',(0.044732594660831,-0.136741144056289,0.0181));
#2524=CARTESIAN_POINT('',(0.0392115912010736,-0.135978000945885,0.0181));
#2525=CARTESIAN_POINT('',(0.0348035523562053,-0.134624813398005,0.0181));
#2526=CARTESIAN_POINT('',(0.0314909799835431,-0.133087384158929,0.0181));
#2527=CARTESIAN_POINT('',(0.0299079659020483,-0.132139546868153,0.0181));
#2528=CARTESIAN_POINT('',(0.0291265649600791,-0.131642253536737,0.0181));
#2529=CARTESIAN_POINT('',(0.0359735392100157,-0.138668568311693,0.0181));
#2530=CARTESIAN_POINT('',(0.0756318359580662,-0.142976733501451,0.0181));
#2531=CARTESIAN_POINT('',(0.0756691191985806,-0.14288394363144,0.0181));
#2532=CARTESIAN_POINT('',(0.0548813981430193,-0.134585261848965,0.0181));
#2533=CARTESIAN_POINT('',(0.0575929504324187,-0.156803383961161,0.0181));
#2534=CARTESIAN_POINT('',(0.0580775245465221,-0.160773923965738,0.0181));
#2535=CARTESIAN_POINT('',(-0.00503581661625461,-0.133600930067055,0.0181));
#2536=CARTESIAN_POINT('',(0.0359735392100157,-0.138668568311693,-0.0281));
#2537=CARTESIAN_POINT('',(0.0365438352616774,-0.151033199675256,-0.0281));
#2538=CARTESIAN_POINT('',(0.0350557705311866,-0.150645676110711,-0.0281));
#2539=CARTESIAN_POINT('',(0.0320909939368923,-0.149812322739229,-0.0281));
#2540=CARTESIAN_POINT('',(0.0276135293407137,-0.148711489277644,-0.0281));
#2541=CARTESIAN_POINT('',(0.0238490607624277,-0.148004238452538,-0.0281));
#2542=CARTESIAN_POINT('',(0.0207288295137571,-0.147939783757878,-0.0281));
#2543=CARTESIAN_POINT('',(0.0183689835881124,-0.148200980306095,-0.0281));
#2544=CARTESIAN_POINT('',(0.0160740691705927,-0.148679632785593,-0.0281));
#2545=CARTESIAN_POINT('',(0.0137949189292371,-0.149263545875909,-0.0281));
#2546=CARTESIAN_POINT('',(0.0118955557827423,-0.14974514465959,-0.0281));
#2547=CARTESIAN_POINT('',(0.0103678267288153,-0.150086839214434,-0.0281));
#2548=CARTESIAN_POINT('',(0.00921584989688869,-0.150306166930728,-0.0281));
#2549=CARTESIAN_POINT('',(0.00824773243196318,-0.150441380177704,-0.0281));
#2550=CARTESIAN_POINT('',(0.00746465869891706,-0.150499006114101,-0.0281));
#2551=CARTESIAN_POINT('',(0.00687154980915524,-0.150508309482757,-0.0281));
#2552=CARTESIAN_POINT('',(0.00629088648795838,-0.150455589126099,-0.0281));
#2553=CARTESIAN_POINT('',(0.00568316030363928,-0.150335434579832,-0.0281));
#2554=CARTESIAN_POINT('',(0.00532751817142004,-0.149826737654829,-0.0281));
#2555=CARTESIAN_POINT('',(0.00519610963544761,-0.149047697430874,-0.0281));
#2556=CARTESIAN_POINT('',(0.00527431154068535,-0.148068372346433,-0.0281));
#2557=CARTESIAN_POINT('',(0.00560646843534791,-0.146952967280734,-0.0281));
#2558=CARTESIAN_POINT('',(0.00590531034922006,-0.145829232395067,-0.0281));
#2559=CARTESIAN_POINT('',(0.0061108840024291,-0.145081662436995,-0.0281));
#2560=CARTESIAN_POINT('',(0.00621287761520492,-0.144707679128913,-0.0281));
#2561=CARTESIAN_POINT('',(0.0365438352616774,-0.151033199675256,-0.0281));
#2562=CARTESIAN_POINT('',(0.0568958990928309,-0.156952437175601,-0.0281));
#2563=CARTESIAN_POINT('',(0.0567878129404829,-0.156985858028745,-0.0281));
#2564=CARTESIAN_POINT('',(0.0565642997486336,-0.156991677271442,-0.0281));
#2565=CARTESIAN_POINT('',(0.056120142312801,-0.156987400418428,-0.0281));
#2566=CARTESIAN_POINT('',(0.0553479753018345,-0.156899281003484,-0.0281));
#2567=CARTESIAN_POINT('',(0.0542592633485937,-0.156684982096323,-0.0281));
#2568=CARTESIAN_POINT('',(0.0529741785573037,-0.156356520012124,-0.0281));
#2569=CARTESIAN_POINT('',(0.0512737114008585,-0.155862813764051,-0.0281));
#2570=CARTESIAN_POINT('',(0.0491661183632646,-0.155179610656217,-0.0281));
#2571=CARTESIAN_POINT('',(0.0466524987116899,-0.154317276302142,-0.0281));
#2572=CARTESIAN_POINT('',(0.044142463368438,-0.153443294465154,-0.0281));
#2573=CARTESIAN_POINT('',(0.0407894563086108,-0.152297616376721,-0.0281));
#2574=CARTESIAN_POINT('',(0.0382570127448549,-0.151492892270977,-0.0281));
#2575=CARTESIAN_POINT('',(0.0365438352616774,-0.151033199675256,-0.0281));
#2576=CARTESIAN_POINT('',(0.0568958990928309,-0.156952437175601,-0.0281));
#2577=CARTESIAN_POINT('',(0.0580775245465221,-0.160773923965738,-0.0281));
#2578=CARTESIAN_POINT('',(0.0575929504324187,-0.156803383961161,-0.0281));
#2579=CARTESIAN_POINT('',(0.0548813981430193,-0.134585261848965,-0.0281));
#2580=CARTESIAN_POINT('',(0.0756691191985806,-0.14288394363144,-0.0281));
#2581=CARTESIAN_POINT('',(0.0756318359580662,-0.142976733501451,-0.0281));
#2582=CARTESIAN_POINT('',(-0.00503581661625461,-0.133600930067055,-0.0281));
#2583=CARTESIAN_POINT('',(0.0548813981430193,-0.134585261848965,0.018));
#2584=CARTESIAN_POINT('',(0.0756691191985806,-0.14288394363144,0.0181));
#2585=CARTESIAN_POINT('',(0.0757290574221728,-0.142908026984568,0.0181));
#2586=CARTESIAN_POINT('',(0.075741389484818,-0.142972564223678,0.0180448371964006));
#2587=CARTESIAN_POINT('',(0.0757245423117367,-0.14301422392675,0.018));
#2588=CARTESIAN_POINT('',(0.0575929504324187,-0.156803383961161,0.018));
#2589=CARTESIAN_POINT('',(0.0580775245465221,-0.160773923965738,0.018));
#2590=CARTESIAN_POINT('',(0.0580775245465221,-0.160773923965738,0.018));
#2591=CARTESIAN_POINT('',(0.0756318359580662,-0.142976733501451,-0.005));
#2592=CARTESIAN_POINT('',(0.0756691191985806,-0.14288394363144,-0.0281));
#2593=CARTESIAN_POINT('',(0.0757290574221728,-0.142908026984568,-0.0281));
#2594=CARTESIAN_POINT('',(0.075741389484818,-0.142972564223678,-0.0280448371964006));
#2595=CARTESIAN_POINT('',(0.0757245423117367,-0.14301422392675,-0.028));
#2596=CARTESIAN_POINT('',(0.0580775245465221,-0.160773923965738,-0.005));
#2597=CARTESIAN_POINT('',(0.0580775245465221,-0.160773923965738,-0.028));
#2598=CARTESIAN_POINT('',(0.0548813981430193,-0.134585261848965,-0.028));
#2599=CARTESIAN_POINT('',(0.0575929504324187,-0.156803383961161,-0.028));
#2600=CARTESIAN_POINT('',(0.0580775245465221,-0.160773923965738,-0.028));
#2601=CARTESIAN_POINT('',(0.0568958990928309,-0.156952437175601,-0.028));
#2602=CARTESIAN_POINT('',(0.0364204286104109,-0.151000086279588,-0.0281));
#2603=CARTESIAN_POINT('',(0.0363945126187254,-0.151096669722139,-0.0281));
#2604=CARTESIAN_POINT('',(0.0363945126187254,-0.151096669722139,-0.028));
#2605=CARTESIAN_POINT('',(0.0372825611879852,-0.15123142014102,-0.0281));
#2606=CARTESIAN_POINT('',(0.0372566451962931,-0.151328003583556,-0.0281));
#2607=CARTESIAN_POINT('',(0.0372566451963085,-0.151328003583538,-0.028));
#2608=CARTESIAN_POINT('',(0.0389954191388795,-0.151728934021612,-0.0281));
#2609=CARTESIAN_POINT('',(0.0389650931041338,-0.151824269129327,-0.0281));
#2610=CARTESIAN_POINT('',(0.0389650931041269,-0.151824269129336,-0.028));
#2611=CARTESIAN_POINT('',(0.0415389253951858,-0.15255395442854,-0.0281));
#2612=CARTESIAN_POINT('',(0.0415073543891133,-0.152648832358466,-0.0281));
#2613=CARTESIAN_POINT('',(0.0415073543891144,-0.152648832358461,-0.028));
#2614=CARTESIAN_POINT('',(0.044069628924996,-0.153418093389688,-0.0281));
#2615=CARTESIAN_POINT('',(0.0440368310703573,-0.153512566017618,-0.0281));
#2616=CARTESIAN_POINT('',(0.0440368310703599,-0.153512566017629,-0.028));
#2617=CARTESIAN_POINT('',(0.046595372258,-0.154297347322316,-0.0281));
#2618=CARTESIAN_POINT('',(0.0465625408155068,-0.154391802856845,-0.0281));
#2619=CARTESIAN_POINT('',(0.046562540815495,-0.154391802856806,-0.028));
#2620=CARTESIAN_POINT('',(0.0487030821941846,-0.155021242480158,-0.0281));
#2621=CARTESIAN_POINT('',(0.0486710065037637,-0.15511596202982,-0.0281));
#2622=CARTESIAN_POINT('',(0.0486710065037988,-0.155115962029933,-0.028));
#2623=CARTESIAN_POINT('',(0.0503964313319232,-0.155578164704796,-0.0281));
#2624=CARTESIAN_POINT('',(0.050365754608132,-0.155673346398811,-0.0281));
#2625=CARTESIAN_POINT('',(0.0503657546080713,-0.155673346398615,-0.028));
#2626=CARTESIAN_POINT('',(0.0516724072480817,-0.155978341301427,-0.0281));
#2627=CARTESIAN_POINT('',(0.0516433389657881,-0.156074030117232,-0.0281));
#2628=CARTESIAN_POINT('',(0.0516433389660196,-0.15607403011798,-0.028));
#2629=CARTESIAN_POINT('',(0.0527414229061697,-0.15628931591363,-0.0281));
#2630=CARTESIAN_POINT('',(0.0527144019845647,-0.156385607201291,-0.0281));
#2631=CARTESIAN_POINT('',(0.052714401983882,-0.156385607199083,-0.028));
#2632=CARTESIAN_POINT('',(0.0536020284900317,-0.15651683792681,-0.0281));
#2633=CARTESIAN_POINT('',(0.0535774108650425,-0.156613768490329,-0.0281));
#2634=CARTESIAN_POINT('',(0.053577410866225,-0.156613768494153,-0.028));
#2635=CARTESIAN_POINT('',(0.0542510825003703,-0.156673677034898,-0.0281));
#2636=CARTESIAN_POINT('',(0.0542288342838763,-0.156771182425262,-0.0281));
#2637=CARTESIAN_POINT('',(0.0542288342793628,-0.156771182410665,-0.028));
#2638=CARTESIAN_POINT('',(0.0549045076584314,-0.156812080767171,-0.0281));
#2639=CARTESIAN_POINT('',(0.0548854800318847,-0.156910284287971,-0.0281));
#2640=CARTESIAN_POINT('',(0.0548854800487563,-0.156910284342535,-0.028));
#2641=CARTESIAN_POINT('',(0.0554554505216492,-0.156906183053985,-0.0281));
#2642=CARTESIAN_POINT('',(0.055440395125502,-0.157005064000589,-0.0281));
#2643=CARTESIAN_POINT('',(0.0554403950758365,-0.157005063839966,-0.028));
#2644=CARTESIAN_POINT('',(0.0558986529443361,-0.156960852957917,-0.0281));
#2645=CARTESIAN_POINT('',(0.0558881937819733,-0.157060361176515,-0.0281));
#2646=CARTESIAN_POINT('',(0.0558881938679968,-0.157060361454723,-0.028));
#2647=CARTESIAN_POINT('',(0.056176585965553,-0.156983485170413,-0.0281));
#2648=CARTESIAN_POINT('',(0.0561704274160719,-0.157083250073133,-0.0281));
#2649=CARTESIAN_POINT('',(0.0561704271567833,-0.157083249234569,-0.028));
#2650=CARTESIAN_POINT('',(0.056399604965683,-0.156991595687072,-0.0281));
#2651=CARTESIAN_POINT('',(0.0563973980835135,-0.157091722507719,-0.0281));
#2652=CARTESIAN_POINT('',(0.0563973985330283,-0.157091723961491,-0.028));
#2653=CARTESIAN_POINT('',(0.0565678726279785,-0.156991022367809,-0.0281));
#2654=CARTESIAN_POINT('',(0.0565719021763105,-0.157090576886269,-0.0281));
#2655=CARTESIAN_POINT('',(0.0565719004603391,-0.157090571336658,-0.028));
#2656=CARTESIAN_POINT('',(0.056707193515215,-0.15698342854587,-0.0281));
#2657=CARTESIAN_POINT('',(0.0567111315527466,-0.157084512708782,-0.0281));
#2658=CARTESIAN_POINT('',(0.0567111366120603,-0.157084529071073,-0.028));
#2659=CARTESIAN_POINT('',(0.0568161521519995,-0.156969642327705,-0.0281));
#2660=CARTESIAN_POINT('',(0.0568379803974927,-0.157066303909203,-0.0281));
#2661=CARTESIAN_POINT('',(0.0568379716339222,-0.157066275567,-0.028));
#2662=CARTESIAN_POINT('',(0.0568699775381076,-0.156960428800164,-0.0281));
#2663=CARTESIAN_POINT('',(0.056875228012253,-0.157063431427309,-0.0281));
#2664=CARTESIAN_POINT('',(0.0568752473915222,-0.157063494101671,-0.028));
#2665=CARTESIAN_POINT('',(0.056895899092831,-0.156952437175601,-0.0281));
#2666=CARTESIAN_POINT('',(0.0569254397291732,-0.157047974345354,-0.0281));
#2667=CARTESIAN_POINT('',(0.0569254397291732,-0.157047974345354,-0.028));
#2668=CARTESIAN_POINT('',(0.0365438352616774,-0.151033199675256,-0.0281));
#2669=CARTESIAN_POINT('',(0.0365304525350585,-0.151083820785822,-0.0281));
#2670=CARTESIAN_POINT('',(0.0365182725903216,-0.15112987792336,-0.0280523598775598));
#2671=CARTESIAN_POINT('',(0.0365182761829569,-0.151129878887363,-0.028));
#2672=CARTESIAN_POINT('',(0.036732920314662,-0.151185776763832,-0.028));
#2673=CARTESIAN_POINT('',(0.036732920314662,-0.151185776763832,-0.0281));
#2674=CARTESIAN_POINT('',(0.0367581218751125,-0.151089004446763,-0.0281));
#2675=CARTESIAN_POINT('',(0.035226961614704,-0.150793593230745,-0.028));
#2676=CARTESIAN_POINT('',(0.0352269616146957,-0.150793593230806,-0.0281));
#2677=CARTESIAN_POINT('',(0.0352521631751454,-0.150696820913712,-0.0281));
#2678=CARTESIAN_POINT('',(0.0322251525056078,-0.149952110423907,-0.028));
#2679=CARTESIAN_POINT('',(0.0322251525056117,-0.149952110423879,-0.0281));
#2680=CARTESIAN_POINT('',(0.0322513211526949,-0.149855573036673,-0.0281));
#2681=CARTESIAN_POINT('',(0.0276987056100238,-0.148832559255797,-0.028));
#2682=CARTESIAN_POINT('',(0.0276987056100228,-0.148832559255805,-0.0281));
#2683=CARTESIAN_POINT('',(0.0277212637077733,-0.148735158250548,-0.0281));
#2684=CARTESIAN_POINT('',(0.0238999218622071,-0.148109842519016,-0.028));
#2685=CARTESIAN_POINT('',(0.0238999218622073,-0.148109842519015,-0.0281));
#2686=CARTESIAN_POINT('',(0.0239131164164437,-0.148010186753504,-0.0281));
#2687=CARTESIAN_POINT('',(0.0207618327859509,-0.148037373476357,-0.028));
#2688=CARTESIAN_POINT('',(0.0207618327859509,-0.148037373476357,-0.0281));
#2689=CARTESIAN_POINT('',(0.0207571742087101,-0.147937164018272,-0.0281));
#2690=CARTESIAN_POINT('',(0.0183847589497628,-0.148298925232452,-0.028));
#2691=CARTESIAN_POINT('',(0.0183847589497628,-0.148298925232452,-0.0281));
#2692=CARTESIAN_POINT('',(0.0183682637935922,-0.148200138255278,-0.0281));
#2693=CARTESIAN_POINT('',(0.0160698752087723,-0.148783186957303,-0.028));
#2694=CARTESIAN_POINT('',(0.0160698752087723,-0.148783186957303,-0.0281));
#2695=CARTESIAN_POINT('',(0.0160461843642381,-0.148686005850787,-0.0281));
#2696=CARTESIAN_POINT('',(0.0137650666801424,-0.14937469604923,-0.028));
#2697=CARTESIAN_POINT('',(0.0137650666801424,-0.14937469604923,-0.0281));
#2698=CARTESIAN_POINT('',(0.013739839165728,-0.149277937344978,-0.0281));
#2699=CARTESIAN_POINT('',(0.0118410546822841,-0.149861601121377,-0.028));
#2700=CARTESIAN_POINT('',(0.0118410546822841,-0.149861601121377,-0.0281));
#2701=CARTESIAN_POINT('',(0.0118174244078713,-0.149764419030668,-0.0281));
#2702=CARTESIAN_POINT('',(0.01029114114851,-0.150205119674034,-0.028));
#2703=CARTESIAN_POINT('',(0.01029114114851,-0.150205119674034,-0.0281));
#2704=CARTESIAN_POINT('',(0.0102708789452525,-0.150107170781374,-0.0281));
#2705=CARTESIAN_POINT('',(0.00912034702576565,-0.150423702151721,-0.028));
#2706=CARTESIAN_POINT('',(0.00912034702576565,-0.150423702151721,-0.0281));
#2707=CARTESIAN_POINT('',(0.00910419613939326,-0.150324991516954,-0.0281));
#2708=CARTESIAN_POINT('',(0.00813451303429795,-0.1505548470151,-0.028));
#2709=CARTESIAN_POINT('',(0.00813451303429795,-0.1505548470151,-0.0281));
#2710=CARTESIAN_POINT('',(0.00812382758301896,-0.150455289709614,-0.0281));
#2711=CARTESIAN_POINT('',(0.0073320848102538,-0.150604849799614,-0.028));
#2712=CARTESIAN_POINT('',(0.00733208481025379,-0.150604849799614,-0.0281));
#2713=CARTESIAN_POINT('',(0.00732885274298664,-0.150504897581199,-0.0281));
#2714=CARTESIAN_POINT('',(0.00672639251334064,-0.150602387807291,-0.028));
#2715=CARTESIAN_POINT('',(0.00672639251334064,-0.150602387807291,-0.0281));
#2716=CARTESIAN_POINT('',(0.00673101396490886,-0.150502097264504,-0.0281));
#2717=CARTESIAN_POINT('',(0.00621799147425662,-0.150545307869495,-0.028));
#2718=CARTESIAN_POINT('',(0.00621799147425662,-0.150545307869495,-0.0281));
#2719=CARTESIAN_POINT('',(0.00623484419322233,-0.150447017882384,-0.0281));
#2720=CARTESIAN_POINT('',(0.00581712632763503,-0.150440711286036,-0.028));
#2721=CARTESIAN_POINT('',(0.00581712632763503,-0.150440711286036,-0.0281));
#2722=CARTESIAN_POINT('',(0.00584953187048554,-0.150344524520439,-0.0281));
#2723=CARTESIAN_POINT('',(0.00551322437163729,-0.150270634947871,-0.028));
#2724=CARTESIAN_POINT('',(0.00551322437163729,-0.150270634947871,-0.0281));
#2725=CARTESIAN_POINT('',(0.0055843883582511,-0.150195539026041,-0.0281));
#2726=CARTESIAN_POINT('',(0.00532133992424444,-0.149984322214946,-0.028));
#2727=CARTESIAN_POINT('',(0.00532133992424444,-0.149984322214946,-0.0281));
#2728=CARTESIAN_POINT('',(0.00541310851523046,-0.149941736698478,-0.0281));
#2729=CARTESIAN_POINT('',(0.0051806766145669,-0.149589114493397,-0.028));
#2730=CARTESIAN_POINT('',(0.0051806766145669,-0.149589114493397,-0.0281));
#2731=CARTESIAN_POINT('',(0.00527909556839214,-0.149568392383399,-0.0281));
#2732=CARTESIAN_POINT('',(0.0051167115254716,-0.149076457949916,-0.028));
#2733=CARTESIAN_POINT('',(0.0051167115254716,-0.149076457949916,-0.0281));
#2734=CARTESIAN_POINT('',(0.00521715121797801,-0.149073614517039,-0.0281));
#2735=CARTESIAN_POINT('',(0.00514260398610357,-0.148470162804078,-0.028));
#2736=CARTESIAN_POINT('',(0.00514260398610355,-0.148470162804078,-0.0281));
#2737=CARTESIAN_POINT('',(0.00524231017271033,-0.148480854107039,-0.0281));
#2738=CARTESIAN_POINT('',(0.00527925320511158,-0.147676271115973,-0.028));
#2739=CARTESIAN_POINT('',(0.00527925320511164,-0.147676271115973,-0.0281));
#2740=CARTESIAN_POINT('',(0.0053759452550485,-0.147703140576843,-0.0281));
#2741=CARTESIAN_POINT('',(0.00556232816024722,-0.14673851056241,-0.028));
#2742=CARTESIAN_POINT('',(0.00556232816024675,-0.14673851056241,-0.0281));
#2743=CARTESIAN_POINT('',(0.00565873106088721,-0.146764631270899,-0.0281));
#2744=CARTESIAN_POINT('',(0.00586371804071551,-0.145600601849802,-0.028));
#2745=CARTESIAN_POINT('',(0.00586371804071723,-0.145600601849801,-0.0281));
#2746=CARTESIAN_POINT('',(0.0059602155720365,-0.145626967604525,-0.0281));
#2747=CARTESIAN_POINT('',(0.0060719398783074,-0.144844395288681,-0.028));
#2748=CARTESIAN_POINT('',(0.00607193987830371,-0.144844395288683,-0.0281));
#2749=CARTESIAN_POINT('',(0.00616841638058327,-0.144870706588684,-0.0281));
#2750=CARTESIAN_POINT('',(0.00617513889077272,-0.144465992102225,-0.028));
#2751=CARTESIAN_POINT('',(0.00617513889077272,-0.144465992102225,-0.0281));
#2752=CARTESIAN_POINT('',(0.00627161539305226,-0.144492303402229,-0.0281));
#2753=CARTESIAN_POINT('',(-0.00503581661625461,-0.133600930067055,0.));
#2754=MECHANICAL_DESIGN_GEOMETRIC_PRESENTATION_REPRESENTATION('',(#910),
#2755);
#2755=(
GEOMETRIC_REPRESENTATION_CONTEXT(3)
GLOBAL_UNCERTAINTY_ASSIGNED_CONTEXT((#2756))
GLOBAL_UNIT_ASSIGNED_CONTEXT((#2759,#2758,#2757))
REPRESENTATION_CONTEXT('Part 12','TOP_LEVEL_ASSEMBLY_PART')
);
#2756=UNCERTAINTY_MEASURE_WITH_UNIT(LENGTH_MEASURE(2.E-5),#2759,
'DISTANCE_ACCURACY_VALUE','Maximum Tolerance applied to model');
#2757=(
NAMED_UNIT(*)
SI_UNIT($,.STERADIAN.)
SOLID_ANGLE_UNIT()
);
#2758=(
NAMED_UNIT(*)
PLANE_ANGLE_UNIT()
SI_UNIT($,.RADIAN.)
);
#2759=(
LENGTH_UNIT()
NAMED_UNIT(*)
SI_UNIT($,.METRE.)
);
#2760=PRODUCT_DEFINITION_SHAPE('','',#2761);
#2761=PRODUCT_DEFINITION('','',#2763,#2762);
#2762=PRODUCT_DEFINITION_CONTEXT('',#2769,'design');
#2763=PRODUCT_DEFINITION_FORMATION_WITH_SPECIFIED_SOURCE('','',#2765,
 .NOT_KNOWN.);
#2764=PRODUCT_RELATED_PRODUCT_CATEGORY('','',(#2765));
#2765=PRODUCT('Part 12','Part 12','Part 12',(#2767));
#2766=PRODUCT_CATEGORY('','');
#2767=PRODUCT_CONTEXT('',#2769,'mechanical');
#2768=APPLICATION_PROTOCOL_DEFINITION('international standard',
'ap242_managed_model_based_3d_engineering',2020,#2769);
#2769=APPLICATION_CONTEXT('managed model based 3d engineering');
ENDSEC;
END-ISO-10303-21;
